序號,縣市別代碼,機關代碼,市話,傳真,年,月,日,時,分,縣市,區,死亡數量,受傷數量,2-30,天候,道路照明設備,道路類別,道路速限,道路型態,事故位置,路面鋪裝,路面狀態,路面缺陷,障礙物,視距,號誌種類,號誌動作,分向設施,快車道或一般車道間,快慢車道間,路面邊線,事故類型及型態,受傷程度,主要傷處,保護裝備,行動電話或功能裝置,當事者區分(類別),車輛用途,當事者行動狀態,駕照狀態,駕照種類,飲酒情形,車輛撞擊部位最初,車輛撞擊部位其他,肇事因素個別,肇事因素主要,肇事逃逸,職業,共享經濟或外送平台,GPS座標X,GPS座標Y,事故類別
568,66000,387130000C,(04)23274275,(04)23288582,2025,8,2,12,40,臺中市,北屯區,0,0,0,5,,,50,,,,,,,,,,,,,,,,,,,B03,,,1,,1,,,84,84,1,13,4,120.719807,24.163049,3
569,66000,387130000C,(04)23274275,(04)23288582,2025,8,2,12,40,臺中市,神岡區,0,0,0,5,,,50,,,,,,,,,,,,,,2,,,,,B03,,,1,,2,,,7,7,1,12,4,120.683051,24.246644,3
570,66000,387130000C,(04)23274275,(04)23288582,2025,8,2,12,42,臺中市,西屯區,0,0,0,5,,,50,,,,,,,,,,,,,,13,,,,,B12,,,1,,1,,,59,59,1,12,4,120.614686,24.186293,3
571,66000,387130000C,(04)23274275,(04)23288582,2025,8,2,12,42,臺中市,霧峰區,0,1,0,5,2,6,40,3,2,1,4,4,6,6,2,1,1,3,4,1,17,3,10,5,4,B12,7,15,1,8,2,4,,76,76,1,13,4,120.691926,24.042729,2
572,66000,387130000C,(04)23274275,(04)23288582,2025,8,2,12,50,臺中市,沙鹿區,0,1,0,5,2,6,50,3,1,1,4,4,6,6,4,4,10,5,5,2,16,3,10,3,1,B03,7,6,1,8,2,4,,12,12,1,6,4,120.576365,24.224856,2
573,66000,387130000C,(04)23274275,(04)23288582,2025,8,2,12,52,臺中市,西屯區,0,0,0,5,,,50,,,,,,,,,,,,,,13,,,,,B03,,,1,,1,,,59,59,1,12,4,120.655304,24.169177,3
574,66000,387130000C,(04)23274275,(04)23288582,2025,8,2,12,53,臺中市,龍井區,0,0,0,5,2,6,50,13,7,1,4,4,6,6,2,1,3,4,1,2,13,3,10,3,1,B03,7,9,1,8,2,1,,56,56,1,6,4,120.581439,24.176071,3
575,66000,387130000C,(04)23274275,(04)23288582,2025,8,2,12,57,臺中市,大里區,0,1,0,5,2,6,50,3,2,1,4,3,6,6,1,1,10,5,5,2,30,2,9,2,1,C03,7,9,1,10,2,14,,84,84,1,12,4,120.663357,24.083657,2
576,66000,387130000C,(04)23274275,(04)23288582,2025,8,2,12,58,臺中市,西屯區,0,1,0,5,2,6,50,4,1,1,4,4,6,6,2,1,10,5,5,2,16,3,10,3,1,B03,7,6,1,6,2,2,,11,11,1,12,4,120.637023,24.172144,2
577,66000,387130000C,(04)23274275,(04)23288582,2025,8,2,13,5,臺中市,南區,0,0,0,5,,,50,,,,,,,,,,,,,,16,,,,,B03,,,1,,1,,,45,45,1,12,4,120.65219,24.111034,3
578,66000,387130000C,(04)23274275,(04)23288582,2025,8,2,13,9,臺中市,北區,0,1,0,5,2,6,50,13,9,1,4,4,6,6,4,4,1,4,5,2,17,3,10,2,1,C03,7,1,1,10,2,16,,51,51,1,12,4,120.683564,24.163255,2
579,66000,387130000C,(04)23274275,(04)23288582,2025,8,2,13,11,臺中市,清水區,0,0,0,5,2,6,50,13,9,1,4,4,6,6,4,4,8,3,5,1,12,,,,,B03,,,1,,1,,,8,8,1,12,4,120.569714,24.263324,3
580,66000,387130000C,(04)23274275,(04)23288582,2025,8,2,13,16,臺中市,新社區,0,3,0,5,2,6,30,4,1,1,4,4,6,6,3,1,10,5,5,2,15,2,9,5,4,B12,7,9,1,8,2,1,,20,20,1,12,4,120.812332,24.202768,2
581,66000,387130000C,(04)23274275,(04)23288582,2025,8,2,13,22,臺中市,北區,0,1,0,5,2,6,40,13,8,1,4,4,6,6,4,4,3,4,4,2,17,2,9,1,1,C03,7,9,1,10,2,11,,84,84,1,13,4,120.687694,24.146686,2
582,66000,387130000C,(04)23274275,(04)23288582,2025,8,2,13,23,臺中市,北屯區,0,0,0,5,,,50,,,,,,,,,,,,,,17,,,,,B03,,,1,,2,,,51,51,1,6,4,120.722193,24.17844,3
583,66000,387130000C,(04)23274275,(04)23288582,2025,8,2,13,25,臺中市,北屯區,0,1,0,5,3,6,50,13,9,1,4,4,6,6,4,4,5,5,5,1,17,3,10,3,1,B03,7,11,1,8,2,4,,45,45,1,6,4,120.741266,24.177971,2
584,66000,387130000C,(04)23274275,(04)23288582,2025,8,2,13,25,臺中市,太平區,0,1,0,5,2,6,30,4,1,1,4,4,6,6,4,4,10,5,5,1,17,3,10,5,4,B03,7,5,1,8,2,1,,12,12,1,6,4,120.727065,24.141533,2
585,66000,387130000C,(04)23274275,(04)23288582,2025,8,2,13,30,臺中市,南屯區,0,0,0,5,,,60,,,,,,,,,,,,,,17,,,,,B03,,,1,,1,,,43,43,1,12,4,120.641686,24.146869,3
586,66000,387130000C,(04)23274275,(04)23288582,2025,8,2,13,32,臺中市,西屯區,0,0,0,7,,,50,,,,,,,,,,,,,,,,,,,B03,,,1,,1,,,59,59,1,13,4,120.659807,24.161561,4
587,66000,387130000C,(04)23274275,(04)23288582,2025,8,2,13,32,臺中市,霧峰區,0,0,0,5,,,50,,,,,,,,,,,,,,17,,,,,C03,,,3,,2,,,7,7,1,6,4,120.714563,24.075993,3
588,66000,387130000C,(04)23274275,(04)23288582,2025,8,2,13,33,臺中市,大雅區,0,0,0,5,,,50,,,,,,,,,,,,,,,,,,,B03,,,1,,2,,,50,50,1,13,4,120.649391,24.2246,3
589,66000,387130000C,(04)23274275,(04)23288582,2025,8,2,13,34,臺中市,西區,0,2,0,5,2,6,40,4,1,1,4,4,6,6,1,1,10,5,5,2,16,3,10,3,1,B03,7,5,1,8,2,5,,20,20,1,12,4,120.662609,24.155678,2
590,66000,387130000C,(04)23274275,(04)23288582,2025,8,2,13,35,臺中市,神岡區,0,0,0,5,,,50,,,,,,,,,,,,,,13,,,,,B03,,,1,,2,,,84,84,1,12,4,120.694046,24.248346,3
591,66000,387130000C,(04)23274275,(04)23288582,2025,8,2,13,39,臺中市,大里區,0,0,0,7,,,30,,,,,,,,,,,,,,,,,,,B03,,,5,,2,,,12,12,1,12,4,120.692086,24.112151,3
592,66000,387130000C,(04)23274275,(04)23288582,2025,8,2,13,43,臺中市,南屯區,0,0,0,5,,,30,,,,,,,,,,,,,,18,,,,,B12,,,1,,2,,,56,56,1,6,4,120.618634,24.146651,3
593,66000,387130000C,(04)23274275,(04)23288582,2025,8,2,13,44,臺中市,豐原區,0,0,0,7,,,50,,,,,,,,,,,,,,13,,,,,C03,,,1,,1,,,56,56,1,13,4,120.703786,24.246538,3
594,66000,387130000C,(04)23274275,(04)23288582,2025,8,2,13,45,臺中市,太平區,0,1,0,5,3,6,40,4,2,1,4,4,6,6,2,1,10,5,5,2,12,3,10,3,1,B03,7,7,1,8,2,2,,40,40,1,12,4,120.715688,24.135794,2
595,66000,387130000C,(04)23274275,(04)23288582,2025,8,2,13,50,臺中市,東區,0,0,0,7,,,50,,,,,,,,,,,,,,17,,,,,B03,,,1,,2,,,8,8,1,12,4,120.69337,24.143948,3
596,66000,387130000C,(04)23274275,(04)23288582,2025,8,2,13,56,臺中市,南屯區,0,0,0,5,,,50,,,,,,,,,,,,,,14,,,,,B02,,,1,,1,,,50,50,1,12,4,120.636502,24.145659,3
597,66000,387130000C,(04)23274275,(04)23288582,2025,8,2,13,56,臺中市,沙鹿區,0,0,0,5,,,60,,,,,,,,,,,,,,,,,,,B03,,,1,,2,,,51,51,1,6,4,120.582073,24.249599,3
598,66000,387130000C,(04)23274275,(04)23288582,2025,8,2,14,1,臺中市,西屯區,0,0,0,5,,3,80,,,,,,,,,,,,,,13,,,,,B03,,,1,,1,,,7,7,1,12,4,120.631606,24.168963,3
599,66000,387130000C,(04)23274275,(04)23288582,2025,8,2,14,3,臺中市,西區,0,0,0,5,3,6,50,3,1,1,4,4,6,6,4,4,10,5,5,2,13,,,,,B03,,,1,,1,,,7,7,1,13,4,120.666989,24.129951,3
600,66000,387130000C,(04)23274275,(04)23288582,2025,8,2,14,15,臺中市,西區,0,0,0,5,,,50,,,,,,,,,,,,,,11,,,,,B03,,,1,,9,,,8,8,1,12,4,120.659864,24.161194,3
601,66000,387130000C,(04)23274275,(04)23288582,2025,8,2,14,28,臺中市,中區,0,1,0,5,3,6,50,13,9,1,4,4,6,6,4,4,5,4,5,2,13,3,10,1,1,C03,7,9,1,10,2,11,,7,7,1,6,4,120.680841,24.143498,2
602,66000,387130000C,(04)23274275,(04)23288582,2025,8,2,14,28,臺中市,北區,0,0,0,7,,,50,,,,,,,,,,,,,,12,,,,,C03,,,1,,2,,,84,84,1,13,4,120.685574,24.153539,4
603,66000,387130000C,(04)23274275,(04)23288582,2025,8,2,14,30,臺中市,南屯區,0,0,0,5,,,50,,,,,,,,,,,,,,,,,,,A12,,,1,,2,,,59,59,1,6,4,120.63488,24.113293,3
604,66000,387130000C,(04)23274275,(04)23288582,2025,8,2,14,31,臺中市,清水區,0,1,0,5,2,6,40,3,1,1,4,4,6,6,2,1,1,2,1,1,16,2,8,2,1,C03,7,9,1,10,2,11,,21,21,1,13,4,120.596333,24.303991,2
605,66000,387130000C,(04)23274275,(04)23288582,2025,8,2,14,32,臺中市,北區,0,0,0,5,,,50,,,,,,,,,,,,,,17,,,,,B03,,,1,,2,,,84,84,1,12,4,120.680489,24.157225,3
606,66000,387130000C,(04)23274275,(04)23288582,2025,8,2,14,33,臺中市,大里區,0,0,0,5,,,50,,,,,,,,,,,,,,17,,,,,B03,,,1,,2,,,84,84,1,12,4,120.707022,24.088406,3
607,66000,387130000C,(04)23274275,(04)23288582,2025,8,2,14,35,臺中市,大里區,0,0,0,5,,,40,,,,,,,,,,,,,,17,,,,,B03,,,1,8,2,,,85,85,1,13,4,120.702744,24.099518,3
608,66000,387130000C,(04)23274275,(04)23288582,2025,8,2,14,48,臺中市,太平區,0,0,0,5,,,50,,,,,,,,,,,,,,14,,,,,B03,,,1,,2,,,49,49,1,6,4,120.718557,24.159465,3
609,66000,387130000C,(04)23274275,(04)23288582,2025,8,2,14,50,臺中市,大雅區,0,1,0,5,1,6,30,4,1,1,4,4,6,6,3,1,10,5,5,2,15,2,9,2,1,C03,7,9,1,10,2,11,,24,24,1,12,4,120.662893,24.221585,2
610,66000,387130000C,(04)23274275,(04)23288582,2025,8,2,14,58,臺中市,東勢區,0,0,0,5,,,60,,,,,,,,,,,,,,,,,,,F01,,,7,,1,,,84,84,1,12,4,120.826972,24.252211,3
611,66000,387130000C,(04)23274275,(04)23288582,2025,8,2,15,2,臺中市,大雅區,0,0,0,5,,,0,,,,,,,,,,,,,,14,,,,,B12,,,1,,1,,,49,49,1,12,4,120.665362,24.217365,3
612,66000,387130000C,(04)23274275,(04)23288582,2025,8,2,15,4,臺中市,西屯區,0,0,0,5,,,50,,,,,,,,,,,,,,12,,,,,B03,,,1,,1,,,8,8,1,13,4,120.646357,24.158151,4
613,66000,387130000C,(04)23274275,(04)23288582,2025,8,2,15,5,臺中市,沙鹿區,0,0,0,5,,,50,,,,,,,,,,,,,,,,,,,B03,,,1,,2,,,58,58,1,6,4,120.574572,24.213742,3
614,66000,387130000C,(04)23274275,(04)23288582,2025,8,2,15,6,臺中市,西屯區,0,0,0,5,2,6,50,13,8,1,4,,6,6,4,4,9,5,4,2,13,,,,,B03,,,1,,1,,,7,7,1,13,4,120.637759,24.166029,3
615,66000,387130000C,(04)23274275,(04)23288582,2025,8,2,15,14,臺中市,大里區,0,1,0,5,3,6,50,4,1,1,4,4,6,6,1,1,10,5,5,2,16,3,10,3,1,B03,7,6,5,19,3,8,,11,11,1,12,4,120.703692,24.111121,2
616,66000,387130000C,(04)23274275,(04)23288582,2025,8,2,15,18,臺中市,大雅區,0,1,0,5,3,6,40,3,2,1,4,3,6,6,1,1,9,4,4,1,18,2,9,2,1,C03,7,9,1,10,2,16,,84,84,1,13,2,120.650766,24.210145,2
617,66000,387130000C,(04)23274275,(04)23288582,2025,8,2,15,20,臺中市,大甲區,0,0,0,7,,,50,,,,,,,,,,,,,,,,,,,B12,,,1,,9,,,49,49,1,6,4,120.629223,24.419572,3
618,66000,387130000C,(04)23274275,(04)23288582,2025,8,2,15,28,臺中市,北屯區,0,0,0,5,,3,80,,,,,,,,,,,,,,12,,,,,B03,,,1,,1,,,40,40,1,13,4,120.663257,24.200992,3
619,66000,387130000C,(04)23274275,(04)23288582,2025,8,2,15,37,臺中市,大里區,0,0,0,5,,,50,,,,,,,,,,,,,,13,,,,,B03,,,1,,2,,,59,59,1,12,4,120.697892,24.081132,3
620,66000,387130000C,(04)23274275,(04)23288582,2025,8,2,15,40,臺中市,神岡區,0,0,0,5,,,30,,,,,,,,,,,,,,14,,,,,B03,,,1,,2,,,49,49,1,6,4,120.684841,24.24915,3
621,66000,387130000C,(04)23274275,(04)23288582,2025,8,2,15,45,臺中市,西屯區,0,0,0,5,,,40,,,,,,,,,,,,,,13,,,,,B03,,,1,,1,,,7,7,1,12,4,120.65777,24.15806,3
622,66000,387130000C,(04)23274275,(04)23288582,2025,8,2,15,47,臺中市,豐原區,0,1,0,5,2,6,50,5,2,1,4,4,6,6,4,4,5,5,4,2,17,3,10,3,1,B03,7,1,1,8,2,3,,51,51,1,13,4,120.706207,24.248749,2
623,66000,387130000C,(04)23274275,(04)23288582,2025,8,2,15,48,臺中市,北區,0,0,0,5,,,50,,,,,,,,,,,,,,17,,,,,C03,,,1,,2,13,,50,50,1,12,4,120.669991,24.162688,3
624,66000,387130000C,(04)23274275,(04)23288582,2025,8,2,15,53,臺中市,潭子區,0,1,0,5,3,6,50,13,7,1,4,4,6,6,4,4,1,5,5,2,17,2,9,2,1,C03,7,9,1,10,2,12,,84,84,1,13,4,120.701229,24.207327,2
625,66000,387130000C,(04)23274275,(04)23288582,2025,8,2,15,53,臺中市,烏日區,0,0,0,5,,,30,,,,,,,,,,,,,,,,,,,B03,,,1,,1,,,7,7,1,12,4,120.616372,24.110954,3
626,66000,387130000C,(04)23274275,(04)23288582,2025,8,2,16,0,臺中市,北區,0,0,0,5,,,50,,,,,,,,,,,,,,17,,,,,B03,,,1,,2,,,84,84,1,12,4,120.682086,24.163292,3
627,66000,387130000C,(04)23274275,(04)23288582,2025,8,2,16,1,臺中市,北屯區,0,1,0,5,1,6,50,13,7,1,4,4,1,6,4,4,1,4,5,2,17,2,9,2,1,C03,7,12,1,10,2,11,,85,85,1,12,4,120.72259,24.189188,2
628,66000,387130000C,(04)23274275,(04)23288582,2025,8,2,16,2,臺中市,豐原區,0,0,0,5,,,0,,,,,,,,,,,,,,17,,,,,F03,,,7,,9,,,84,84,1,12,4,120.721961,24.253483,3
629,66000,387130000C,(04)23274275,(04)23288582,2025,8,2,16,11,臺中市,北區,0,0,0,5,,,50,,,,,,,,,,,,,,17,,,,,B03,,,1,,2,,,84,84,1,12,4,120.684939,24.162153,4
630,66000,387130000C,(04)23274275,(04)23288582,2025,8,2,16,12,臺中市,大甲區,0,0,0,7,,,50,,,,,,,,,,,,,,,,,,,E05,,,1,,2,,,14,14,1,8,4,120.617999,24.347343,3
631,66000,387130000C,(04)23274275,(04)23288582,2025,8,2,16,15,臺中市,大里區,0,0,0,5,2,6,50,13,9,1,4,4,6,6,4,4,1,4,5,1,13,,,,,B01,,,1,,1,,,7,7,1,13,4,120.681198,24.105218,4
632,66000,387130000C,(04)23274275,(04)23288582,2025,8,2,16,18,臺中市,后里區,0,0,0,7,,,30,13,8,1,4,4,6,6,4,4,1,4,4,1,30,3,10,3,1,B03,7,15,1,8,1,8,5,78,78,1,12,4,120.723695,24.294927,3
633,66000,387130000C,(04)23274275,(04)23288582,2025,8,2,16,22,臺中市,太平區,0,0,0,5,,3,80,,,,,,,,,,,,,,,,,,,B03,,,1,,2,,,7,7,1,6,4,120.717207,24.156713,3
634,66000,387130000C,(04)23274275,(04)23288582,2025,8,2,16,25,臺中市,大肚區,0,2,0,7,3,6,40,13,8,1,4,4,6,6,4,4,1,4,4,1,13,2,9,2,1,C03,7,9,3,19,2,11,,7,7,1,6,4,120.564455,24.123511,2
635,66000,387130000C,(04)23274275,(04)23288582,2025,8,2,16,26,臺中市,清水區,0,0,0,6,2,6,50,4,1,1,4,4,6,6,1,1,8,3,4,2,13,,,,,B03,,,1,,1,,,7,7,1,12,4,120.585843,24.288147,3
636,66000,387130000C,(04)23274275,(04)23288582,2025,8,2,16,27,臺中市,南屯區,0,2,0,5,2,6,60,4,2,1,4,4,6,6,2,1,7,4,5,2,18,2,9,1,1,C03,7,5,1,10,2,15,,59,59,1,12,4,120.649893,24.143803,2
637,66000,387130000C,(04)23274275,(04)23288582,2025,8,2,16,32,臺中市,潭子區,0,0,0,5,,,50,,,,,,,,,,,,,,,,,,,C03,,,1,,2,,,7,7,1,13,4,120.704406,24.219651,3
638,66000,387130000C,(04)23274275,(04)23288582,2025,8,2,16,33,臺中市,南屯區,0,0,0,5,,,50,,,,,,,,,,,,,,13,,,,,B03,,,1,,1,,,59,59,1,6,4,120.647115,24.137438,3
639,66000,387130000C,(04)23274275,(04)23288582,2025,8,2,16,38,臺中市,霧峰區,0,0,0,5,,,50,,,,,,,,,,,,,,13,,,,,B03,,,1,,2,,,84,84,1,13,4,120.697042,24.0696,3
640,66000,387130000C,(04)23274275,(04)23288582,2025,8,2,16,40,臺中市,北屯區,0,1,0,6,2,6,50,3,1,1,4,4,6,6,1,1,10,5,5,2,16,3,10,5,4,B03,7,11,1,1,2,8,,45,45,1,12,4,120.681111,24.176377,2
641,66000,387130000C,(04)23274275,(04)23288582,2025,8,2,16,41,臺中市,南屯區,0,0,0,5,,,50,,,,,,,,,,,,,,12,,,,,B03,,,1,,1,,,51,51,1,12,4,120.638804,24.142998,3
642,66000,387130000C,(04)23274275,(04)23288582,2025,8,2,16,48,臺中市,北屯區,0,0,0,7,,,50,,,,,,,,,,,,,,17,,,,,B03,,,1,,2,,,84,84,1,12,4,120.680455,24.201354,3
643,66000,387130000C,(04)23274275,(04)23288582,2025,8,2,16,55,臺中市,西區,0,0,0,5,,,50,,,,,,,,,,,,,,,,,,,B03,,,1,,1,,,84,84,1,6,4,120.681805,24.136123,3
644,66000,387130000C,(04)23274275,(04)23288582,2025,8,2,17,5,臺中市,北屯區,0,2,0,5,3,6,50,4,1,1,4,4,6,6,1,1,10,5,5,2,13,2,9,2,1,C03,7,9,1,10,2,11,,84,84,1,6,4,120.681987,24.181898,2
645,66000,387130000C,(04)23274275,(04)23288582,2025,8,2,17,5,臺中市,大里區,0,1,0,5,3,8,50,4,1,1,4,4,6,6,1,1,10,5,5,2,27,2,1,3,1,B03,7,6,1,8,2,8,,84,84,1,13,4,120.70262,24.093355,2
646,66000,387130000C,(04)23274275,(04)23288582,2025,8,2,17,8,臺中市,東勢區,0,0,0,6,,,70,,,,,,,,,,,,,,,,,,,B03,,,1,,2,,,47,47,1,12,4,120.824437,24.257959,3
647,66000,387130000C,(04)23274275,(04)23288582,2025,8,2,17,13,臺中市,北區,0,1,0,6,2,6,40,4,2,1,4,4,6,6,1,1,5,4,4,2,17,3,10,3,1,B03,7,5,1,8,2,8,,20,20,1,12,4,120.688931,24.158973,2
648,66000,387130000C,(04)23274275,(04)23288582,2025,8,2,17,15,臺中市,北屯區,0,0,0,5,,,50,,,,,,,,,,,,,,13,,,,,C03,,,3,,2,,,84,84,1,13,4,120.676118,24.197898,3
649,66000,387130000C,(04)23274275,(04)23288582,2025,8,2,17,17,臺中市,大里區,0,2,0,5,3,6,30,3,1,1,4,3,6,1,4,4,10,5,5,2,16,2,9,5,4,F01,7,6,7,21,2,11,,11,11,1,12,4,120.701425,24.094549,2
650,66000,387130000C,(04)23274275,(04)23288582,2025,8,2,17,18,臺中市,北屯區,0,2,0,5,3,6,50,13,9,1,4,4,6,6,2,1,5,4,4,2,13,2,9,2,1,C04,7,9,1,10,1,11,,7,7,1,12,4,120.685101,24.190417,2
651,66000,387130000C,(04)23274275,(04)23288582,2025,8,2,17,20,臺中市,北區,0,0,0,7,,,50,,,,,,,,,,,,,,13,,,,,C03,,,1,,2,,,7,7,1,13,4,120.663396,24.162712,3
652,66000,387130000C,(04)23274275,(04)23288582,2025,8,2,17,22,臺中市,西區,0,2,0,5,2,6,50,13,8,1,4,4,6,6,4,4,1,4,4,2,17,2,9,1,1,C03,7,1,1,10,2,11,,51,51,1,6,4,120.657406,24.138233,2
653,66000,387130000C,(04)23274275,(04)23288582,2025,8,2,17,22,臺中市,南區,0,1,0,6,3,6,50,4,1,1,4,4,6,6,4,4,5,5,5,2,17,2,9,2,1,C03,7,9,1,10,2,16,,5,5,1,6,4,120.662325,24.128039,2
654,66000,387130000C,(04)23274275,(04)23288582,2025,8,2,17,22,臺中市,北屯區,0,1,0,6,1,6,50,3,1,1,5,4,6,6,2,1,4,3,5,2,16,3,10,3,1,B03,7,5,1,8,2,5,,11,11,1,13,4,120.659983,24.192759,2
655,66000,387130000C,(04)23274275,(04)23288582,2025,8,2,17,28,臺中市,西區,0,1,0,5,2,6,50,4,1,1,4,4,6,6,1,1,9,4,5,2,17,3,10,3,1,B03,7,6,1,8,2,8,,11,11,1,12,4,120.670103,24.139575,2
656,66000,387130000C,(04)23274275,(04)23288582,2025,8,2,17,32,臺中市,大雅區,0,1,0,5,1,6,60,3,2,1,4,4,6,6,4,4,1,4,5,1,16,3,10,3,1,B01,7,5,1,4,2,5,,84,84,1,12,4,120.650431,24.211205,2
657,66000,387130000C,(04)23274275,(04)23288582,2025,8,2,17,35,臺中市,大里區,0,1,0,5,3,6,50,3,2,1,4,4,6,6,3,1,10,5,5,2,16,3,10,3,1,B03,7,5,1,8,2,8,,20,20,1,12,4,120.687193,24.115383,2
658,66000,387130000C,(04)23274275,(04)23288582,2025,8,2,17,36,臺中市,西屯區,0,1,0,5,2,6,50,13,9,1,4,4,6,6,4,4,9,4,5,2,18,2,9,1,1,C03,7,9,1,10,2,14,,84,84,1,12,4,120.654481,24.1564,2
659,66000,387130000C,(04)23274275,(04)23288582,2025,8,2,17,39,臺中市,北區,0,1,0,5,3,6,50,13,9,1,4,4,6,6,4,4,10,5,5,2,8,3,10,3,1,B03,7,9,1,8,2,2,,59,59,1,12,4,120.670002,24.168377,2
660,66000,387130000C,(04)23274275,(04)23288582,2025,8,2,17,39,臺中市,西屯區,0,1,0,5,2,6,30,3,1,1,4,4,6,6,4,4,10,5,5,2,16,3,10,5,4,C03,7,6,1,10,2,11,,48,48,1,12,4,120.615385,24.185426,2
661,66000,387130000C,(04)23274275,(04)23288582,2025,8,2,17,39,臺中市,沙鹿區,0,1,0,6,2,6,50,3,9,1,5,4,6,6,4,4,1,4,5,2,16,3,10,3,1,B03,7,5,1,8,2,15,,47,47,1,6,4,120.600346,24.255637,2
662,66000,387130000C,(04)23274275,(04)23288582,2025,8,2,17,43,臺中市,北區,0,0,0,5,,,50,,,,,,,,,,,,,,13,,,,,B03,,,1,,1,,,84,84,1,12,4,120.669762,24.173425,3
663,66000,387130000C,(04)23274275,(04)23288582,2025,8,2,17,45,臺中市,大甲區,0,0,0,5,,,70,,,,,,,,,,,,,,,,,,,B03,,,1,,2,,,59,59,1,6,4,120.62073,24.4238,3
664,66000,387130000C,(04)23274275,(04)23288582,2025,8,2,17,49,臺中市,大雅區,0,1,0,5,1,6,50,5,2,1,4,4,6,6,1,1,5,4,5,1,17,2,9,1,1,C03,7,9,1,10,2,11,,7,7,1,12,4,120.650697,24.227599,2
665,66000,387130000C,(04)23274275,(04)23288582,2025,8,2,17,50,臺中市,潭子區,0,1,0,6,3,6,60,4,1,1,4,4,6,6,2,1,3,4,5,1,18,2,9,1,1,C03,7,5,1,10,2,11,,59,59,1,12,4,120.705359,24.211544,2
666,66000,387130000C,(04)23274275,(04)23288582,2025,8,2,17,55,臺中市,南區,0,0,0,5,,,50,,,,,,,,,,,,,,,,,,,,,,,,,,,86,86,1,,,120.659665,24.131065,3
667,66000,387130000C,(04)23274275,(04)23288582,2025,8,2,18,0,臺中市,神岡區,0,1,0,5,2,6,50,13,9,1,4,4,6,6,4,4,9,4,4,2,13,3,10,5,4,B03,7,15,1,8,2,1,,84,84,1,13,4,120.657874,24.258986,2
668,66000,387130000C,(04)23274275,(04)23288582,2025,8,2,18,1,臺中市,西區,0,0,0,5,,,30,,,,,,,,,,,,,,15,,,,,C03,,,1,,1,,,15,15,1,12,2,120.659519,24.149628,3
669,66000,387130000C,(04)23274275,(04)23288582,2025,8,2,18,1,臺中市,北屯區,0,1,0,5,2,6,50,3,9,1,4,4,6,6,4,4,1,5,5,2,17,3,10,1,1,C03,7,1,1,10,2,13,,51,51,1,12,4,120.682156,24.182779,2
670,66000,387130000C,(04)23274275,(04)23288582,2025,8,2,18,2,臺中市,中區,0,1,0,5,2,6,50,5,2,1,4,4,6,6,1,1,10,4,5,2,18,2,9,2,1,C03,7,9,1,10,2,14,,84,84,1,12,4,120.679867,24.139342,2
671,66000,387130000C,(04)23274275,(04)23288582,2025,8,2,18,3,臺中市,清水區,0,0,0,5,,,50,,,,,,,,,,,,,,,,,,,B03,,,1,,2,,,11,11,1,12,4,120.572572,24.261972,3
672,66000,387130000C,(04)23274275,(04)23288582,2025,8,2,18,4,臺中市,大甲區,0,0,0,5,,,50,,,,,,,,,,,,,,15,,,,,C03,,,1,,1,,,87,87,1,13,4,120.625849,24.347002,3
673,66000,387130000C,(04)23274275,(04)23288582,2025,8,2,18,6,臺中市,北區,0,1,0,5,2,6,50,4,2,1,4,4,6,6,1,1,1,4,5,2,13,2,9,1,1,C03,7,9,1,10,2,11,,7,7,1,12,4,120.6761,24.173411,2
674,66000,387130000C,(04)23274275,(04)23288582,2025,8,2,18,8,臺中市,大甲區,0,0,0,5,,,50,,,,,,,,,,,,,,,,,,,B03,,,1,,1,,,84,84,1,6,4,120.623567,24.341023,3
675,66000,387130000C,(04)23274275,(04)23288582,2025,8,2,18,17,臺中市,豐原區,0,0,0,5,,,30,,,,,,,,,,,,,,16,,,,,B03,,,1,,2,,,85,85,1,13,4,120.732259,24.274588,3
676,66000,387130000C,(04)23274275,(04)23288582,2025,8,2,18,19,臺中市,西屯區,0,0,0,5,,,50,,,,,,,,,,,,,,17,,,,,B03,,,1,,1,,,76,76,1,13,4,120.635038,24.173603,3
677,66000,387130000C,(04)23274275,(04)23288582,2025,8,2,18,20,臺中市,沙鹿區,0,1,0,5,2,6,50,4,1,1,4,4,6,6,4,4,10,5,5,2,15,3,10,3,1,B03,7,9,1,8,2,2,,15,15,1,6,4,120.565438,24.236394,2
678,66000,387130000C,(04)23274275,(04)23288582,2025,8,2,18,21,臺中市,西區,0,0,0,5,,,50,,,,,,,,,,,,,,14,,,,,B03,,,1,,2,,,49,49,1,12,4,120.655502,24.147585,3
679,66000,387130000C,(04)23274275,(04)23288582,2025,8,2,18,21,臺中市,西屯區,0,0,0,5,1,6,40,13,9,1,4,4,6,6,4,4,1,4,1,2,13,,,,,B12,,,1,,1,,,7,7,1,13,4,120.628983,24.163859,3
680,66000,387130000C,(04)23274275,(04)23288582,2025,8,2,18,28,臺中市,南屯區,0,1,0,5,1,6,50,3,1,1,4,4,6,6,4,4,5,5,5,2,16,3,10,3,1,B03,7,11,1,8,2,8,,45,45,1,6,4,120.610887,24.145395,2
681,66000,387130000C,(04)23274275,(04)23288582,2025,8,2,18,30,臺中市,南區,0,0,0,5,,,50,,,,,,,,,,,,,,21,,,,,B03,,,1,,2,,,84,84,1,12,4,120.662927,24.120436,3