序號,縣市別代碼,機關代碼,市話,傳真,年,月,日,時,分,縣市,區,死亡數量,受傷數量,2-30,天候,道路照明設備,道路類別,道路速限,道路型態,事故位置,路面鋪裝,路面狀態,路面缺陷,障礙物,視距,號誌種類,號誌動作,分向設施,快車道或一般車道間,快慢車道間,路面邊線,事故類型及型態,受傷程度,主要傷處,保護裝備,行動電話或功能裝置,當事者區分(類別),車輛用途,當事者行動狀態,駕照狀態,駕照種類,飲酒情形,車輛撞擊部位最初,車輛撞擊部位其他,肇事因素個別,肇事因素主要,肇事逃逸,職業,共享經濟或外送平台,GPS座標X,GPS座標Y,事故類別
1248,66000,387130000C,(04)23274275,(04)23288582,2025,8,4,13,25,臺中市,西屯區,0,0,0,5,,,50,,,,,,,,,,,,,,13,,,,,B03,,,1,,1,,,8,8,1,12,4,120.603536,24.174212,3
1249,66000,387130000C,(04)23274275,(04)23288582,2025,8,4,13,28,臺中市,石岡區,0,2,0,5,3,6,30,11,24,1,4,4,6,6,4,4,10,5,5,1,11,2,9,5,4,C03,7,9,1,10,2,14,,84,84,1,12,4,120.80989,24.268603,2
1250,66000,387130000C,(04)23274275,(04)23288582,2025,8,4,13,33,臺中市,南區,0,0,0,5,,,50,,,,,,,,,,,,,,12,,,,,B03,,,1,,2,,,40,40,1,13,4,120.679051,24.127069,3
1251,66000,387130000C,(04)23274275,(04)23288582,2025,8,4,13,33,臺中市,西屯區,0,1,0,5,2,6,50,3,1,1,4,4,6,6,4,4,5,5,4,2,17,3,10,3,1,B03,7,6,1,8,2,5,,58,58,1,12,4,120.653651,24.168344,2
1252,66000,387130000C,(04)23274275,(04)23288582,2025,8,4,13,40,臺中市,潭子區,0,0,0,5,,,60,,,,,,,,,,,,,,,,,,,B11,,,1,,2,,,7,7,1,13,4,120.706715,24.223177,3
1253,66000,387130000C,(04)23274275,(04)23288582,2025,8,4,13,42,臺中市,西屯區,0,1,0,5,2,6,50,4,1,1,4,4,6,6,1,1,10,5,5,2,17,3,10,5,1,C03,7,11,1,10,2,16,,45,45,1,12,4,120.65589,24.170451,2
1254,66000,387130000C,(04)23274275,(04)23288582,2025,8,4,13,43,臺中市,沙鹿區,0,1,0,5,2,6,60,5,2,1,4,4,6,6,4,4,3,3,3,1,17,3,10,5,4,B03,7,5,1,8,2,2,,85,85,1,13,4,120.598287,24.250138,2
1255,66000,387130000C,(04)23274275,(04)23288582,2025,8,4,13,44,臺中市,南區,0,0,0,5,,,50,,,,,,,,,,,,,,12,,,,,B03,,,1,,2,,,84,84,1,13,4,120.66224,24.122571,3
1256,66000,387130000C,(04)23274275,(04)23288582,2025,8,4,13,45,臺中市,龍井區,0,0,0,5,,,50,,,,,,,,,,,,,,,,,,,B03,,,1,,1,,,7,7,1,13,4,120.523307,24.203307,4
1257,66000,387130000C,(04)23274275,(04)23288582,2025,8,4,13,46,臺中市,太平區,0,0,0,5,2,6,50,,,,,,,,,,,,,,,,,,,B12,,,1,,1,5,,12,12,1,12,4,120.717087,24.130785,3
1258,66000,387130000C,(04)23274275,(04)23288582,2025,8,4,13,47,臺中市,后里區,0,0,0,5,,,40,,,,,,,,,,,,,,15,,,,,B12,,,1,,1,,,14,14,1,6,4,120.733528,24.340386,3
1259,66000,387130000C,(04)23274275,(04)23288582,2025,8,4,13,50,臺中市,南區,0,0,0,5,1,6,50,13,8,1,4,4,6,6,4,4,5,4,4,2,17,3,10,3,1,B03,7,9,1,8,1,2,,84,84,1,12,4,120.657878,24.12546,3
1260,66000,387130000C,(04)23274275,(04)23288582,2025,8,4,13,50,臺中市,北屯區,0,0,0,5,,,50,,,,,,,,,,,,,,17,,,,,B03,,,1,,1,,,51,51,1,6,4,120.693837,24.163623,3
1261,66000,387130000C,(04)23274275,(04)23288582,2025,8,4,13,51,臺中市,北區,0,0,0,5,3,6,50,13,24,1,4,4,6,6,4,4,3,4,5,2,17,,,,,B03,,,1,,1,,,84,84,1,13,4,120.671934,24.163333,3
1262,66000,387130000C,(04)23274275,(04)23288582,2025,8,4,13,54,臺中市,北屯區,0,3,0,5,3,6,50,4,1,1,4,4,6,6,4,4,10,5,5,2,15,2,9,1,1,C03,7,9,1,10,2,12,,13,13,1,12,4,120.696206,24.183697,2
1263,66000,387130000C,(04)23274275,(04)23288582,2025,8,4,13,55,臺中市,霧峰區,0,0,0,5,,,50,,,,,,,,,,,,,,,,,,,B12,,,1,,2,,,40,40,1,12,4,120.691858,24.041341,3
1264,66000,387130000C,(04)23274275,(04)23288582,2025,8,4,14,3,臺中市,南屯區,0,0,0,5,,,50,,,,,,,,,,,,,,,,,,,C03,,,1,,1,,,36,36,1,13,4,120.630806,24.150796,3
1265,66000,387130000C,(04)23274275,(04)23288582,2025,8,4,14,8,臺中市,烏日區,0,1,0,5,3,9,50,4,1,1,4,4,6,6,1,1,10,5,5,2,17,3,10,3,1,B03,7,5,1,8,2,16,,47,47,1,6,4,120.64181,24.109042,2
1266,66000,387130000C,(04)23274275,(04)23288582,2025,8,4,14,9,臺中市,東區,0,0,0,5,,,50,,,,,,,,,,,,,,14,,,,,A11,,,1,,1,,,49,49,1,13,4,120.699693,24.125194,3
1267,66000,387130000C,(04)23274275,(04)23288582,2025,8,4,14,12,臺中市,西屯區,0,1,0,5,1,6,50,3,1,1,4,4,6,6,1,1,10,5,5,1,16,3,10,3,1,B01,7,5,1,8,2,2,,47,47,1,12,4,120.649809,24.167634,2
1268,66000,387130000C,(04)23274275,(04)23288582,2025,8,4,14,12,臺中市,西屯區,0,0,0,5,,,50,,,,,,,,,,,,,,12,,,,,B03,,,1,,2,,,45,45,1,12,4,120.633412,24.169952,3
1269,66000,387130000C,(04)23274275,(04)23288582,2025,8,4,14,15,臺中市,沙鹿區,0,0,0,4,,,60,,,,,,,,,,,,,,13,,,,,B03,,,1,,1,,,7,7,1,12,4,120.606244,24.247281,3
1270,66000,387130000C,(04)23274275,(04)23288582,2025,8,4,14,23,臺中市,西區,0,1,0,5,2,6,50,13,8,1,4,4,6,6,4,4,1,4,4,2,17,2,9,1,1,C03,7,9,1,10,2,14,,43,43,1,5,4,120.657253,24.135645,2
1271,66000,387130000C,(04)23274275,(04)23288582,2025,8,4,14,24,臺中市,北屯區,0,1,0,5,3,6,30,4,1,1,4,4,6,6,4,4,10,5,5,2,17,3,10,2,1,C03,7,5,1,10,2,13,,12,12,1,13,4,120.672121,24.175571,2
1272,66000,387130000C,(04)23274275,(04)23288582,2025,8,4,14,30,臺中市,北屯區,0,0,0,5,,,50,,,,,,,,,,,,,,17,,,,,B12,,,1,,2,,,20,20,1,6,4,120.730225,24.177129,4
1273,66000,387130000C,(04)23274275,(04)23288582,2025,8,4,14,30,臺中市,大里區,0,2,0,5,3,6,50,4,2,1,4,4,6,6,2,1,1,4,5,1,13,3,10,3,1,B12,7,9,1,8,2,1,,82,82,1,13,4,120.681278,24.105585,2
1274,66000,387130000C,(04)23274275,(04)23288582,2025,8,4,14,31,臺中市,南屯區,0,0,0,5,,,30,,,,,,,,,,,,,,17,,,,,B03,,,1,,2,,,59,59,1,12,4,120.613091,24.151005,3
1275,66000,387130000C,(04)23274275,(04)23288582,2025,8,4,14,35,臺中市,西屯區,0,0,0,5,,,50,,,,,,,,,,,,,,14,,,,,B03,,,1,,1,,,49,49,1,12,4,120.621788,24.190963,3
1276,66000,387130000C,(04)23274275,(04)23288582,2025,8,4,14,38,臺中市,北屯區,0,0,0,5,,,50,,,,,,,,,,,,,,12,,,,,B03,,,1,,2,,,8,8,1,12,4,120.72453,24.167676,3
1277,66000,387130000C,(04)23274275,(04)23288582,2025,8,4,14,40,臺中市,清水區,0,0,0,5,,,50,,,,,,,,,,,,,,,,,,,B03,,,1,,2,,,8,8,1,12,4,120.546927,24.266282,3
1278,66000,387130000C,(04)23274275,(04)23288582,2025,8,4,14,45,臺中市,梧棲區,0,1,0,5,2,6,50,4,2,1,4,4,6,6,1,1,1,2,5,1,13,3,10,3,1,A01,7,9,1,8,2,1,,7,7,1,12,4,120.561817,24.255777,2
1279,66000,387130000C,(04)23274275,(04)23288582,2025,8,4,14,45,臺中市,梧棲區,0,0,0,5,,,30,,,,,,,,,,,,,,1,,,,,B12,,,1,,1,,,85,85,1,6,4,120.534045,24.238595,3
1280,66000,387130000C,(04)23274275,(04)23288582,2025,8,4,14,46,臺中市,南區,0,0,0,5,,,50,,,,,,,,,,,,,,13,,,,,C03,,,1,,1,,,84,84,1,12,4,120.679293,24.125653,3
1281,66000,387130000C,(04)23274275,(04)23288582,2025,8,4,14,48,臺中市,霧峰區,0,0,0,5,,,50,,,,,,,,,,,,,,17,,,,,A11,,,1,,1,,,51,51,1,13,4,120.663744,24.079569,3
1282,66000,387130000C,(04)23274275,(04)23288582,2025,8,4,14,49,臺中市,北屯區,0,0,0,5,,,50,,,,,,,,,,,,,,14,,,,,B12,,,1,,1,,,49,49,1,6,4,120.699355,24.170226,3
1283,66000,387130000C,(04)23274275,(04)23288582,2025,8,4,14,50,臺中市,南屯區,0,0,0,5,,,60,,,,,,,,,,,,,,14,,,,,B03,,,1,,1,,,49,49,1,12,4,120.648813,24.139811,3
1284,66000,387130000C,(04)23274275,(04)23288582,2025,8,4,14,51,臺中市,神岡區,0,2,0,5,2,6,30,3,9,1,4,4,6,6,4,4,10,5,5,2,16,3,10,5,4,B03,7,5,1,8,2,6,,14,14,1,13,4,120.707754,24.258065,2
1285,66000,387130000C,(04)23274275,(04)23288582,2025,8,4,14,54,臺中市,大雅區,0,1,0,5,3,6,60,13,24,1,4,4,6,5,4,4,1,3,4,1,17,3,10,3,1,B03,7,1,1,8,2,4,,51,51,1,12,4,120.646738,24.222107,2
1286,66000,387130000C,(04)23274275,(04)23288582,2025,8,4,14,58,臺中市,太平區,0,0,0,5,,,50,,,,,,,,,,,,,,13,,,,,B03,,,1,,2,,,7,7,1,11,4,120.717357,24.123627,3
1287,66000,387130000C,(04)23274275,(04)23288582,2025,8,4,15,2,臺中市,西屯區,0,0,0,5,,,50,,,,,,,,,,,,,,16,,,,,B03,,,1,,1,,,14,14,1,13,4,120.658409,24.170605,3
1288,66000,387130000C,(04)23274275,(04)23288582,2025,8,4,15,4,臺中市,北區,0,0,0,5,,,40,,,,,,,,,,,,,,14,,,,,B12,,,1,,2,,,49,49,1,13,4,120.681736,24.153169,3
1289,66000,387130000C,(04)23274275,(04)23288582,2025,8,4,15,5,臺中市,西屯區,0,1,0,5,2,6,40,3,2,1,4,4,6,6,4,4,1,5,1,2,17,2,7,2,1,C03,7,12,1,10,2,14,,7,7,1,12,4,120.620377,24.180719,2
1290,66000,387130000C,(04)23274275,(04)23288582,2025,8,4,15,9,臺中市,西屯區,0,0,0,5,,,50,,,,,,,,,,,,,,13,,,,,B03,,,1,,1,,,59,59,1,13,4,120.644504,24.194997,3
1291,66000,387130000C,(04)23274275,(04)23288582,2025,8,4,15,12,臺中市,烏日區,0,0,0,5,,,50,,,,,,,,,,,,,,,,,,,C03,,,1,,1,,,84,84,1,12,2,120.624964,24.106272,3
1292,66000,387130000C,(04)23274275,(04)23288582,2025,8,4,15,20,臺中市,豐原區,0,0,0,5,,,30,,,,,,,,,,,,,,14,,,,,B12,,,1,,2,,,49,49,1,12,4,120.729734,24.263504,3
1293,66000,387130000C,(04)23274275,(04)23288582,2025,8,4,15,22,臺中市,北屯區,0,0,0,5,,,50,,,,,,,,,,,,,,13,,,,,B03,,,5,,1,,,7,7,1,13,4,120.685345,24.167763,3
1294,66000,387130000C,(04)23274275,(04)23288582,2025,8,4,15,22,臺中市,烏日區,0,0,0,5,,,50,,,,,,,,,,,,,,13,,,,,B03,,,1,,2,,,7,7,1,6,4,120.614085,24.106776,3
1295,66000,387130000C,(04)23274275,(04)23288582,2025,8,4,15,25,臺中市,大里區,0,0,0,5,3,6,50,13,7,1,4,4,6,6,4,4,1,4,1,2,13,,,,,B12,,,1,,2,,,7,7,1,12,4,120.667805,24.083441,3
1296,66000,387130000C,(04)23274275,(04)23288582,2025,8,4,15,25,臺中市,龍井區,0,0,0,5,,,50,,,,,,,,,,,,,,13,,,,,B03,,,1,,1,,,7,7,1,6,4,120.574329,24.195892,3
1297,66000,387130000C,(04)23274275,(04)23288582,2025,8,4,15,27,臺中市,南屯區,0,1,0,5,3,6,40,13,9,1,4,4,6,6,4,4,5,5,5,2,17,3,10,5,4,B03,7,13,1,8,2,4,,76,76,1,6,4,120.633321,24.143577,2
1298,66000,387130000C,(04)23274275,(04)23288582,2025,8,4,15,27,臺中市,西屯區,0,1,0,5,2,6,30,11,9,1,4,4,6,6,4,4,10,5,5,2,10,3,10,4,4,B12,7,9,1,8,2,8,,59,59,1,12,4,120.588701,24.178047,2
1299,66000,387130000C,(04)23274275,(04)23288582,2025,8,4,15,30,臺中市,東區,0,0,0,5,,,40,,,,,,,,,,,,,,17,,,,,,,,,,,,,85,85,1,,,120.70846,24.142904,3
1300,66000,387130000C,(04)23274275,(04)23288582,2025,8,4,15,31,臺中市,太平區,0,0,0,5,,,50,,,,,,,,,,,,,,,,,,,B12,,,1,,2,,,40,40,1,12,4,120.714377,24.149483,3
1301,66000,387130000C,(04)23274275,(04)23288582,2025,8,4,15,32,臺中市,西區,0,1,0,5,1,6,50,3,1,1,4,4,6,6,4,4,10,5,5,2,18,2,9,5,4,C03,7,9,1,10,2,15,,8,8,1,12,4,120.661574,24.155795,2
1302,66000,387130000C,(04)23274275,(04)23288582,2025,8,4,15,32,臺中市,西區,0,1,0,5,2,6,50,4,2,1,4,4,6,6,1,1,1,4,1,2,13,3,10,3,1,B12,7,9,1,7,2,1,,7,7,1,12,4,120.662609,24.155678,2
1303,66000,387130000C,(04)23274275,(04)23288582,2025,8,4,15,35,臺中市,大里區,0,0,0,5,,,50,,,,,,,,,,,,,,,,,,,B03,,,1,,1,,,84,84,1,12,4,120.686075,24.095531,3
1304,66000,387130000C,(04)23274275,(04)23288582,2025,8,4,15,36,臺中市,北區,0,1,0,5,2,6,50,13,9,1,4,4,6,6,4,4,1,3,5,2,17,2,9,2,1,C03,7,9,1,10,2,11,,84,84,1,13,4,120.68192,24.146516,2
1305,66000,387130000C,(04)23274275,(04)23288582,2025,8,4,15,39,臺中市,大里區,0,1,0,5,3,6,50,13,9,1,4,4,6,6,1,1,5,5,5,2,17,3,10,1,1,C03,7,9,1,10,2,15,,75,75,1,12,4,120.696619,24.111311,2
1306,66000,387130000C,(04)23274275,(04)23288582,2025,8,4,15,45,臺中市,南屯區,0,0,0,5,,,50,,,,,,,,,,,,,,,,,,,B02,,,1,,2,,,40,40,1,13,4,120.646416,24.126122,3
1307,66000,387130000C,(04)23274275,(04)23288582,2025,8,4,15,49,臺中市,北屯區,0,0,0,5,,,50,,,,,,,,,,,,,,14,,,,,B03,,,1,,1,,,49,49,1,13,4,120.69144,24.169299,3
1308,66000,387130000C,(04)23274275,(04)23288582,2025,8,4,15,50,臺中市,大里區,0,1,0,5,2,6,50,4,1,1,4,4,6,6,1,1,10,5,5,1,17,2,9,1,1,C03,7,9,1,10,2,14,,87,87,1,12,4,120.684812,24.102333,2
1309,66000,387130000C,(04)23274275,(04)23288582,2025,8,4,15,50,臺中市,梧棲區,0,0,0,5,,,50,,,,,,,,,,,,,,14,,,,,B03,,,1,,1,,,49,49,1,6,4,120.529876,24.250795,3
1310,66000,387130000C,(04)23274275,(04)23288582,2025,8,4,15,52,臺中市,西屯區,0,0,0,5,3,6,30,13,9,1,4,4,6,6,4,4,10,5,5,2,25,,,,,B03,,,5,,2,,,84,84,1,12,4,120.618959,24.182047,3
1311,66000,387130000C,(04)23274275,(04)23288582,2025,8,4,15,55,臺中市,大雅區,0,0,0,5,,,0,,,,,,,,,,,,,,,,,,,B12,,,1,,2,,,84,84,1,13,4,120.650258,24.225384,3
1312,66000,387130000C,(04)23274275,(04)23288582,2025,8,4,15,55,臺中市,北屯區,0,0,0,5,,,50,,,,,,,,,,,,,,12,,,,,B03,,,1,,2,,,40,40,1,6,4,120.670064,24.176427,3
1313,66000,387130000C,(04)23274275,(04)23288582,2025,8,4,15,58,臺中市,北屯區,0,0,0,5,,,50,,,,,,,,,,,,,,13,,,,,B12,,,1,,1,,,7,7,1,12,4,120.684786,24.200831,3
1314,66000,387130000C,(04)23274275,(04)23288582,2025,8,4,16,0,臺中市,西區,0,0,0,5,,,50,,,,,,,,,,,,,,,,,,,B12,,,1,,1,,,49,49,2,13,4,120.656486,24.145997,3
1315,66000,387130000C,(04)23274275,(04)23288582,2025,8,4,16,0,臺中市,清水區,0,0,0,5,2,6,50,13,9,1,4,4,6,6,4,4,9,4,4,2,11,,,,,B03,,,1,,9,,,8,8,1,12,4,120.572649,24.269407,3
1316,66000,387130000C,(04)23274275,(04)23288582,2025,8,4,16,0,臺中市,后里區,0,1,0,5,2,6,50,4,1,1,4,4,6,6,1,1,5,4,5,1,12,3,10,3,1,B03,7,9,1,6,2,5,,84,84,1,6,4,120.724255,24.308912,2
1317,66000,387130000C,(04)23274275,(04)23288582,2025,8,4,16,1,臺中市,西區,0,1,0,5,2,6,50,4,1,1,4,4,6,6,2,1,10,5,5,2,16,3,10,5,1,B03,7,5,1,8,2,5,,11,11,1,6,4,120.666908,24.141105,2
1318,66000,387130000C,(04)23274275,(04)23288582,2025,8,4,16,7,臺中市,潭子區,0,0,0,5,,,50,,,,,,,,,,,,,,,,,,,B03,,,1,,2,,,8,8,1,13,4,120.710682,24.211648,3
1319,66000,387130000C,(04)23274275,(04)23288582,2025,8,4,16,12,臺中市,西區,0,1,0,5,1,6,50,4,1,1,4,4,6,6,4,4,10,5,5,2,9,2,9,5,4,C03,7,9,1,10,2,15,,84,84,1,12,4,120.656153,24.144227,2
1320,66000,387130000C,(04)23274275,(04)23288582,2025,8,4,16,15,臺中市,北區,0,0,0,5,,,50,,,,,,,,,,,,,,13,,,,,B03,,,1,,2,1,,84,84,1,12,4,120.678243,24.171131,3
1321,66000,387130000C,(04)23274275,(04)23288582,2025,8,4,16,19,臺中市,南區,0,1,0,5,2,6,50,4,19,1,4,4,6,6,1,1,10,5,5,2,3,3,10,3,1,B03,7,6,1,8,1,8,,10,10,1,12,4,120.672025,24.126493,2
1322,66000,387130000C,(04)23274275,(04)23288582,2025,8,4,16,24,臺中市,南屯區,0,0,0,5,,,50,,,,,,,,,,,,,,17,,,,,B12,,,1,,2,,,4,4,1,12,4,120.651055,24.136177,3
1323,66000,387130000C,(04)23274275,(04)23288582,2025,8,4,16,25,臺中市,大甲區,0,1,0,5,3,6,50,4,2,1,4,4,6,6,4,4,5,5,5,1,16,2,9,2,1,C03,7,6,1,10,2,12,,14,14,1,6,4,120.624623,24.343865,2
1324,66000,387130000C,(04)23274275,(04)23288582,2025,8,4,16,29,臺中市,霧峰區,0,0,0,5,,,40,,,,,,,,,,,,,,12,,,,,B02,,,1,,2,,,8,8,1,12,4,120.693123,24.057662,3
1325,66000,387130000C,(04)23274275,(04)23288582,2025,8,4,16,30,臺中市,東區,0,0,0,5,,,50,,,,,,,,,,,,,,,,,,,B03,,,1,,1,,,7,7,1,12,4,120.699655,24.144697,3
1326,66000,387130000C,(04)23274275,(04)23288582,2025,8,4,16,30,臺中市,太平區,0,0,0,6,,,50,,,,,,,,,,,,,,17,,,,,B12,,,1,,9,,,77,77,1,6,4,120.716177,24.147871,3
1327,66000,387130000C,(04)23274275,(04)23288582,2025,8,4,16,31,臺中市,西屯區,0,0,0,5,,,30,,,,,,,,,,,,,,14,,,,,B03,,,1,,2,,,49,49,1,12,4,120.64003,24.170456,3
1328,66000,387130000C,(04)23274275,(04)23288582,2025,8,4,16,32,臺中市,后里區,0,0,0,5,,,50,,,,,,,,,,,,,,14,,,,,B03,,,1,,2,,,49,49,1,12,4,120.715527,24.306508,3
1329,66000,387130000C,(04)23274275,(04)23288582,2025,8,4,16,35,臺中市,北屯區,0,0,0,5,,,50,,,,,,,,,,,,,,,,,,,B03,,,1,,1,,,84,84,1,13,4,120.666902,24.181378,4
1330,66000,387130000C,(04)23274275,(04)23288582,2025,8,4,16,35,臺中市,太平區,0,0,0,5,2,6,40,,,,,,,,,,,,,,,,,,,B03,,,1,,1,1,,7,7,1,12,4,120.714832,24.110067,3
1331,66000,387130000C,(04)23274275,(04)23288582,2025,8,4,16,41,臺中市,西屯區,0,1,0,5,3,6,50,3,2,1,4,4,6,6,1,1,5,4,4,2,16,3,10,5,4,C03,7,11,1,10,2,12,,32,32,1,13,2,120.642607,24.169387,2
1332,66000,387130000C,(04)23274275,(04)23288582,2025,8,4,16,43,臺中市,北區,0,1,0,5,2,6,50,3,1,1,4,4,6,6,4,4,5,4,4,2,17,3,10,3,1,B03,7,5,1,8,2,2,,47,47,1,12,4,120.669757,24.154439,2
1333,66000,387130000C,(04)23274275,(04)23288582,2025,8,4,16,43,臺中市,大肚區,0,0,0,5,,,30,,,,,,,,,,,,,,17,,,,,B03,,,1,,2,,,8,8,1,6,4,120.579777,24.170626,4
1334,66000,387130000C,(04)23274275,(04)23288582,2025,8,4,16,44,臺中市,東區,0,0,0,5,,,50,,,,,,,,,,,,,,,,,,,B03,,,1,,1,,,49,49,1,12,4,120.692482,24.147894,3
1335,66000,387130000C,(04)23274275,(04)23288582,2025,8,4,16,46,臺中市,大雅區,0,0,0,5,,,30,,,,,,,,,,,,,,,,,,,C03,,,1,,2,,,21,21,1,12,4,120.637813,24.219038,3
1336,66000,387130000C,(04)23274275,(04)23288582,2025,8,4,16,46,臺中市,龍井區,0,1,0,6,3,6,70,13,9,1,5,4,6,6,1,1,1,4,4,1,13,3,10,3,1,B03,7,9,1,8,2,1,,7,7,1,13,4,120.541018,24.213072,2
1337,66000,387130000C,(04)23274275,(04)23288582,2025,8,4,16,48,臺中市,西屯區,0,1,0,5,2,6,50,4,1,1,4,4,6,6,1,1,1,4,5,1,17,3,10,5,4,C03,7,9,3,19,2,16,,59,59,1,13,4,120.656549,24.19987,2
1338,66000,387130000C,(04)23274275,(04)23288582,2025,8,4,16,50,臺中市,大雅區,0,1,0,5,3,6,30,13,9,1,4,4,6,6,4,4,10,5,5,2,30,2,9,5,1,F01,7,9,7,21,1,14,,84,84,1,13,4,120.644162,24.21791,2
1339,66000,387130000C,(04)23274275,(04)23288582,2025,8,4,16,51,臺中市,北屯區,0,0,0,5,,,50,,,,,,,,,,,,,,13,,,,,B03,,,1,,1,,,84,84,1,6,4,120.685298,24.170949,3
1340,66000,387130000C,(04)23274275,(04)23288582,2025,8,4,16,54,臺中市,北區,0,1,0,5,2,6,50,13,9,1,4,4,3,6,4,4,1,4,5,2,17,3,10,1,1,C03,7,1,1,10,9,16,,51,51,1,13,4,120.685282,24.154168,2
1341,66000,387130000C,(04)23274275,(04)23288582,2025,8,4,16,57,臺中市,南屯區,0,1,0,5,2,6,60,13,9,1,4,4,6,6,4,4,3,4,5,2,17,2,9,1,1,C03,7,9,1,10,2,11,,43,43,1,5,4,120.636395,24.142587,2
1342,66000,387130000C,(04)23274275,(04)23288582,2025,8,4,17,2,臺中市,西區,0,0,0,5,,,30,,,,,,,,,,,,,,17,,,,,B01,,,1,,1,,,8,8,1,12,4,120.675415,24.138875,3
1343,66000,387130000C,(04)23274275,(04)23288582,2025,8,4,17,5,臺中市,東勢區,0,1,0,5,3,6,50,13,9,1,4,4,6,6,4,4,9,5,5,1,12,3,10,5,4,B12,7,4,1,8,2,2,,1,1,1,12,4,120.786753,24.285779,2
1344,66000,387130000C,(04)23274275,(04)23288582,2025,8,4,17,5,臺中市,豐原區,0,2,0,5,2,6,50,4,1,1,4,4,6,6,4,4,5,5,4,2,15,2,9,6,1,F01,7,9,7,21,2,12,,12,12,1,12,4,120.725081,24.246513,2
1345,66000,387130000C,(04)23274275,(04)23288582,2025,8,4,17,6,臺中市,北屯區,0,0,0,5,,,50,,,,,,,,,,,,,,13,,,,,B03,,,1,,1,,,84,84,1,13,4,120.713565,24.160763,3
1346,66000,387130000C,(04)23274275,(04)23288582,2025,8,4,17,6,臺中市,清水區,0,1,0,5,3,6,50,13,8,1,4,4,6,6,4,4,1,4,4,1,17,3,10,3,1,B03,7,1,1,8,2,7,3,51,51,1,12,4,120.588534,24.29297,2
1347,66000,387130000C,(04)23274275,(04)23288582,2025,8,4,17,8,臺中市,西屯區,0,0,0,5,,,40,,,,,,,,,,,,,,13,,,,,B03,,,1,,2,,,7,7,1,12,4,120.646454,24.164454,3
1348,66000,387130000C,(04)23274275,(04)23288582,2025,8,4,17,9,臺中市,中區,0,1,0,5,2,6,50,4,1,1,4,4,6,6,2,1,10,5,5,2,16,3,10,5,1,B01,7,6,1,4,2,2,,11,11,1,6,4,120.678803,24.14165,2
1349,66000,387130000C,(04)23274275,(04)23288582,2025,8,4,17,9,臺中市,南屯區,0,1,0,5,3,6,30,4,1,1,4,4,6,6,4,4,10,5,5,2,15,3,10,5,4,B03,7,9,1,8,2,5,,15,15,1,6,4,120.645457,24.139593,2
1350,66000,387130000C,(04)23274275,(04)23288582,2025,8,4,17,10,臺中市,大雅區,0,0,0,5,,,50,,,,,,,,,,,,,,,,,,,B03,,,1,,2,,,39,39,1,12,4,120.615235,24.220095,3
1351,66000,387130000C,(04)23274275,(04)23288582,2025,8,4,17,10,臺中市,中區,0,0,0,5,,,50,,,,,,,,,,,,,,,,,,,B03,,,1,,1,,,7,7,1,12,4,120.670488,24.151252,3
1352,66000,387130000C,(04)23274275,(04)23288582,2025,8,4,17,11,臺中市,西區,0,1,0,5,2,6,50,13,9,1,4,4,6,6,4,4,5,5,5,2,13,2,9,2,1,C03,7,9,1,10,2,11,,8,8,1,12,4,120.655315,24.13826,2
1353,66000,387130000C,(04)23274275,(04)23288582,2025,8,4,17,11,臺中市,北區,0,1,0,7,2,6,50,13,9,1,5,4,6,6,4,4,8,5,5,2,17,3,10,5,1,B03,7,14,1,8,2,4,,76,76,1,13,4,120.678467,24.17116,2
1354,66000,387130000C,(04)23274275,(04)23288582,2025,8,4,17,12,臺中市,南屯區,0,1,0,5,1,6,50,13,7,1,4,4,6,6,4,4,5,4,4,2,12,3,10,5,4,B01,7,11,1,4,2,7,,45,45,1,13,4,120.643343,24.14598,2
1355,66000,387130000C,(04)23274275,(04)23288582,2025,8,4,17,14,臺中市,梧棲區,0,1,0,5,2,6,50,4,19,1,4,4,6,6,2,1,10,5,5,2,3,3,10,3,1,B03,7,6,1,8,2,1,,10,10,1,12,4,120.5341,24.25354,2
1356,66000,387130000C,(04)23274275,(04)23288582,2025,8,4,17,15,臺中市,西屯區,0,1,0,5,1,6,50,13,9,1,4,3,6,6,4,4,9,5,5,2,18,2,9,1,1,C03,7,9,1,10,9,16,,59,59,1,12,4,120.591852,24.170795,2
1357,66000,387130000C,(04)23274275,(04)23288582,2025,8,4,17,16,臺中市,西屯區,0,0,0,5,,,60,,,,,,,,,,,,,,,,,,,B03,,,1,,2,,,87,87,1,12,4,120.638781,24.169443,3
1358,66000,387130000C,(04)23274275,(04)23288582,2025,8,4,17,16,臺中市,梧棲區,0,0,0,5,,,70,,,,,,,,,,,,,,13,,,,,B03,,,1,,2,,,7,7,1,6,4,120.520086,24.244266,3
1359,66000,387130000C,(04)23274275,(04)23288582,2025,8,4,17,18,臺中市,豐原區,0,2,0,5,3,6,50,5,1,1,4,4,6,6,1,1,5,5,5,1,13,2,8,1,4,C03,7,9,1,10,2,11,,7,7,1,12,4,120.717427,24.245879,2
1360,66000,387130000C,(04)23274275,(04)23288582,2025,8,4,17,24,臺中市,霧峰區,0,2,0,5,2,6,50,13,9,1,4,4,6,6,4,4,10,5,5,1,17,2,9,2,1,C03,7,9,1,10,2,11,,84,84,1,6,4,120.687186,24.041392,2
1361,66000,387130000C,(04)23274275,(04)23288582,2025,8,4,17,25,臺中市,北區,0,0,0,6,,,50,,,,,,,,,,,,,,17,,,,,B03,,,1,,9,,,8,8,1,13,4,120.685122,24.16044,3
1362,66000,387130000C,(04)23274275,(04)23288582,2025,8,4,17,26,臺中市,西屯區,0,0,0,5,,,50,,,,,,,,,,,,,,17,,,,,B03,,,1,,1,,,76,76,1,13,4,120.621818,24.186488,3