序號,縣市別代碼,機關代碼,市話,傳真,年,月,日,時,分,縣市,區,死亡數量,受傷數量,2-30,天候,道路照明設備,道路類別,道路速限,道路型態,事故位置,路面鋪裝,路面狀態,路面缺陷,障礙物,視距,號誌種類,號誌動作,分向設施,快車道或一般車道間,快慢車道間,路面邊線,事故類型及型態,受傷程度,主要傷處,保護裝備,行動電話或功能裝置,當事者區分(類別),車輛用途,當事者行動狀態,駕照狀態,駕照種類,飲酒情形,車輛撞擊部位最初,車輛撞擊部位其他,肇事因素個別,肇事因素主要,肇事逃逸,職業,共享經濟或外送平台,GPS座標X,GPS座標Y,事故類別
1474,66000,387130000C,(04)23274275,(04)23288582,2025,8,4,21,11,臺中市,后里區,0,1,0,5,1,6,40,4,1,1,4,4,6,6,1,1,1,4,4,1,18,2,9,1,1,C03,7,9,1,10,2,16,,84,84,1,6,4,120.718325,24.316151,2
1475,66000,387130000C,(04)23274275,(04)23288582,2025,8,4,21,12,臺中市,西區,0,0,0,5,,,50,,,,,,,,,,,,,,9,,,,,B03,,,1,,10,,,77,77,1,13,4,120.659593,24.15431,3
1476,66000,387130000C,(04)23274275,(04)23288582,2025,8,4,21,17,臺中市,西區,0,1,0,5,1,6,50,4,1,1,4,4,6,6,1,1,10,5,5,2,17,3,10,3,1,B03,7,11,1,8,2,4,,45,45,1,12,4,120.653767,24.148949,2
1477,66000,387130000C,(04)23274275,(04)23288582,2025,8,4,21,17,臺中市,北屯區,0,2,0,5,1,6,50,4,19,1,4,4,6,6,2,1,10,5,5,2,3,2,9,2,1,C03,7,12,1,10,1,11,,10,10,1,12,4,120.670869,24.174923,2
1478,66000,387130000C,(04)23274275,(04)23288582,2025,8,4,21,18,臺中市,東區,0,0,0,5,,,50,,,,,,,,,,,,,,,,,,,B01,,,1,,2,,,15,15,1,12,4,120.70443,24.14217,3
1479,66000,387130000C,(04)23274275,(04)23288582,2025,8,4,21,19,臺中市,太平區,0,0,0,5,,,50,,,,,,,,,,,,,,,,,,,B03,,,1,,1,,,85,85,1,12,4,120.708887,24.121113,3
1480,66000,387130000C,(04)23274275,(04)23288582,2025,8,4,21,21,臺中市,西區,0,1,0,5,1,6,50,13,9,1,4,4,6,6,4,4,5,4,5,2,18,2,9,1,1,C03,7,9,1,10,2,14,,84,84,1,12,4,120.661539,24.13404,2
1481,66000,387130000C,(04)23274275,(04)23288582,2025,8,4,21,23,臺中市,南屯區,0,0,0,5,,,50,,,,,,,,,,,,,,16,,,,,B03,,,1,,2,,,47,47,1,13,4,120.646559,24.140195,3
1482,66000,387130000C,(04)23274275,(04)23288582,2025,8,4,21,25,臺中市,西屯區,0,1,0,5,1,6,50,4,1,1,4,4,6,6,1,1,8,4,4,1,18,2,9,5,4,C03,7,9,1,10,2,14,,6,6,1,13,4,120.634204,24.163542,2
1483,66000,387130000C,(04)23274275,(04)23288582,2025,8,4,21,26,臺中市,西屯區,0,0,0,5,,,50,,,,,,,,,,,,,,17,,,,,B03,,,1,,1,,,8,8,1,12,4,120.647945,24.157914,3
1484,66000,387130000C,(04)23274275,(04)23288582,2025,8,4,21,33,臺中市,太平區,0,0,0,5,1,6,30,,,,,,,,,,,,,,,,,,,B03,,,1,,2,5,,7,7,1,12,4,120.712123,24.157424,3
1485,66000,387130000C,(04)23274275,(04)23288582,2025,8,4,21,35,臺中市,梧棲區,0,1,0,6,1,6,60,4,3,1,4,4,6,6,1,1,10,5,5,2,14,3,10,3,1,B03,7,2,1,8,2,7,,49,49,1,12,4,120.541253,24.261111,2
1486,66000,387130000C,(04)23274275,(04)23288582,2025,8,4,21,37,臺中市,南區,0,1,0,5,1,6,50,13,9,1,4,4,6,6,4,4,5,4,5,2,18,2,9,2,1,C03,7,9,1,10,2,12,,84,84,1,6,4,120.661898,24.129819,2
1487,66000,387130000C,(04)23274275,(04)23288582,2025,8,4,21,38,臺中市,南屯區,0,0,0,6,,,50,,,,,,,,,,,,,,12,,,,,B02,,,1,,2,,,51,51,1,13,4,120.646864,24.134692,3
1488,66000,387130000C,(04)23274275,(04)23288582,2025,8,4,21,58,臺中市,太平區,0,0,0,5,,,50,,,,,,,,,,,,,,,,,,,C03,,,1,,2,,,84,84,1,12,4,120.708126,24.128518,3
1489,66000,387130000C,(04)23274275,(04)23288582,2025,8,4,22,9,臺中市,中區,0,1,0,5,1,6,50,4,1,1,4,4,6,6,2,1,10,5,5,2,16,2,9,1,1,C03,7,9,1,10,2,14,,84,84,1,5,4,120.677539,24.144137,2
1490,66000,387130000C,(04)23274275,(04)23288582,2025,8,4,22,15,臺中市,南屯區,0,1,0,5,1,6,50,13,9,1,4,4,6,6,1,1,1,4,5,2,18,2,9,1,1,C03,7,9,1,10,1,12,,84,84,1,12,4,120.646169,24.130524,2
1491,66000,387130000C,(04)23274275,(04)23288582,2025,8,4,22,15,臺中市,西屯區,0,0,0,6,,,60,,,,,,,,,,,,,,,,,,,B03,,,1,,2,,,87,87,1,12,4,120.638756,24.169467,3
1492,66000,387130000C,(04)23274275,(04)23288582,2025,8,4,22,15,臺中市,后里區,0,0,0,5,,,60,,,,,,,,,,,,,,13,,,,,B03,,,1,,1,,,51,51,1,13,4,120.72308,24.28794,3
1493,66000,387130000C,(04)23274275,(04)23288582,2025,8,4,22,18,臺中市,北屯區,0,1,0,6,3,6,30,4,1,1,4,4,6,6,4,4,10,5,5,2,16,3,10,3,1,B03,7,6,1,8,2,4,,12,12,1,12,4,120.676262,24.189277,2
1494,66000,387130000C,(04)23274275,(04)23288582,2025,8,4,22,22,臺中市,大里區,0,1,0,5,1,6,50,3,9,1,4,4,6,6,1,1,5,2,5,1,18,2,9,1,1,C03,7,14,3,19,1,12,,87,87,1,12,4,120.687253,24.097496,2
1495,66000,387130000C,(04)23274275,(04)23288582,2025,8,4,22,25,臺中市,西屯區,0,0,0,5,,,50,,,,,,,,,,,,,,17,,,,,B03,,,1,,2,,,87,87,1,12,4,120.641076,24.167898,3
1496,66000,387130000C,(04)23274275,(04)23288582,2025,8,4,22,26,臺中市,豐原區,0,0,0,5,,,60,,,,,,,,,,,,,,13,,,,,B03,,,1,,2,,,59,59,1,12,4,120.703309,24.243145,3
1497,66000,387130000C,(04)23274275,(04)23288582,2025,8,4,22,27,臺中市,大肚區,0,0,0,6,,,60,,,,,,,,,,,,,,23,,,,,B03,,,1,,2,,,8,8,1,6,4,120.582493,24.172372,3
1498,66000,387130000C,(04)23274275,(04)23288582,2025,8,4,22,36,臺中市,北區,0,0,0,6,,,50,,,,,,,,,,,,,,17,,,,,B03,,,1,,9,,,49,49,1,13,4,120.692186,24.155521,3
1499,66000,387130000C,(04)23274275,(04)23288582,2025,8,4,22,56,臺中市,太平區,0,0,0,7,1,6,50,13,14,1,5,4,6,6,4,4,9,4,5,1,17,3,10,3,1,B03,7,9,1,8,8,5,,84,84,1,12,4,120.724198,24.137934,3
1500,66000,387130000C,(04)23274275,(04)23288582,2025,8,4,23,28,臺中市,梧棲區,0,1,0,6,1,6,70,4,2,1,4,4,6,6,3,1,9,4,4,1,18,2,9,1,1,C03,7,9,1,10,2,12,,58,58,1,12,4,120.544604,24.225071,2
1501,66000,387130000C,(04)23274275,(04)23288582,2025,8,4,23,35,臺中市,霧峰區,0,0,0,7,1,6,50,13,9,1,5,4,6,6,1,1,5,5,4,1,13,,,,,B03,,,1,,2,,,59,59,1,6,4,120.696268,24.065515,3
1502,66000,387130000C,(04)23274275,(04)23288582,2025,8,5,0,5,臺中市,西屯區,0,1,0,7,1,6,50,3,9,1,4,4,6,6,4,4,5,5,5,2,12,3,10,3,1,B03,7,4,1,8,2,2,,1,1,1,13,4,120.65337,24.166222,2
1503,66000,387130000C,(04)23274275,(04)23288582,2025,8,5,1,50,臺中市,太平區,0,2,0,7,1,6,50,5,1,1,5,4,6,6,1,1,10,5,5,2,17,3,10,3,1,B03,7,5,1,8,2,4,,47,47,1,12,4,120.724544,24.149617,2
1504,66000,387130000C,(04)23274275,(04)23288582,2025,8,5,3,30,臺中市,北屯區,0,1,0,5,3,3,80,13,7,1,4,4,6,6,4,4,3,4,4,2,23,2,9,3,1,B12,7,9,5,8,2,5,,84,84,1,6,4,120.694144,24.201018,2
1505,66000,387130000C,(04)23274275,(04)23288582,2025,8,5,5,13,臺中市,北屯區,0,1,0,6,1,6,50,4,1,1,4,4,6,6,3,1,10,5,5,2,16,3,10,3,1,B03,7,6,1,8,2,4,,24,24,1,6,4,120.696322,24.185335,2
1506,66000,387130000C,(04)23274275,(04)23288582,2025,8,5,5,44,臺中市,龍井區,0,0,0,7,,,50,,,,,,,,,,,,,,17,,,,,B03,,,1,,1,,,51,51,1,6,4,120.505283,24.210447,3
1507,66000,387130000C,(04)23274275,(04)23288582,2025,8,5,6,16,臺中市,豐原區,0,1,0,6,2,6,50,4,7,1,4,4,6,6,1,1,5,5,4,2,18,2,9,1,1,C03,7,12,1,10,2,12,,84,84,1,12,4,120.725449,24.255055,2
1508,66000,387130000C,(04)23274275,(04)23288582,2025,8,5,6,22,臺中市,大雅區,0,1,0,7,2,6,0,13,9,1,5,4,6,6,4,4,1,4,4,1,13,2,9,1,1,C03,7,9,1,10,1,11,,59,59,1,13,4,120.613714,24.224019,2
1509,66000,387130000C,(04)23274275,(04)23288582,2025,8,5,6,32,臺中市,北區,0,0,0,5,2,6,50,13,8,1,4,4,6,6,4,4,3,4,4,2,17,,,,,A11,,,1,,2,,,84,84,1,12,4,120.684873,24.161246,3
1510,66000,387130000C,(04)23274275,(04)23288582,2025,8,5,6,33,臺中市,豐原區,0,1,0,6,2,6,50,3,2,1,5,4,6,6,1,1,5,4,4,2,17,2,9,1,1,C03,7,6,3,19,2,12,,48,48,1,12,4,120.719288,24.237791,2
1511,66000,387130000C,(04)23274275,(04)23288582,2025,8,5,6,46,臺中市,大里區,0,1,0,6,3,6,50,11,9,1,4,4,6,6,4,4,1,4,5,1,13,2,9,1,1,C03,7,9,1,10,2,11,,7,7,1,6,4,120.701455,24.122803,2
1512,66000,387130000C,(04)23274275,(04)23288582,2025,8,5,6,55,臺中市,西屯區,0,1,0,7,2,6,50,4,1,1,5,4,6,6,3,1,4,5,5,2,15,3,10,5,4,B03,7,9,1,8,2,5,,20,20,1,13,4,120.638155,24.184191,2
1513,66000,387130000C,(04)23274275,(04)23288582,2025,8,5,6,57,臺中市,豐原區,0,0,0,7,,,50,,,,,,,,,,,,,,17,,,,,B03,,,1,,2,,,78,78,1,12,4,120.741713,24.255609,3
1514,66000,387130000C,(04)23274275,(04)23288582,2025,8,5,7,7,臺中市,神岡區,0,0,0,6,1,6,50,13,9,1,5,4,6,6,4,4,5,5,5,1,13,,,,,B03,,,1,,2,,,7,7,1,12,4,120.658907,24.277203,3
1515,66000,387130000C,(04)23274275,(04)23288582,2025,8,5,7,9,臺中市,大里區,0,1,0,7,2,6,50,4,3,1,5,4,6,6,1,1,10,5,5,2,12,3,10,2,1,C03,7,5,1,10,2,13,,84,84,1,12,4,120.671318,24.102681,2
1516,66000,387130000C,(04)23274275,(04)23288582,2025,8,5,7,11,臺中市,豐原區,0,0,0,7,,,50,,,,,,,,,,,,,,12,,,,,A02,,,1,,2,,,84,84,1,12,4,120.720571,24.258886,3
1517,66000,387130000C,(04)23274275,(04)23288582,2025,8,5,7,20,臺中市,北屯區,0,0,0,7,,,50,,,,,,,,,,,,,,,,,,,B03,,,1,,9,,,84,84,1,12,4,120.684524,24.17053,3
1518,66000,387130000C,(04)23274275,(04)23288582,2025,8,5,7,20,臺中市,清水區,0,1,0,7,3,6,50,13,9,1,5,4,6,6,4,4,8,3,4,1,17,3,10,3,1,B03,2,1,1,8,2,8,,51,51,1,12,4,120.571349,24.277481,2
1519,66000,387130000C,(04)23274275,(04)23288582,2025,8,5,7,20,臺中市,神岡區,0,1,0,7,3,6,50,11,9,1,5,4,6,6,4,4,5,5,5,1,18,2,9,1,1,C03,7,9,1,10,2,16,,84,84,1,13,4,120.662638,24.271165,2
1520,66000,387130000C,(04)23274275,(04)23288582,2025,8,5,7,23,臺中市,西屯區,0,0,0,6,,,30,,,,,,,,,,,,,,14,,,,,B03,,,1,,2,,,49,49,1,12,4,120.639328,24.179858,3
1521,66000,387130000C,(04)23274275,(04)23288582,2025,8,5,7,23,臺中市,太平區,0,0,0,7,,3,80,,,,,,,,,,,,,,,,,,,B03,,,1,,1,,,7,7,1,12,4,120.71736,24.156925,3
1522,66000,387130000C,(04)23274275,(04)23288582,2025,8,5,7,25,臺中市,沙鹿區,0,1,0,6,3,6,50,13,8,1,5,4,6,6,1,1,1,4,4,2,18,2,7,1,1,C03,7,9,1,10,2,12,,59,59,1,6,4,120.560945,24.235897,2
1523,66000,387130000C,(04)23274275,(04)23288582,2025,8,5,7,25,臺中市,和平區,0,0,0,7,,,30,,,,,,,,,,,,,,,,,,,B12,,,1,,2,,,41,41,1,12,4,121.325308,24.35522,3
1524,66000,387130000C,(04)23274275,(04)23288582,2025,8,5,7,26,臺中市,西屯區,0,1,0,7,2,6,40,13,8,1,5,4,6,6,2,1,10,5,5,2,12,3,10,1,1,C03,7,9,1,10,2,12,,7,7,1,13,4,120.655911,24.158976,2
1525,66000,387130000C,(04)23274275,(04)23288582,2025,8,5,7,28,臺中市,烏日區,0,2,0,7,2,6,50,3,1,1,5,4,6,6,4,4,10,5,5,2,3,2,9,5,4,C03,7,9,1,10,2,12,,84,84,1,6,4,120.631672,24.108966,2
1526,66000,387130000C,(04)23274275,(04)23288582,2025,8,5,7,30,臺中市,西區,0,1,0,7,2,6,50,3,1,1,4,4,6,6,1,1,10,5,5,2,17,3,10,5,4,B03,7,5,1,8,2,16,,22,22,1,13,4,120.673493,24.136647,2
1527,66000,387130000C,(04)23274275,(04)23288582,2025,8,5,7,30,臺中市,西屯區,0,0,0,7,,,50,,,,,,,,,,,,,,,,,,,B03,,,1,,9,,,8,8,1,12,4,120.640032,24.175724,3
1528,66000,387130000C,(04)23274275,(04)23288582,2025,8,5,7,32,臺中市,豐原區,0,1,0,6,2,6,50,13,9,1,4,3,6,6,1,1,2,4,5,1,18,2,9,1,1,C03,7,9,1,10,2,14,,84,84,1,12,4,120.70772,24.237302,2
1529,66000,387130000C,(04)23274275,(04)23288582,2025,8,5,7,33,臺中市,北屯區,0,1,0,6,3,6,50,4,1,1,5,4,6,6,2,1,10,5,5,2,18,2,9,1,1,C03,7,7,1,10,2,12,,84,84,1,12,4,120.727522,24.169206,2
1530,66000,387130000C,(04)23274275,(04)23288582,2025,8,5,7,33,臺中市,大肚區,0,0,0,6,,,50,,,,,,,,,,,,,,16,,,,,B03,,,1,,2,,,51,51,1,6,4,120.574805,24.171581,3
1531,66000,387130000C,(04)23274275,(04)23288582,2025,8,5,7,34,臺中市,霧峰區,0,0,0,7,,,50,,,,,,,,,,,,,,16,,,,,B03,,,1,,2,,,11,11,1,13,4,120.671329,24.043185,3
1532,66000,387130000C,(04)23274275,(04)23288582,2025,8,5,7,35,臺中市,大雅區,0,1,0,6,3,6,50,3,2,1,3,4,6,6,4,4,5,2,5,1,18,2,9,1,1,C03,7,9,1,10,1,12,,84,84,1,12,4,120.601246,24.215612,2
1533,66000,387130000C,(04)23274275,(04)23288582,2025,8,5,7,35,臺中市,霧峰區,0,0,0,6,,,50,,,,,,,,,,,,,,18,,,,,B03,,,1,,11,,,84,84,1,13,4,120.693848,24.062053,3
1534,66000,387130000C,(04)23274275,(04)23288582,2025,8,5,7,36,臺中市,后里區,0,2,0,6,2,6,50,13,9,1,5,4,6,6,4,4,9,4,5,1,3,2,8,1,1,F02,7,9,7,21,2,11,14,84,84,1,6,4,120.730969,24.305804,2
1535,66000,387130000C,(04)23274275,(04)23288582,2025,8,5,7,39,臺中市,龍井區,0,0,0,7,,,30,,,,,,,,,,,,,,12,,,,,B03,,,1,,2,,,8,8,1,6,4,120.589819,24.179,3
1536,66000,387130000C,(04)23274275,(04)23288582,2025,8,5,7,40,臺中市,西屯區,0,0,0,6,,,50,,,,,,,,,,,,,,13,,,,,C03,,,1,,1,,,58,58,1,12,4,120.649864,24.163498,3
1537,66000,387130000C,(04)23274275,(04)23288582,2025,8,5,7,40,臺中市,大里區,0,1,0,5,3,6,40,13,12,1,4,4,6,6,1,1,1,2,4,1,13,3,10,1,1,C03,7,9,1,10,2,11,,7,7,1,13,4,120.682484,24.104642,2
1538,66000,387130000C,(04)23274275,(04)23288582,2025,8,5,7,40,臺中市,烏日區,0,1,0,7,2,6,50,13,9,1,5,4,6,6,4,4,5,4,5,1,28,2,9,5,4,C03,7,9,1,10,2,11,,59,59,1,13,4,120.658533,24.058191,2
1539,66000,387130000C,(04)23274275,(04)23288582,2025,8,5,7,41,臺中市,西區,0,1,0,7,2,6,50,13,8,1,4,4,6,6,4,4,5,4,4,2,17,3,10,3,1,B03,7,1,1,8,2,8,,51,51,1,12,4,120.670781,24.145682,2
1540,66000,387130000C,(04)23274275,(04)23288582,2025,8,5,7,42,臺中市,西屯區,0,0,0,7,,,30,,,,,,,,,,,,,,16,,,,,B03,,,1,,1,,,13,13,1,13,4,120.654045,24.172922,3
1541,66000,387130000C,(04)23274275,(04)23288582,2025,8,5,7,42,臺中市,神岡區,0,0,0,7,1,6,50,13,9,1,5,4,6,6,4,4,1,5,5,2,12,,,,,A31,,,1,,2,,,40,40,1,12,4,120.697942,24.248777,3
1542,66000,387130000C,(04)23274275,(04)23288582,2025,8,5,7,44,臺中市,石岡區,0,0,0,6,,,70,,,,,,,,,,,,,,,,,,,A12,,,1,,2,,,40,40,1,12,4,120.802279,24.268485,3
1543,66000,387130000C,(04)23274275,(04)23288582,2025,8,5,7,46,臺中市,北區,0,2,0,7,2,6,30,4,1,1,5,4,6,4,4,4,10,5,5,2,15,2,9,1,1,C03,7,9,1,10,2,12,,15,15,1,12,4,120.675035,24.172493,2
1544,66000,387130000C,(04)23274275,(04)23288582,2025,8,5,7,47,臺中市,龍井區,0,0,0,7,,,30,,,,,,,,,,,,,,,,,,,B03,,,1,,1,,,15,15,1,13,4,120.546385,24.217555,3
1545,66000,387130000C,(04)23274275,(04)23288582,2025,8,5,7,47,臺中市,沙鹿區,0,1,0,7,2,6,50,3,1,1,5,4,6,6,1,1,10,5,5,2,16,3,10,3,1,B03,7,5,1,8,2,2,6,47,47,1,6,4,120.615128,24.244076,2
1546,66000,387130000C,(04)23274275,(04)23288582,2025,8,5,7,48,臺中市,南屯區,0,2,0,7,2,6,40,4,1,1,5,4,6,6,2,1,1,5,5,2,17,2,7,1,1,C03,7,7,1,10,2,13,,40,40,1,6,4,120.60681,24.147967,2
1547,66000,387130000C,(04)23274275,(04)23288582,2025,8,5,7,50,臺中市,霧峰區,0,0,0,7,,,60,,,,,,,,,,,,,,,,,,,B03,,,1,,2,,,7,7,1,13,4,120.692374,24.045671,3
1548,66000,387130000C,(04)23274275,(04)23288582,2025,8,5,7,50,臺中市,清水區,0,0,0,7,,,70,,,,,,,,,,,,,,,,,,,B12,,,1,,1,,,84,84,1,12,4,120.594141,24.299136,3
1549,66000,387130000C,(04)23274275,(04)23288582,2025,8,5,7,51,臺中市,烏日區,0,0,0,7,,,50,,,,,,,,,,,,,,,,,,,A41,,,1,,2,,,7,7,1,6,4,120.643331,24.061096,3
1550,66000,387130000C,(04)23274275,(04)23288582,2025,8,5,7,53,臺中市,南屯區,0,2,0,7,2,6,40,4,2,1,5,4,6,6,4,4,9,4,4,2,3,2,9,1,1,C03,7,9,3,19,2,11,,10,10,1,12,4,120.641887,24.148784,2
1551,66000,387130000C,(04)23274275,(04)23288582,2025,8,5,7,53,臺中市,西屯區,0,0,0,7,,,50,,,,,,,,,,,,,,12,,,,,B12,,,1,,1,,,40,40,1,13,4,120.656842,24.20039,3
1552,66000,387130000C,(04)23274275,(04)23288582,2025,8,5,7,53,臺中市,西屯區,0,0,0,6,,,50,,,,,,,,,,,,,,13,,,,,B03,,,1,,1,,,7,7,1,12,4,120.592204,24.191561,3
1553,66000,387130000C,(04)23274275,(04)23288582,2025,8,5,7,54,臺中市,豐原區,0,0,0,6,,,50,,,,,,,,,,,,,,13,,,,,C03,,,1,,2,,,7,7,1,12,4,120.71197,24.239752,3
1554,66000,387130000C,(04)23274275,(04)23288582,2025,8,5,8,0,臺中市,龍井區,0,0,0,7,,,50,,,,,,,,,,,,,,,,,,,B03,,,1,,2,,,20,20,1,6,4,120.563816,24.197565,4
1555,66000,387130000C,(04)23274275,(04)23288582,2025,8,5,8,2,臺中市,豐原區,0,2,0,7,2,6,30,4,1,1,5,4,6,6,4,4,10,5,5,1,17,3,10,2,1,C03,7,6,1,10,2,14,,14,14,1,12,4,120.727886,24.234027,2
1556,66000,387130000C,(04)23274275,(04)23288582,2025,8,5,8,6,臺中市,大甲區,0,0,0,7,,,50,,,,,,,,,,,,,,,,,,,B03,,,1,,2,,,7,7,1,6,4,120.640282,24.402013,3
1557,66000,387130000C,(04)23274275,(04)23288582,2025,8,5,8,7,臺中市,太平區,0,1,0,7,3,6,30,3,2,1,5,4,6,6,4,4,10,5,5,2,11,3,10,3,1,B03,7,9,1,8,2,8,,41,41,1,13,4,120.716792,24.123606,2
1558,66000,387130000C,(04)23274275,(04)23288582,2025,8,5,8,13,臺中市,北屯區,0,0,0,7,,,50,,,,,,,,,,,,,,13,,,,,B12,,,1,,2,,,59,59,1,6,4,120.687537,24.181826,3
1559,66000,387130000C,(04)23274275,(04)23288582,2025,8,5,8,15,臺中市,后里區,0,0,0,7,,,50,,,,,,,,,,,,,,13,,,,,B03,,,1,,2,,,6,6,1,13,4,120.720691,24.309142,3
1560,66000,387130000C,(04)23274275,(04)23288582,2025,8,5,8,17,臺中市,豐原區,0,1,0,6,2,6,50,3,1,1,5,4,6,6,3,1,5,5,5,1,16,2,9,5,4,C03,7,9,1,10,2,13,,34,34,1,12,4,120.720037,24.241224,2
1561,66000,387130000C,(04)23274275,(04)23288582,2025,8,5,8,18,臺中市,潭子區,0,0,0,6,,,50,,,,,,,,,,,,,,,,,,,B13,,,1,,2,,,8,8,1,13,4,120.674903,24.203902,3
1562,66000,387130000C,(04)23274275,(04)23288582,2025,8,5,8,18,臺中市,西屯區,0,0,0,7,,,50,,,,,,,,,,,,,,13,,,,,B12,,,1,,1,,,58,58,1,12,4,120.620711,24.174673,3
1563,66000,387130000C,(04)23274275,(04)23288582,2025,8,5,8,19,臺中市,霧峰區,0,0,0,6,,,50,,,,,,,,,,,,,,17,,,,,C03,,,1,,2,,,84,84,1,13,4,120.699275,24.067703,3
1564,66000,387130000C,(04)23274275,(04)23288582,2025,8,5,8,26,臺中市,中區,0,2,0,7,2,6,50,4,1,1,5,4,6,6,1,1,10,5,5,2,16,2,9,1,1,C03,7,6,3,19,2,11,,11,11,1,13,4,120.674256,24.14284,2
1565,66000,387130000C,(04)23274275,(04)23288582,2025,8,5,8,27,臺中市,潭子區,0,1,0,7,2,6,50,5,1,1,5,4,6,6,2,1,10,5,5,2,17,2,9,1,1,C03,7,9,1,10,2,14,,87,87,1,13,4,120.678333,24.215764,2
1566,66000,387130000C,(04)23274275,(04)23288582,2025,8,5,8,27,臺中市,潭子區,0,0,0,7,,,60,,,,,,,,,,,,,,17,,,,,B03,,,1,,2,,,50,50,1,13,4,120.705044,24.213572,3
1567,66000,387130000C,(04)23274275,(04)23288582,2025,8,5,8,27,臺中市,西屯區,0,0,0,7,,,40,,,,,,,,,,,,,,,,,,,B03,,,1,,1,,,84,84,1,13,4,120.609608,24.184261,3
1568,66000,387130000C,(04)23274275,(04)23288582,2025,8,5,8,27,臺中市,豐原區,0,1,0,7,2,6,30,13,9,1,5,4,6,6,4,4,10,5,5,2,17,2,9,6,1,F01,7,9,7,21,2,16,,84,84,1,12,4,120.719412,24.276224,2
1569,66000,387130000C,(04)23274275,(04)23288582,2025,8,5,8,31,臺中市,西屯區,0,1,0,7,1,6,50,13,9,1,5,4,6,6,4,4,9,4,5,1,17,2,9,2,1,C03,7,5,1,9,2,12,,59,59,1,12,4,120.585835,24.174657,2
1570,66000,387130000C,(04)23274275,(04)23288582,2025,8,5,8,32,臺中市,太平區,0,1,0,6,2,6,50,5,9,1,5,4,6,6,1,1,5,4,5,2,13,2,9,1,1,C03,7,9,1,10,2,11,,7,7,1,12,4,120.711097,24.126682,2
1571,66000,387130000C,(04)23274275,(04)23288582,2025,8,5,8,39,臺中市,北屯區,0,1,0,7,2,6,50,13,9,1,5,4,6,6,4,4,1,4,5,2,17,3,10,3,1,B03,7,1,1,8,2,4,,51,51,1,6,4,120.693151,24.16277,2
1572,66000,387130000C,(04)23274275,(04)23288582,2025,8,5,8,39,臺中市,豐原區,0,0,0,7,,,50,,,,,,,,,,,,,,13,,,,,B03,,,1,,1,,,84,84,1,12,4,120.69954,24.249326,3
1573,66000,387130000C,(04)23274275,(04)23288582,2025,8,5,8,41,臺中市,西屯區,0,0,0,6,,,40,,,,,,,,,,,,,,13,,,,,C03,,,1,,1,,,7,7,1,12,4,120.644581,24.16455,3
1574,66000,387130000C,(04)23274275,(04)23288582,2025,8,5,8,41,臺中市,清水區,0,0,0,7,,,50,,,,,,,,,,,,,,,,,,,B03,,,1,,2,,,84,84,1,12,4,120.574174,24.266386,3
1575,66000,387130000C,(04)23274275,(04)23288582,2025,8,5,8,44,臺中市,太平區,0,1,0,7,2,6,50,13,9,1,5,4,6,6,4,4,9,5,5,2,12,2,9,1,1,C03,7,9,1,10,2,12,,84,84,1,13,4,120.702446,24.154646,2
1576,66000,387130000C,(04)23274275,(04)23288582,2025,8,5,8,48,臺中市,梧棲區,0,1,0,6,2,6,50,13,9,1,5,4,6,6,4,4,5,4,5,1,16,3,10,3,1,B03,7,11,1,8,2,4,,45,45,1,12,4,120.531133,24.253191,2
1577,66000,387130000C,(04)23274275,(04)23288582,2025,8,5,8,50,臺中市,北區,0,1,0,6,2,6,50,4,1,1,5,4,6,6,4,4,5,4,5,2,15,3,10,5,1,B03,7,9,1,8,2,8,,12,12,1,13,4,120.674825,24.147878,2
1578,66000,387130000C,(04)23274275,(04)23288582,2025,8,5,8,51,臺中市,北區,0,2,0,6,2,6,50,4,2,1,5,4,6,6,2,1,1,4,5,2,13,2,9,2,1,C03,7,9,1,10,4,11,,7,7,1,6,4,120.672225,24.16235,2
1579,66000,387130000C,(04)23274275,(04)23288582,2025,8,5,8,55,臺中市,后里區,0,0,0,5,2,6,50,13,9,1,4,4,6,6,4,4,5,4,5,1,12,,,,,B03,,,1,,2,,,50,50,1,12,4,120.710724,24.305669,3
1580,66000,387130000C,(04)23274275,(04)23288582,2025,8,5,8,57,臺中市,北區,0,2,0,7,3,9,50,4,1,1,5,4,6,6,2,1,10,5,5,2,17,2,9,5,4,C03,7,5,1,10,2,12,,47,47,1,13,4,120.677303,24.151254,2
1581,66000,387130000C,(04)23274275,(04)23288582,2025,8,5,8,57,臺中市,西屯區,0,2,0,7,2,6,40,13,8,1,5,4,6,6,2,1,4,5,4,2,17,2,8,5,4,B03,7,13,1,8,2,4,,76,76,1,13,4,120.637759,24.166029,2
1582,66000,387130000C,(04)23274275,(04)23288582,2025,8,5,8,57,臺中市,西屯區,0,2,0,6,3,6,40,3,2,1,5,4,6,6,1,1,5,4,4,2,17,2,9,5,4,C03,7,9,1,10,2,11,,59,59,1,13,4,120.653849,24.176154,2
1583,66000,387130000C,(04)23274275,(04)23288582,2025,8,5,8,58,臺中市,南屯區,0,0,0,7,,,50,,,,,,,,,,,,,,,,,,,B03,,,1,,2,,,49,49,1,6,4,120.650398,24.141034,3
1584,66000,387130000C,(04)23274275,(04)23288582,2025,8,5,8,58,臺中市,南屯區,0,0,0,7,,,50,,,,,,,,,,,,,,13,,,,,C03,,,1,,1,,,7,7,1,12,4,120.641686,24.146869,3
1585,66000,387130000C,(04)23274275,(04)23288582,2025,8,5,8,59,臺中市,豐原區,0,1,0,6,2,6,50,4,1,1,5,4,6,6,1,1,1,4,4,1,16,3,10,1,1,C03,7,6,1,10,2,14,,48,48,1,12,4,120.71043,24.237253,2
1586,66000,387130000C,(04)23274275,(04)23288582,2025,8,5,9,3,臺中市,南區,0,2,0,6,3,6,30,11,9,1,5,4,6,6,4,4,10,5,5,2,10,2,9,5,4,C03,7,9,1,10,2,11,,41,41,1,12,4,120.653791,24.112089,2