序號,縣市別代碼,機關代碼,市話,傳真,年,月,日,時,分,縣市,區,死亡數量,受傷數量,2-30,天候,道路照明設備,道路類別,道路速限,道路型態,事故位置,路面鋪裝,路面狀態,路面缺陷,障礙物,視距,號誌種類,號誌動作,分向設施,快車道或一般車道間,快慢車道間,路面邊線,事故類型及型態,受傷程度,主要傷處,保護裝備,行動電話或功能裝置,當事者區分(類別),車輛用途,當事者行動狀態,駕照狀態,駕照種類,飲酒情形,車輛撞擊部位最初,車輛撞擊部位其他,肇事因素個別,肇事因素主要,肇事逃逸,職業,共享經濟或外送平台,GPS座標X,GPS座標Y,事故類別
1815,66000,387130000C,(04)23274275,(04)23288582,2025,8,5,17,47,臺中市,西區,0,0,0,7,,,50,,,,,,,,,,,,,,17,,,,,C04,,,1,,1,,,84,84,1,12,4,120.682738,24.137996,3
1816,66000,387130000C,(04)23274275,(04)23288582,2025,8,5,17,47,臺中市,大里區,0,0,0,7,,,50,,,,,,,,,,,,,,,,,,,B03,,,3,,2,,,49,49,1,12,4,120.69035,24.114293,3
1817,66000,387130000C,(04)23274275,(04)23288582,2025,8,5,17,48,臺中市,西區,0,0,0,7,,,50,,,,,,,,,,,,,,13,,,,,C03,,,1,,1,,,84,84,1,12,4,120.659687,24.157317,3
1818,66000,387130000C,(04)23274275,(04)23288582,2025,8,5,17,50,臺中市,南區,0,1,0,7,2,6,50,13,9,1,5,4,6,6,4,4,5,5,5,2,30,2,9,6,1,F01,7,15,7,21,2,11,,84,84,1,12,4,120.675955,24.130133,2
1819,66000,387130000C,(04)23274275,(04)23288582,2025,8,5,17,53,臺中市,南屯區,0,2,0,7,2,6,50,13,9,1,5,4,6,6,4,4,9,5,5,2,17,2,9,2,1,C03,7,4,1,10,2,11,,1,1,1,13,4,120.610887,24.145395,2
1820,66000,387130000C,(04)23274275,(04)23288582,2025,8,5,17,54,臺中市,太平區,0,1,0,7,2,6,50,3,2,1,5,4,6,6,4,4,5,2,5,1,18,2,9,1,1,C03,7,9,1,10,2,12,,84,84,1,12,4,120.71172,24.123223,2
1821,66000,387130000C,(04)23274275,(04)23288582,2025,8,5,17,55,臺中市,西屯區,0,0,0,7,,,40,,,,,,,,,,,,,,16,,,,,C03,,,1,,1,,,40,40,1,13,4,120.634621,24.17618,3
1822,66000,387130000C,(04)23274275,(04)23288582,2025,8,5,17,55,臺中市,清水區,0,0,0,7,2,6,50,4,1,1,4,4,6,6,1,1,8,4,5,2,13,,,,,C03,,,1,,1,,,7,7,1,12,4,120.565145,24.273235,3
1823,66000,387130000C,(04)23274275,(04)23288582,2025,8,5,17,58,臺中市,龍井區,0,0,0,7,,,50,,,,,,,,,,,,,,,,,,,B03,,,1,,1,,,39,39,1,12,4,120.574198,24.195809,3
1824,66000,387130000C,(04)23274275,(04)23288582,2025,8,5,18,2,臺中市,大雅區,0,1,0,7,2,6,30,4,2,1,5,4,6,6,1,1,10,5,5,2,13,2,8,1,1,C03,7,10,1,10,2,12,,42,42,1,13,4,120.646892,24.222689,2
1825,66000,387130000C,(04)23274275,(04)23288582,2025,8,5,18,2,臺中市,南屯區,0,2,0,7,1,6,60,13,11,1,5,4,6,6,4,4,3,4,5,2,13,2,4,1,1,C03,7,9,1,10,2,11,,7,7,1,12,4,120.636882,24.152602,2
1826,66000,387130000C,(04)23274275,(04)23288582,2025,8,5,18,2,臺中市,神岡區,0,1,0,7,3,6,50,13,9,1,5,4,6,6,4,4,9,5,5,2,12,3,10,5,4,C03,7,9,1,10,2,11,,8,8,1,12,4,120.662755,24.271425,2
1827,66000,387130000C,(04)23274275,(04)23288582,2025,8,5,18,5,臺中市,南屯區,0,2,0,7,1,6,50,4,1,1,5,4,6,6,4,4,10,5,5,2,15,2,9,2,1,C03,7,9,1,10,2,11,,15,15,1,13,4,120.614266,24.146816,2
1828,66000,387130000C,(04)23274275,(04)23288582,2025,8,5,18,5,臺中市,北屯區,0,1,0,7,2,6,50,4,1,1,5,4,6,6,1,1,10,5,5,2,13,2,7,1,1,C03,7,9,1,10,2,11,,84,84,1,6,4,120.694785,24.176329,2
1829,66000,387130000C,(04)23274275,(04)23288582,2025,8,5,18,7,臺中市,龍井區,0,0,0,7,,,30,,,,,,,,,,,,,,,,,,,B03,,,1,,2,,,8,8,1,6,4,120.592335,24.188401,3
1830,66000,387130000C,(04)23274275,(04)23288582,2025,8,5,18,8,臺中市,潭子區,0,1,0,7,2,6,50,4,1,1,5,4,6,6,4,4,10,5,5,2,16,3,10,3,1,B03,7,6,1,8,2,7,,13,13,1,12,4,120.703232,24.207831,2
1831,66000,387130000C,(04)23274275,(04)23288582,2025,8,5,18,8,臺中市,烏日區,0,1,0,7,2,6,50,13,8,1,5,4,6,6,4,4,5,5,4,2,17,3,10,5,4,B03,7,13,1,7,1,7,,77,77,1,10,4,120.607296,24.126112,2
1832,66000,387130000C,(04)23274275,(04)23288582,2025,8,5,18,13,臺中市,西屯區,0,0,0,7,,,50,,,,,,,,,,,,,,12,,,,,B02,,,1,,1,,,35,35,1,12,4,120.641788,24.157217,3
1833,66000,387130000C,(04)23274275,(04)23288582,2025,8,5,18,13,臺中市,豐原區,0,1,0,7,2,6,50,4,1,1,5,4,6,6,1,1,10,5,5,2,16,2,9,6,1,F01,7,6,7,21,2,14,,48,48,1,12,4,120.720413,24.26559,2
1834,66000,387130000C,(04)23274275,(04)23288582,2025,8,5,18,20,臺中市,后里區,0,0,0,7,,,50,,,,,,,,,,,,,,12,,,,,B03,,,1,,2,,,50,50,1,12,4,120.713354,24.307588,3
1835,66000,387130000C,(04)23274275,(04)23288582,2025,8,5,18,21,臺中市,北屯區,0,1,0,7,1,6,50,4,2,1,5,4,5,6,4,4,1,4,5,2,17,2,9,1,1,C03,7,9,1,10,2,11,13,84,84,1,12,4,120.670949,24.174887,2
1836,66000,387130000C,(04)23274275,(04)23288582,2025,8,5,18,21,臺中市,清水區,0,0,0,7,,,50,,,,,,,,,,,,,,,,,,,C03,,,1,,11,,,7,7,1,12,4,120.574762,24.267874,3
1837,66000,387130000C,(04)23274275,(04)23288582,2025,8,5,18,22,臺中市,北區,0,1,0,7,2,6,50,4,2,1,5,4,6,6,2,1,10,5,5,2,13,2,9,1,1,C03,7,9,1,10,2,11,,7,7,1,13,4,120.679175,24.172777,2
1838,66000,387130000C,(04)23274275,(04)23288582,2025,8,5,18,22,臺中市,南屯區,0,0,0,7,,,60,,,,,,,,,,,,,,13,,,,,B03,,,1,,1,,,59,59,1,12,4,120.636929,24.152028,3
1839,66000,387130000C,(04)23274275,(04)23288582,2025,8,5,18,26,臺中市,西屯區,0,0,0,7,,,40,,,,,,,,,,,,,,,,,,,B03,,,1,,2,,,85,85,1,12,4,120.6524,24.163366,3
1840,66000,387130000C,(04)23274275,(04)23288582,2025,8,5,18,28,臺中市,豐原區,0,0,0,7,,,30,,,,,,,,,,,,,,17,,,,,B12,,,1,,3,,,84,84,1,13,4,120.72672,24.238372,3
1841,66000,387130000C,(04)23274275,(04)23288582,2025,8,5,18,31,臺中市,西區,0,2,0,6,1,6,30,4,1,1,5,4,6,6,4,4,10,5,5,2,15,2,9,5,4,C03,7,9,1,8,2,12,,15,15,1,12,4,120.656596,24.15433,2
1842,66000,387130000C,(04)23274275,(04)23288582,2025,8,5,18,34,臺中市,大甲區,0,2,0,7,1,6,50,4,1,1,5,4,6,6,1,1,5,5,5,1,15,3,10,3,1,B03,7,9,1,8,2,7,,21,21,1,6,4,120.618226,24.348898,2
1843,66000,387130000C,(04)23274275,(04)23288582,2025,8,5,18,36,臺中市,北屯區,0,1,0,7,1,6,50,3,2,1,5,3,6,6,4,4,1,4,5,2,18,2,9,1,1,C03,7,9,1,10,2,11,,59,59,1,12,4,120.660461,24.184829,2
1844,66000,387130000C,(04)23274275,(04)23288582,2025,8,5,18,36,臺中市,北屯區,0,0,0,7,,,50,,,,,,,,,,,,,,,,,,,C03,,,1,,1,,,84,84,1,12,4,120.704837,24.16918,4
1845,66000,387130000C,(04)23274275,(04)23288582,2025,8,5,18,44,臺中市,清水區,0,1,0,6,1,6,50,4,2,1,4,4,6,6,1,1,8,3,4,2,13,2,9,1,1,F03,7,9,7,21,2,11,,7,7,1,12,4,120.575436,24.269143,2
1846,66000,387130000C,(04)23274275,(04)23288582,2025,8,5,18,46,臺中市,北區,0,0,0,7,,,50,,,,,,,,,,,,,,,,,,,C03,,,1,,2,,,84,84,1,12,4,120.675005,24.166057,3
1847,66000,387130000C,(04)23274275,(04)23288582,2025,8,5,18,46,臺中市,東區,0,0,0,7,,,50,,,,,,,,,,,,,,,,,,,C03,,,1,,1,,,7,7,1,12,4,120.709855,24.149293,3
1848,66000,387130000C,(04)23274275,(04)23288582,2025,8,5,18,50,臺中市,北區,0,0,0,7,,,30,,,,,,,,,,,,,,17,,,,,C03,,,1,,1,,,84,84,1,13,4,120.669644,24.163539,3
1849,66000,387130000C,(04)23274275,(04)23288582,2025,8,5,18,55,臺中市,潭子區,0,1,0,6,1,6,50,13,9,1,5,4,6,6,1,1,1,4,5,2,17,3,10,3,1,B03,7,9,1,8,2,1,,84,84,1,13,4,120.718936,24.218182,2
1850,66000,387130000C,(04)23274275,(04)23288582,2025,8,5,18,55,臺中市,南區,0,2,0,7,1,6,40,13,8,1,5,4,6,6,4,4,1,4,4,2,9,2,5,6,5,H01,8,16,7,21,10,17,,109,109,1,12,5,120.664403,24.125639,2
1851,66000,387130000C,(04)23274275,(04)23288582,2025,8,5,18,58,臺中市,大肚區,0,0,0,7,,,50,,,,,,,,,,,,,,,,,,,B03,,,1,,2,,,11,11,1,12,4,120.574342,24.15966,3
1852,66000,387130000C,(04)23274275,(04)23288582,2025,8,5,19,4,臺中市,北屯區,0,0,0,7,,,50,,,,,,,,,,,,,,,,,,,B03,,,1,,2,,,84,84,1,12,4,120.728364,24.166684,3
1853,66000,387130000C,(04)23274275,(04)23288582,2025,8,5,19,6,臺中市,東區,0,0,0,7,,,50,,,,,,,,,,,,,,,,,,,C03,,,1,,1,,,7,7,1,6,4,120.700082,24.132455,3
1854,66000,387130000C,(04)23274275,(04)23288582,2025,8,5,19,8,臺中市,北屯區,0,0,0,7,,,50,,,,,,,,,,,,,,13,,,,,B03,,,1,,1,,,7,7,1,6,4,120.722231,24.17614,3
1855,66000,387130000C,(04)23274275,(04)23288582,2025,8,5,19,9,臺中市,北區,0,0,0,7,,,30,,,,,,,,,,,,,,17,,,,,B02,,,1,,2,,,51,51,1,13,4,120.697725,24.15902,3
1856,66000,387130000C,(04)23274275,(04)23288582,2025,8,5,19,9,臺中市,南屯區,0,0,0,7,,,50,,,,,,,,,,,,,,13,,,,,B03,,,1,,1,,,7,7,1,12,4,120.625929,24.145026,3
1857,66000,387130000C,(04)23274275,(04)23288582,2025,8,5,19,15,臺中市,南區,0,1,0,7,2,6,40,13,8,1,5,4,6,6,4,4,5,5,4,2,17,2,7,1,1,C03,7,9,3,19,2,12,,84,84,1,12,4,120.663202,24.113472,2
1858,66000,387130000C,(04)23274275,(04)23288582,2025,8,5,19,15,臺中市,北屯區,0,2,0,7,1,6,50,13,7,1,5,4,6,6,3,1,1,2,1,2,13,2,9,3,1,B03,7,9,1,8,2,1,,7,7,1,13,4,120.722175,24.16228,2
1859,66000,387130000C,(04)23274275,(04)23288582,2025,8,5,19,18,臺中市,北屯區,0,3,0,7,1,6,50,4,1,1,5,4,6,6,1,1,10,5,5,2,16,2,9,1,1,C03,7,6,1,10,2,11,,11,11,1,6,4,120.681545,24.171111,2
1860,66000,387130000C,(04)23274275,(04)23288582,2025,8,5,19,20,臺中市,潭子區,0,1,0,7,1,6,60,4,1,1,5,4,6,6,1,1,10,5,5,2,13,3,10,2,1,C03,7,9,1,10,2,11,13,7,7,1,12,4,120.689879,24.222985,2
1861,66000,387130000C,(04)23274275,(04)23288582,2025,8,5,19,28,臺中市,梧棲區,0,0,0,7,,,70,,,,,,,,,,,,,,13,,,,,B03,,,1,,1,,,7,7,1,12,4,120.554209,24.248134,3
1862,66000,387130000C,(04)23274275,(04)23288582,2025,8,5,19,40,臺中市,豐原區,0,0,0,7,1,6,50,4,2,1,5,4,6,6,4,4,1,2,5,1,13,3,10,3,1,B03,7,9,1,8,2,1,,7,7,1,12,4,120.722004,24.274255,3
1863,66000,387130000C,(04)23274275,(04)23288582,2025,8,5,19,46,臺中市,太平區,0,0,0,7,,,40,,,,,,,,,,,,,,,,,,,B02,,,1,,2,,,50,50,1,12,4,120.717261,24.123852,3
1864,66000,387130000C,(04)23274275,(04)23288582,2025,8,5,19,50,臺中市,北區,0,0,0,7,,,40,,,,,,,,,,,,,,12,,,,,A02,,,1,,1,,,51,51,1,13,4,120.674927,24.162513,3
1865,66000,387130000C,(04)23274275,(04)23288582,2025,8,5,19,55,臺中市,西屯區,0,0,0,7,,,40,,,,,,,,,,,,,,13,,,,,B03,,,1,,1,,,7,7,1,12,4,120.602633,24.182917,3
1866,66000,387130000C,(04)23274275,(04)23288582,2025,8,5,20,0,臺中市,西屯區,0,1,0,7,1,6,50,4,2,1,5,4,6,6,1,1,8,4,5,1,14,3,10,5,4,B03,7,2,1,8,2,3,,49,49,1,13,4,120.620094,24.187231,2
1867,66000,387130000C,(04)23274275,(04)23288582,2025,8,5,20,1,臺中市,南區,0,0,0,7,,,50,,,,,,,,,,,,,,,,,,,B03,,,1,,2,,,8,8,1,12,4,120.655464,24.124055,3
1868,66000,387130000C,(04)23274275,(04)23288582,2025,8,5,20,3,臺中市,北區,0,0,0,7,,,30,,,,,,,,,,,,,,17,,,,,B03,,,1,,1,,,84,84,1,13,4,120.678178,24.160907,3
1869,66000,387130000C,(04)23274275,(04)23288582,2025,8,5,20,10,臺中市,太平區,0,0,0,7,1,6,40,,,,,,,,,,,,,,,,,,,B03,,,1,,2,6,,49,49,1,12,4,120.715641,24.127122,3
1870,66000,387130000C,(04)23274275,(04)23288582,2025,8,5,20,10,臺中市,后里區,0,2,0,7,1,6,50,4,1,1,5,4,6,6,1,1,5,4,4,2,16,3,10,3,1,B12,7,5,1,8,2,5,,11,11,1,6,4,120.707597,24.306124,2
1871,66000,387130000C,(04)23274275,(04)23288582,2025,8,5,20,13,臺中市,沙鹿區,0,1,0,7,3,6,50,3,1,1,5,4,6,6,4,4,10,5,5,2,18,2,9,6,1,F01,7,9,7,21,2,14,,6,6,1,4,4,120.580229,24.212351,2
1872,66000,387130000C,(04)23274275,(04)23288582,2025,8,5,20,16,臺中市,北屯區,0,2,0,6,3,6,50,3,2,1,5,4,6,6,1,1,10,5,5,2,17,2,9,1,1,C03,7,9,1,10,2,11,,59,59,1,12,4,120.707831,24.180114,2
1873,66000,387130000C,(04)23274275,(04)23288582,2025,8,5,20,22,臺中市,南區,0,0,0,7,,,50,,,,,,,,,,,,,,,,,,,B03,,,1,,2,,,45,45,1,6,4,120.681121,24.127813,3
1874,66000,387130000C,(04)23274275,(04)23288582,2025,8,5,20,26,臺中市,烏日區,0,1,0,7,1,9,70,4,1,1,5,4,6,6,1,1,5,5,5,2,16,3,10,3,1,D03,7,6,1,8,2,2,,84,84,1,10,4,120.592899,24.113041,2
1875,66000,387130000C,(04)23274275,(04)23288582,2025,8,5,20,36,臺中市,東區,0,1,0,7,1,6,50,4,1,1,5,4,6,6,2,1,10,5,5,2,3,3,10,3,1,B03,7,6,1,8,2,8,,10,10,1,12,4,120.689301,24.14005,2
1876,66000,387130000C,(04)23274275,(04)23288582,2025,8,5,20,39,臺中市,南屯區,0,0,0,7,,,50,,,,,,,,,,,,,,,,,,,B03,,,1,,9,,,84,84,1,13,4,120.620395,24.145238,3
1877,66000,387130000C,(04)23274275,(04)23288582,2025,8,5,20,51,臺中市,西屯區,0,0,0,7,,,50,,,,,,,,,,,,,,13,,,,,B03,,,1,,1,,,59,59,1,12,4,120.637192,24.165215,3
1878,66000,387130000C,(04)23274275,(04)23288582,2025,8,5,20,53,臺中市,豐原區,0,0,0,5,,,50,,,,,,,,,,,,,,14,,,,,B12,,,1,,9,,,49,49,1,12,4,120.724062,24.260506,3
1879,66000,387130000C,(04)23274275,(04)23288582,2025,8,5,20,55,臺中市,太平區,0,1,0,7,1,6,50,4,1,1,5,4,6,6,2,1,10,5,5,2,13,2,9,2,1,C03,7,9,2,19,2,11,,84,84,1,12,4,120.723847,24.105749,2
1880,66000,387130000C,(04)23274275,(04)23288582,2025,8,5,20,59,臺中市,烏日區,0,2,0,7,1,6,50,13,9,1,5,4,6,6,4,4,5,5,5,1,13,2,9,2,1,C03,7,4,1,10,2,14,,1,1,1,6,4,120.584679,24.112923,2
1881,66000,387130000C,(04)23274275,(04)23288582,2025,8,5,21,1,臺中市,龍井區,0,0,0,7,,,50,,,,,,,,,,,,,,16,,,,,C03,,,1,,2,,,21,21,1,6,4,120.522942,24.196422,3
1882,66000,387130000C,(04)23274275,(04)23288582,2025,8,5,21,15,臺中市,南屯區,0,0,0,7,,,50,,,,,,,,,,,,,,,,,,,C03,,,1,,2,,,7,7,1,13,4,120.64396,24.133386,3
1883,66000,387130000C,(04)23274275,(04)23288582,2025,8,5,21,23,臺中市,北屯區,0,0,0,7,,,50,,,,,,,,,,,,,,14,,,,,B12,,,1,,9,,,49,49,1,6,4,120.718422,24.171583,3
1884,66000,387130000C,(04)23274275,(04)23288582,2025,8,5,21,26,臺中市,北屯區,0,1,0,7,1,6,50,4,1,1,5,4,6,6,2,1,10,5,5,2,13,3,10,3,1,B03,7,6,1,7,2,5,,11,11,1,13,4,120.704824,24.16949,2
1885,66000,387130000C,(04)23274275,(04)23288582,2025,8,5,21,28,臺中市,北區,0,0,0,7,,,50,,,,,,,,,,,,,,,,,,,B03,,,1,,2,,,8,8,1,12,4,120.674828,24.160435,3
1886,66000,387130000C,(04)23274275,(04)23288582,2025,8,5,21,32,臺中市,西屯區,0,2,0,7,1,6,50,4,1,1,5,4,6,6,1,1,1,5,1,2,15,2,9,2,1,C03,7,9,3,19,2,11,,21,21,1,12,4,120.635172,24.179435,2
1887,66000,387130000C,(04)23274275,(04)23288582,2025,8,5,21,43,臺中市,北屯區,0,0,0,7,,,50,,,,,,,,,,,,,,12,,,,,B03,,,1,,2,,,59,59,1,6,4,120.662851,24.197867,3
1888,66000,387130000C,(04)23274275,(04)23288582,2025,8,5,21,56,臺中市,西區,0,0,0,7,,,50,,,,,,,,,,,,,,13,,,,,C03,,,1,,1,,,84,84,1,13,4,120.666736,24.141067,3
1889,66000,387130000C,(04)23274275,(04)23288582,2025,8,5,21,57,臺中市,西屯區,0,0,0,7,,,40,,,,,,,,,,,,,,12,,,,,B12,,,1,,1,,,50,50,1,12,4,120.648826,24.175014,3
1890,66000,387130000C,(04)23274275,(04)23288582,2025,8,5,21,59,臺中市,神岡區,0,1,0,7,1,6,50,13,7,1,5,4,6,6,4,4,9,4,4,2,12,3,10,3,1,B03,7,4,1,8,2,2,,8,8,1,6,4,120.695578,24.238221,2
1891,66000,387130000C,(04)23274275,(04)23288582,2025,8,5,22,0,臺中市,大甲區,0,0,0,7,,,50,,,,,,,,,,,,,,,,,,,B03,,,1,,1,,,11,11,1,13,4,120.620081,24.347072,3
1892,66000,387130000C,(04)23274275,(04)23288582,2025,8,5,22,13,臺中市,太平區,0,0,0,7,,,30,,,,,,,,,,,,,,17,,,,,A12,,,1,,2,,,84,84,1,12,4,120.730939,24.129653,3
1893,66000,387130000C,(04)23274275,(04)23288582,2025,8,5,22,16,臺中市,豐原區,0,0,0,7,1,6,50,4,4,1,5,4,6,6,2,1,1,2,5,2,13,3,10,3,1,B03,7,1,1,8,1,1,,7,7,1,12,4,120.709008,24.25026,3
1894,66000,387130000C,(04)23274275,(04)23288582,2025,8,5,22,24,臺中市,豐原區,0,2,0,7,1,6,50,4,9,1,5,4,6,6,2,1,5,2,5,1,13,2,9,1,1,C03,7,9,1,10,2,11,,84,84,1,12,4,120.720111,24.263164,2
1895,66000,387130000C,(04)23274275,(04)23288582,2025,8,5,22,38,臺中市,東區,0,0,0,7,,,50,,,,,,,,,,,,,,13,,,,,B03,,,1,,2,,,84,84,1,12,4,120.699336,24.14816,3
1896,66000,387130000C,(04)23274275,(04)23288582,2025,8,5,22,39,臺中市,沙鹿區,0,1,0,7,1,6,50,13,9,1,5,4,6,6,4,4,9,5,5,2,17,3,10,3,1,B03,7,11,1,8,2,4,,20,20,1,12,4,120.577499,24.223031,2
1897,66000,387130000C,(04)23274275,(04)23288582,2025,8,5,22,52,臺中市,梧棲區,0,1,0,7,1,6,50,13,9,1,5,4,6,6,4,4,9,4,5,2,12,2,8,4,1,F02,7,9,7,21,2,12,,58,58,1,12,4,120.542175,24.25109,2
1898,66000,387130000C,(04)23274275,(04)23288582,2025,8,5,22,54,臺中市,豐原區,0,0,0,7,1,6,50,3,1,1,5,4,6,6,3,1,10,5,5,2,15,3,10,3,1,B03,7,5,1,8,2,1,,24,24,1,12,4,120.714993,24.240542,3
1899,66000,387130000C,(04)23274275,(04)23288582,2025,8,5,23,0,臺中市,豐原區,0,0,0,7,,,50,,,,,,,,,,,,,,13,,,,,C03,,,1,,2,,,59,59,1,12,4,120.70324,24.23821,3
1900,66000,387130000C,(04)23274275,(04)23288582,2025,8,5,23,9,臺中市,西屯區,0,1,0,7,1,6,50,3,1,1,5,4,6,6,2,1,10,5,5,2,9,3,10,3,4,B01,7,6,1,4,2,8,,10,10,1,12,4,120.662968,24.163798,2
1901,66000,387130000C,(04)23274275,(04)23288582,2025,8,5,23,14,臺中市,中區,0,1,0,7,2,6,50,4,1,1,5,4,6,6,4,4,10,5,5,2,17,3,10,3,1,B01,7,9,1,4,1,2,,20,20,1,12,4,120.678792,24.146104,2
1902,66000,387130000C,(04)23274275,(04)23288582,2025,8,5,23,35,臺中市,太平區,0,0,0,7,,,50,,,,,,,,,,,,,,,,,,,B03,,,1,,2,,,84,84,1,12,4,120.710865,24.159003,3
1903,66000,387130000C,(04)23274275,(04)23288582,2025,8,5,23,37,臺中市,南屯區,0,1,0,7,1,6,50,5,1,1,5,4,6,6,1,1,10,5,5,2,22,2,9,3,1,B03,7,9,1,7,2,1,,84,84,1,12,4,120.629062,24.136271,2
1904,66000,387130000C,(04)23274275,(04)23288582,2025,8,5,23,41,臺中市,大安區,0,1,0,7,1,6,50,3,1,1,5,4,6,6,1,1,10,4,5,1,13,3,10,3,1,B03,7,15,1,8,2,1,,56,56,1,6,4,120.60485,24.359252,2
1905,66000,387130000C,(04)23274275,(04)23288582,2025,8,5,23,43,臺中市,東勢區,0,0,0,7,,,50,,,,,,,,,,,,,,,,,,,B03,,,1,,1,,,51,51,1,12,4,120.829665,24.257502,3
1906,66000,387130000C,(04)23274275,(04)23288582,2025,8,6,0,3,臺中市,西屯區,0,2,0,7,1,6,40,13,8,1,5,4,6,6,4,4,1,4,5,2,13,2,9,2,4,C03,7,9,1,10,2,11,,59,59,1,12,4,120.643103,24.166562,2
1907,66000,387130000C,(04)23274275,(04)23288582,2025,8,6,0,7,臺中市,大雅區,0,1,0,7,1,6,50,4,2,1,5,4,6,6,1,1,4,4,5,2,17,3,10,3,1,B12,7,11,1,8,2,8,,39,39,1,13,4,120.654308,24.229393,2
1908,66000,387130000C,(04)23274275,(04)23288582,2025,8,6,0,24,臺中市,梧棲區,0,0,0,7,,,50,,,,,,,,,,,,,,15,,,,,B03,,,1,,2,,,15,15,1,12,4,120.532145,24.241806,3
1909,66000,387130000C,(04)23274275,(04)23288582,2025,8,6,0,39,臺中市,西屯區,0,0,0,7,,,30,,,,,,,,,,,,,,2,,,,,B03,,,1,1,1,,,59,59,1,13,4,120.644852,24.176191,3
1910,66000,387130000C,(04)23274275,(04)23288582,2025,8,6,1,17,臺中市,西屯區,0,0,0,7,,3,80,,,,,,,,,,,,,,12,,,,,B03,,,3,,2,,,8,8,1,12,4,120.634948,24.179291,3
1911,66000,387130000C,(04)23274275,(04)23288582,2025,8,6,1,20,臺中市,中區,0,0,0,7,,,,,,,,,,,,,,,,,,,,,,,,,,,,,,119,119,1,,,120.663128,24.14306,3
1912,66000,387130000C,(04)23274275,(04)23288582,2025,8,6,2,18,臺中市,大里區,0,0,0,7,,,50,,,,,,,,,,,,,,13,,,,,B03,,,3,,2,,,59,59,1,12,4,120.727513,24.09146,3
1913,66000,387130000C,(04)23274275,(04)23288582,2025,8,6,3,21,臺中市,大里區,0,1,0,7,1,6,50,13,9,1,5,4,6,6,4,4,5,5,5,1,24,2,7,1,1,C03,7,9,1,10,2,11,14,59,59,1,7,4,120.700036,24.096264,2
1914,66000,387130000C,(04)23274275,(04)23288582,2025,8,6,4,0,臺中市,太平區,0,2,0,7,1,6,50,13,7,1,5,4,6,6,4,4,9,4,4,1,13,2,9,2,1,C03,7,9,1,10,7,11,,7,7,1,12,4,120.719488,24.155179,2
1915,66000,387130000C,(04)23274275,(04)23288582,2025,8,6,4,50,臺中市,西屯區,0,1,0,7,2,6,50,13,9,1,5,4,6,6,4,4,1,4,5,2,13,2,9,2,1,C03,7,9,1,10,7,11,,59,59,1,13,4,120.656295,24.19918,2
1916,66000,387130000C,(04)23274275,(04)23288582,2025,8,6,5,27,臺中市,北屯區,0,0,0,7,,,50,,,,,,,,,,,,,,24,,,,,A11,,,1,3,2,,,84,84,1,6,4,120.712817,24.172853,3
1917,66000,387130000C,(04)23274275,(04)23288582,2025,8,6,5,32,臺中市,西區,0,1,0,7,1,6,50,4,1,1,5,4,6,6,1,1,10,5,5,1,17,2,9,5,4,C03,7,11,1,10,2,11,,36,36,1,12,4,120.657383,24.147857,2
1918,66000,387130000C,(04)23274275,(04)23288582,2025,8,6,6,30,臺中市,霧峰區,0,1,0,7,3,6,30,3,2,1,5,4,6,6,4,4,1,3,4,1,16,3,10,3,1,B03,7,5,1,8,2,8,,12,12,1,12,4,120.69661,24.0686,2
1919,66000,387130000C,(04)23274275,(04)23288582,2025,8,6,6,30,臺中市,太平區,0,1,0,7,2,6,30,3,1,1,5,4,6,6,4,4,10,5,5,2,17,3,10,3,1,B03,7,6,1,3,2,8,,14,14,1,12,4,120.715429,24.155321,2
1920,66000,387130000C,(04)23274275,(04)23288582,2025,8,6,6,40,臺中市,大安區,0,1,0,7,1,6,50,13,9,1,5,4,6,6,4,4,5,5,5,1,17,3,10,3,1,B03,7,13,1,8,2,4,,76,76,1,12,4,120.588362,24.344309,2
1921,66000,387130000C,(04)23274275,(04)23288582,2025,8,6,7,2,臺中市,東區,0,2,0,7,2,6,50,4,1,1,5,4,6,6,1,1,10,5,5,2,15,3,10,3,1,B12,7,9,1,8,2,2,1,21,21,1,12,4,120.700103,24.138881,2
1922,66000,387130000C,(04)23274275,(04)23288582,2025,8,6,7,5,臺中市,南屯區,0,0,0,7,,,50,,,,,,,,,,,,,,12,,,,,B03,,,1,,1,,,8,8,1,12,4,120.593615,24.157306,3
1923,66000,387130000C,(04)23274275,(04)23288582,2025,8,6,7,6,臺中市,大里區,0,2,0,7,2,6,50,3,1,1,5,4,6,6,4,4,10,5,5,2,17,2,9,2,1,C03,7,9,1,9,2,11,,7,7,1,6,4,120.682188,24.071839,2
1924,66000,387130000C,(04)23274275,(04)23288582,2025,8,6,7,10,臺中市,大甲區,0,1,0,7,2,6,50,13,9,1,5,4,6,6,1,1,9,5,5,1,17,3,10,4,1,B03,7,13,1,8,2,4,,76,76,1,6,4,120.613688,24.348229,2
1925,66000,387130000C,(04)23274275,(04)23288582,2025,8,6,7,18,臺中市,南區,0,0,0,7,,,50,,,,,,,,,,,,,,13,,,,,B03,,,1,,1,,,84,84,1,12,4,120.651857,24.121718,3
1926,66000,387130000C,(04)23274275,(04)23288582,2025,8,6,7,20,臺中市,清水區,0,0,0,7,,,60,,,,,,,,,,,,,,,,,,,B03,,,1,,2,,,7,7,1,12,4,120.563205,24.271481,3
1927,66000,387130000C,(04)23274275,(04)23288582,2025,8,6,7,24,臺中市,沙鹿區,0,1,0,7,2,6,60,18,8,1,5,4,6,6,4,4,1,5,5,2,17,3,10,3,1,B03,7,11,1,8,2,5,,45,45,1,6,4,120.573493,24.231441,2