序號,縣市別代碼,機關代碼,市話,傳真,年,月,日,時,分,縣市,區,死亡數量,受傷數量,2-30,天候,道路照明設備,道路類別,道路速限,道路型態,事故位置,路面鋪裝,路面狀態,路面缺陷,障礙物,視距,號誌種類,號誌動作,分向設施,快車道或一般車道間,快慢車道間,路面邊線,事故類型及型態,受傷程度,主要傷處,保護裝備,行動電話或功能裝置,當事者區分(類別),車輛用途,當事者行動狀態,駕照狀態,駕照種類,飲酒情形,車輛撞擊部位最初,車輛撞擊部位其他,肇事因素個別,肇事因素主要,肇事逃逸,職業,共享經濟或外送平台,GPS座標X,GPS座標Y,事故類別
1928,66000,387130000C,(04)23274275,(04)23288582,2025,8,6,7,25,臺中市,北屯區,0,1,0,7,3,6,50,4,2,1,5,4,6,6,2,1,1,5,5,2,12,3,10,3,1,B03,7,1,1,8,2,8,,51,51,1,6,4,120.693245,24.183019,2
1929,66000,387130000C,(04)23274275,(04)23288582,2025,8,6,7,26,臺中市,潭子區,0,1,0,7,3,6,60,13,8,1,5,4,6,6,4,4,1,4,4,1,13,2,9,2,1,C03,7,9,1,10,1,11,14,7,7,1,13,4,120.70612,24.218601,2
1930,66000,387130000C,(04)23274275,(04)23288582,2025,8,6,7,29,臺中市,南屯區,0,2,0,7,2,6,60,13,7,1,5,4,6,6,4,4,1,4,1,2,13,3,10,3,1,B03,7,9,1,8,2,1,,7,7,1,12,4,120.59723,24.155523,2
1931,66000,387130000C,(04)23274275,(04)23288582,2025,8,6,7,30,臺中市,豐原區,0,1,0,7,2,6,50,13,9,1,5,4,6,6,1,1,1,4,5,2,13,2,9,2,1,C03,7,9,1,10,2,11,,7,7,1,13,4,120.719181,24.257914,2
1932,66000,387130000C,(04)23274275,(04)23288582,2025,8,6,7,31,臺中市,霧峰區,0,1,0,7,2,6,50,13,9,1,5,4,6,6,4,4,10,5,5,1,17,2,7,1,1,C03,7,1,1,10,2,11,,51,51,1,13,4,120.662162,24.072874,2
1933,66000,387130000C,(04)23274275,(04)23288582,2025,8,6,7,32,臺中市,沙鹿區,0,0,0,7,,,60,,,,,,,,,,,,,,,,,,,B03,,,1,,1,,,40,40,1,6,4,120.596652,24.249771,3
1934,66000,387130000C,(04)23274275,(04)23288582,2025,8,6,7,37,臺中市,龍井區,0,0,0,7,,,60,,,,,,,,,,,,,,13,,,,,B03,,,1,,1,,,7,7,1,6,4,120.575131,24.177646,3
1935,66000,387130000C,(04)23274275,(04)23288582,2025,8,6,7,38,臺中市,霧峰區,0,2,0,7,2,6,25,4,1,1,5,4,6,6,4,4,10,5,5,2,15,2,9,2,1,C03,7,9,1,10,2,11,,12,12,1,6,4,120.690042,24.062193,2
1936,66000,387130000C,(04)23274275,(04)23288582,2025,8,6,7,39,臺中市,梧棲區,0,0,0,7,,,40,,,,,,,,,,,,,,12,,,,,A21,,,1,,2,,,8,8,1,12,4,120.520049,24.243666,3
1937,66000,387130000C,(04)23274275,(04)23288582,2025,8,6,7,40,臺中市,霧峰區,0,1,0,6,2,6,50,13,9,1,5,4,6,6,4,4,10,4,5,1,18,2,1,3,1,B03,7,9,1,8,2,8,,84,84,1,13,4,120.694501,24.069484,2
1938,66000,387130000C,(04)23274275,(04)23288582,2025,8,6,7,40,臺中市,大里區,0,1,0,7,3,6,50,13,8,1,5,4,6,6,3,1,5,5,3,1,16,3,10,3,1,B03,7,5,1,8,2,5,,20,20,1,6,4,120.709655,24.094474,2
1939,66000,387130000C,(04)23274275,(04)23288582,2025,8,6,7,41,臺中市,北屯區,0,1,0,7,2,6,50,13,7,1,5,4,6,6,4,4,1,4,4,2,30,2,9,1,1,C03,7,9,1,10,2,11,,5,5,1,6,4,120.686712,24.202521,2
1940,66000,387130000C,(04)23274275,(04)23288582,2025,8,6,7,41,臺中市,太平區,0,0,0,7,2,6,30,13,9,1,5,4,6,6,4,4,9,5,5,1,17,3,10,3,1,B03,7,3,1,8,2,5,,50,50,1,6,4,120.721371,24.101626,3
1941,66000,387130000C,(04)23274275,(04)23288582,2025,8,6,7,41,臺中市,烏日區,0,0,0,7,2,6,60,13,8,1,5,4,6,6,4,4,1,4,4,1,12,3,10,1,1,C03,7,7,1,10,2,13,,40,40,1,6,4,120.635572,24.106868,3
1942,66000,387130000C,(04)23274275,(04)23288582,2025,8,6,7,45,臺中市,太平區,0,1,0,7,2,6,50,13,9,1,5,4,6,6,4,4,5,5,5,2,12,2,8,1,1,C03,7,9,1,10,2,16,,58,58,1,13,4,120.712409,24.140998,2
1943,66000,387130000C,(04)23274275,(04)23288582,2025,8,6,7,46,臺中市,烏日區,0,2,0,7,2,6,50,3,1,1,5,4,1,6,3,1,10,5,5,2,13,2,9,5,4,C03,7,9,1,10,2,14,,59,59,1,13,4,120.616979,24.119473,2
1944,66000,387130000C,(04)23274275,(04)23288582,2025,8,6,7,48,臺中市,北屯區,0,0,0,7,,,50,,,,,,,,,,,,,,,,,,,B03,,,1,,9,,,84,84,1,12,4,120.671416,24.192968,3
1945,66000,387130000C,(04)23274275,(04)23288582,2025,8,6,7,49,臺中市,沙鹿區,0,0,0,7,,,30,,,,,,,,,,,,,,17,,,,,A12,,,1,,2,,,8,8,1,6,4,120.560118,24.233425,3
1946,66000,387130000C,(04)23274275,(04)23288582,2025,8,6,7,50,臺中市,南區,0,1,0,7,2,6,50,5,1,1,5,4,6,6,2,1,3,4,5,2,16,3,10,3,1,B03,7,6,1,8,2,1,,11,11,1,13,4,120.660102,24.124382,2
1947,66000,387130000C,(04)23274275,(04)23288582,2025,8,6,7,50,臺中市,北屯區,0,2,0,7,3,6,30,4,1,1,5,4,6,6,4,4,10,5,5,2,16,2,9,2,1,C03,7,6,1,10,2,14,,14,14,1,13,4,120.713774,24.175653,2
1948,66000,387130000C,(04)23274275,(04)23288582,2025,8,6,7,50,臺中市,西屯區,0,1,0,7,2,6,50,3,1,1,5,4,6,6,4,4,1,3,5,2,16,3,10,5,4,B03,7,5,1,8,2,5,,11,11,1,13,4,120.635021,24.171609,2
1949,66000,387130000C,(04)23274275,(04)23288582,2025,8,6,7,51,臺中市,龍井區,0,0,0,7,,,50,,,,,,,,,,,,,,12,,,,,C03,,,1,,2,,,39,39,1,6,4,120.584068,24.181781,4
1950,66000,387130000C,(04)23274275,(04)23288582,2025,8,6,7,53,臺中市,大雅區,0,1,0,7,3,6,60,4,2,1,5,4,6,6,1,1,5,2,5,1,17,3,10,3,1,B03,7,1,1,8,2,4,,51,51,1,12,4,120.649074,24.216233,2
1951,66000,387130000C,(04)23274275,(04)23288582,2025,8,6,7,53,臺中市,南屯區,0,0,0,7,,,50,,,,,,,,,,,,,,,,,,,B03,,,1,,2,,,10,10,1,6,4,120.612624,24.144301,4
1952,66000,387130000C,(04)23274275,(04)23288582,2025,8,6,7,56,臺中市,西屯區,0,2,0,7,1,6,50,4,1,1,5,4,6,6,2,1,10,5,5,2,16,3,10,3,1,B03,7,5,1,8,2,2,,47,47,1,12,4,120.637487,24.175913,2
1953,66000,387130000C,(04)23274275,(04)23288582,2025,8,6,7,58,臺中市,龍井區,0,1,0,7,2,6,50,4,1,1,5,4,6,6,2,1,10,5,5,2,16,2,9,2,1,C03,7,6,3,19,2,14,,48,48,1,13,4,120.584121,24.18204,2
1954,66000,387130000C,(04)23274275,(04)23288582,2025,8,6,7,59,臺中市,烏日區,0,1,0,7,2,6,60,13,8,1,5,4,6,6,4,4,1,4,4,1,13,2,9,1,1,C03,7,9,1,10,2,11,,7,7,1,6,4,120.64232,24.109024,2
1955,66000,387130000C,(04)23274275,(04)23288582,2025,8,6,8,0,臺中市,大里區,0,0,0,7,,,50,,,,,,,,,,,,,,13,,,,,B12,,,1,,1,,,7,7,1,6,4,120.688313,24.081399,3
1956,66000,387130000C,(04)23274275,(04)23288582,2025,8,6,8,4,臺中市,北區,0,0,0,7,,,50,,,,,,,,,,,,,,17,,,,,B12,,,1,,1,,,35,35,1,13,4,120.67728,24.151211,3
1957,66000,387130000C,(04)23274275,(04)23288582,2025,8,6,8,4,臺中市,南屯區,0,2,0,7,2,6,50,4,1,1,5,4,6,6,2,1,9,2,1,2,13,2,9,1,1,C03,7,9,1,10,2,11,,7,7,1,12,4,120.646494,24.130817,2
1958,66000,387130000C,(04)23274275,(04)23288582,2025,8,6,8,4,臺中市,豐原區,0,2,0,7,2,6,50,3,1,1,5,4,6,6,2,1,1,4,5,1,17,2,7,1,1,C03,7,6,1,10,2,12,,84,84,1,12,4,120.739218,24.26218,2
1959,66000,387130000C,(04)23274275,(04)23288582,2025,8,6,8,8,臺中市,神岡區,0,2,0,7,2,6,30,3,1,1,5,4,6,6,3,1,10,5,5,2,16,2,9,1,1,C03,7,6,1,10,2,11,,24,24,1,12,4,120.693696,24.253918,2
1960,66000,387130000C,(04)23274275,(04)23288582,2025,8,6,8,10,臺中市,南屯區,0,1,0,7,3,6,50,4,1,1,5,4,6,6,4,4,5,5,5,2,15,3,10,3,1,B03,7,9,1,8,2,7,,15,15,1,6,4,120.647822,24.141753,2
1961,66000,387130000C,(04)23274275,(04)23288582,2025,8,6,8,10,臺中市,大里區,0,0,0,7,,,50,,,,,,,,,,,,,,,,,,,B03,,,1,,1,,,8,8,1,12,4,120.662355,24.108416,3
1962,66000,387130000C,(04)23274275,(04)23288582,2025,8,6,8,14,臺中市,大雅區,0,1,0,7,3,6,50,3,9,1,5,4,6,6,4,4,9,4,5,1,12,2,9,2,1,C03,7,14,1,10,2,12,,84,84,1,13,4,120.648774,24.225567,2
1963,66000,387130000C,(04)23274275,(04)23288582,2025,8,6,8,18,臺中市,太平區,0,1,0,7,2,6,50,4,1,1,5,2,6,6,2,1,5,5,4,1,16,3,10,3,1,B12,7,6,1,8,2,6,,11,11,1,6,4,120.73103,24.112262,2
1964,66000,387130000C,(04)23274275,(04)23288582,2025,8,6,8,18,臺中市,豐原區,0,1,0,7,2,6,30,3,1,1,5,4,6,6,4,4,1,4,4,1,17,3,10,3,1,B03,7,6,1,8,2,8,,84,84,1,12,4,120.734209,24.260158,2
1965,66000,387130000C,(04)23274275,(04)23288582,2025,8,6,8,20,臺中市,北屯區,0,1,0,7,2,6,50,13,9,1,5,4,6,6,4,4,1,4,5,2,13,2,9,1,1,C03,7,8,1,10,2,11,,7,7,1,12,4,120.707035,24.195517,2
1966,66000,387130000C,(04)23274275,(04)23288582,2025,8,6,8,20,臺中市,清水區,0,1,0,7,3,6,30,11,9,1,3,4,6,6,4,4,10,5,5,2,18,2,9,2,1,C03,7,9,1,10,2,14,,84,84,1,12,4,120.598143,24.286049,2
1967,66000,387130000C,(04)23274275,(04)23288582,2025,8,6,8,21,臺中市,南屯區,0,0,0,7,,,50,,,,,,,,,,,,,,,,,,,C03,,,5,,10,,,59,59,1,12,4,120.612676,24.15332,3
1968,66000,387130000C,(04)23274275,(04)23288582,2025,8,6,8,21,臺中市,北屯區,0,1,0,7,2,6,50,4,1,1,5,4,6,6,2,1,10,5,5,2,16,2,9,2,1,C03,7,6,1,10,2,14,,48,48,1,12,4,120.694113,24.170259,2
1969,66000,387130000C,(04)23274275,(04)23288582,2025,8,6,8,22,臺中市,大里區,0,1,0,7,3,6,50,4,1,1,5,4,6,6,1,1,10,5,5,2,17,3,10,3,1,B03,7,6,1,8,2,6,,11,11,1,6,4,120.680038,24.095616,2
1970,66000,387130000C,(04)23274275,(04)23288582,2025,8,6,8,24,臺中市,大雅區,0,0,0,7,,,30,,,,,,,,,,,,,,,,,,,C03,,,1,,1,,,7,7,1,12,4,120.663002,24.221257,3
1971,66000,387130000C,(04)23274275,(04)23288582,2025,8,6,8,25,臺中市,北區,0,0,0,7,,,50,,,,,,,,,,,,,,13,,,,,B03,,,1,,1,,,84,84,1,12,4,120.680054,24.165406,3
1972,66000,387130000C,(04)23274275,(04)23288582,2025,8,6,8,25,臺中市,沙鹿區,0,1,0,7,2,6,50,3,1,1,5,4,6,6,3,1,10,5,5,2,16,3,10,2,1,C03,7,6,1,10,2,13,,11,11,1,6,4,120.566019,24.234448,2
1973,66000,387130000C,(04)23274275,(04)23288582,2025,8,6,8,26,臺中市,北屯區,0,1,0,7,3,6,50,4,1,1,5,4,6,6,1,1,10,5,5,2,13,3,10,3,1,B03,7,9,1,8,2,8,,84,84,1,6,4,120.664536,24.183574,2
1974,66000,387130000C,(04)23274275,(04)23288582,2025,8,6,8,26,臺中市,后里區,0,0,0,7,2,6,50,13,9,1,5,4,6,6,4,4,9,4,5,2,12,,,,,B03,,,1,,2,,,50,50,1,12,4,120.707264,24.309043,3
1975,66000,387130000C,(04)23274275,(04)23288582,2025,8,6,8,28,臺中市,神岡區,0,0,0,7,1,6,30,4,1,1,5,4,6,5,4,4,10,5,5,1,11,,,,,B03,,,1,,1,,,41,41,1,12,4,120.646738,24.25021,3
1976,66000,387130000C,(04)23274275,(04)23288582,2025,8,6,8,30,臺中市,北區,0,0,0,7,,,50,,,,,,,,,,,,,,,,,,,,,,,,,,,119,119,1,,,120.690276,24.156945,3
1977,66000,387130000C,(04)23274275,(04)23288582,2025,8,6,8,30,臺中市,西屯區,0,0,0,7,3,6,50,13,9,1,5,4,6,6,4,4,5,4,5,2,16,,,,,B03,,,1,,1,,,20,20,1,12,4,120.636573,24.175632,3
1978,66000,387130000C,(04)23274275,(04)23288582,2025,8,6,8,31,臺中市,北屯區,0,2,0,7,2,6,50,13,9,1,5,4,6,6,4,4,1,4,5,2,13,2,9,1,1,C03,7,9,1,10,2,14,,7,7,1,6,4,120.693954,24.185534,2
1979,66000,387130000C,(04)23274275,(04)23288582,2025,8,6,8,32,臺中市,西屯區,0,2,0,7,1,6,50,3,1,1,5,4,6,6,4,4,10,5,5,1,12,2,9,2,1,C03,7,15,1,10,2,14,,8,8,1,12,4,120.64498,24.170737,2
1980,66000,387130000C,(04)23274275,(04)23288582,2025,8,6,8,33,臺中市,中區,0,1,0,7,2,6,50,13,9,1,5,4,6,6,4,4,9,4,5,2,17,3,10,3,1,A04,7,9,1,2,9,16,,84,84,1,12,4,120.676497,24.145331,2
1981,66000,387130000C,(04)23274275,(04)23288582,2025,8,6,8,34,臺中市,北區,0,1,0,7,2,6,50,4,1,1,5,4,6,6,2,1,10,5,5,2,17,2,9,2,1,C03,7,9,1,10,2,11,,5,5,1,6,4,120.680576,24.165455,2
1982,66000,387130000C,(04)23274275,(04)23288582,2025,8,6,8,35,臺中市,北區,0,1,0,7,2,6,50,4,1,1,5,4,6,6,1,1,5,4,4,2,1,3,10,5,1,B01,7,5,1,4,2,5,,59,59,1,13,4,120.678502,24.168581,2
1983,66000,387130000C,(04)23274275,(04)23288582,2025,8,6,8,35,臺中市,西屯區,0,1,0,7,2,6,50,4,1,1,5,4,6,6,3,1,1,3,4,2,16,3,10,5,4,B03,7,5,1,8,2,2,,11,11,1,13,4,120.656109,24.169599,2
1984,66000,387130000C,(04)23274275,(04)23288582,2025,8,6,8,35,臺中市,大里區,0,0,0,7,,,50,,,,,,,,,,,,,,,,,,,C03,,,1,,2,,,7,7,1,12,4,120.696817,24.110891,3
1985,66000,387130000C,(04)23274275,(04)23288582,2025,8,6,8,41,臺中市,中區,0,2,0,7,2,6,50,4,1,1,5,4,6,6,4,4,10,5,5,2,16,3,10,5,4,B03,7,6,1,8,2,5,,13,13,1,13,4,120.680399,24.144104,2
1986,66000,387130000C,(04)23274275,(04)23288582,2025,8,6,8,41,臺中市,霧峰區,0,0,0,7,,,50,,,,,,,,,,,,,,17,,,,,B03,,,1,,2,,,7,7,1,13,4,120.676029,24.049329,3
1987,66000,387130000C,(04)23274275,(04)23288582,2025,8,6,8,42,臺中市,南屯區,0,2,0,7,2,6,50,13,9,1,5,4,6,6,4,4,1,4,5,2,17,2,9,1,1,C03,7,9,1,10,2,11,,59,59,1,6,4,120.649297,24.139899,2
1988,66000,387130000C,(04)23274275,(04)23288582,2025,8,6,8,42,臺中市,西屯區,0,0,0,7,,,40,,,,,,,,,,,,,,13,,,,,B03,,,1,,1,,,59,59,1,13,4,120.657905,24.158318,3
1989,66000,387130000C,(04)23274275,(04)23288582,2025,8,6,8,43,臺中市,霧峰區,0,1,0,7,2,6,50,13,9,1,5,4,6,6,4,4,10,5,5,1,17,3,10,3,1,B11,7,15,1,8,2,5,,84,84,1,6,4,120.657982,24.076896,2
1990,66000,387130000C,(04)23274275,(04)23288582,2025,8,6,8,44,臺中市,神岡區,0,2,0,7,2,6,50,4,1,1,5,4,6,6,3,1,10,5,5,2,16,3,10,1,1,C03,7,6,1,10,2,11,,11,11,1,12,4,120.713243,24.25878,2
1991,66000,387130000C,(04)23274275,(04)23288582,2025,8,6,8,46,臺中市,大雅區,0,0,0,7,,,30,,,,,,,,,,,,,,,,,,,B03,,,1,,1,,,24,24,1,13,4,120.667208,24.239463,3
1992,66000,387130000C,(04)23274275,(04)23288582,2025,8,6,8,46,臺中市,北區,0,0,0,7,,,50,,,,,,,,,,,,,,13,,,,,C03,,,1,,2,,,84,84,1,13,4,120.685119,24.159174,3
1993,66000,387130000C,(04)23274275,(04)23288582,2025,8,6,8,47,臺中市,西屯區,0,0,0,7,,,40,,,,,,,,,,,,,,13,,,,,C03,,,1,,1,,,7,7,1,12,4,120.652838,24.16125,3
1994,66000,387130000C,(04)23274275,(04)23288582,2025,8,6,8,49,臺中市,西屯區,0,0,0,7,,,50,,,,,,,,,,,,,,12,,,,,C03,,,1,,9,,,8,8,1,12,4,120.619126,24.185176,3
1995,66000,387130000C,(04)23274275,(04)23288582,2025,8,6,8,50,臺中市,西屯區,0,1,0,7,1,6,50,3,1,1,5,4,6,6,4,4,10,5,5,1,1,3,10,3,1,B03,7,9,1,8,9,2,,10,10,1,12,4,120.649356,24.175396,2
1996,66000,387130000C,(04)23274275,(04)23288582,2025,8,6,8,51,臺中市,梧棲區,0,1,0,7,2,6,30,13,9,3,5,3,6,6,4,4,10,5,5,2,18,2,9,1,1,C03,7,9,1,10,2,16,,87,87,1,12,4,120.554227,24.254214,2
1997,66000,387130000C,(04)23274275,(04)23288582,2025,8,6,8,52,臺中市,西屯區,0,1,0,7,2,6,40,4,1,1,5,4,6,6,1,1,10,5,5,2,16,3,10,1,1,C03,7,6,1,10,2,12,,48,48,1,13,4,120.638347,24.154801,2
1998,66000,387130000C,(04)23274275,(04)23288582,2025,8,6,8,52,臺中市,霧峰區,0,2,0,7,2,6,50,5,1,1,5,4,6,6,1,1,10,5,5,1,17,2,9,1,1,C03,7,9,1,10,2,11,,7,7,1,13,4,120.699171,24.068532,2
1999,66000,387130000C,(04)23274275,(04)23288582,2025,8,6,9,0,臺中市,西屯區,0,1,0,7,3,3,80,13,9,1,5,4,6,6,4,4,1,4,5,2,13,3,10,5,4,B12,7,9,5,8,1,1,,7,7,1,12,4,120.632817,24.171701,2
2000,66000,387130000C,(04)23274275,(04)23288582,2025,8,6,9,2,臺中市,烏日區,0,0,0,7,,,50,,,,,,,,,,,,,,13,,,,,B03,,,1,,1,,,84,84,1,13,4,120.61405,24.116753,3
2001,66000,387130000C,(04)23274275,(04)23288582,2025,8,6,9,4,臺中市,北屯區,0,0,0,7,,,50,,,,,,,,,,,,,,,,,,,B12,,,1,,2,,,49,49,1,12,4,120.701725,24.186508,3
2002,66000,387130000C,(04)23274275,(04)23288582,2025,8,6,9,7,臺中市,南屯區,0,1,0,7,2,6,50,4,1,1,5,4,6,6,1,1,5,4,5,2,16,3,10,3,1,B12,7,5,1,8,2,6,,84,84,1,12,4,120.60173,24.139313,2
2003,66000,387130000C,(04)23274275,(04)23288582,2025,8,6,9,15,臺中市,梧棲區,0,1,0,7,2,6,60,4,1,1,5,4,6,6,2,1,10,5,5,1,16,3,10,3,1,B03,7,5,1,8,2,2,,11,11,1,12,4,120.541143,24.260925,2
2004,66000,387130000C,(04)23274275,(04)23288582,2025,8,6,9,17,臺中市,大里區,0,1,0,7,2,6,30,3,1,1,5,4,6,6,4,4,10,5,5,2,3,3,10,3,1,B03,7,6,1,8,2,1,,84,84,1,6,4,120.699187,24.090681,2
2005,66000,387130000C,(04)23274275,(04)23288582,2025,8,6,9,19,臺中市,東區,0,1,0,7,2,6,50,4,2,1,5,4,6,6,1,1,5,2,4,2,12,2,8,2,1,C03,7,8,1,10,2,14,,42,42,1,13,4,120.692525,24.140137,2
2006,66000,387130000C,(04)23274275,(04)23288582,2025,8,6,9,20,臺中市,沙鹿區,0,0,0,7,,,50,,,,,,,,,,,,,,14,,,,,B03,,,1,,2,,,49,49,1,6,4,120.559908,24.237306,3
2007,66000,387130000C,(04)23274275,(04)23288582,2025,8,6,9,26,臺中市,西區,0,0,0,7,,,60,,,,,,,,,,,,,,13,,,,,B03,,,1,,2,,,84,84,1,12,4,120.658501,24.157676,3
2008,66000,387130000C,(04)23274275,(04)23288582,2025,8,6,9,28,臺中市,北區,0,0,0,7,,,50,,,,,,,,,,,,,,17,,,,,B03,,,1,,1,,,85,85,1,12,4,120.692192,24.161501,4
2009,66000,387130000C,(04)23274275,(04)23288582,2025,8,6,9,28,臺中市,北區,0,1,0,7,2,6,50,4,1,1,5,4,6,6,4,4,5,5,5,2,17,3,10,5,1,C03,7,6,1,10,2,14,,84,84,1,13,4,120.689783,24.161483,2
2010,66000,387130000C,(04)23274275,(04)23288582,2025,8,6,9,38,臺中市,東區,0,0,0,7,,,50,,,,,,,,,,,,,,13,,,,,C03,,,1,,1,,,84,84,1,12,4,120.705579,24.13036,3
2011,66000,387130000C,(04)23274275,(04)23288582,2025,8,6,9,40,臺中市,北區,0,0,0,7,,,50,,,,,,,,,,,,,,17,,,,,C03,,,1,,1,,,39,39,1,13,4,120.686213,24.15426,3
2012,66000,387130000C,(04)23274275,(04)23288582,2025,8,6,9,42,臺中市,西屯區,0,0,0,7,,,30,,,,,,,,,,,,,,16,,,,,B03,,,1,,1,,,59,59,1,13,4,120.659703,24.201198,3
2013,66000,387130000C,(04)23274275,(04)23288582,2025,8,6,9,44,臺中市,烏日區,0,0,0,7,2,6,50,13,9,1,5,4,6,6,4,4,2,4,5,1,12,3,10,3,1,A11,7,6,1,3,2,6,,39,39,1,6,4,120.644459,24.05997,3
2014,66000,387130000C,(04)23274275,(04)23288582,2025,8,6,9,50,臺中市,南屯區,0,1,0,7,2,6,50,4,1,1,5,4,6,6,2,1,5,5,5,2,17,3,10,3,1,B03,7,6,1,8,2,1,,48,48,1,6,4,120.634425,24.155731,2
2015,66000,387130000C,(04)23274275,(04)23288582,2025,8,6,9,50,臺中市,西屯區,0,0,0,7,,,50,,,,,,,,,,,,,,,,,,,B03,,,1,,1,,,7,7,1,13,4,120.654038,24.167953,3
2016,66000,387130000C,(04)23274275,(04)23288582,2025,8,6,9,55,臺中市,潭子區,0,1,0,7,3,6,40,3,1,1,5,4,6,6,4,4,5,5,5,1,17,2,9,2,1,F03,7,6,7,21,2,14,,48,48,1,13,4,120.697785,24.205191,2
2017,66000,387130000C,(04)23274275,(04)23288582,2025,8,6,9,57,臺中市,后里區,0,1,0,7,2,6,50,4,1,1,5,4,6,6,1,1,9,4,1,1,12,3,10,3,1,B03,7,5,1,8,2,6,,11,11,1,12,4,120.723815,24.297762,2
2018,66000,387130000C,(04)23274275,(04)23288582,2025,8,6,10,0,臺中市,太平區,0,2,0,7,2,6,50,13,9,1,5,4,6,6,1,1,5,2,5,2,13,2,8,2,1,C03,7,9,1,10,2,14,,84,84,1,12,4,120.725776,24.13329,2
2019,66000,387130000C,(04)23274275,(04)23288582,2025,8,6,10,1,臺中市,大里區,0,0,0,7,,,40,,,,,,,,,,,,,,12,,,,,B12,,,1,,9,,,1,1,2,6,4,120.688025,24.094242,3
2020,66000,387130000C,(04)23274275,(04)23288582,2025,8,6,10,2,臺中市,西屯區,0,0,0,7,,,50,,,,,,,,,,,,,,,,,,,B03,,,1,,1,,,59,59,1,12,4,120.613195,24.171217,3
2021,66000,387130000C,(04)23274275,(04)23288582,2025,8,6,10,3,臺中市,北區,0,1,0,7,2,6,50,3,1,1,5,4,6,6,1,1,10,5,5,2,16,3,10,3,1,B03,7,5,1,8,2,1,,11,11,1,13,4,120.672225,24.16235,2
2022,66000,387130000C,(04)23274275,(04)23288582,2025,8,6,10,5,臺中市,烏日區,0,0,0,7,,,30,,,,,,,,,,,,,,14,,,,,B03,,,1,,1,,,49,49,1,13,4,120.638149,24.085132,3
2023,66000,387130000C,(04)23274275,(04)23288582,2025,8,6,10,14,臺中市,北屯區,0,1,0,7,2,6,40,13,8,1,5,4,6,6,4,4,5,2,5,2,17,2,9,1,1,C03,7,9,1,10,2,12,,8,8,1,12,4,120.686292,24.17562,2
2024,66000,387130000C,(04)23274275,(04)23288582,2025,8,6,10,15,臺中市,南屯區,0,0,0,7,,,40,,,,,,,,,,,,,,13,,,,,B03,,,1,,1,,,7,7,1,12,4,120.621618,24.134699,3
2025,66000,387130000C,(04)23274275,(04)23288582,2025,8,6,10,15,臺中市,南屯區,0,1,0,7,3,6,50,13,9,1,5,4,6,6,4,4,5,4,5,2,12,3,10,3,1,B03,7,7,1,8,2,2,,40,40,1,6,4,120.613637,24.13915,2
2026,66000,387130000C,(04)23274275,(04)23288582,2025,8,6,10,19,臺中市,北屯區,0,0,0,7,,,50,,,,,,,,,,,,,,17,,,,,C03,,,1,,1,,,51,51,1,12,4,120.693737,24.171752,4
2027,66000,387130000C,(04)23274275,(04)23288582,2025,8,6,10,23,臺中市,西屯區,0,1,0,7,3,6,30,4,1,1,5,4,6,6,4,4,5,5,5,2,15,2,9,5,4,C03,7,9,1,10,2,14,,6,6,1,12,4,120.645397,24.168614,2
2028,66000,387130000C,(04)23274275,(04)23288582,2025,8,6,10,26,臺中市,南屯區,0,1,0,7,2,6,50,4,1,1,5,4,6,6,2,1,5,4,4,2,16,3,10,3,1,B03,7,6,1,10,2,1,,11,11,1,12,4,120.649891,24.146771,2
2029,66000,387130000C,(04)23274275,(04)23288582,2025,8,6,10,28,臺中市,潭子區,0,0,0,7,,,50,,,,,,,,,,,,,,,,,,,B03,,,1,,2,,,8,8,1,13,4,120.709508,24.200347,3
2030,66000,387130000C,(04)23274275,(04)23288582,2025,8,6,10,31,臺中市,新社區,0,2,0,7,2,6,50,13,9,1,5,4,6,6,4,4,5,5,5,1,18,2,9,5,4,C03,7,9,1,10,1,16,,59,59,1,13,4,120.820001,24.213677,2
2031,66000,387130000C,(04)23274275,(04)23288582,2025,8,6,10,39,臺中市,潭子區,0,1,0,7,3,6,50,13,9,1,5,4,6,6,4,4,1,4,5,2,17,2,9,2,1,C03,7,9,2,19,2,14,,84,84,1,13,4,120.70411,24.201358,2
2032,66000,387130000C,(04)23274275,(04)23288582,2025,8,6,10,39,臺中市,西區,0,1,0,7,2,6,40,13,8,1,5,4,6,6,4,4,1,4,4,2,13,3,10,1,1,C03,7,9,1,10,2,11,,85,85,1,13,4,120.66679,24.131609,2
2033,66000,387130000C,(04)23274275,(04)23288582,2025,8,6,10,39,臺中市,梧棲區,0,1,0,7,2,6,50,3,1,1,5,4,6,6,4,4,10,5,5,2,15,2,9,1,1,C03,7,9,1,10,2,12,,13,13,1,12,4,120.540217,24.244445,2
2034,66000,387130000C,(04)23274275,(04)23288582,2025,8,6,10,40,臺中市,豐原區,0,0,0,7,,,60,,,,,,,,,,,,,,13,,,,,B03,,,1,,2,,,8,8,1,13,4,120.737269,24.251369,3
2035,66000,387130000C,(04)23274275,(04)23288582,2025,8,6,10,42,臺中市,南屯區,0,0,0,7,,,50,,,,,,,,,,,,,,,,,,,B11,,,1,,1,,,40,40,1,6,4,120.650644,24.150891,3
2036,66000,387130000C,(04)23274275,(04)23288582,2025,8,6,10,44,臺中市,西屯區,0,2,0,7,2,6,50,13,9,1,5,4,6,6,4,4,1,3,5,2,13,2,9,5,4,C03,7,9,1,10,2,11,,7,7,1,13,4,120.659198,24.171095,2
2037,66000,387130000C,(04)23274275,(04)23288582,2025,8,6,11,0,臺中市,太平區,0,0,0,7,,,50,,,,,,,,,,,,,,13,,,,,B12,,,1,,1,,,7,7,1,13,4,120.714304,24.145305,3
2038,66000,387130000C,(04)23274275,(04)23288582,2025,8,6,11,7,臺中市,中區,0,1,0,7,2,6,50,4,9,1,5,4,6,6,2,1,5,4,5,2,9,2,7,6,5,H01,8,16,7,21,10,17,,109,109,1,6,5,120.679352,24.142252,2