序號,縣市別代碼,機關代碼,市話,傳真,年,月,日,時,分,縣市,區,死亡數量,受傷數量,2-30,天候,道路照明設備,道路類別,道路速限,道路型態,事故位置,路面鋪裝,路面狀態,路面缺陷,障礙物,視距,號誌種類,號誌動作,分向設施,快車道或一般車道間,快慢車道間,路面邊線,事故類型及型態,受傷程度,主要傷處,保護裝備,行動電話或功能裝置,當事者區分(類別),車輛用途,當事者行動狀態,駕照狀態,駕照種類,飲酒情形,車輛撞擊部位最初,車輛撞擊部位其他,肇事因素個別,肇事因素主要,肇事逃逸,職業,共享經濟或外送平台,GPS座標X,GPS座標Y,事故類別
2039,66000,387130000C,(04)23274275,(04)23288582,2025,8,6,11,11,臺中市,西屯區,0,2,0,7,1,6,50,4,1,1,5,4,6,6,2,1,10,5,5,2,16,2,9,1,1,C03,7,1,1,10,1,14,,20,20,1,12,4,120.662138,24.165401,2
2040,66000,387130000C,(04)23274275,(04)23288582,2025,8,6,11,12,臺中市,北屯區,0,1,0,7,2,6,50,3,1,1,5,4,6,6,4,4,9,5,5,2,17,3,10,5,4,B03,7,7,1,8,2,2,,40,40,1,12,4,120.690506,24.194778,2
2041,66000,387130000C,(04)23274275,(04)23288582,2025,8,6,11,14,臺中市,后里區,0,0,0,7,2,6,50,13,9,1,5,4,6,6,4,4,5,4,5,1,14,,,,,B12,,,1,,2,,,49,49,1,12,4,120.723228,24.296175,3
2042,66000,387130000C,(04)23274275,(04)23288582,2025,8,6,11,19,臺中市,龍井區,0,0,0,7,,,60,,,,,,,,,,,,,,13,,,,,B03,,,1,,1,,,59,59,1,12,4,120.581149,24.17606,3
2043,66000,387130000C,(04)23274275,(04)23288582,2025,8,6,11,20,臺中市,太平區,0,1,0,7,3,6,30,11,9,1,5,4,6,6,4,4,10,5,5,2,16,3,10,1,1,C03,7,6,1,10,2,11,,84,84,1,12,4,120.732063,24.142813,2
2044,66000,387130000C,(04)23274275,(04)23288582,2025,8,6,11,23,臺中市,豐原區,0,0,0,7,,,30,,,,,,,,,,,,,,14,,,,,B03,,,1,,2,,,59,59,1,12,4,120.708857,24.237905,3
2045,66000,387130000C,(04)23274275,(04)23288582,2025,8,6,11,29,臺中市,大甲區,0,0,0,7,,,50,,,,,,,,,,,,,,16,,,,,C03,,,1,,2,,,39,39,1,6,2,120.62183,24.346302,3
2046,66000,387130000C,(04)23274275,(04)23288582,2025,8,6,11,30,臺中市,沙鹿區,0,1,0,7,2,6,50,4,2,1,5,4,6,6,1,1,1,2,4,2,12,2,9,2,1,C03,7,8,1,10,2,14,,35,35,1,6,4,120.570678,24.216538,2
2047,66000,387130000C,(04)23274275,(04)23288582,2025,8,6,11,30,臺中市,豐原區,0,0,0,7,,,50,,,,,,,,,,,,,,17,,,,,B03,,,1,,2,,,84,84,1,12,4,120.715357,24.257415,3
2048,66000,387130000C,(04)23274275,(04)23288582,2025,8,6,11,31,臺中市,西屯區,0,0,0,7,,,50,,,,,,,,,,,,,,16,,,,,B03,,,1,,1,,,8,8,1,13,4,120.638905,24.158797,3
2049,66000,387130000C,(04)23274275,(04)23288582,2025,8,6,11,35,臺中市,西屯區,0,1,0,7,3,6,50,4,1,1,5,4,6,6,1,1,5,4,4,2,15,3,10,5,4,B03,7,9,1,8,2,6,,21,21,1,12,4,120.634613,24.164953,2
2050,66000,387130000C,(04)23274275,(04)23288582,2025,8,6,11,37,臺中市,神岡區,0,0,0,7,1,6,30,13,9,1,5,,6,6,,4,10,5,5,2,11,,,,,B12,,,1,,1,,,8,8,1,12,4,120.693053,24.246047,3
2051,66000,387130000C,(04)23274275,(04)23288582,2025,8,6,11,38,臺中市,南屯區,0,1,0,7,2,6,50,4,2,1,5,4,6,6,1,1,9,4,5,2,9,2,9,6,5,H01,8,16,7,21,10,17,,109,109,1,12,5,120.649886,24.142629,2
2052,66000,387130000C,(04)23274275,(04)23288582,2025,8,6,11,39,臺中市,北區,0,1,0,7,2,6,50,4,1,1,5,4,6,6,4,4,5,5,5,2,16,2,9,1,1,C03,7,6,1,9,2,11,,14,14,1,12,4,120.696788,24.155215,2
2053,66000,387130000C,(04)23274275,(04)23288582,2025,8,6,11,41,臺中市,神岡區,0,0,0,7,,,50,,,,,,,,,,,,,,16,,,,,B03,,,1,,2,,,14,14,1,12,4,120.688754,24.261128,3
2054,66000,387130000C,(04)23274275,(04)23288582,2025,8,6,11,47,臺中市,西屯區,0,0,0,7,,,50,,,,,,,,,,,,,,12,,,,,B03,,,1,,2,,,8,8,1,13,4,120.617936,24.187796,3
2055,66000,387130000C,(04)23274275,(04)23288582,2025,8,6,11,48,臺中市,后里區,0,1,0,7,2,6,30,3,1,1,5,4,6,6,4,4,10,5,5,2,17,3,10,3,1,B12,7,6,1,8,2,8,,14,14,1,6,4,120.704619,24.315947,2
2056,66000,387130000C,(04)23274275,(04)23288582,2025,8,6,11,52,臺中市,大肚區,0,3,0,7,2,6,50,3,2,1,5,4,6,6,4,4,10,5,5,2,16,2,8,1,1,C03,7,9,1,10,2,11,,6,6,1,6,4,120.544154,24.154934,2
2057,66000,387130000C,(04)23274275,(04)23288582,2025,8,6,11,54,臺中市,烏日區,0,0,0,7,2,6,40,3,1,1,5,4,6,2,4,4,10,5,5,2,15,3,10,3,1,B12,7,6,1,8,2,5,,14,14,1,6,4,120.647217,24.067277,3
2058,66000,387130000C,(04)23274275,(04)23288582,2025,8,6,11,55,臺中市,潭子區,0,0,0,7,,,40,,,,,,,,,,,,,,14,,,,,A11,,,1,,2,,,49,49,1,12,4,120.682952,24.21454,3
2059,66000,387130000C,(04)23274275,(04)23288582,2025,8,6,12,0,臺中市,大雅區,0,1,0,7,2,6,30,4,1,1,5,4,6,6,4,4,10,5,5,1,17,2,9,1,1,C03,7,9,1,10,2,11,,20,20,1,12,4,120.649047,24.227561,2
2060,66000,387130000C,(04)23274275,(04)23288582,2025,8,6,12,0,臺中市,大甲區,0,1,0,7,2,6,50,4,9,1,5,4,6,6,1,1,10,5,5,1,13,2,8,1,1,C03,7,9,1,10,2,11,,7,7,1,6,4,120.621805,24.353367,2
2061,66000,387130000C,(04)23274275,(04)23288582,2025,8,6,12,1,臺中市,龍井區,0,0,0,7,,,60,,,,,,,,,,,,,,13,,,,,B12,,,1,,1,,,7,7,1,6,4,120.587441,24.185321,3
2062,66000,387130000C,(04)23274275,(04)23288582,2025,8,6,12,6,臺中市,北屯區,0,0,0,7,,,50,,,,,,,,,,,,,,13,,,,,B03,,,1,,1,,,59,59,1,6,4,120.694259,24.16491,3
2063,66000,387130000C,(04)23274275,(04)23288582,2025,8,6,12,8,臺中市,北屯區,0,1,0,7,3,6,50,4,1,1,5,4,6,6,2,1,10,5,5,2,17,3,10,3,1,B03,7,5,1,8,2,8,,84,84,1,12,4,120.705978,24.16948,2
2064,66000,387130000C,(04)23274275,(04)23288582,2025,8,6,12,9,臺中市,豐原區,0,0,0,7,2,6,50,13,9,1,5,4,6,6,2,1,1,2,5,1,13,3,10,3,1,B03,7,9,1,8,2,1,,7,7,1,12,4,120.721822,24.243735,3
2065,66000,387130000C,(04)23274275,(04)23288582,2025,8,6,12,9,臺中市,豐原區,0,1,0,7,2,6,50,3,1,1,5,4,6,6,3,1,10,5,5,2,17,3,10,1,1,C03,7,6,1,10,2,13,,24,24,1,13,4,120.709279,24.253445,2
2066,66000,387130000C,(04)23274275,(04)23288582,2025,8,6,12,12,臺中市,西屯區,0,0,0,7,,,50,,,,,,,,,,,,,,13,,,,,B02,,,1,,1,,,7,7,1,12,4,120.651812,24.197794,3
2067,66000,387130000C,(04)23274275,(04)23288582,2025,8,6,12,13,臺中市,潭子區,0,0,0,7,,,60,,,,,,,,,,,,,,,,,,,B03,,,1,,2,,,8,8,1,13,4,120.702837,24.1966,3
2068,66000,387130000C,(04)23274275,(04)23288582,2025,8,6,12,16,臺中市,北屯區,0,0,0,7,,,50,,,,,,,,,,,,,,13,,,,,A02,,,1,,2,,,51,51,1,13,4,120.685598,24.173337,3
2069,66000,387130000C,(04)23274275,(04)23288582,2025,8,6,12,24,臺中市,南屯區,0,0,0,7,,,50,,,,,,,,,,,,,,,,,,,B03,,,1,,2,,,50,50,1,13,4,120.635965,24.153461,3
2070,66000,387130000C,(04)23274275,(04)23288582,2025,8,6,12,27,臺中市,東區,0,0,0,7,,,50,,,,,,,,,,,,,,13,,,,,B12,,,1,,1,,,84,84,1,13,4,120.706347,24.136694,3
2071,66000,387130000C,(04)23274275,(04)23288582,2025,8,6,12,37,臺中市,西屯區,0,1,0,7,2,6,50,13,9,1,5,4,6,6,4,4,5,4,5,2,12,2,8,5,4,C03,7,9,1,10,2,14,,59,59,1,13,4,120.62937,24.183622,2
2072,66000,387130000C,(04)23274275,(04)23288582,2025,8,6,12,38,臺中市,大里區,0,0,0,7,,,50,,,,,,,,,,,,,,,,,,,B03,,,1,,2,,,49,49,1,12,4,120.676451,24.097864,3
2073,66000,387130000C,(04)23274275,(04)23288582,2025,8,6,12,44,臺中市,太平區,0,1,0,7,2,6,50,3,9,1,5,4,6,6,4,4,10,5,5,2,11,2,8,2,1,C03,7,5,1,9,1,14,,84,84,1,11,4,120.705269,24.151652,2
2074,66000,387130000C,(04)23274275,(04)23288582,2025,8,6,12,45,臺中市,北區,0,2,0,7,2,6,50,13,9,1,5,4,6,6,4,4,5,5,5,2,17,2,9,5,1,C03,7,9,1,10,2,11,,7,7,1,13,4,120.689606,24.156356,2
2075,66000,387130000C,(04)23274275,(04)23288582,2025,8,6,12,50,臺中市,烏日區,0,1,0,7,3,9,60,13,5,1,5,4,6,6,4,4,1,4,1,1,18,2,9,3,1,B12,7,9,1,8,2,5,,59,59,1,6,4,120.634497,24.09475,2
2076,66000,387130000C,(04)23274275,(04)23288582,2025,8,6,12,51,臺中市,烏日區,0,1,0,7,2,6,50,5,2,1,5,4,6,6,1,1,10,5,5,2,17,2,9,5,4,C03,7,15,1,10,2,11,,84,84,1,13,4,120.642921,24.075545,2
2077,66000,387130000C,(04)23274275,(04)23288582,2025,8,6,12,58,臺中市,東區,0,3,0,7,2,6,50,3,1,1,5,4,6,6,4,4,10,5,5,2,16,2,8,2,1,C03,7,6,1,10,2,11,,14,14,1,13,4,120.699082,24.142773,2
2078,66000,387130000C,(04)23274275,(04)23288582,2025,8,6,13,0,臺中市,后里區,0,0,0,7,,,50,,,,,,,,,,,,,,25,,,,,B03,,,1,,2,,,85,85,1,13,4,120.716445,24.316868,4
2079,66000,387130000C,(04)23274275,(04)23288582,2025,8,6,13,7,臺中市,西區,0,0,0,7,,,50,,,,,,,,,,,,,,,,,,,B03,,,1,,1,,,49,49,1,6,4,120.661633,24.153128,3
2080,66000,387130000C,(04)23274275,(04)23288582,2025,8,6,13,7,臺中市,大甲區,0,0,0,7,,,50,,,,,,,,,,,,,,13,,,,,F03,,,7,,1,,,7,7,1,6,4,120.627837,24.346151,4
2081,66000,387130000C,(04)23274275,(04)23288582,2025,8,6,13,10,臺中市,西屯區,0,0,0,7,,,50,,,,,,,,,,,,,,,,,,,C03,,,1,,2,,,50,50,1,13,4,120.664488,24.173679,4
2082,66000,387130000C,(04)23274275,(04)23288582,2025,8,6,13,10,臺中市,西屯區,0,1,0,7,1,6,50,3,1,1,5,4,6,6,4,4,10,5,5,1,16,2,9,1,1,C04,7,1,1,10,2,12,,51,51,1,12,4,120.609661,24.185448,2
2083,66000,387130000C,(04)23274275,(04)23288582,2025,8,6,13,18,臺中市,大甲區,0,0,0,7,,,50,,,,,,,,,,,,,,,,,,,B03,,,1,,2,,,51,51,1,6,4,120.62744,24.348455,4
2084,66000,387130000C,(04)23274275,(04)23288582,2025,8,6,13,20,臺中市,北區,0,0,0,7,,,50,,,,,,,,,,,,,,15,,,,,C03,,,1,,1,,,12,12,1,13,4,120.682398,24.162549,3
2085,66000,387130000C,(04)23274275,(04)23288582,2025,8,6,13,25,臺中市,后里區,0,0,0,7,,,50,,,,,,,,,,,,,,15,,,,,B03,,,1,,2,,,6,6,1,12,4,120.719376,24.305609,3
2086,66000,387130000C,(04)23274275,(04)23288582,2025,8,6,13,31,臺中市,霧峰區,0,1,0,6,2,6,50,4,2,1,5,4,6,6,1,1,10,5,5,1,17,2,9,1,1,C03,7,9,1,10,2,11,,7,7,1,13,4,120.69382,24.05772,2
2087,66000,387130000C,(04)23274275,(04)23288582,2025,8,6,13,31,臺中市,大里區,0,1,0,7,3,6,30,11,9,1,5,4,6,6,4,4,10,5,5,2,11,2,7,1,2,C03,7,9,1,10,2,14,,41,41,1,6,4,120.661217,24.093221,2
2088,66000,387130000C,(04)23274275,(04)23288582,2025,8,6,13,39,臺中市,西屯區,0,0,0,7,,,40,,,,,,,,,,,,,,17,,,,,B12,,,1,,1,,,8,8,1,12,4,120.614593,24.183081,3
2089,66000,387130000C,(04)23274275,(04)23288582,2025,8,6,13,40,臺中市,西區,0,1,0,7,2,6,30,13,9,1,5,4,6,6,4,4,10,5,5,2,14,3,10,3,1,B03,7,2,1,8,2,6,,49,49,1,12,4,120.656502,24.149391,2
2090,66000,387130000C,(04)23274275,(04)23288582,2025,8,6,13,46,臺中市,北區,0,2,0,7,2,6,50,4,1,1,5,4,6,6,1,1,1,4,4,2,16,2,9,1,1,C03,7,15,1,10,2,12,,42,42,1,12,4,120.676421,24.157514,2
2091,66000,387130000C,(04)23274275,(04)23288582,2025,8,6,13,47,臺中市,西屯區,0,0,0,7,,,50,,,,,,,,,,,,,,13,,,,,A41,,,1,,1,,,56,56,1,13,4,120.6545,24.201294,3
2092,66000,387130000C,(04)23274275,(04)23288582,2025,8,6,13,48,臺中市,南區,0,1,0,7,2,6,50,13,9,1,5,4,6,6,4,4,5,4,5,2,17,3,10,3,1,B03,7,9,1,8,2,5,,7,7,1,12,4,120.653046,24.122589,2
2093,66000,387130000C,(04)23274275,(04)23288582,2025,8,6,13,48,臺中市,大肚區,0,0,0,7,,,60,,,,,,,,,,,,,,12,,,,,B03,,,1,,2,,,40,40,1,12,4,120.542406,24.1656,3
2094,66000,387130000C,(04)23274275,(04)23288582,2025,8,6,13,52,臺中市,太平區,0,0,0,7,,,50,,,,,,,,,,,,,,,,,,,C03,,,1,,2,,,49,49,1,12,4,120.71173,24.126425,3
2095,66000,387130000C,(04)23274275,(04)23288582,2025,8,6,14,0,臺中市,潭子區,0,0,0,7,,,40,,,,,,,,,,,,,,17,,,,,B03,,,1,,2,,,84,84,1,12,4,120.710014,24.210216,3
2096,66000,387130000C,(04)23274275,(04)23288582,2025,8,6,14,2,臺中市,北區,0,0,0,7,,,50,,,,,,,,,,,,,,17,,,,,C03,,,1,,1,,,87,87,1,13,4,120.681625,24.163302,3
2097,66000,387130000C,(04)23274275,(04)23288582,2025,8,6,14,4,臺中市,大里區,0,0,0,7,,,30,,,,,,,,,,,,,,14,,,,,B03,,,1,,2,,,49,49,1,6,4,120.694818,24.093766,3
2098,66000,387130000C,(04)23274275,(04)23288582,2025,8,6,14,9,臺中市,西區,0,1,0,7,2,6,50,4,1,1,5,4,6,6,1,1,10,5,5,2,16,3,10,5,4,B03,7,5,1,8,2,2,,47,47,1,13,4,120.678385,24.136454,2
2099,66000,387130000C,(04)23274275,(04)23288582,2025,8,6,14,13,臺中市,西區,0,0,0,7,,,50,,,,,,,,,,,,,,,,,,,C03,,,1,,1,,,49,49,1,12,4,120.658027,24.154136,3
2100,66000,387130000C,(04)23274275,(04)23288582,2025,8,6,14,20,臺中市,南屯區,0,0,0,7,,,50,,,,,,,,,,,,,,,,,,,C03,,,1,,1,,,59,59,1,12,4,120.634977,24.152593,3
2101,66000,387130000C,(04)23274275,(04)23288582,2025,8,6,14,20,臺中市,南屯區,0,0,0,7,,,50,,,,,,,,,,,,,,16,,,,,B03,,,1,,1,,,13,13,1,6,4,120.623977,24.145183,3
2102,66000,387130000C,(04)23274275,(04)23288582,2025,8,6,14,23,臺中市,太平區,0,0,0,7,2,6,50,4,9,1,5,4,6,6,4,4,5,5,5,2,13,3,10,1,1,C03,7,9,1,10,1,11,,7,7,1,6,4,120.722179,24.149425,3
2103,66000,387130000C,(04)23274275,(04)23288582,2025,8,6,14,34,臺中市,南屯區,0,0,0,7,,,50,,,,,,,,,,,,,,,,,,,B03,,,1,,2,,,59,59,1,13,4,120.633894,24.147654,3
2104,66000,387130000C,(04)23274275,(04)23288582,2025,8,6,14,35,臺中市,大里區,0,1,0,7,3,6,40,4,1,1,5,4,6,6,1,1,10,5,5,2,16,3,10,3,1,B03,7,5,1,8,2,5,,11,11,1,9,4,120.671691,24.102252,2
2105,66000,387130000C,(04)23274275,(04)23288582,2025,8,6,14,38,臺中市,梧棲區,0,1,0,7,3,6,30,3,2,1,5,4,6,6,4,4,5,4,4,2,17,3,10,3,1,B03,7,6,1,8,2,16,,11,11,1,6,4,120.537529,24.261551,2
2106,66000,387130000C,(04)23274275,(04)23288582,2025,8,6,14,40,臺中市,西區,0,0,0,7,,,0,,,,,,,,,,,,,,17,,,,,C03,,,1,,9,,,51,51,2,12,4,120.671748,24.140957,3
2107,66000,387130000C,(04)23274275,(04)23288582,2025,8,6,14,45,臺中市,北屯區,0,0,0,7,,,50,,,,,,,,,,,,,,15,,,,,C03,,,1,,1,,,15,15,1,12,4,120.663492,24.191791,3
2108,66000,387130000C,(04)23274275,(04)23288582,2025,8,6,14,47,臺中市,大里區,0,0,0,7,2,3,80,13,9,1,5,4,6,6,4,4,1,3,5,1,17,,,,,A41,,,1,,1,,,68,68,1,13,4,120.692765,24.102438,3
2109,66000,387130000C,(04)23274275,(04)23288582,2025,8,6,14,53,臺中市,清水區,0,2,0,7,3,6,50,4,1,1,5,4,6,6,4,4,5,5,5,2,15,2,7,2,1,C03,7,9,1,11,2,11,,12,12,1,12,4,120.563116,24.275162,2
2110,66000,387130000C,(04)23274275,(04)23288582,2025,8,6,14,54,臺中市,北屯區,0,0,0,7,,,50,,,,,,,,,,,,,,,,,,,B03,,,1,,1,,,7,7,1,12,4,120.695962,24.167125,3
2111,66000,387130000C,(04)23274275,(04)23288582,2025,8,6,15,0,臺中市,南區,0,1,0,7,3,6,30,4,1,1,5,4,6,6,4,4,10,5,5,2,15,2,9,1,1,C03,7,9,1,10,2,11,,15,15,1,6,4,120.664905,24.12198,2
2112,66000,387130000C,(04)23274275,(04)23288582,2025,8,6,15,3,臺中市,南屯區,0,0,0,7,,,50,,,,,,,,,,,,,,,,,,,B03,,,1,,1,,,50,50,1,13,4,120.62997,24.122424,3
2113,66000,387130000C,(04)23274275,(04)23288582,2025,8,6,15,7,臺中市,西區,0,0,0,7,,,50,,,,,,,,,,,,,,,,,,,B03,,,1,,1,,,8,8,1,6,4,120.662654,24.14789,3
2114,66000,387130000C,(04)23274275,(04)23288582,2025,8,6,15,9,臺中市,西屯區,0,0,0,7,,,70,,,,,,,,,,,,,,13,,,,,B03,,,1,,1,,,7,7,1,13,4,120.616454,24.182588,3
2115,66000,387130000C,(04)23274275,(04)23288582,2025,8,6,15,10,臺中市,北屯區,0,1,0,7,2,6,50,5,1,1,5,4,6,6,1,1,10,5,5,2,13,2,9,2,1,C03,7,9,1,10,2,11,,84,84,1,12,4,120.68627,24.185439,2
2116,66000,387130000C,(04)23274275,(04)23288582,2025,8,6,15,10,臺中市,新社區,0,1,0,7,2,6,30,4,1,1,5,4,6,6,4,4,10,5,5,2,15,2,9,5,4,C03,7,9,1,10,2,11,,15,15,1,13,4,120.80693,24.211046,2
2117,66000,387130000C,(04)23274275,(04)23288582,2025,8,6,15,15,臺中市,西區,0,0,0,7,,,40,,,,,,,,,,,,,,12,,,,,B03,,,1,,2,,,8,8,1,12,4,120.661008,24.159263,3
2118,66000,387130000C,(04)23274275,(04)23288582,2025,8,6,15,15,臺中市,西屯區,0,0,0,7,,,50,,,,,,,,,,,,,,12,,,,,B03,,,1,,2,,,8,8,1,12,4,120.662891,24.172401,3
2119,66000,387130000C,(04)23274275,(04)23288582,2025,8,6,15,18,臺中市,西區,0,0,0,7,,,50,,,,,,,,,,,,,,,,,,,B12,,,1,,1,,,87,87,1,6,4,120.667115,24.132177,3
2120,66000,387130000C,(04)23274275,(04)23288582,2025,8,6,15,19,臺中市,沙鹿區,0,0,0,7,,,50,,,,,,,,,,,,,,,,,,,A02,,,1,,2,,,49,49,1,13,4,120.579759,24.21616,3
2121,66000,387130000C,(04)23274275,(04)23288582,2025,8,6,15,20,臺中市,沙鹿區,0,1,0,7,2,6,70,13,7,1,5,4,6,6,1,1,1,5,1,1,16,3,10,3,1,B03,7,5,1,8,2,5,,20,20,1,6,4,120.58264,24.216736,2
2122,66000,387130000C,(04)23274275,(04)23288582,2025,8,6,15,23,臺中市,南屯區,0,0,0,7,,,50,,,,,,,,,,,,,,13,,,,,B03,,,1,,1,,,7,7,1,12,4,120.636491,24.134417,3
2123,66000,387130000C,(04)23274275,(04)23288582,2025,8,6,15,29,臺中市,豐原區,0,2,0,7,2,6,50,13,8,1,5,4,6,6,4,4,5,5,4,2,16,2,8,1,1,C03,7,11,1,10,2,11,,34,34,1,12,4,120.709834,24.25017,2
2124,66000,387130000C,(04)23274275,(04)23288582,2025,8,6,15,30,臺中市,沙鹿區,0,0,0,7,,,50,,,,,,,,,,,,,,,,,,,B03,,,1,,1,,,59,59,1,6,4,120.559823,24.238738,3
2125,66000,387130000C,(04)23274275,(04)23288582,2025,8,6,15,38,臺中市,西區,0,0,0,7,,,50,,,,,,,,,,,,,,,,,,,B03,,,1,,2,,,51,51,1,12,4,120.667649,24.148076,3
2126,66000,387130000C,(04)23274275,(04)23288582,2025,8,6,15,40,臺中市,沙鹿區,0,1,0,7,3,6,40,13,8,1,5,2,1,6,4,4,1,5,5,2,18,2,8,1,1,C03,7,7,1,10,2,14,,59,59,1,6,4,120.580703,24.216917,2
2127,66000,387130000C,(04)23274275,(04)23288582,2025,8,6,15,44,臺中市,南屯區,0,0,0,7,,,50,,,,,,,,,,,,,,,,,,,B03,,,1,,1,,,65,65,1,13,4,120.638212,24.135302,3
2128,66000,387130000C,(04)23274275,(04)23288582,2025,8,6,15,52,臺中市,西屯區,0,2,0,7,2,6,50,4,1,1,5,4,6,6,4,4,10,5,5,2,16,2,9,5,4,C03,7,6,1,10,2,12,14,11,11,1,12,4,120.642318,24.177811,2
2129,66000,387130000C,(04)23274275,(04)23288582,2025,8,6,15,59,臺中市,大里區,0,0,0,7,,,50,,,,,,,,,,,,,,,,,,,C03,,,3,,1,,,84,84,1,12,4,120.701609,24.110815,3
2130,66000,387130000C,(04)23274275,(04)23288582,2025,8,6,16,1,臺中市,南屯區,0,0,0,7,,,50,,,,,,,,,,,,,,,,,,,B03,,,1,,1,,,7,7,1,13,4,120.597872,24.155393,3
2131,66000,387130000C,(04)23274275,(04)23288582,2025,8,6,16,1,臺中市,東勢區,0,0,0,7,,,50,,,,,,,,,,,,,,17,,,,,B03,,,1,,1,,,84,84,1,12,4,120.831263,24.249111,3
2132,66000,387130000C,(04)23274275,(04)23288582,2025,8,6,16,5,臺中市,南屯區,0,0,0,7,,,50,,,,,,,,,,,,,,17,,,,,B03,,,1,,1,,,7,7,1,12,4,120.623497,24.149515,3
2133,66000,387130000C,(04)23274275,(04)23288582,2025,8,6,16,9,臺中市,北屯區,0,0,0,7,,,50,,,,,,,,,,,,,,13,,,,,B03,,,1,,1,,,84,84,1,13,4,120.691977,24.162557,3
2134,66000,387130000C,(04)23274275,(04)23288582,2025,8,6,16,15,臺中市,東區,0,1,0,7,3,6,50,4,9,1,5,4,6,6,4,4,5,5,5,2,17,3,10,5,4,C03,7,9,1,10,2,16,,85,85,1,6,4,120.697826,24.141515,2
2135,66000,387130000C,(04)23274275,(04)23288582,2025,8,6,16,18,臺中市,潭子區,0,1,0,7,3,6,50,3,1,1,5,4,6,6,4,4,5,5,5,2,17,3,10,2,1,C03,7,6,1,10,2,14,,14,14,1,13,4,120.718695,24.192381,2
2136,66000,387130000C,(04)23274275,(04)23288582,2025,8,6,16,19,臺中市,西區,0,0,0,7,,,50,,,,,,,,,,,,,,,,,,,C03,,,1,,1,,,84,84,1,6,4,120.661803,24.154396,3
2137,66000,387130000C,(04)23274275,(04)23288582,2025,8,6,16,24,臺中市,西區,0,0,0,7,,,50,,,,,,,,,,,,,,,,,,,B03,,,1,,2,,,50,50,1,13,4,120.662496,24.156834,3
2138,66000,387130000C,(04)23274275,(04)23288582,2025,8,6,16,25,臺中市,南屯區,0,0,0,7,,,50,,,,,,,,,,,,,,,,,,,B03,,,1,,1,,,11,11,1,12,4,120.646613,24.140964,3
2139,66000,387130000C,(04)23274275,(04)23288582,2025,8,6,16,30,臺中市,后里區,0,2,0,7,2,6,30,4,1,1,5,4,6,6,4,4,10,5,5,2,16,3,10,3,1,B03,7,6,1,8,2,1,,14,14,1,12,4,120.733524,24.340371,2
2140,66000,387130000C,(04)23274275,(04)23288582,2025,8,6,16,31,臺中市,北屯區,0,1,0,7,2,6,50,4,2,1,5,4,6,6,2,1,10,5,5,2,11,2,9,1,1,C03,7,6,1,10,2,14,,48,48,1,6,4,120.704454,24.164862,2
2141,66000,387130000C,(04)23274275,(04)23288582,2025,8,6,16,35,臺中市,東區,0,0,0,7,,,50,,,,,,,,,,,,,,9,,,,,C03,,,1,,1,,,84,84,1,12,4,120.683103,24.134906,3
2142,66000,387130000C,(04)23274275,(04)23288582,2025,8,6,16,38,臺中市,沙鹿區,0,0,0,7,,,50,,,,,,,,,,,,,,,,,,,B03,,,1,,2,,,84,84,1,13,4,120.567833,24.251517,3
2143,66000,387130000C,(04)23274275,(04)23288582,2025,8,6,16,39,臺中市,烏日區,0,0,0,7,2,6,50,4,1,1,5,4,6,6,1,1,1,4,5,2,12,3,10,1,1,C03,7,5,1,10,2,14,,84,84,1,5,4,120.616655,24.113803,3
2144,66000,387130000C,(04)23274275,(04)23288582,2025,8,6,16,40,臺中市,沙鹿區,0,1,0,7,2,6,50,13,9,1,5,4,6,6,4,4,5,4,5,2,25,3,10,3,1,B03,7,9,1,8,2,5,,59,59,1,6,4,120.607076,24.244,2
2145,66000,387130000C,(04)23274275,(04)23288582,2025,8,6,16,41,臺中市,西屯區,0,0,0,7,,,50,,,,,,,,,,,,,,,,,,,B03,,,1,,9,,,51,51,1,12,4,120.643369,24.17642,3
2146,66000,387130000C,(04)23274275,(04)23288582,2025,8,6,16,43,臺中市,西屯區,0,1,0,7,2,6,50,3,1,1,5,4,6,6,4,4,10,5,5,2,13,3,10,5,4,B03,7,9,1,8,2,5,,7,7,1,12,4,120.650297,24.163835,2
2147,66000,387130000C,(04)23274275,(04)23288582,2025,8,6,16,50,臺中市,北區,0,0,0,7,,,50,,,,,,,,,,,,,,,,,,,B03,,,3,,1,,,8,8,1,12,4,120.687316,24.149344,3
2148,66000,387130000C,(04)23274275,(04)23288582,2025,8,6,16,50,臺中市,梧棲區,0,1,0,7,3,6,30,4,1,1,5,4,6,6,4,4,10,5,5,2,15,3,10,3,1,B03,7,9,1,8,2,8,,12,12,1,6,4,120.543285,24.229635,2
2149,66000,387130000C,(04)23274275,(04)23288582,2025,8,6,16,55,臺中市,北屯區,0,0,0,7,,,50,,,,,,,,,,,,,,,,,,,C03,,,1,,2,,,59,59,1,12,4,120.704454,24.164862,4
2150,66000,387130000C,(04)23274275,(04)23288582,2025,8,6,16,57,臺中市,霧峰區,0,2,0,6,2,6,50,3,1,1,5,4,6,1,4,4,10,5,5,2,16,2,9,1,1,C03,7,9,1,10,2,11,,15,15,1,12,4,120.654437,24.076349,2
2151,66000,387130000C,(04)23274275,(04)23288582,2025,8,6,16,59,臺中市,梧棲區,0,1,0,7,3,6,50,3,1,1,5,4,6,6,4,4,10,5,5,2,16,2,9,1,1,C03,7,5,1,10,2,14,,14,14,1,6,4,120.53076,24.253411,2
2152,66000,387130000C,(04)23274275,(04)23288582,2025,8,6,17,0,臺中市,東區,0,0,0,7,,,50,,,,,,,,,,,,,,13,,,,,C03,,,1,,2,,,7,7,1,6,4,120.706073,24.12975,3