序號,縣市別代碼,機關代碼,市話,傳真,年,月,日,時,分,縣市,區,死亡數量,受傷數量,2-30,天候,道路照明設備,道路類別,道路速限,道路型態,事故位置,路面鋪裝,路面狀態,路面缺陷,障礙物,視距,號誌種類,號誌動作,分向設施,快車道或一般車道間,快慢車道間,路面邊線,事故類型及型態,受傷程度,主要傷處,保護裝備,行動電話或功能裝置,當事者區分(類別),車輛用途,當事者行動狀態,駕照狀態,駕照種類,飲酒情形,車輛撞擊部位最初,車輛撞擊部位其他,肇事因素個別,肇事因素主要,肇事逃逸,職業,共享經濟或外送平台,GPS座標X,GPS座標Y,事故類別
2267,66000,387130000C,(04)23274275,(04)23288582,2025,8,6,21,40,臺中市,西屯區,0,2,0,7,1,6,50,3,1,1,5,4,6,6,4,4,8,4,5,1,17,2,9,5,4,C03,7,9,1,10,2,11,,7,7,1,13,4,120.644503,24.174027,2
2268,66000,387130000C,(04)23274275,(04)23288582,2025,8,6,21,45,臺中市,豐原區,0,0,0,6,,,40,,,,,,,,,,,,,,9,,,,,B03,,,1,,9,,,21,21,1,12,4,120.723481,24.252121,3
2269,66000,387130000C,(04)23274275,(04)23288582,2025,8,6,21,54,臺中市,豐原區,0,1,0,6,1,6,50,13,9,1,5,4,6,6,4,4,9,5,5,2,17,2,9,6,1,F02,7,9,7,21,7,11,,84,84,1,6,4,120.730223,24.252012,2
2270,66000,387130000C,(04)23274275,(04)23288582,2025,8,6,21,55,臺中市,南屯區,0,1,0,7,1,6,50,4,1,1,5,4,6,6,1,1,10,5,5,2,18,2,9,2,1,C03,7,9,1,10,2,12,,84,84,1,12,4,120.63623,24.146767,2
2271,66000,387130000C,(04)23274275,(04)23288582,2025,8,6,22,15,臺中市,沙鹿區,0,0,0,6,,,50,,,,,,,,,,,,,,13,,,,,C03,,,1,,1,,,7,7,1,12,4,120.555764,24.232162,3
2272,66000,387130000C,(04)23274275,(04)23288582,2025,8,6,22,16,臺中市,北屯區,0,1,0,7,1,6,50,13,9,1,5,4,6,6,4,4,9,5,5,2,17,3,10,3,1,B03,7,11,1,8,2,4,,45,45,1,6,4,120.707381,24.180125,2
2273,66000,387130000C,(04)23274275,(04)23288582,2025,8,6,22,21,臺中市,北區,0,2,0,7,2,6,50,3,1,1,5,4,6,6,2,1,5,4,5,2,17,3,10,1,1,C03,7,5,1,10,2,12,,47,47,1,12,4,120.688154,24.150974,2
2274,66000,387130000C,(04)23274275,(04)23288582,2025,8,6,22,25,臺中市,大里區,0,2,0,7,1,6,50,4,1,1,5,4,6,6,4,4,10,5,5,2,16,2,9,2,1,C03,7,11,1,10,2,14,,45,45,1,12,4,120.70152,24.084778,2
2275,66000,387130000C,(04)23274275,(04)23288582,2025,8,6,22,30,臺中市,沙鹿區,0,0,0,7,,,50,,,,,,,,,,,,,,30,,,,,B03,,,1,,2,,,8,8,1,12,4,120.571254,24.243729,3
2276,66000,387130000C,(04)23274275,(04)23288582,2025,8,6,22,39,臺中市,南區,0,0,0,7,,,40,,,,,,,,,,,,,,12,,,,,C03,,,1,,2,,,8,8,1,8,4,120.684548,24.130581,3
2277,66000,387130000C,(04)23274275,(04)23288582,2025,8,6,22,41,臺中市,南區,0,0,0,7,,,30,,,,,,,,,,,,,,,,,,,B01,,,1,,2,,,84,84,1,6,4,120.654968,24.10926,3
2278,66000,387130000C,(04)23274275,(04)23288582,2025,8,6,23,0,臺中市,北屯區,0,0,0,7,,3,80,,,,,,,,,,,,,,9,,,,,B03,,,1,,2,,,87,87,1,6,4,120.720362,24.165699,3
2279,66000,387130000C,(04)23274275,(04)23288582,2025,8,6,23,7,臺中市,北屯區,0,1,0,7,1,6,50,4,1,1,5,4,6,6,1,1,10,5,5,2,17,2,9,1,1,C03,7,6,1,10,2,14,,82,82,1,4,4,120.724542,24.176173,2
2280,66000,387130000C,(04)23274275,(04)23288582,2025,8,6,23,30,臺中市,大里區,0,1,0,7,1,6,50,13,14,1,5,4,6,6,4,4,5,4,5,1,17,2,7,1,1,C03,7,9,1,10,2,11,,58,58,1,13,4,120.690123,24.110177,2
2281,66000,387130000C,(04)23274275,(04)23288582,2025,8,6,23,45,臺中市,南屯區,0,0,0,7,,,50,,,,,,,,,,,,,,15,,,,,C03,,,1,,1,,,13,13,1,12,4,120.641698,24.148744,3
2282,66000,387130000C,(04)23274275,(04)23288582,2025,8,7,0,10,臺中市,北屯區,0,0,0,7,,,50,,,,,,,,,,,,,,13,,,,,B03,,,1,,1,,,58,58,1,6,4,120.670025,24.176447,3
2283,66000,387130000C,(04)23274275,(04)23288582,2025,8,7,1,44,臺中市,西屯區,0,0,0,7,,,30,,,,,,,,,,,,,,12,,,,,B03,,,1,,1,,,8,8,1,12,4,120.646024,24.180431,3
2284,66000,387130000C,(04)23274275,(04)23288582,2025,8,7,2,16,臺中市,北屯區,0,1,0,7,1,6,50,3,2,1,5,4,6,6,4,4,5,4,5,2,18,2,9,2,1,C01,7,9,1,9,2,15,,82,82,1,6,4,120.747604,24.195442,2
2285,66000,387130000C,(04)23274275,(04)23288582,2025,8,7,4,31,臺中市,北屯區,0,1,0,6,1,6,50,4,1,1,5,4,6,6,2,1,10,5,5,2,16,2,9,2,1,C03,7,9,1,9,2,14,,7,7,1,6,4,120.678356,24.184126,2
2286,66000,387130000C,(04)23274275,(04)23288582,2025,8,7,5,15,臺中市,大雅區,0,0,0,7,,,30,,,,,,,,,,,,,,,,,,,C03,,,1,,2,,,84,84,1,12,4,120.650289,24.21764,3
2287,66000,387130000C,(04)23274275,(04)23288582,2025,8,7,6,8,臺中市,梧棲區,0,0,0,7,,,50,,,,,,,,,,,,,,17,,,,,B03,,,1,,1,,,50,50,1,6,4,120.531496,24.255113,3
2288,66000,387130000C,(04)23274275,(04)23288582,2025,8,7,6,18,臺中市,大里區,0,1,0,7,3,6,50,4,1,1,5,4,6,6,1,1,1,4,4,1,16,3,10,3,1,B03,7,6,3,19,2,5,,11,11,1,13,4,120.674198,24.102863,2
2289,66000,387130000C,(04)23274275,(04)23288582,2025,8,7,6,20,臺中市,大里區,0,1,0,7,2,6,40,3,1,1,5,4,6,6,1,1,10,5,5,2,17,,,,,,,21,,,,,,86,86,2,,,120.671713,24.084029,2
2290,66000,387130000C,(04)23274275,(04)23288582,2025,8,7,6,25,臺中市,南屯區,0,1,0,7,3,6,50,4,1,1,5,4,6,6,4,4,10,5,5,2,17,3,10,3,1,B03,7,9,1,8,2,8,,12,12,1,12,4,120.616394,24.153226,2
2291,66000,387130000C,(04)23274275,(04)23288582,2025,8,7,6,29,臺中市,太平區,0,0,0,7,,,50,,,,,,,,,,,,,,,,,,,A11,,,1,,9,,,8,8,1,6,4,120.712658,24.145213,3
2292,66000,387130000C,(04)23274275,(04)23288582,2025,8,7,6,36,臺中市,大里區,0,2,0,7,3,6,50,3,2,1,5,4,6,6,4,4,1,4,4,2,16,2,9,1,1,C03,7,6,1,10,2,13,,48,48,1,13,4,120.690098,24.122611,2
2293,66000,387130000C,(04)23274275,(04)23288582,2025,8,7,6,41,臺中市,沙鹿區,0,0,0,7,,,50,,,,,,,,,,,,,,17,,,,,B03,,,1,,2,,,7,7,1,6,4,120.614993,24.24216,3
2294,66000,387130000C,(04)23274275,(04)23288582,2025,8,7,6,47,臺中市,南屯區,0,1,0,7,3,6,50,13,9,1,5,4,6,6,4,4,1,4,5,2,13,2,7,3,1,B03,7,9,1,8,2,1,,7,7,1,12,4,120.61549,24.153626,2
2295,66000,387130000C,(04)23274275,(04)23288582,2025,8,7,6,47,臺中市,太平區,0,0,0,7,,,50,,,,,,,,,,,,,,,,,,,B01,,,1,,2,,,59,59,1,12,4,120.704908,24.156987,3
2296,66000,387130000C,(04)23274275,(04)23288582,2025,8,7,6,47,臺中市,龍井區,0,0,0,7,,,50,,,,,,,,,,,,,,,,,,,C03,,,3,,2,,,83,83,1,6,4,120.551026,24.213178,3
2297,66000,387130000C,(04)23274275,(04)23288582,2025,8,7,6,48,臺中市,神岡區,0,3,0,7,2,6,50,13,9,1,5,4,6,6,4,4,5,5,5,1,17,2,9,1,1,C03,7,1,1,10,2,13,,51,51,1,12,4,120.659608,24.272867,2
2298,66000,387130000C,(04)23274275,(04)23288582,2025,8,7,6,56,臺中市,北屯區,0,1,0,7,3,6,50,13,9,1,5,4,6,6,4,4,1,4,5,2,12,2,9,2,1,C03,7,15,1,10,2,14,,84,84,1,6,4,120.662811,24.188194,2
2299,66000,387130000C,(04)23274275,(04)23288582,2025,8,7,6,56,臺中市,北屯區,0,0,0,7,,,50,,,,,,,,,,,,,,16,,,,,B03,,,1,,1,,,2,2,1,12,4,120.721594,24.180053,3
2300,66000,387130000C,(04)23274275,(04)23288582,2025,8,7,6,56,臺中市,大甲區,0,0,0,7,,,50,,,,,,,,,,,,,,,,,,,C03,,,3,,2,,,59,59,1,6,4,120.645299,24.367825,3
2301,66000,387130000C,(04)23274275,(04)23288582,2025,8,7,6,59,臺中市,沙鹿區,0,0,0,7,,,50,,,,,,,,,,,,,,,,,,,B03,,,1,,2,,,45,45,1,12,4,120.569757,24.205302,3
2302,66000,387130000C,(04)23274275,(04)23288582,2025,8,7,7,2,臺中市,南屯區,0,1,0,7,3,6,50,4,1,1,5,4,6,6,2,1,10,5,5,2,16,3,10,2,4,C03,7,6,1,10,1,11,,11,11,1,6,4,120.638185,24.139825,2
2303,66000,387130000C,(04)23274275,(04)23288582,2025,8,7,7,4,臺中市,北屯區,0,0,0,7,,,50,,,,,,,,,,,,,,13,,,,,B13,,,1,,1,,,84,84,1,6,4,120.719244,24.163249,3
2304,66000,387130000C,(04)23274275,(04)23288582,2025,8,7,7,5,臺中市,清水區,0,0,0,7,,,40,,,,,,,,,,,,,,,,,,,B03,,,1,,1,,,76,76,1,12,4,120.588495,24.292621,3
2305,66000,387130000C,(04)23274275,(04)23288582,2025,8,7,7,8,臺中市,南屯區,0,1,0,7,2,6,50,4,1,5,5,4,6,6,4,4,10,5,5,2,15,3,10,3,1,B03,7,9,1,8,2,1,,12,12,1,12,4,120.613601,24.151975,2
2306,66000,387130000C,(04)23274275,(04)23288582,2025,8,7,7,15,臺中市,南區,0,1,0,7,2,6,30,13,9,1,5,4,6,6,4,4,10,5,5,2,18,2,9,1,1,C03,7,9,1,10,2,12,,84,84,1,12,4,120.682277,24.129744,2
2307,66000,387130000C,(04)23274275,(04)23288582,2025,8,7,7,15,臺中市,西屯區,0,0,0,7,,,50,,,,,,,,,,,,,,,,,,,B11,,,5,,2,,,84,84,1,12,4,120.609158,24.155514,3
2308,66000,387130000C,(04)23274275,(04)23288582,2025,8,7,7,18,臺中市,大里區,0,1,0,7,3,6,30,3,2,1,5,4,6,6,4,4,10,5,5,2,11,2,8,1,1,C03,7,6,1,10,2,12,,84,84,1,6,4,120.699288,24.109516,2
2309,66000,387130000C,(04)23274275,(04)23288582,2025,8,7,7,27,臺中市,北屯區,0,1,0,7,3,6,50,4,1,1,5,4,6,6,1,1,10,5,5,2,16,3,10,3,1,B03,7,6,1,8,2,5,,48,48,1,13,4,120.68378,24.177688,2
2310,66000,387130000C,(04)23274275,(04)23288582,2025,8,7,7,27,臺中市,霧峰區,0,1,0,7,2,6,50,5,4,1,5,4,6,6,1,1,5,5,5,2,13,3,10,5,4,C03,7,15,1,10,2,11,,56,56,1,12,4,120.694935,24.059511,2
2311,66000,387130000C,(04)23274275,(04)23288582,2025,8,7,7,30,臺中市,霧峰區,0,1,0,7,3,6,40,13,9,1,5,4,6,6,4,4,10,5,5,2,3,2,8,6,5,H01,8,16,7,21,10,17,,98,98,1,13,5,120.698064,24.06495,2
2312,66000,387130000C,(04)23274275,(04)23288582,2025,8,7,7,30,臺中市,豐原區,0,2,0,7,2,6,0,3,21,1,5,4,3,6,4,4,10,5,5,2,17,3,10,1,4,C03,7,9,1,10,2,14,,84,84,1,13,4,120.737304,24.248569,2
2313,66000,387130000C,(04)23274275,(04)23288582,2025,8,7,7,33,臺中市,龍井區,0,0,0,7,,,60,,,,,,,,,,,,,,12,,,,,A41,,,1,,1,,,40,40,1,6,4,120.574324,24.183843,3
2314,66000,387130000C,(04)23274275,(04)23288582,2025,8,7,7,39,臺中市,北區,0,2,0,7,2,6,50,4,1,1,5,4,6,6,1,1,10,5,5,2,17,2,9,5,4,C03,7,6,1,10,2,11,,48,48,1,12,4,120.685395,24.152786,2
2315,66000,387130000C,(04)23274275,(04)23288582,2025,8,7,7,40,臺中市,新社區,0,2,0,7,2,6,50,4,1,1,5,4,6,6,4,4,10,5,5,2,17,2,9,1,1,C03,7,6,1,10,2,11,,14,14,1,12,4,120.808892,24.248869,2
2316,66000,387130000C,(04)23274275,(04)23288582,2025,8,7,7,40,臺中市,神岡區,0,1,0,7,1,6,50,3,1,1,5,4,6,6,4,4,5,4,4,2,3,3,10,1,4,C03,7,9,1,10,2,11,,10,10,1,12,4,120.681249,24.249975,2
2317,66000,387130000C,(04)23274275,(04)23288582,2025,8,7,7,41,臺中市,大肚區,0,0,0,7,,,50,,,,,,,,,,,,,,,,,,,B12,,,1,,2,,,8,8,1,6,4,120.555781,24.128679,3
2318,66000,387130000C,(04)23274275,(04)23288582,2025,8,7,7,46,臺中市,北屯區,0,0,0,7,3,6,50,4,2,1,5,4,6,6,2,1,1,2,5,2,13,3,10,3,1,B03,7,9,1,8,2,1,,59,59,1,12,4,120.671094,24.175055,3
2319,66000,387130000C,(04)23274275,(04)23288582,2025,8,7,7,48,臺中市,太平區,0,0,0,7,,,50,,,,,,,,,,,,,,,,,,,B03,,,1,,1,,,84,84,1,12,4,120.71909,24.140646,3
2320,66000,387130000C,(04)23274275,(04)23288582,2025,8,7,7,49,臺中市,西屯區,0,0,0,7,,,30,,,,,,,,,,,,,,15,,,,,C03,,,1,,1,,,15,15,1,13,2,120.660178,24.196202,3
2321,66000,387130000C,(04)23274275,(04)23288582,2025,8,7,7,49,臺中市,神岡區,0,1,0,7,2,6,50,13,8,1,5,4,6,6,4,4,9,5,4,2,16,3,10,3,1,B03,7,6,1,8,2,1,,84,84,1,12,4,120.661817,24.258789,2
2322,66000,387130000C,(04)23274275,(04)23288582,2025,8,7,7,53,臺中市,烏日區,0,1,0,7,2,6,50,3,1,1,5,4,6,6,2,1,10,5,5,2,13,2,9,1,1,C03,7,9,1,10,2,11,14,7,7,1,6,4,120.642822,24.074319,2
2323,66000,387130000C,(04)23274275,(04)23288582,2025,8,7,7,54,臺中市,西屯區,0,3,0,7,3,6,50,13,9,1,5,4,6,6,4,4,9,5,5,2,12,2,4,5,4,C03,7,9,1,10,2,12,,7,7,1,12,4,120.650149,24.164941,2
2324,66000,387130000C,(04)23274275,(04)23288582,2025,8,7,7,56,臺中市,南屯區,0,0,0,7,,3,80,,,,,,,,,,,,,,13,,,,,B03,,,3,,2,,,7,7,1,6,4,120.619827,24.123764,3
2325,66000,387130000C,(04)23274275,(04)23288582,2025,8,7,7,57,臺中市,南屯區,0,2,0,7,2,6,50,4,1,1,5,4,6,6,2,1,9,4,1,2,13,2,9,1,1,C03,7,9,1,10,2,11,,7,7,1,12,4,120.646629,24.140096,2
2326,66000,387130000C,(04)23274275,(04)23288582,2025,8,7,7,58,臺中市,豐原區,0,0,0,7,,,50,,,,,,,,,,,,,,13,,,,,B03,,,1,,1,,,7,7,1,13,4,120.729763,24.243619,3
2327,66000,387130000C,(04)23274275,(04)23288582,2025,8,7,7,59,臺中市,太平區,0,0,0,7,,,50,,,,,,,,,,,,,,,,,,,B03,,,1,,1,,,8,8,1,12,4,120.700571,24.147974,3
2328,66000,387130000C,(04)23274275,(04)23288582,2025,8,7,8,0,臺中市,北區,0,1,0,7,2,6,50,3,1,1,5,4,6,6,4,4,5,4,4,2,17,3,10,3,1,B03,7,9,1,8,9,4,,8,8,1,13,4,120.676381,24.159222,2
2329,66000,387130000C,(04)23274275,(04)23288582,2025,8,7,8,1,臺中市,北屯區,0,0,0,7,,,50,,,,,,,,,,,,,,16,,,,,B03,,,1,,1,,,11,11,1,6,4,120.704237,24.164618,3
2330,66000,387130000C,(04)23274275,(04)23288582,2025,8,7,8,1,臺中市,大里區,0,0,0,7,,,50,,,,,,,,,,,,,,17,,,,,B03,,,1,,2,,,7,7,1,12,4,120.67682,24.103783,3
2331,66000,387130000C,(04)23274275,(04)23288582,2025,8,7,8,1,臺中市,大甲區,0,0,0,7,,,30,,,,,,,,,,,,,,11,,,,,C03,,,1,,1,,,8,8,1,6,4,120.611607,24.332221,3
2332,66000,387130000C,(04)23274275,(04)23288582,2025,8,7,8,2,臺中市,大甲區,0,0,0,7,,,50,,,,,,,,,,,,,,2,,,,,B03,,,1,,2,,,84,84,1,12,4,120.628315,24.345119,3
2333,66000,387130000C,(04)23274275,(04)23288582,2025,8,7,8,4,臺中市,西區,0,2,0,7,2,6,50,4,4,1,5,4,6,6,2,1,5,4,5,2,13,2,9,1,1,C03,7,9,1,16,2,11,,7,7,1,6,4,120.67988,24.137919,2
2334,66000,387130000C,(04)23274275,(04)23288582,2025,8,7,8,5,臺中市,大甲區,0,0,0,7,,,50,,,,,,,,,,,,,,,,,,,B03,,,1,,2,,,15,15,1,6,4,120.629296,24.423357,3
2335,66000,387130000C,(04)23274275,(04)23288582,2025,8,7,8,6,臺中市,沙鹿區,0,1,0,7,2,6,50,5,2,1,5,4,6,6,4,4,8,3,4,1,17,3,10,5,4,B12,7,6,1,8,2,1,,59,59,1,13,4,120.554027,24.224359,2
2336,66000,387130000C,(04)23274275,(04)23288582,2025,8,7,8,8,臺中市,西屯區,0,0,0,7,,,50,,,,,,,,,,,,,,13,,,,,B03,,,1,,1,,,84,84,1,13,4,120.637449,24.177602,3
2337,66000,387130000C,(04)23274275,(04)23288582,2025,8,7,8,10,臺中市,南區,0,1,0,7,2,6,50,4,1,1,5,4,6,6,1,1,10,5,5,2,16,3,10,3,1,B03,7,5,1,8,2,1,,87,87,1,12,4,120.648654,24.119707,2
2338,66000,387130000C,(04)23274275,(04)23288582,2025,8,7,8,10,臺中市,神岡區,0,0,0,7,,,30,,,,,,,,,,,,,,13,,,,,C03,,,1,,2,,,7,7,1,12,4,120.709892,24.264585,3
2339,66000,387130000C,(04)23274275,(04)23288582,2025,8,7,8,11,臺中市,西屯區,0,0,0,7,,,50,,,,,,,,,,,,,,13,,,,,B03,,,1,,1,,,56,56,1,12,4,120.642908,24.198579,3
2340,66000,387130000C,(04)23274275,(04)23288582,2025,8,7,8,15,臺中市,西屯區,0,0,0,7,,,40,,,,,,,,,,,,,,,,,,,C03,,,1,,1,,,7,7,1,13,4,120.651382,24.20866,4
2341,66000,387130000C,(04)23274275,(04)23288582,2025,8,7,8,15,臺中市,龍井區,0,1,0,7,2,6,30,4,1,1,5,4,6,6,4,4,10,5,5,2,15,3,10,3,1,B03,7,9,1,8,2,2,,15,15,1,6,4,120.530427,24.185036,2
2342,66000,387130000C,(04)23274275,(04)23288582,2025,8,7,8,20,臺中市,豐原區,0,0,0,7,,,50,,,,,,,,,,,,,,17,,,,,B03,,,1,,2,,,8,8,1,12,4,120.71472,24.245872,3
2343,66000,387130000C,(04)23274275,(04)23288582,2025,8,7,8,23,臺中市,南屯區,0,0,0,7,,,50,,,,,,,,,,,,,,17,,,,,B03,,,1,,2,,,51,51,1,12,4,120.61195,24.136507,3
2344,66000,387130000C,(04)23274275,(04)23288582,2025,8,7,8,24,臺中市,南屯區,0,2,0,7,2,6,50,4,4,1,5,4,6,6,1,1,5,4,5,2,13,2,8,1,1,C03,7,9,1,10,2,11,,7,7,1,6,4,120.642638,24.146872,2
2345,66000,387130000C,(04)23274275,(04)23288582,2025,8,7,8,25,臺中市,太平區,0,0,0,7,,,50,,,,,,,,,,,,,,,,,,,C03,,,1,,2,,,48,48,1,13,4,120.710586,24.154874,3
2346,66000,387130000C,(04)23274275,(04)23288582,2025,8,7,8,26,臺中市,南屯區,0,2,0,7,2,6,50,13,9,1,5,4,6,6,4,4,9,4,5,2,17,3,10,3,1,B03,7,1,1,8,2,16,,51,51,1,12,4,120.649749,24.147424,2
2347,66000,387130000C,(04)23274275,(04)23288582,2025,8,7,8,27,臺中市,西區,0,1,0,7,2,6,50,4,1,1,5,4,6,6,1,1,9,4,5,2,15,3,10,3,1,B03,7,9,1,8,2,4,,21,21,1,12,4,120.651292,24.146749,2
2348,66000,387130000C,(04)23274275,(04)23288582,2025,8,7,8,28,臺中市,太平區,0,1,0,7,3,6,0,13,9,1,5,4,6,6,1,1,5,5,5,1,9,3,10,6,5,H01,8,20,7,21,10,17,,109,109,1,12,5,120.719503,24.131537,2
2349,66000,387130000C,(04)23274275,(04)23288582,2025,8,7,8,32,臺中市,南屯區,0,0,0,7,,,50,,,,,,,,,,,,,,13,,,,,B03,,,1,,1,,,59,59,1,12,4,120.612951,24.154108,3
2350,66000,387130000C,(04)23274275,(04)23288582,2025,8,7,8,34,臺中市,北區,0,0,0,7,,,50,,,,,,,,,,,,,,12,,,,,B03,,,1,,1,,,51,51,1,12,4,120.675789,24.165181,3
2351,66000,387130000C,(04)23274275,(04)23288582,2025,8,7,8,34,臺中市,南屯區,0,0,0,7,,,40,,,,,,,,,,,,,,13,,,,,C03,,,1,,1,,,7,7,1,6,4,120.633935,24.159498,3
2352,66000,387130000C,(04)23274275,(04)23288582,2025,8,7,8,43,臺中市,西區,0,2,0,7,2,6,50,4,1,1,5,4,6,6,4,4,10,5,5,2,15,2,7,1,1,C03,7,9,1,10,2,11,,15,15,1,13,4,120.660936,24.15013,2
2353,66000,387130000C,(04)23274275,(04)23288582,2025,8,7,8,45,臺中市,東區,0,1,0,7,3,6,1,11,9,1,5,4,6,6,4,4,5,5,5,2,28,,,,,,,,,,,,,118,118,1,,,120.700241,24.131861,2
2354,66000,387130000C,(04)23274275,(04)23288582,2025,8,7,8,46,臺中市,沙鹿區,0,1,0,7,2,6,50,3,1,1,5,4,6,6,4,4,10,5,5,2,16,2,8,1,1,C03,7,6,1,8,2,14,,48,48,1,6,4,120.559809,24.238478,2
2355,66000,387130000C,(04)23274275,(04)23288582,2025,8,7,8,47,臺中市,豐原區,0,1,0,7,2,6,50,4,1,1,5,4,6,6,1,1,1,2,1,1,16,3,10,5,4,B03,7,6,1,8,2,8,,11,11,1,13,4,120.70323,24.251643,2
2356,66000,387130000C,(04)23274275,(04)23288582,2025,8,7,8,52,臺中市,大雅區,0,1,0,7,3,6,0,3,2,1,5,4,6,6,4,4,5,2,5,1,17,3,10,1,1,C03,7,2,3,19,2,12,,49,49,1,12,4,120.648974,24.225428,2
2357,66000,387130000C,(04)23274275,(04)23288582,2025,8,7,8,52,臺中市,北屯區,0,1,0,7,3,6,50,13,9,1,5,4,6,6,4,4,10,5,5,2,16,3,10,3,1,B03,7,5,1,8,2,2,,84,84,1,13,4,120.669468,24.176264,2
2358,66000,387130000C,(04)23274275,(04)23288582,2025,8,7,8,52,臺中市,太平區,0,0,0,7,,,40,,,,,,,,,,,,,,,,,,,B03,,,1,,2,,,7,7,1,12,4,120.716592,24.110905,3
2359,66000,387130000C,(04)23274275,(04)23288582,2025,8,7,8,55,臺中市,烏日區,0,0,0,7,,,50,,,,,,,,,,,,,,9,,,,,B03,,,1,,9,,,85,85,1,13,4,120.609014,24.105463,3
2360,66000,387130000C,(04)23274275,(04)23288582,2025,8,7,8,55,臺中市,大安區,0,0,0,7,,3,60,,,,,,,,,,,,,,12,,,,,A41,,,1,,2,,,40,40,1,6,4,120.593794,24.385314,3
2361,66000,387130000C,(04)23274275,(04)23288582,2025,8,7,8,56,臺中市,西屯區,0,0,0,7,,,50,,,,,,,,,,,,,,,,,,,C03,,,1,,1,,,40,40,1,12,4,120.654833,24.199092,3
2362,66000,387130000C,(04)23274275,(04)23288582,2025,8,7,8,57,臺中市,西屯區,0,0,0,7,,,50,,,,,,,,,,,,,,16,,,,,C04,,,1,,1,,,14,14,1,12,4,120.609343,24.166755,3
2363,66000,387130000C,(04)23274275,(04)23288582,2025,8,7,8,57,臺中市,太平區,0,0,0,7,,,30,,,,,,,,,,,,,,,,,,,B03,,,1,,2,,,8,8,1,12,4,120.71892,24.152072,3
2364,66000,387130000C,(04)23274275,(04)23288582,2025,8,7,8,58,臺中市,西屯區,0,0,0,7,,,30,,,,,,,,,,,,,,,,,,,B12,,,1,,9,,,84,84,1,12,4,120.652082,24.174351,3
2365,66000,387130000C,(04)23274275,(04)23288582,2025,8,7,8,58,臺中市,外埔區,0,0,0,7,2,6,50,8,9,1,5,4,6,6,4,4,5,4,5,1,11,,,,,A05,,,1,,2,,,85,85,1,6,4,120.637125,24.331808,3
2366,66000,387130000C,(04)23274275,(04)23288582,2025,8,7,9,0,臺中市,南屯區,0,1,0,7,2,6,50,4,2,1,5,4,6,6,1,1,9,5,5,2,17,2,9,2,1,C03,7,9,1,10,1,11,,59,59,1,13,4,120.640483,24.14141,2
2367,66000,387130000C,(04)23274275,(04)23288582,2025,8,7,9,0,臺中市,大安區,0,0,0,7,,,30,,,,,,,,,,,,,,,,,,,B12,,,1,,1,,,49,49,1,6,4,120.595358,24.344297,3
2368,66000,387130000C,(04)23274275,(04)23288582,2025,8,7,9,2,臺中市,南屯區,0,1,0,7,2,6,50,4,1,1,5,4,6,6,1,1,9,4,5,2,15,3,10,1,1,C02,7,9,3,19,2,12,,21,21,1,12,4,120.653038,24.135749,2
2369,66000,387130000C,(04)23274275,(04)23288582,2025,8,7,9,3,臺中市,西屯區,0,0,0,7,,,50,,,,,,,,,,,,,,12,,,,,B03,,,1,,2,,,50,50,1,13,4,120.618345,24.177436,3
2370,66000,387130000C,(04)23274275,(04)23288582,2025,8,7,9,4,臺中市,豐原區,0,0,0,7,,,50,,,,,,,,,,,,,,13,,,,,B03,,,1,,2,,,84,84,1,12,4,120.72372,24.245197,3
2371,66000,387130000C,(04)23274275,(04)23288582,2025,8,7,9,18,臺中市,神岡區,0,0,0,7,,,60,,,,,,,,,,,,,,17,,,,,A11,,,3,,1,,,8,8,1,12,4,120.675705,24.241742,3
2372,66000,387130000C,(04)23274275,(04)23288582,2025,8,7,9,20,臺中市,南區,0,0,0,7,,,30,,,,,,,,,,,,,,17,,,,,A11,,,1,,1,,,7,7,1,13,4,120.661755,24.128038,3
2373,66000,387130000C,(04)23274275,(04)23288582,2025,8,7,9,25,臺中市,大里區,0,1,0,7,3,6,50,13,9,1,5,4,6,6,4,4,5,4,5,1,16,2,7,2,1,C03,7,11,1,10,2,12,,20,20,1,13,4,120.689676,24.115039,2
2374,66000,387130000C,(04)23274275,(04)23288582,2025,8,7,9,26,臺中市,東區,0,1,0,7,2,6,50,3,1,1,5,4,6,6,4,4,10,5,5,2,13,3,10,2,1,C03,7,9,1,10,2,11,14,7,7,1,12,4,120.695284,24.1498,2
2375,66000,387130000C,(04)23274275,(04)23288582,2025,8,7,9,27,臺中市,南屯區,0,0,0,7,,,50,,,,,,,,,,,,,,13,,,,,B03,,,1,,1,,,7,7,1,6,4,120.646808,24.148836,3
2376,66000,387130000C,(04)23274275,(04)23288582,2025,8,7,9,30,臺中市,北區,0,1,0,7,2,6,40,4,1,1,5,4,6,6,1,1,5,4,5,2,17,2,9,5,1,C03,7,6,1,10,9,14,,48,48,1,13,4,120.68237,24.159103,2
2377,66000,387130000C,(04)23274275,(04)23288582,2025,8,7,9,40,臺中市,太平區,0,0,0,7,,,30,,,,,,,,,,,,,,,,,,,B12,,,1,,1,,,49,49,1,12,4,120.725186,24.156821,3
2378,66000,387130000C,(04)23274275,(04)23288582,2025,8,7,9,42,臺中市,南屯區,0,0,0,7,,,50,,,,,,,,,,,,,,13,,,,,B03,,,1,,1,,,84,84,1,12,4,120.644618,24.139578,3
2379,66000,387130000C,(04)23274275,(04)23288582,2025,8,7,9,42,臺中市,霧峰區,0,2,0,7,3,6,0,13,7,1,5,4,6,6,4,4,5,5,4,1,17,2,8,1,1,C03,7,1,1,10,2,11,,51,51,1,12,4,120.698856,24.065718,2
2380,66000,387130000C,(04)23274275,(04)23288582,2025,8,7,9,45,臺中市,北區,0,0,0,7,,,50,,,,,,,,,,,,,,13,,,,,B03,,,1,,2,,,84,84,1,12,4,120.68816,24.151153,3
2381,66000,387130000C,(04)23274275,(04)23288582,2025,8,7,9,47,臺中市,西屯區,0,0,0,7,,,50,,,,,,,,,,,,,,17,,,,,G03,,,1,5,1,,,8,8,1,13,4,120.631076,24.158289,3