序號,縣市別代碼,機關代碼,市話,傳真,年,月,日,時,分,縣市,區,死亡數量,受傷數量,2-30,天候,道路照明設備,道路類別,道路速限,道路型態,事故位置,路面鋪裝,路面狀態,路面缺陷,障礙物,視距,號誌種類,號誌動作,分向設施,快車道或一般車道間,快慢車道間,路面邊線,事故類型及型態,受傷程度,主要傷處,保護裝備,行動電話或功能裝置,當事者區分(類別),車輛用途,當事者行動狀態,駕照狀態,駕照種類,飲酒情形,車輛撞擊部位最初,車輛撞擊部位其他,肇事因素個別,肇事因素主要,肇事逃逸,職業,共享經濟或外送平台,GPS座標X,GPS座標Y,事故類別
2495,66000,387130000C,(04)23274275,(04)23288582,2025,8,7,14,51,臺中市,沙鹿區,0,0,0,7,,,40,,,,,,,,,,,,,,,,,,,,,,,,,,,,,,,,120.581742,24.224042,3
2496,66000,387130000C,(04)23274275,(04)23288582,2025,8,7,14,52,臺中市,北區,0,0,0,7,,,50,,,,,,,,,,,,,,,,,,,B03,,,1,,2,,,7,7,1,13,4,120.672362,24.168933,3
2497,66000,387130000C,(04)23274275,(04)23288582,2025,8,7,14,53,臺中市,西區,0,1,0,7,2,6,50,13,9,1,5,4,6,6,4,4,5,4,5,2,17,2,9,1,1,C03,7,15,1,10,2,11,,42,42,1,13,4,120.662988,24.150849,2
2498,66000,387130000C,(04)23274275,(04)23288582,2025,8,7,14,58,臺中市,太平區,0,1,0,7,3,6,50,3,1,1,5,4,6,6,1,1,10,5,5,2,16,3,10,3,1,B12,7,6,1,7,2,5,,11,11,1,12,4,120.703644,24.112422,2
2499,66000,387130000C,(04)23274275,(04)23288582,2025,8,7,15,1,臺中市,太平區,0,1,0,7,3,6,40,13,9,1,5,4,6,6,1,1,3,4,2,2,12,2,8,2,1,C03,7,9,3,19,2,14,,59,59,1,12,4,120.714903,24.148803,2
2500,66000,387130000C,(04)23274275,(04)23288582,2025,8,7,15,3,臺中市,西屯區,0,0,0,7,,,50,,,,,,,,,,,,,,,,,,,B03,,,1,,1,,,51,51,1,12,4,120.666358,24.173209,3
2501,66000,387130000C,(04)23274275,(04)23288582,2025,8,7,15,5,臺中市,太平區,0,0,0,7,,,50,,,,,,,,,,,,,,13,,,,,B03,,,1,,2,,,84,84,1,12,4,120.725403,24.149862,3
2502,66000,387130000C,(04)23274275,(04)23288582,2025,8,7,15,10,臺中市,大雅區,0,0,0,7,,,50,,,,,,,,,,,,,,,,,,,B03,,,1,,2,,,87,87,1,12,4,120.622289,24.211736,3
2503,66000,387130000C,(04)23274275,(04)23288582,2025,8,7,15,10,臺中市,沙鹿區,0,0,0,7,,,50,,,,,,,,,,,,,,17,,,,,B03,,,1,,2,,,8,8,1,12,4,120.571052,24.242903,3
2504,66000,387130000C,(04)23274275,(04)23288582,2025,8,7,15,12,臺中市,西區,0,0,0,7,,,50,,,,,,,,,,,,,,17,,,,,,,,,,,,,86,86,1,,,120.66416,24.136438,3
2505,66000,387130000C,(04)23274275,(04)23288582,2025,8,7,15,13,臺中市,西區,0,2,0,7,2,6,50,13,7,1,5,4,6,6,4,4,1,4,4,2,17,2,9,1,1,C03,7,9,1,10,2,11,,7,7,1,13,4,120.661743,24.16016,2
2506,66000,387130000C,(04)23274275,(04)23288582,2025,8,7,15,18,臺中市,烏日區,0,2,0,7,2,6,70,3,1,1,5,4,6,6,1,1,1,4,4,1,16,3,10,3,1,B02,7,5,1,8,2,5,,11,11,1,6,4,120.598333,24.111309,2
2507,66000,387130000C,(04)23274275,(04)23288582,2025,8,7,15,22,臺中市,南區,0,0,0,7,,,40,,,,,,,,,,,,,,12,,,,,F01,,,7,,9,,,84,84,1,4,4,120.663963,24.113418,3
2508,66000,387130000C,(04)23274275,(04)23288582,2025,8,7,15,23,臺中市,南區,0,1,0,7,3,6,50,13,8,1,5,4,6,6,4,4,1,4,4,2,12,2,9,2,1,C03,7,9,3,19,3,12,,59,59,1,6,4,120.68149,24.127929,2
2509,66000,387130000C,(04)23274275,(04)23288582,2025,8,7,15,30,臺中市,豐原區,0,1,0,7,3,6,50,3,1,1,5,4,6,6,4,4,5,5,4,2,17,2,9,1,4,C03,7,1,1,10,2,12,,51,51,1,12,4,120.724835,24.243671,2
2510,66000,387130000C,(04)23274275,(04)23288582,2025,8,7,15,35,臺中市,北區,0,0,0,7,,,50,,,,,,,,,,,,,,,,,,,B03,,,1,,1,,,84,84,1,12,4,120.680489,24.157225,4
2511,66000,387130000C,(04)23274275,(04)23288582,2025,8,7,15,41,臺中市,太平區,0,0,0,7,,,30,,,,,,,,,,,,,,,,,,,C03,,,1,,2,,,84,84,1,12,4,120.734145,24.146557,3
2512,66000,387130000C,(04)23274275,(04)23288582,2025,8,7,15,41,臺中市,東勢區,0,0,0,7,,,40,,,,,,,,,,,,,,,,,,,B03,,,1,,1,,,41,41,1,13,4,120.832465,24.256036,3
2513,66000,387130000C,(04)23274275,(04)23288582,2025,8,7,15,42,臺中市,大里區,0,0,0,7,,,50,,,,,,,,,,,,,,,,,,,B03,,,1,,2,,,49,49,1,12,4,120.676643,24.11041,3
2514,66000,387130000C,(04)23274275,(04)23288582,2025,8,7,15,46,臺中市,潭子區,0,1,0,7,3,6,50,3,1,1,5,4,6,6,1,1,5,5,4,2,16,2,8,1,1,C03,7,9,1,10,2,12,,39,39,1,13,4,120.692396,24.222049,2
2515,66000,387130000C,(04)23274275,(04)23288582,2025,8,7,15,46,臺中市,潭子區,0,0,0,7,,,50,,,,,,,,,,,,,,,,,,,A11,,,1,,2,,,40,40,1,13,4,120.705186,24.200888,3
2516,66000,387130000C,(04)23274275,(04)23288582,2025,8,7,15,48,臺中市,南屯區,0,0,0,7,,,50,,,,,,,,,,,,,,,,,,,B03,,,1,,1,,,7,7,1,13,4,120.643388,24.153579,3
2517,66000,387130000C,(04)23274275,(04)23288582,2025,8,7,15,53,臺中市,大甲區,0,2,0,7,3,6,50,13,24,1,5,4,6,6,4,4,10,5,5,2,12,3,10,5,4,B03,7,15,3,19,2,4,,84,84,1,6,4,120.620904,24.342028,2
2518,66000,387130000C,(04)23274275,(04)23288582,2025,8,7,15,55,臺中市,西區,0,0,0,7,,,50,,,,,,,,,,,,,,17,,,,,B03,,,1,,1,,,8,8,1,12,4,120.663852,24.14006,3
2519,66000,387130000C,(04)23274275,(04)23288582,2025,8,7,15,55,臺中市,西屯區,0,1,0,7,2,6,50,4,1,1,5,4,6,6,2,1,10,5,5,2,13,2,8,5,4,C03,7,9,1,10,2,11,,7,7,1,13,4,120.655356,24.177945,2
2520,66000,387130000C,(04)23274275,(04)23288582,2025,8,7,15,58,臺中市,南區,0,2,0,7,3,6,50,13,9,1,5,4,6,6,4,4,5,5,5,2,17,2,9,5,4,C03,7,3,1,10,2,12,,50,50,1,6,4,120.66693,24.118354,2
2521,66000,387130000C,(04)23274275,(04)23288582,2025,8,7,15,59,臺中市,北區,0,0,0,7,,,50,,,,,,,,,,,,,,17,,,,,B02,,,1,,1,,,8,8,1,6,4,120.681087,24.157191,3
2522,66000,387130000C,(04)23274275,(04)23288582,2025,8,7,15,59,臺中市,龍井區,0,0,0,7,,,30,,,,,,,,,,,,,,,,,,,B03,,,1,,1,,,12,12,1,12,4,120.597301,24.189028,3
2523,66000,387130000C,(04)23274275,(04)23288582,2025,8,7,15,59,臺中市,沙鹿區,0,1,0,7,3,6,50,18,8,1,5,4,6,6,4,4,3,4,4,2,16,3,10,3,1,B03,7,5,1,8,2,5,,20,20,1,12,4,120.563812,24.232921,2
2524,66000,387130000C,(04)23274275,(04)23288582,2025,8,7,16,0,臺中市,南屯區,0,0,0,7,,,50,,,,,,,,,,,,,,,,,,,B03,,,1,,1,,,11,11,1,12,4,120.642632,24.148797,3
2525,66000,387130000C,(04)23274275,(04)23288582,2025,8,7,16,6,臺中市,沙鹿區,0,1,0,7,2,6,50,4,1,1,5,4,6,6,4,4,5,5,5,2,15,3,10,3,1,B03,7,9,1,8,2,2,,12,12,1,13,4,120.569562,24.227153,2
2526,66000,387130000C,(04)23274275,(04)23288582,2025,8,7,16,7,臺中市,南屯區,0,2,0,7,2,6,40,13,9,1,5,4,6,6,4,4,9,5,5,2,17,2,9,2,1,C03,7,9,1,10,2,11,,7,7,1,13,4,120.640044,24.140286,2
2527,66000,387130000C,(04)23274275,(04)23288582,2025,8,7,16,10,臺中市,南屯區,0,0,0,7,,,50,,,,,,,,,,,,,,,,,,,B03,,,1,,1,,,7,7,1,6,4,120.63423,24.144422,3
2528,66000,387130000C,(04)23274275,(04)23288582,2025,8,7,16,11,臺中市,南屯區,0,1,0,7,1,6,50,4,8,1,5,4,6,6,2,1,1,4,4,2,13,2,9,2,1,C03,7,9,3,19,2,11,,7,7,1,13,4,120.641187,24.150988,2
2529,66000,387130000C,(04)23274275,(04)23288582,2025,8,7,16,13,臺中市,北區,0,0,0,7,,,50,,,,,,,,,,,,,,,,,,,B03,,,1,,2,,,50,50,1,13,4,120.668051,24.167448,3
2530,66000,387130000C,(04)23274275,(04)23288582,2025,8,7,16,18,臺中市,大甲區,0,1,0,7,3,6,50,3,2,1,5,4,6,6,1,1,5,5,5,1,30,2,9,2,1,C03,7,9,1,10,2,12,,82,82,1,6,4,120.660563,24.384771,2
2531,66000,387130000C,(04)23274275,(04)23288582,2025,8,7,16,20,臺中市,南屯區,0,0,0,7,,,50,,,,,,,,,,,,,,,,,,,B01,,,1,,2,,,40,40,1,6,4,120.615009,24.147752,3
2532,66000,387130000C,(04)23274275,(04)23288582,2025,8,7,16,22,臺中市,太平區,0,0,0,7,,,50,,,,,,,,,,,,,,,,,,,C03,,,1,,2,,,84,84,1,5,4,120.714323,24.133205,3
2533,66000,387130000C,(04)23274275,(04)23288582,2025,8,7,16,23,臺中市,清水區,0,0,0,7,,,50,,,,,,,,,,,,,,,,,,,B03,,,1,,2,,,50,50,1,12,4,120.556114,24.263763,3
2534,66000,387130000C,(04)23274275,(04)23288582,2025,8,7,16,24,臺中市,東區,0,0,0,7,,,50,,,,,,,,,,,,,,13,,,,,B03,,,1,,2,,,7,7,1,6,4,120.699281,24.132751,3
2535,66000,387130000C,(04)23274275,(04)23288582,2025,8,7,16,25,臺中市,龍井區,0,1,0,7,2,6,50,4,1,1,5,4,6,6,1,1,10,5,5,2,16,3,10,2,1,C03,7,5,1,10,2,13,,11,11,1,6,4,120.523793,24.208294,2
2536,66000,387130000C,(04)23274275,(04)23288582,2025,8,7,16,26,臺中市,中區,0,2,0,7,2,6,50,13,9,1,5,4,6,6,4,4,10,5,5,2,17,3,10,3,1,B01,7,1,1,4,2,4,,51,51,1,13,4,120.682877,24.137614,2
2537,66000,387130000C,(04)23274275,(04)23288582,2025,8,7,16,27,臺中市,豐原區,0,1,0,7,1,6,50,4,1,1,5,4,6,6,1,1,5,4,4,1,17,3,10,3,1,B03,7,5,1,8,2,6,,11,11,1,6,4,120.726545,24.260028,2
2538,66000,387130000C,(04)23274275,(04)23288582,2025,8,7,16,29,臺中市,北區,0,2,0,7,2,6,50,4,1,1,5,4,6,6,1,1,5,4,5,2,16,3,10,3,1,B02,7,5,1,8,2,5,,11,11,1,12,4,120.676553,24.163247,2
2539,66000,387130000C,(04)23274275,(04)23288582,2025,8,7,16,30,臺中市,大甲區,0,2,0,7,3,6,50,13,9,1,5,4,6,6,4,4,9,5,5,2,17,2,9,5,4,C03,7,1,1,10,2,14,,51,51,1,6,4,120.624388,24.349338,2
2540,66000,387130000C,(04)23274275,(04)23288582,2025,8,7,16,31,臺中市,東區,0,0,0,7,,,50,,,,,,,,,,,,,,,,,,,B03,,,1,,1,,,50,50,1,6,4,120.710192,24.147765,3
2541,66000,387130000C,(04)23274275,(04)23288582,2025,8,7,16,31,臺中市,大甲區,0,1,0,6,3,6,50,4,2,1,5,4,6,6,1,1,5,5,5,1,13,2,8,2,1,C03,7,9,5,19,7,12,,53,53,1,6,4,120.616841,24.34705,2
2542,66000,387130000C,(04)23274275,(04)23288582,2025,8,7,16,32,臺中市,大甲區,0,0,0,7,,,50,,,,,,,,,,,,,,13,,,,,B12,,,1,,2,,,84,84,1,12,4,120.627183,24.350234,3
2543,66000,387130000C,(04)23274275,(04)23288582,2025,8,7,16,35,臺中市,南屯區,0,1,0,7,2,6,50,13,8,1,5,4,6,6,4,4,1,4,1,2,17,3,10,2,1,C03,7,9,1,10,2,16,,20,20,1,12,4,120.622813,24.147083,2
2544,66000,387130000C,(04)23274275,(04)23288582,2025,8,7,16,35,臺中市,梧棲區,0,0,0,7,,,50,,,,,,,,,,,,,,17,,,,,B03,,,1,,1,,,59,59,1,6,4,120.538232,24.247681,3
2545,66000,387130000C,(04)23274275,(04)23288582,2025,8,7,16,36,臺中市,南區,0,2,0,7,3,6,50,4,1,1,5,4,6,6,2,1,5,5,5,2,12,3,10,3,1,B03,7,5,1,8,2,5,,47,47,1,6,4,120.676616,24.131756,2
2546,66000,387130000C,(04)23274275,(04)23288582,2025,8,7,16,37,臺中市,西區,0,1,0,7,2,6,50,4,1,1,5,4,6,6,1,1,10,5,5,2,17,3,10,3,1,B03,7,6,1,8,2,2,,11,11,1,13,4,120.657267,24.149861,2
2547,66000,387130000C,(04)23274275,(04)23288582,2025,8,7,16,38,臺中市,清水區,0,2,0,7,3,6,70,4,2,1,5,4,6,6,1,1,1,4,4,1,17,3,10,3,1,B03,7,9,5,19,2,4,,21,21,1,12,4,120.562149,24.26279,2
2548,66000,387130000C,(04)23274275,(04)23288582,2025,8,7,16,39,臺中市,大里區,0,2,0,7,2,6,50,3,1,1,5,4,6,6,4,4,5,5,4,2,16,2,8,3,1,B03,7,5,1,8,2,2,,47,47,1,13,4,120.680205,24.112673,2
2549,66000,387130000C,(04)23274275,(04)23288582,2025,8,7,16,43,臺中市,南區,0,1,0,7,2,6,50,13,7,1,5,4,6,6,4,4,5,5,4,2,13,2,9,1,1,C03,7,9,1,10,2,11,,7,7,1,12,4,120.676902,24.127308,2
2550,66000,387130000C,(04)23274275,(04)23288582,2025,8,7,16,44,臺中市,南區,0,0,0,7,,,50,,,,,,,,,,,,,,12,,,,,B03,,,1,,2,,,51,51,1,6,4,120.65571,24.113627,3
2551,66000,387130000C,(04)23274275,(04)23288582,2025,8,7,16,44,臺中市,豐原區,0,1,0,7,2,6,30,13,9,1,5,4,6,6,4,4,10,5,5,1,18,2,9,1,4,C03,7,9,3,19,2,14,,82,82,1,13,4,120.73015,24.261531,2
2552,66000,387130000C,(04)23274275,(04)23288582,2025,8,7,16,45,臺中市,大雅區,0,1,0,7,2,6,40,13,8,1,5,4,6,6,4,4,1,3,4,2,13,3,10,3,1,B03,7,1,5,8,2,3,,51,51,1,13,4,120.638429,24.232826,2
2553,66000,387130000C,(04)23274275,(04)23288582,2025,8,7,16,45,臺中市,大里區,0,0,0,7,,,50,,,,,,,,,,,,,,13,,,,,B03,,,1,,1,,,56,56,1,13,4,120.694186,24.10014,3
2554,66000,387130000C,(04)23274275,(04)23288582,2025,8,7,16,45,臺中市,神岡區,0,2,0,7,3,6,40,13,9,1,5,4,6,6,4,4,10,5,5,1,16,2,9,1,1,C03,7,9,1,10,2,11,,7,7,1,13,4,120.70385,24.265222,2
2555,66000,387130000C,(04)23274275,(04)23288582,2025,8,7,16,46,臺中市,南區,0,0,0,7,,,50,,,,,,,,,,,,,,,,,,,C03,,,1,,2,,,51,51,1,6,4,120.67585,24.132477,3
2556,66000,387130000C,(04)23274275,(04)23288582,2025,8,7,16,48,臺中市,烏日區,0,2,0,7,3,6,50,13,9,1,5,4,6,6,4,4,5,4,5,1,17,2,9,1,1,C03,7,1,1,10,2,14,,51,51,1,6,4,120.642356,24.063853,2
2557,66000,387130000C,(04)23274275,(04)23288582,2025,8,7,16,51,臺中市,北區,0,0,0,7,,,50,,,,,,,,,,,,,,,,,,,B03,,,1,,9,,,49,49,1,12,4,120.690889,24.157075,3
2558,66000,387130000C,(04)23274275,(04)23288582,2025,8,7,16,52,臺中市,外埔區,0,0,0,7,,,50,,,,,,,,,,,,,,16,,,,,B12,,,1,,9,,,8,8,2,12,4,120.654258,24.330942,3
2559,66000,387130000C,(04)23274275,(04)23288582,2025,8,7,16,54,臺中市,烏日區,0,0,0,7,,,50,,,,,,,,,,,,,,12,,,,,B03,,,1,,1,,,50,50,1,13,4,120.597421,24.109406,3
2560,66000,387130000C,(04)23274275,(04)23288582,2025,8,7,16,57,臺中市,北區,0,2,0,7,3,6,50,4,2,1,5,4,6,6,1,1,5,4,4,2,16,2,9,5,4,B03,7,6,1,8,2,2,,11,11,1,13,4,120.68396,24.146313,2
2561,66000,387130000C,(04)23274275,(04)23288582,2025,8,7,16,58,臺中市,北區,0,0,0,7,3,6,50,13,7,1,5,4,6,6,4,4,3,4,4,2,17,,,,,B12,,,1,,2,,,40,40,1,13,4,120.678437,24.151962,3
2562,66000,387130000C,(04)23274275,(04)23288582,2025,8,7,17,3,臺中市,南屯區,0,0,0,7,,,50,,,,,,,,,,,,,,,,,,,C03,,,1,,1,,,40,40,1,13,4,120.623432,24.152037,3
2563,66000,387130000C,(04)23274275,(04)23288582,2025,8,7,17,3,臺中市,霧峰區,0,0,0,7,,,50,,,,,,,,,,,,,,17,,,,,B03,,,1,,1,,,84,84,1,13,4,120.664794,24.060131,3
2564,66000,387130000C,(04)23274275,(04)23288582,2025,8,7,17,4,臺中市,豐原區,0,0,0,7,,,50,,,,,,,,,,,,,,12,,,,,B03,,,1,,2,,,8,8,1,12,4,120.727567,24.244759,3
2565,66000,387130000C,(04)23274275,(04)23288582,2025,8,7,17,6,臺中市,北區,0,0,0,7,2,6,40,13,8,1,5,4,6,6,4,4,9,4,4,2,17,3,10,1,1,C03,7,15,1,10,2,12,,84,84,1,12,4,120.668247,24.171176,3
2566,66000,387130000C,(04)23274275,(04)23288582,2025,8,7,17,6,臺中市,西屯區,0,0,0,7,,,50,,,,,,,,,,,,,,,,,,,B03,,,1,,1,,,59,59,1,12,4,120.615468,24.189164,3
2567,66000,387130000C,(04)23274275,(04)23288582,2025,8,7,17,6,臺中市,霧峰區,0,1,0,7,2,6,50,3,1,1,5,4,6,6,4,4,10,5,5,2,17,3,10,3,1,B03,7,9,1,8,2,4,,6,6,1,12,4,120.679272,24.06215,2
2568,66000,387130000C,(04)23274275,(04)23288582,2025,8,7,17,6,臺中市,大里區,0,1,0,7,2,6,50,3,1,1,5,4,6,6,4,4,10,5,5,2,15,2,9,2,1,C03,7,9,1,10,2,12,,15,15,1,12,4,120.667941,24.085196,2
2569,66000,387130000C,(04)23274275,(04)23288582,2025,8,7,17,7,臺中市,南區,0,0,0,7,,,50,,,,,,,,,,,,,,,,,,,B03,,,1,,2,,,49,49,1,6,4,120.653289,24.121969,3
2570,66000,387130000C,(04)23274275,(04)23288582,2025,8,7,17,7,臺中市,大里區,0,0,0,7,2,6,50,13,7,1,5,4,6,6,4,4,5,5,4,2,17,,,,,B03,,,1,,2,,,50,50,1,13,4,120.689019,24.107989,3
2571,66000,387130000C,(04)23274275,(04)23288582,2025,8,7,17,11,臺中市,北區,0,0,0,7,,,50,,,,,,,,,,,,,,,,,,,C03,,,1,,1,,,7,7,1,12,4,120.674363,24.163288,3
2572,66000,387130000C,(04)23274275,(04)23288582,2025,8,7,17,12,臺中市,霧峰區,0,0,0,7,,,40,,,,,,,,,,,,,,17,,,,,B03,,,1,,2,,,20,20,1,13,4,120.67071,24.043666,3
2573,66000,387130000C,(04)23274275,(04)23288582,2025,8,7,17,18,臺中市,潭子區,0,1,0,7,2,6,50,4,2,1,5,4,6,6,1,1,5,5,4,2,16,3,10,1,1,C03,7,5,1,10,2,13,,47,47,1,13,4,120.711013,24.229782,2
2574,66000,387130000C,(04)23274275,(04)23288582,2025,8,7,17,18,臺中市,西區,0,0,0,7,,,50,,,,,,,,,,,,,,13,,,,,B03,,,1,,1,,,59,59,1,12,4,120.66797,24.131235,3
2575,66000,387130000C,(04)23274275,(04)23288582,2025,8,7,17,20,臺中市,龍井區,0,2,0,7,2,6,50,13,9,1,5,4,6,6,4,4,10,5,5,2,17,2,8,5,4,C03,7,1,1,10,2,11,,51,51,1,12,4,120.584124,24.182638,2
2576,66000,387130000C,(04)23274275,(04)23288582,2025,8,7,17,21,臺中市,大里區,0,0,0,7,,,50,,,,,,,,,,,,,,13,,,,,C03,,,3,,2,,,7,7,1,6,4,120.703642,24.110481,3
2577,66000,387130000C,(04)23274275,(04)23288582,2025,8,7,17,22,臺中市,西屯區,0,0,0,7,,,40,,,,,,,,,,,,,,17,,,,,B03,,,1,,1,,,8,8,1,13,4,120.641174,24.156054,3
2578,66000,387130000C,(04)23274275,(04)23288582,2025,8,7,17,25,臺中市,北屯區,0,0,0,7,,,30,,,,,,,,,,,,,,17,,,,,B12,,,5,,9,,,84,84,2,12,4,120.697504,24.172444,3
2579,66000,387130000C,(04)23274275,(04)23288582,2025,8,7,17,25,臺中市,西屯區,0,0,0,7,,3,80,,,,,,,,,,,,,,13,,,,,B03,,,1,,1,,,7,7,1,13,4,120.651454,24.197795,3
2580,66000,387130000C,(04)23274275,(04)23288582,2025,8,7,17,28,臺中市,潭子區,0,0,0,7,,,50,,,,,,,,,,,,,,,,,,,B03,,,1,,2,,,49,49,1,13,4,120.692083,24.217056,3
2581,66000,387130000C,(04)23274275,(04)23288582,2025,8,7,17,28,臺中市,后里區,0,1,0,7,2,6,50,3,1,1,5,4,6,6,4,4,10,5,5,2,12,3,10,3,1,B03,7,6,1,8,2,4,,14,14,1,12,4,120.718611,24.29569,2
2582,66000,387130000C,(04)23274275,(04)23288582,2025,8,7,17,29,臺中市,北屯區,0,1,0,7,2,6,50,3,1,1,5,4,6,6,4,4,10,5,5,2,16,3,10,3,1,B03,7,5,1,7,2,5,,20,20,1,12,4,120.680361,24.192857,2
2583,66000,387130000C,(04)23274275,(04)23288582,2025,8,7,17,31,臺中市,大里區,0,1,0,7,2,6,50,3,1,1,5,4,6,6,4,4,5,5,5,1,16,3,10,1,1,C03,7,6,1,10,1,14,,14,14,1,13,4,120.68706,24.101035,2
2584,66000,387130000C,(04)23274275,(04)23288582,2025,8,7,17,33,臺中市,龍井區,0,0,0,7,,,50,,,,,,,,,,,,,,,,,,,B03,,,1,,1,,,11,11,1,12,4,120.573422,24.185409,3
2585,66000,387130000C,(04)23274275,(04)23288582,2025,8,7,17,34,臺中市,西區,0,0,0,7,,,30,,,,,,,,,,,,,,,,,,,B03,,,1,,1,,,84,84,1,6,4,120.664417,24.150086,3
2586,66000,387130000C,(04)23274275,(04)23288582,2025,8,7,17,40,臺中市,南屯區,0,0,0,7,,,50,,,,,,,,,,,,,,,,,,,C03,,,1,,1,,,50,50,1,6,4,120.649747,24.149798,3
2587,66000,387130000C,(04)23274275,(04)23288582,2025,8,7,17,41,臺中市,大里區,0,1,0,7,2,6,50,4,1,1,5,4,6,6,1,1,10,5,5,2,17,3,10,1,1,C03,7,5,1,10,2,12,,84,84,1,13,4,120.688849,24.079051,2
2588,66000,387130000C,(04)23274275,(04)23288582,2025,8,7,17,50,臺中市,西屯區,0,1,0,7,1,6,50,4,2,1,5,4,6,6,1,1,10,5,5,1,16,3,10,3,1,B03,7,5,1,8,2,8,,22,22,1,12,4,120.656109,24.169599,2
2589,66000,387130000C,(04)23274275,(04)23288582,2025,8,7,17,50,臺中市,沙鹿區,0,1,0,7,3,6,30,13,9,1,5,4,6,6,4,4,10,5,5,2,10,2,9,2,1,C03,7,9,1,10,2,11,,85,85,1,12,4,120.575809,24.2311,2
2590,66000,387130000C,(04)23274275,(04)23288582,2025,8,7,17,55,臺中市,西區,0,1,0,7,2,6,50,4,1,1,5,4,6,6,1,1,10,5,5,2,17,3,10,3,1,B03,7,9,1,8,2,5,,7,7,1,13,4,120.657262,24.140026,2
2591,66000,387130000C,(04)23274275,(04)23288582,2025,8,7,17,56,臺中市,北屯區,0,0,0,7,,,50,,,,,,,,,,,,,,13,,,,,C02,,,3,,2,,,7,7,1,12,4,120.683166,24.199047,3
2592,66000,387130000C,(04)23274275,(04)23288582,2025,8,7,18,0,臺中市,北屯區,0,0,0,7,,,50,,,,,,,,,,,,,,,,,,,C03,,,1,,1,,,7,7,1,12,4,120.699657,24.182576,3
2593,66000,387130000C,(04)23274275,(04)23288582,2025,8,7,18,0,臺中市,梧棲區,0,1,0,7,2,6,50,3,1,1,5,4,6,6,4,4,10,5,5,2,16,2,8,1,1,C03,7,6,1,10,2,12,,14,14,1,6,4,120.532148,24.266417,2
2594,66000,387130000C,(04)23274275,(04)23288582,2025,8,7,18,0,臺中市,新社區,0,0,0,7,,,30,,,,,,,,,,,,,,17,,,,,H04,,,7,,1,,,109,109,1,12,4,120.81042,24.244877,3
2595,66000,387130000C,(04)23274275,(04)23288582,2025,8,7,18,2,臺中市,南屯區,0,0,0,7,,,50,,,,,,,,,,,,,,,,,,,C03,,,3,,9,,,59,59,1,6,4,120.613295,24.153079,3
2596,66000,387130000C,(04)23274275,(04)23288582,2025,8,7,18,2,臺中市,北屯區,0,1,0,7,3,6,50,3,1,1,5,4,5,6,1,1,10,5,5,2,17,3,10,3,1,B03,7,6,1,8,2,1,,84,84,1,12,4,120.67686,24.192111,2
2597,66000,387130000C,(04)23274275,(04)23288582,2025,8,7,18,3,臺中市,太平區,0,1,0,7,2,6,50,4,4,1,5,4,6,6,2,1,5,2,5,2,13,2,9,2,1,C03,7,9,1,10,8,14,,53,53,1,12,4,120.715928,24.148832,2
2598,66000,387130000C,(04)23274275,(04)23288582,2025,8,7,18,10,臺中市,西區,0,0,0,7,,,50,,,,,,,,,,,,,,14,,,,,B03,,,1,,1,,,49,49,1,12,4,120.662421,24.135582,3
2599,66000,387130000C,(04)23274275,(04)23288582,2025,8,7,18,16,臺中市,中區,0,0,0,7,,,50,,,,,,,,,,,,,,,,,,,C03,,,1,,1,,,84,84,1,6,4,120.68184,24.145118,3
2600,66000,387130000C,(04)23274275,(04)23288582,2025,8,7,18,23,臺中市,北屯區,0,0,0,7,,,50,,,,,,,,,,,,,,17,,,,,,,,,,,,,119,119,1,,,120.674383,24.177514,3
2601,66000,387130000C,(04)23274275,(04)23288582,2025,8,7,18,24,臺中市,西區,0,0,0,7,,,50,,,,,,,,,,,,,,,,,,,B03,,,1,,1,,,45,45,1,12,4,120.660058,24.148857,3
2602,66000,387130000C,(04)23274275,(04)23288582,2025,8,7,18,24,臺中市,北區,0,0,0,7,3,6,50,18,7,1,5,4,6,6,4,4,3,4,4,2,17,,,,,B03,,,1,,1,,,59,59,1,13,4,120.678437,24.151962,3
2603,66000,387130000C,(04)23274275,(04)23288582,2025,8,7,18,24,臺中市,北屯區,0,0,0,7,,,50,,,,,,,,,,,,,,,,,,,C03,,,1,,1,,,77,77,1,6,4,120.726893,24.160226,3
2604,66000,387130000C,(04)23274275,(04)23288582,2025,8,7,18,25,臺中市,南區,0,3,0,7,2,6,50,13,9,1,5,4,6,6,4,4,1,4,5,2,13,2,9,1,1,C03,7,9,1,10,2,11,,84,84,1,12,4,120.663283,24.127917,2
2605,66000,387130000C,(04)23274275,(04)23288582,2025,8,7,18,27,臺中市,沙鹿區,0,0,0,7,,,50,,,,,,,,,,,,,,13,,,,,B03,,,1,,2,,,7,7,1,6,4,120.606243,24.247333,3
2606,66000,387130000C,(04)23274275,(04)23288582,2025,8,7,18,29,臺中市,烏日區,0,1,0,7,1,6,50,13,9,1,5,3,6,6,4,4,1,4,5,2,18,2,9,1,1,C03,7,9,1,10,2,11,12,84,84,1,6,4,120.61979,24.102232,2
2607,66000,387130000C,(04)23274275,(04)23288582,2025,8,7,18,36,臺中市,大甲區,0,1,0,7,3,6,50,5,1,1,5,4,6,6,1,1,10,5,5,2,17,3,10,5,4,B03,7,11,1,8,2,2,,45,45,1,6,4,120.618131,24.339063,2
2608,66000,387130000C,(04)23274275,(04)23288582,2025,8,7,18,37,臺中市,西區,0,1,0,6,1,6,50,3,9,1,5,4,6,6,4,4,5,5,5,2,17,3,10,3,1,B03,7,1,1,8,2,5,,51,51,1,12,4,120.657505,24.137864,2