序號,縣市別代碼,機關代碼,市話,傳真,年,月,日,時,分,縣市,區,死亡數量,受傷數量,2-30,天候,道路照明設備,道路類別,道路速限,道路型態,事故位置,路面鋪裝,路面狀態,路面缺陷,障礙物,視距,號誌種類,號誌動作,分向設施,快車道或一般車道間,快慢車道間,路面邊線,事故類型及型態,受傷程度,主要傷處,保護裝備,行動電話或功能裝置,當事者區分(類別),車輛用途,當事者行動狀態,駕照狀態,駕照種類,飲酒情形,車輛撞擊部位最初,車輛撞擊部位其他,肇事因素個別,肇事因素主要,肇事逃逸,職業,共享經濟或外送平台,GPS座標X,GPS座標Y,事故類別
2609,66000,387130000C,(04)23274275,(04)23288582,2025,8,7,18,38,臺中市,北屯區,0,0,0,7,,,50,,,,,,,,,,,,,,11,,,,,B03,,,1,,1,,,84,84,1,13,4,120.723029,24.164858,3
2610,66000,387130000C,(04)23274275,(04)23288582,2025,8,7,18,38,臺中市,北屯區,0,1,0,7,2,6,40,3,1,1,5,4,6,6,4,4,10,5,5,2,16,3,10,5,4,B03,7,5,1,8,2,2,,47,47,1,12,4,120.720748,24.175446,2
2611,66000,387130000C,(04)23274275,(04)23288582,2025,8,7,18,40,臺中市,豐原區,0,2,0,7,2,6,30,3,1,1,5,4,6,6,1,1,10,5,5,2,17,2,9,4,1,F01,7,11,7,21,2,12,,48,48,1,13,4,120.707976,24.239559,2
2612,66000,387130000C,(04)23274275,(04)23288582,2025,8,7,18,43,臺中市,西區,0,1,0,7,1,6,50,4,1,1,5,4,6,6,4,4,10,5,5,2,3,3,10,3,1,B03,7,15,1,8,2,1,,10,10,1,12,4,120.660911,24.150843,2
2613,66000,387130000C,(04)23274275,(04)23288582,2025,8,7,18,45,臺中市,梧棲區,0,2,0,7,1,6,50,4,1,1,5,4,6,6,4,4,10,5,5,2,17,2,4,5,1,F01,7,6,7,21,2,15,,85,85,1,6,4,120.53987,24.246889,2
2614,66000,387130000C,(04)23274275,(04)23288582,2025,8,7,18,49,臺中市,北區,0,0,0,7,2,6,50,4,2,1,5,4,6,6,1,1,5,4,5,2,12,3,10,1,1,C03,7,5,1,10,2,12,,47,47,1,12,4,120.669122,24.155341,3
2615,66000,387130000C,(04)23274275,(04)23288582,2025,8,7,18,50,臺中市,梧棲區,0,0,0,7,,,50,,,,,,,,,,,,,,16,,,,,B03,,,1,,1,,,14,14,1,12,4,120.53154,24.2589,3
2616,66000,387130000C,(04)23274275,(04)23288582,2025,8,7,18,51,臺中市,太平區,0,2,0,7,1,6,50,4,2,1,5,4,6,6,1,1,5,4,5,2,16,2,9,4,1,F01,7,6,7,21,2,11,,48,48,1,3,4,120.722961,24.15572,2
2617,66000,387130000C,(04)23274275,(04)23288582,2025,8,7,18,53,臺中市,北屯區,0,1,0,7,3,6,50,4,1,1,5,4,6,6,1,1,10,5,5,2,17,2,9,1,1,C03,7,9,1,10,1,11,,84,84,1,12,4,120.709636,24.174651,2
2618,66000,387130000C,(04)23274275,(04)23288582,2025,8,7,18,59,臺中市,西區,0,0,0,7,,,50,,,,,,,,,,,,,,,,,,,B03,,,1,,1,,,8,8,1,6,4,120.665429,24.153129,3
2619,66000,387130000C,(04)23274275,(04)23288582,2025,8,7,19,2,臺中市,西屯區,0,0,0,7,,,40,,,,,,,,,,,,,,14,,,,,B03,,,1,,2,,,49,49,1,13,4,120.666476,24.177148,3
2620,66000,387130000C,(04)23274275,(04)23288582,2025,8,7,19,5,臺中市,西屯區,0,0,0,7,,,30,,,,,,,,,,,,,,,,,,,C03,,,1,,1,,,15,15,1,12,4,120.616726,24.186458,3
2621,66000,387130000C,(04)23274275,(04)23288582,2025,8,7,19,11,臺中市,東區,0,0,0,7,,,50,,,,,,,,,,,,,,,,,,,B03,,,1,,2,,,8,8,1,13,4,120.694228,24.125016,3
2622,66000,387130000C,(04)23274275,(04)23288582,2025,8,7,19,11,臺中市,神岡區,0,0,0,7,1,6,50,3,1,1,5,4,6,6,1,1,10,5,4,2,14,,,,,B12,,,1,,1,,,49,49,1,12,4,120.712348,24.256851,3
2623,66000,387130000C,(04)23274275,(04)23288582,2025,8,7,19,17,臺中市,沙鹿區,0,1,0,7,2,6,50,13,9,1,5,4,6,6,4,4,3,4,4,2,17,3,10,3,1,B03,7,9,1,10,1,1,,7,7,1,13,4,120.563753,24.23275,2
2624,66000,387130000C,(04)23274275,(04)23288582,2025,8,7,19,19,臺中市,大雅區,0,0,0,7,,,50,,,,,,,,,,,,,,,,,,,B03,,,1,,2,,,84,84,1,12,4,120.654844,24.229504,3
2625,66000,387130000C,(04)23274275,(04)23288582,2025,8,7,19,27,臺中市,霧峰區,0,0,0,7,,,50,,,,,,,,,,,,,,17,,,,,B02,,,1,,2,,,84,84,1,13,4,120.69695,24.063536,4
2626,66000,387130000C,(04)23274275,(04)23288582,2025,8,7,19,27,臺中市,大肚區,0,0,0,7,,,30,,,,,,,,,,,,,,,,,,,C03,,,1,,2,,,41,41,1,6,4,120.55354,24.121092,3
2627,66000,387130000C,(04)23274275,(04)23288582,2025,8,7,19,28,臺中市,西屯區,0,0,0,7,,,30,,,,,,,,,,,,,,17,,,,,B03,,,1,,2,,,48,48,1,12,4,120.617491,24.17647,3
2628,66000,387130000C,(04)23274275,(04)23288582,2025,8,7,19,40,臺中市,沙鹿區,0,0,0,7,,,50,,,,,,,,,,,,,,13,,,,,B03,,,1,,2,,,7,7,1,12,4,120.614547,24.240301,3
2629,66000,387130000C,(04)23274275,(04)23288582,2025,8,7,19,41,臺中市,豐原區,0,1,0,7,1,6,30,13,24,1,5,4,6,6,4,4,10,5,5,2,30,2,9,5,4,C03,7,9,1,10,2,14,,84,84,1,13,4,120.701646,24.240374,2
2630,66000,387130000C,(04)23274275,(04)23288582,2025,8,7,19,42,臺中市,北區,0,0,0,7,,,50,,,,,,,,,,,,,,,,,,,B11,,,1,,1,,,51,51,1,12,4,120.665066,24.16113,4
2631,66000,387130000C,(04)23274275,(04)23288582,2025,8,7,19,43,臺中市,西屯區,0,0,0,7,,,30,,,,,,,,,,,,,,14,,,,,B11,,,1,,2,,,49,49,1,13,4,120.618375,24.188399,3
2632,66000,387130000C,(04)23274275,(04)23288582,2025,8,7,19,48,臺中市,太平區,0,0,0,5,,,50,,,,,,,,,,,,,,,,,,,B03,,,1,,9,,,20,20,1,6,4,120.709429,24.135531,3
2633,66000,387130000C,(04)23274275,(04)23288582,2025,8,7,20,5,臺中市,北區,0,0,0,7,1,6,50,4,1,1,5,4,6,6,1,1,10,5,5,2,17,,,,,B03,,,1,,1,,,59,59,1,13,4,120.679311,24.149775,3
2634,66000,387130000C,(04)23274275,(04)23288582,2025,8,7,20,5,臺中市,清水區,0,0,0,7,,,40,,,,,,,,,,,,,,,,,,,B03,,,1,,2,,,49,49,1,12,4,120.540009,24.288799,3
2635,66000,387130000C,(04)23274275,(04)23288582,2025,8,7,20,10,臺中市,南屯區,0,2,0,7,2,6,50,3,2,1,5,4,6,6,1,1,9,5,5,2,17,2,9,2,1,C03,7,6,1,10,2,11,,4,4,1,13,4,120.635452,24.149944,2
2636,66000,387130000C,(04)23274275,(04)23288582,2025,8,7,20,10,臺中市,豐原區,0,1,0,7,1,6,50,3,4,1,5,4,6,6,1,1,1,5,5,1,13,3,10,1,1,C03,7,9,1,10,2,11,,7,7,1,12,4,120.722248,24.276815,2
2637,66000,387130000C,(04)23274275,(04)23288582,2025,8,7,20,12,臺中市,西屯區,0,1,0,7,1,6,50,3,1,1,5,4,6,6,3,1,10,5,5,1,17,3,10,1,1,C03,7,6,1,10,9,16,,4,4,1,12,4,120.665197,24.178228,2
2638,66000,387130000C,(04)23274275,(04)23288582,2025,8,7,20,16,臺中市,北屯區,0,0,0,7,,,50,,,,,,,,,,,,,,14,,,,,B03,,,1,,11,,,49,49,1,12,4,120.718666,24.172233,3
2639,66000,387130000C,(04)23274275,(04)23288582,2025,8,7,20,19,臺中市,西屯區,0,0,0,7,,,50,,,,,,,,,,,,,,,,,,,C04,,,1,,2,,,42,42,1,12,4,120.605915,24.161592,3
2640,66000,387130000C,(04)23274275,(04)23288582,2025,8,7,20,19,臺中市,烏日區,0,2,0,7,1,6,70,13,8,1,5,4,6,6,4,4,1,4,4,1,13,2,7,1,1,C03,7,9,1,10,2,12,,84,84,1,6,4,120.598719,24.11117,2
2641,66000,387130000C,(04)23274275,(04)23288582,2025,8,7,20,24,臺中市,清水區,0,2,0,7,3,6,50,3,2,1,5,4,6,6,4,4,9,4,5,1,13,2,9,1,1,C03,7,9,1,10,2,11,,59,59,1,12,4,120.571219,24.263169,2
2642,66000,387130000C,(04)23274275,(04)23288582,2025,8,7,20,52,臺中市,西屯區,0,1,0,7,1,6,40,13,8,1,5,4,6,6,4,4,1,4,5,2,30,2,9,5,4,C03,7,9,1,10,2,15,,84,84,1,13,4,120.591109,24.184021,2
2643,66000,387130000C,(04)23274275,(04)23288582,2025,8,7,21,0,臺中市,大里區,0,0,0,6,,,40,,,,,,,,,,,,,,17,,,,,F01,,,7,,2,,,14,14,1,13,4,120.713625,24.084459,3
2644,66000,387130000C,(04)23274275,(04)23288582,2025,8,7,21,15,臺中市,南屯區,0,1,0,7,3,6,50,13,8,1,5,4,6,6,4,4,1,4,1,2,18,2,9,1,1,F01,7,9,7,21,1,14,,59,59,1,12,4,120.6227,24.144239,2
2645,66000,387130000C,(04)23274275,(04)23288582,2025,8,7,21,20,臺中市,南區,0,0,0,7,,,50,,,,,,,,,,,,,,13,,,,,B03,,,1,,1,,,7,7,1,6,4,120.65422,24.123306,3
2646,66000,387130000C,(04)23274275,(04)23288582,2025,8,7,21,20,臺中市,西屯區,0,0,0,7,,,50,,,,,,,,,,,,,,17,,,,,C03,,,3,,2,,,85,85,1,13,4,120.637312,24.173196,3
2647,66000,387130000C,(04)23274275,(04)23288582,2025,8,7,21,25,臺中市,西屯區,0,0,0,7,,,50,,,,,,,,,,,,,,30,,,,,B03,,,1,,1,,,59,59,1,13,4,120.656169,24.170212,3
2648,66000,387130000C,(04)23274275,(04)23288582,2025,8,7,21,25,臺中市,豐原區,0,0,0,7,,,60,,,,,,,,,,,,,,12,,,,,B03,,,1,,1,,,40,40,1,13,4,120.707312,24.237294,3
2649,66000,387130000C,(04)23274275,(04)23288582,2025,8,7,21,28,臺中市,南區,0,0,0,7,,,50,,,,,,,,,,,,,,17,,,,,C03,,,1,,1,,,84,84,1,12,4,120.666579,24.118497,3
2650,66000,387130000C,(04)23274275,(04)23288582,2025,8,7,21,30,臺中市,梧棲區,0,1,0,7,3,6,30,13,9,1,5,2,6,6,4,4,10,5,5,2,18,2,9,2,1,C03,7,9,1,10,2,12,,83,83,1,12,4,120.547457,24.231946,2
2651,66000,387130000C,(04)23274275,(04)23288582,2025,8,7,21,36,臺中市,霧峰區,0,1,0,7,1,6,50,13,9,1,5,3,6,6,1,1,5,5,5,1,18,2,9,2,1,C03,7,9,1,10,2,12,,84,84,1,13,4,120.69406,24.0132,2
2652,66000,387130000C,(04)23274275,(04)23288582,2025,8,7,21,40,臺中市,烏日區,0,0,0,7,,,60,,,,,,,,,,,,,,14,,,,,B03,,,1,,1,,,49,49,1,6,4,120.653314,24.089932,3
2653,66000,387130000C,(04)23274275,(04)23288582,2025,8,7,21,43,臺中市,龍井區,0,1,0,7,1,6,40,13,8,1,5,4,6,6,4,4,10,5,1,1,17,2,9,5,4,C03,7,9,1,10,2,12,,8,8,1,6,4,120.574469,24.179235,2
2654,66000,387130000C,(04)23274275,(04)23288582,2025,8,7,21,47,臺中市,西區,0,2,0,7,1,6,50,4,2,1,5,4,6,6,4,4,10,5,5,2,17,2,9,5,4,F01,7,8,7,21,2,11,,40,40,1,12,4,120.656664,24.156113,2
2655,66000,387130000C,(04)23274275,(04)23288582,2025,8,7,21,52,臺中市,西區,0,1,0,7,1,6,50,4,1,1,5,4,1,6,1,1,10,5,5,2,13,2,9,1,1,C03,7,9,1,10,2,11,,7,7,1,12,4,120.667305,24.140607,2
2656,66000,387130000C,(04)23274275,(04)23288582,2025,8,7,21,52,臺中市,大里區,0,0,0,7,,,50,,,,,,,,,,,,,,13,,,,,B03,,,5,,1,,,56,56,1,13,4,120.679689,24.074923,3
2657,66000,387130000C,(04)23274275,(04)23288582,2025,8,7,21,56,臺中市,北區,0,1,0,7,1,6,50,3,19,1,5,4,6,6,1,1,5,4,5,2,3,3,10,3,1,B03,7,6,1,8,2,1,,10,10,1,12,4,120.669237,24.166839,2
2658,66000,387130000C,(04)23274275,(04)23288582,2025,8,7,21,58,臺中市,大雅區,0,0,0,7,,,50,,,,,,,,,,,,,,,,,,,B03,,,1,,2,,,84,84,1,12,4,120.650101,24.221358,3
2659,66000,387130000C,(04)23274275,(04)23288582,2025,8,7,22,0,臺中市,后里區,0,1,0,7,2,6,40,13,8,1,5,4,6,6,4,4,9,4,4,1,17,2,9,1,1,C03,7,9,1,10,2,12,,59,59,1,6,4,120.691041,24.31418,2
2660,66000,387130000C,(04)23274275,(04)23288582,2025,8,7,22,2,臺中市,西區,0,0,0,6,,,50,,,,,,,,,,,,,,,,,,,B03,,,1,,1,,,40,40,1,12,4,120.67016,24.130785,3
2661,66000,387130000C,(04)23274275,(04)23288582,2025,8,7,22,10,臺中市,北區,0,1,0,7,1,6,40,13,7,1,5,4,6,6,4,4,1,4,4,2,17,3,10,3,1,B03,7,1,1,8,9,16,,51,51,1,13,4,120.664493,24.162074,2
2662,66000,387130000C,(04)23274275,(04)23288582,2025,8,7,22,18,臺中市,龍井區,0,1,0,7,1,6,50,13,7,1,5,4,6,6,4,4,1,3,4,2,13,2,3,2,1,C03,7,9,1,10,1,11,,7,7,1,6,4,120.549878,24.209222,2
2663,66000,387130000C,(04)23274275,(04)23288582,2025,8,7,22,20,臺中市,北區,0,0,0,7,3,6,50,4,2,1,5,4,6,6,2,1,10,5,5,2,17,,,,,C03,,,1,,1,,,7,7,1,13,4,120.682619,24.145873,3
2664,66000,387130000C,(04)23274275,(04)23288582,2025,8,7,22,26,臺中市,西屯區,0,0,0,7,,,50,,,,,,,,,,,,,,,,,,,B03,,,4,,2,,,40,40,1,12,4,120.6162,24.170923,3
2665,66000,387130000C,(04)23274275,(04)23288582,2025,8,7,22,28,臺中市,南屯區,0,0,0,7,,,50,,,,,,,,,,,,,,17,,,,,C03,,,1,,2,,,84,84,1,12,4,120.651201,24.136268,3
2666,66000,387130000C,(04)23274275,(04)23288582,2025,8,7,22,55,臺中市,潭子區,0,0,0,7,,,30,,,,,,,,,,,,,,,,,,,B03,,,3,,11,,,49,49,1,12,4,120.695043,24.222152,3
2667,66000,387130000C,(04)23274275,(04)23288582,2025,8,7,23,7,臺中市,西區,0,2,0,7,1,6,30,4,1,1,5,4,6,6,4,4,10,5,5,2,17,2,9,5,4,C03,7,9,1,10,2,14,,20,20,1,12,4,120.659483,24.145799,2
2668,66000,387130000C,(04)23274275,(04)23288582,2025,8,7,23,16,臺中市,龍井區,0,0,0,7,1,6,40,13,8,1,5,4,6,6,2,1,3,4,3,2,13,3,10,1,1,C03,7,9,1,10,1,11,,59,59,1,13,4,120.592588,24.182936,3
2669,66000,387130000C,(04)23274275,(04)23288582,2025,8,7,23,16,臺中市,大肚區,0,0,0,7,1,6,50,13,9,1,5,4,6,6,4,4,5,5,5,1,14,3,10,3,1,A11,7,2,1,3,2,6,,49,49,1,6,4,120.580384,24.171957,3
2670,66000,387130000C,(04)23274275,(04)23288582,2025,8,7,23,24,臺中市,北區,0,1,0,7,1,6,50,3,1,1,5,4,6,6,4,4,10,5,5,2,17,2,9,5,4,C03,7,15,1,10,2,14,,84,84,1,13,4,120.673253,24.169925,2
2671,66000,387130000C,(04)23274275,(04)23288582,2025,8,7,23,32,臺中市,龍井區,0,0,0,7,,,50,,,,,,,,,,,,,,,,,,,B03,,,1,,2,,,24,24,1,6,5,120.539193,24.206425,3
2672,66000,387130000C,(04)23274275,(04)23288582,2025,8,7,23,47,臺中市,西屯區,0,1,0,7,1,6,50,4,1,1,5,4,6,6,2,1,9,4,5,2,13,3,10,5,4,C03,7,9,1,10,2,11,,7,7,1,13,4,120.645137,24.17677,2
2673,66000,387130000C,(04)23274275,(04)23288582,2025,8,8,0,15,臺中市,南屯區,0,0,0,7,1,6,50,13,9,1,5,4,6,6,4,4,9,5,5,2,14,,,,,B03,,,1,,2,,,49,49,1,12,4,120.627228,24.141127,3
2674,66000,387130000C,(04)23274275,(04)23288582,2025,8,8,0,18,臺中市,北屯區,0,1,0,7,1,6,50,13,8,1,5,4,6,6,4,4,9,5,4,2,17,2,9,1,1,C03,7,9,1,10,2,11,,59,59,1,6,4,120.660518,24.182554,2
2675,66000,387130000C,(04)23274275,(04)23288582,2025,8,8,0,21,臺中市,大雅區,0,0,0,7,,,30,,,,,,,,,,,,,,,,,,,C03,,,1,,2,,,14,14,1,12,4,120.655064,24.212726,3
2676,66000,387130000C,(04)23274275,(04)23288582,2025,8,8,0,24,臺中市,西屯區,0,1,0,7,1,6,50,3,1,1,5,4,6,6,3,1,5,4,4,2,16,3,10,5,4,B03,7,6,1,8,2,7,,24,24,1,12,4,120.647056,24.165648,2
2677,66000,387130000C,(04)23274275,(04)23288582,2025,8,8,0,45,臺中市,北屯區,0,0,0,7,,,50,,,,,,,,,,,,,,9,,,,,,,,,,,,,85,85,1,,,120.72365,24.180441,4
2678,66000,387130000C,(04)23274275,(04)23288582,2025,8,8,0,54,臺中市,太平區,0,0,0,7,,,30,,,,,,,,,,,,,,14,,,,,B03,,,1,,2,,,49,49,1,6,4,120.707651,24.15675,3
2679,66000,387130000C,(04)23274275,(04)23288582,2025,8,8,1,5,臺中市,霧峰區,0,1,0,7,1,6,60,3,1,1,5,4,6,6,1,1,3,4,5,2,23,2,7,3,1,B03,7,5,1,8,2,1,,84,84,1,13,4,120.692374,24.045671,2
2680,66000,387130000C,(04)23274275,(04)23288582,2025,8,8,1,9,臺中市,豐原區,0,1,0,7,1,6,50,4,1,1,5,4,6,6,1,1,1,4,4,2,18,,,,,,,,,,,,,119,119,1,,,120.72981,24.255086,2
2681,66000,387130000C,(04)23274275,(04)23288582,2025,8,8,1,29,臺中市,西屯區,0,1,0,7,1,6,50,4,2,1,5,4,6,6,2,1,1,4,5,2,13,3,10,5,4,B03,7,1,1,8,1,1,,84,84,1,12,4,120.64669,24.156011,2
2682,66000,387130000C,(04)23274275,(04)23288582,2025,8,8,1,40,臺中市,太平區,0,0,0,7,,,30,,,,,,,,,,,,,,17,,,,,B01,,,1,,2,,,59,59,1,6,4,120.716961,24.141347,3
2683,66000,387130000C,(04)23274275,(04)23288582,2025,8,8,2,18,臺中市,西屯區,0,1,0,7,2,6,50,4,1,1,5,4,6,6,2,1,9,5,4,2,12,3,10,5,4,B03,7,5,1,1,2,2,,47,47,1,13,4,120.648294,24.167899,2
2684,66000,387130000C,(04)23274275,(04)23288582,2025,8,8,2,32,臺中市,西屯區,0,0,0,6,,,30,,,,,,,,,,,,,,,,,,,B12,,,1,,2,,,49,49,1,13,4,120.634369,24.170659,3
2685,66000,387130000C,(04)23274275,(04)23288582,2025,8,8,5,7,臺中市,太平區,0,1,0,7,1,6,50,13,9,1,5,4,6,6,4,4,9,4,5,2,3,3,10,1,1,C03,7,9,1,10,2,11,,58,58,1,6,4,120.702448,24.154649,2
2686,66000,387130000C,(04)23274275,(04)23288582,2025,8,8,6,23,臺中市,大安區,0,1,0,7,2,6,40,13,9,1,5,4,6,6,4,4,6,3,5,1,10,2,9,1,1,C03,7,10,1,10,2,11,,40,40,1,12,4,120.599619,24.372278,2
2687,66000,387130000C,(04)23274275,(04)23288582,2025,8,8,6,29,臺中市,石岡區,0,0,0,7,,,70,,,,,,,,,,,,,,12,,,,,B03,,,1,,2,,,85,85,1,13,4,120.791415,24.272763,3
2688,66000,387130000C,(04)23274275,(04)23288582,2025,8,8,6,30,臺中市,北區,0,0,0,7,,,50,,,,,,,,,,,,,,17,,,,,B12,,,1,,1,,,76,76,1,13,4,120.681663,24.147573,3
2689,66000,387130000C,(04)23274275,(04)23288582,2025,8,8,6,30,臺中市,西屯區,0,0,0,7,2,6,50,13,9,1,5,4,6,6,1,1,1,4,5,2,13,,,,,C03,,,1,,2,,,84,84,1,13,4,120.657995,24.200981,3
2690,66000,387130000C,(04)23274275,(04)23288582,2025,8,8,6,41,臺中市,北屯區,0,0,0,7,,,50,,,,,,,,,,,,,,12,,,,,B12,,,1,,9,,,8,8,1,12,4,120.693307,24.178765,3
2691,66000,387130000C,(04)23274275,(04)23288582,2025,8,8,6,50,臺中市,豐原區,0,0,0,7,,,30,,,,,,,,,,,,,,24,,,,,B03,,,1,,2,,,59,59,1,12,4,120.730672,24.250271,3
2692,66000,387130000C,(04)23274275,(04)23288582,2025,8,8,6,55,臺中市,北屯區,0,0,0,7,,,50,,,,,,,,,,,,,,13,,,,,C03,,,1,,1,,,7,7,1,6,4,120.726869,24.171761,3
2693,66000,387130000C,(04)23274275,(04)23288582,2025,8,8,7,0,臺中市,太平區,0,1,0,7,2,6,30,3,1,1,5,4,6,6,4,4,10,5,5,2,16,2,9,1,1,C03,7,6,1,10,2,14,,14,14,1,6,4,120.719485,24.15213,2
2694,66000,387130000C,(04)23274275,(04)23288582,2025,8,8,7,0,臺中市,龍井區,0,0,0,7,,,60,,,,,,,,,,,,,,,,,,,A41,,,1,,1,,,40,40,1,6,4,120.511014,24.228994,3
2695,66000,387130000C,(04)23274275,(04)23288582,2025,8,8,7,2,臺中市,北區,0,0,0,7,,,50,,,,,,,,,,,,,,15,,,,,B03,,,1,,1,,,12,12,1,13,4,120.674177,24.147112,3
2696,66000,387130000C,(04)23274275,(04)23288582,2025,8,8,7,5,臺中市,大里區,0,1,0,7,3,6,50,3,9,1,5,4,6,6,4,4,5,4,5,1,18,2,9,1,1,C03,7,9,1,10,2,14,,84,84,1,12,4,120.702808,24.110998,2
2697,66000,387130000C,(04)23274275,(04)23288582,2025,8,8,7,8,臺中市,北屯區,0,0,0,7,,,50,,,,,,,,,,,,,,13,,,,,C03,,,1,,2,,,7,7,1,12,4,120.719597,24.163099,3
2698,66000,387130000C,(04)23274275,(04)23288582,2025,8,8,7,10,臺中市,后里區,0,0,0,7,2,6,30,13,14,1,5,4,6,6,4,4,10,5,5,2,14,3,10,3,1,A11,7,2,1,3,2,6,,49,49,1,12,4,120.715838,24.307803,3
2699,66000,387130000C,(04)23274275,(04)23288582,2025,8,8,7,11,臺中市,南區,0,0,0,7,,,50,,,,,,,,,,,,,,13,,,,,C03,,,1,,1,,,7,7,1,12,2,120.66683,24.121058,3
2700,66000,387130000C,(04)23274275,(04)23288582,2025,8,8,7,15,臺中市,北屯區,0,0,0,7,,,50,,,,,,,,,,,,,,17,,,,,B03,,,1,,3,,,59,59,1,12,4,120.685449,24.173934,3
2701,66000,387130000C,(04)23274275,(04)23288582,2025,8,8,7,15,臺中市,清水區,0,0,0,7,3,6,50,13,7,1,5,4,6,6,1,1,1,4,4,2,12,3,10,3,1,B12,7,8,1,8,5,7,,40,40,1,12,4,120.574456,24.265638,3
2702,66000,387130000C,(04)23274275,(04)23288582,2025,8,8,7,18,臺中市,南區,0,0,0,7,,,50,,,,,,,,,,,,,,13,,,,,B03,,,1,,2,,,7,7,1,12,4,120.663909,24.11688,3
2703,66000,387130000C,(04)23274275,(04)23288582,2025,8,8,7,20,臺中市,西屯區,0,1,0,7,2,6,50,3,1,1,5,4,6,6,4,4,10,5,5,2,17,2,9,2,1,C03,7,1,1,10,2,12,,51,51,1,12,4,120.642689,24.196454,2
2704,66000,387130000C,(04)23274275,(04)23288582,2025,8,8,7,20,臺中市,霧峰區,0,2,0,7,2,6,50,3,1,1,5,4,6,6,4,4,10,5,5,2,17,2,9,2,1,F01,7,1,7,21,2,12,,51,51,1,6,4,120.69292,24.066027,2
2705,66000,387130000C,(04)23274275,(04)23288582,2025,8,8,7,25,臺中市,南區,0,2,0,7,3,6,40,13,8,1,5,4,5,6,4,4,1,4,4,2,17,2,7,5,4,B03,7,9,1,8,2,5,,84,84,1,12,4,120.649052,24.11152,2
2706,66000,387130000C,(04)23274275,(04)23288582,2025,8,8,7,25,臺中市,大里區,0,1,0,7,2,6,50,13,7,1,5,4,6,6,4,4,1,4,4,1,30,2,9,1,1,C03,7,9,1,10,2,11,,87,87,1,12,4,120.667416,24.10534,2
2707,66000,387130000C,(04)23274275,(04)23288582,2025,8,8,7,26,臺中市,南屯區,0,1,0,7,3,6,40,13,9,1,5,4,6,6,1,1,5,5,5,2,17,2,9,2,4,C03,7,9,1,10,2,12,,83,83,1,6,4,120.635174,24.138736,2
2708,66000,387130000C,(04)23274275,(04)23288582,2025,8,8,7,26,臺中市,南屯區,0,0,0,7,,,60,,,,,,,,,,,,,,13,,,,,C03,,,1,,2,,,59,59,1,12,4,120.628928,24.145016,4
2709,66000,387130000C,(04)23274275,(04)23288582,2025,8,8,7,27,臺中市,烏日區,0,1,0,7,3,6,50,13,8,1,5,4,6,6,1,1,5,4,4,2,17,3,10,3,1,B03,7,14,1,8,1,2,,76,76,1,6,4,120.634941,24.10496,2
2710,66000,387130000C,(04)23274275,(04)23288582,2025,8,8,7,30,臺中市,大甲區,0,0,0,7,,,,,,,,,,,,,,,,,,,,,,,,,,,,,,119,119,1,,,120.625453,24.355682,3
2711,66000,387130000C,(04)23274275,(04)23288582,2025,8,8,7,32,臺中市,西區,0,2,0,7,2,6,50,13,9,1,5,4,6,6,4,4,5,4,5,2,17,2,9,1,1,C03,7,7,1,10,2,13,,40,40,1,6,4,120.655686,24.134924,2
2712,66000,387130000C,(04)23274275,(04)23288582,2025,8,8,7,33,臺中市,龍井區,0,1,0,7,3,6,40,13,7,1,5,4,6,6,4,4,1,4,1,1,18,2,9,1,1,C03,7,9,1,10,2,14,,59,59,1,6,4,120.511175,24.223508,2
2713,66000,387130000C,(04)23274275,(04)23288582,2025,8,8,7,34,臺中市,豐原區,0,0,0,7,,,50,,,,,,,,,,,,,,13,,,,,B03,,,1,,2,,,82,82,1,13,4,120.757399,24.275575,3
2714,66000,387130000C,(04)23274275,(04)23288582,2025,8,8,7,35,臺中市,大肚區,0,2,0,7,2,6,50,13,9,1,5,4,6,6,4,4,9,5,5,1,17,2,9,1,1,C04,7,9,1,1,2,14,,8,8,1,6,4,120.578365,24.167158,2
2715,66000,387130000C,(04)23274275,(04)23288582,2025,8,8,7,36,臺中市,大雅區,0,1,0,7,2,6,50,3,1,1,5,4,6,6,4,4,5,2,5,1,16,2,7,2,1,C03,7,6,1,10,2,13,,20,20,1,13,4,120.650116,24.220745,2
2716,66000,387130000C,(04)23274275,(04)23288582,2025,8,8,7,36,臺中市,沙鹿區,0,0,0,7,,,50,,,,,,,,,,,,,,,,,,,B03,,,1,,2,,,49,49,1,13,4,120.579692,24.215047,3
2717,66000,387130000C,(04)23274275,(04)23288582,2025,8,8,7,37,臺中市,西屯區,0,0,0,7,,,40,,,,,,,,,,,,,,13,,,,,C03,,,1,,1,,,7,7,1,12,4,120.616554,24.182665,3
2718,66000,387130000C,(04)23274275,(04)23288582,2025,8,8,7,38,臺中市,南區,0,2,0,7,2,6,50,4,1,1,5,4,6,6,1,1,1,2,4,2,15,2,9,1,1,C03,7,9,1,10,2,12,,85,85,1,13,4,120.677918,24.129093,2
2719,66000,387130000C,(04)23274275,(04)23288582,2025,8,8,7,41,臺中市,西區,0,0,0,7,,,50,,,,,,,,,,,,,,13,,,,,B03,,,1,,2,,,84,84,1,11,4,120.662609,24.155678,3
2720,66000,387130000C,(04)23274275,(04)23288582,2025,8,8,7,41,臺中市,梧棲區,0,0,0,7,,,60,,,,,,,,,,,,,,14,,,,,B03,,,1,,1,,,49,49,1,6,4,120.535455,24.247203,3
2721,66000,387130000C,(04)23274275,(04)23288582,2025,8,8,7,41,臺中市,大甲區,0,1,0,7,3,6,50,4,2,1,5,4,6,6,4,4,10,5,5,2,17,2,9,5,4,C03,7,6,1,10,2,12,,14,14,1,6,4,120.632053,24.342094,2