序號,縣市別代碼,機關代碼,市話,傳真,年,月,日,時,分,縣市,區,死亡數量,受傷數量,2-30,天候,道路照明設備,道路類別,道路速限,道路型態,事故位置,路面鋪裝,路面狀態,路面缺陷,障礙物,視距,號誌種類,號誌動作,分向設施,快車道或一般車道間,快慢車道間,路面邊線,事故類型及型態,受傷程度,主要傷處,保護裝備,行動電話或功能裝置,當事者區分(類別),車輛用途,當事者行動狀態,駕照狀態,駕照種類,飲酒情形,車輛撞擊部位最初,車輛撞擊部位其他,肇事因素個別,肇事因素主要,肇事逃逸,職業,共享經濟或外送平台,GPS座標X,GPS座標Y,事故類別
2722,66000,387130000C,(04)23274275,(04)23288582,2025,8,8,7,42,臺中市,大雅區,0,1,0,7,3,6,50,3,2,1,5,4,6,6,4,4,5,2,5,1,17,2,9,1,1,C03,7,9,1,10,2,14,,84,84,1,12,4,120.604016,24.228581,2
2723,66000,387130000C,(04)23274275,(04)23288582,2025,8,8,7,44,臺中市,南屯區,0,2,0,7,2,6,50,13,12,1,5,4,6,6,4,4,1,4,5,2,13,2,8,2,1,C03,7,9,1,10,2,11,,7,7,1,12,4,120.622749,24.150024,2
2724,66000,387130000C,(04)23274275,(04)23288582,2025,8,8,7,45,臺中市,北屯區,0,1,0,7,2,6,30,4,2,1,5,4,6,6,1,1,10,5,5,2,17,3,10,1,1,C03,7,6,1,10,2,12,,84,84,1,6,4,120.718558,24.170169,2
2725,66000,387130000C,(04)23274275,(04)23288582,2025,8,8,7,47,臺中市,北區,0,1,0,7,2,6,50,4,1,1,5,4,6,6,1,1,10,5,5,2,15,3,10,5,4,B03,7,9,1,8,2,5,,21,21,1,12,4,120.677171,24.165195,2
2726,66000,387130000C,(04)23274275,(04)23288582,2025,8,8,7,48,臺中市,北屯區,0,2,0,7,3,6,50,5,1,1,5,4,6,6,2,1,10,5,5,2,17,2,9,2,1,C03,7,9,1,10,2,11,,84,84,1,12,4,120.73042,24.177167,2
2727,66000,387130000C,(04)23274275,(04)23288582,2025,8,8,7,48,臺中市,大甲區,0,0,0,7,,,30,,,,,,,,,,,,,,,,,,,C01,,,1,,2,,,85,85,1,6,4,120.629289,24.354187,3
2728,66000,387130000C,(04)23274275,(04)23288582,2025,8,8,7,49,臺中市,沙鹿區,0,1,0,7,2,6,50,13,14,1,5,4,6,6,4,4,5,5,5,1,17,3,10,3,1,B03,7,13,1,8,2,4,,76,76,1,12,4,120.601406,24.258479,2
2729,66000,387130000C,(04)23274275,(04)23288582,2025,8,8,7,50,臺中市,清水區,0,1,0,7,3,6,50,3,1,1,5,4,6,6,4,4,5,4,4,2,16,3,10,3,1,B03,7,6,1,8,2,7,,12,12,1,12,4,120.579002,24.269878,2
2730,66000,387130000C,(04)23274275,(04)23288582,2025,8,8,7,53,臺中市,烏日區,0,0,0,7,,,50,,,,,,,,,,,,,,17,,,,,B03,,,1,,2,,,50,50,1,6,4,120.625056,24.105713,3
2731,66000,387130000C,(04)23274275,(04)23288582,2025,8,8,7,55,臺中市,東區,0,3,0,7,2,6,50,4,4,1,5,4,6,6,2,1,10,5,5,2,16,2,9,2,1,C03,7,6,5,10,9,14,,48,48,2,12,4,120.692175,24.142743,2
2732,66000,387130000C,(04)23274275,(04)23288582,2025,8,8,7,56,臺中市,西屯區,0,2,0,7,3,6,50,3,1,1,5,4,6,6,4,4,9,5,5,2,16,2,9,5,4,C03,7,4,3,19,2,12,,1,1,1,12,4,120.591786,24.179088,2
2733,66000,387130000C,(04)23274275,(04)23288582,2025,8,8,7,56,臺中市,大肚區,0,0,0,7,,,30,,,,,,,,,,,,,,17,,,,,B03,,,1,,2,,,59,59,1,6,4,120.540359,24.150689,3
2734,66000,387130000C,(04)23274275,(04)23288582,2025,8,8,7,57,臺中市,北屯區,0,0,0,7,,,50,,,,,,,,,,,,,,17,,,,,B03,,,1,,1,,,58,58,1,12,4,120.697309,24.185323,3
2735,66000,387130000C,(04)23274275,(04)23288582,2025,8,8,7,59,臺中市,潭子區,0,0,0,7,,,50,,,,,,,,,,,,,,,,,,,B03,,,1,,2,,,84,84,1,13,4,120.70556,24.215645,3
2736,66000,387130000C,(04)23274275,(04)23288582,2025,8,8,7,59,臺中市,霧峰區,0,1,0,7,2,6,50,5,1,1,5,4,6,6,1,1,10,5,5,2,16,2,9,5,4,C03,7,6,1,10,2,11,,48,48,1,12,4,120.693224,24.073242,2
2737,66000,387130000C,(04)23274275,(04)23288582,2025,8,8,8,2,臺中市,北屯區,0,0,0,7,,,50,,,,,,,,,,,,,,13,,,,,C03,,,1,,1,,,7,7,1,12,4,120.667246,24.180295,3
2738,66000,387130000C,(04)23274275,(04)23288582,2025,8,8,8,2,臺中市,北屯區,0,2,0,7,2,6,50,13,9,1,5,4,6,6,4,4,5,4,5,2,14,3,10,3,1,B03,7,2,1,8,2,3,,49,49,1,12,4,120.722421,24.158873,2
2739,66000,387130000C,(04)23274275,(04)23288582,2025,8,8,8,2,臺中市,梧棲區,0,0,0,7,,,30,,,,,,,,,,,,,,20,,,,,B03,,,1,,2,,,54,54,1,6,4,120.52462,24.23093,3
2740,66000,387130000C,(04)23274275,(04)23288582,2025,8,8,8,3,臺中市,潭子區,0,0,0,7,,,30,,,,,,,,,,,,,,,,,,,B03,,,1,,2,,,14,14,1,13,4,120.681665,24.229756,3
2741,66000,387130000C,(04)23274275,(04)23288582,2025,8,8,8,5,臺中市,潭子區,0,1,0,7,3,6,50,5,1,1,5,4,6,6,1,1,1,4,4,2,17,2,7,2,1,C03,7,9,1,10,2,11,,26,26,1,13,4,120.70359,24.201162,2
2742,66000,387130000C,(04)23274275,(04)23288582,2025,8,8,8,5,臺中市,清水區,0,2,0,7,3,9,50,4,1,1,5,4,6,6,1,1,5,5,5,2,12,2,9,2,1,C03,7,9,1,10,2,14,,8,8,1,12,4,120.576306,24.27153,2
2743,66000,387130000C,(04)23274275,(04)23288582,2025,8,8,8,6,臺中市,西屯區,0,0,0,7,,,60,,,,,,,,,,,,,,13,,,,,B03,,,1,,1,,,7,7,1,13,4,120.641018,24.167806,3
2744,66000,387130000C,(04)23274275,(04)23288582,2025,8,8,8,6,臺中市,龍井區,0,0,0,7,,,50,,,,,,,,,,,,,,13,,,,,B03,,,1,,1,,,7,7,1,6,4,120.5926,24.181542,3
2745,66000,387130000C,(04)23274275,(04)23288582,2025,8,8,8,7,臺中市,西屯區,0,2,0,7,2,6,50,3,1,1,5,4,6,6,4,4,10,5,5,2,13,2,9,5,1,C03,7,9,1,10,2,11,,7,7,1,12,4,120.615185,24.182384,2
2746,66000,387130000C,(04)23274275,(04)23288582,2025,8,8,8,9,臺中市,北區,0,0,0,7,,,50,,,,,,,,,,,,,,13,,,,,C03,,,1,,1,,,7,7,1,13,4,120.680976,24.163174,3
2747,66000,387130000C,(04)23274275,(04)23288582,2025,8,8,8,9,臺中市,后里區,0,3,0,7,2,6,30,3,1,1,5,4,6,6,4,4,5,5,5,2,16,2,8,2,1,C03,7,6,1,10,2,11,,14,14,1,12,4,120.70757,24.304748,2
2748,66000,387130000C,(04)23274275,(04)23288582,2025,8,8,8,12,臺中市,北區,0,0,0,7,,,50,,,,,,,,,,,,,,12,,,,,B03,,,1,,1,,,40,40,1,13,4,120.685106,24.160738,3
2749,66000,387130000C,(04)23274275,(04)23288582,2025,8,8,8,13,臺中市,北屯區,0,1,0,7,2,6,30,3,1,1,5,4,6,6,4,4,10,5,5,2,16,3,10,3,1,B03,7,6,1,8,2,5,,84,84,1,6,4,120.694487,24.188781,2
2750,66000,387130000C,(04)23274275,(04)23288582,2025,8,8,8,14,臺中市,北屯區,0,2,0,7,2,6,50,4,1,1,5,4,6,6,1,1,4,5,4,2,15,2,9,1,1,C03,7,9,1,10,2,11,,21,21,1,12,4,120.695745,24.185353,2
2751,66000,387130000C,(04)23274275,(04)23288582,2025,8,8,8,14,臺中市,豐原區,0,0,0,7,,,60,,,,,,,,,,,,,,14,,,,,C03,,,1,,2,,,49,49,1,13,4,120.727143,24.239161,3
2752,66000,387130000C,(04)23274275,(04)23288582,2025,8,8,8,15,臺中市,西屯區,0,0,0,7,,,50,,,,,,,,,,,,,,13,,,,,B03,,,1,,1,,,7,7,1,12,4,120.609608,24.184261,3
2753,66000,387130000C,(04)23274275,(04)23288582,2025,8,8,8,16,臺中市,西區,0,1,0,7,2,6,50,5,1,1,5,4,6,6,1,1,9,4,4,2,12,3,10,3,1,B03,7,9,1,8,2,5,,84,84,1,12,4,120.672448,24.131716,2
2754,66000,387130000C,(04)23274275,(04)23288582,2025,8,8,8,23,臺中市,南屯區,0,0,0,7,,,50,,,,,,,,,,,,,,,,,,,C03,,,1,,1,,,7,7,1,6,4,120.633203,24.137365,3
2755,66000,387130000C,(04)23274275,(04)23288582,2025,8,8,8,23,臺中市,北屯區,0,3,0,7,3,3,40,13,15,1,5,4,6,6,4,4,1,5,5,2,13,2,3,3,1,B12,7,9,1,8,2,1,,7,7,1,12,4,120.694144,24.201018,2
2756,66000,387130000C,(04)23274275,(04)23288582,2025,8,8,8,25,臺中市,清水區,0,1,0,7,3,6,50,13,9,1,5,4,6,6,4,4,5,5,5,2,17,3,10,3,1,B03,7,13,1,8,2,4,,76,76,1,12,4,120.572137,24.269016,2
2757,66000,387130000C,(04)23274275,(04)23288582,2025,8,8,8,27,臺中市,大肚區,0,0,0,7,,,60,,,,,,,,,,,,,,12,,,,,B03,,,1,,1,,,40,40,1,5,4,120.583591,24.168176,3
2758,66000,387130000C,(04)23274275,(04)23288582,2025,8,8,8,29,臺中市,霧峰區,0,0,0,7,,,50,,,,,,,,,,,,,,17,,,,,C03,,,1,,2,,,84,84,1,6,4,120.699009,24.065783,3
2759,66000,387130000C,(04)23274275,(04)23288582,2025,8,8,8,30,臺中市,北屯區,0,0,0,7,,,50,,,,,,,,,,,,,,13,,,,,C03,,,1,,2,,,84,84,1,12,4,120.695482,24.165253,3
2760,66000,387130000C,(04)23274275,(04)23288582,2025,8,8,8,30,臺中市,豐原區,0,0,0,7,,,50,,,,,,,,,,,,,,16,,,,,B03,,,1,,2,,,11,11,1,13,4,120.705734,24.252413,3
2761,66000,387130000C,(04)23274275,(04)23288582,2025,8,8,8,31,臺中市,大里區,0,0,0,7,,,50,,,,,,,,,,,,,,17,,,,,B03,,,1,,1,,,8,8,1,12,4,120.688038,24.105829,3
2762,66000,387130000C,(04)23274275,(04)23288582,2025,8,8,8,32,臺中市,潭子區,0,0,0,7,,,30,,,,,,,,,,,,,,,,,,,B13,,,1,,2,,,41,41,1,13,4,120.702898,24.200366,3
2763,66000,387130000C,(04)23274275,(04)23288582,2025,8,8,8,34,臺中市,潭子區,0,1,0,7,3,6,30,4,1,1,5,4,6,6,4,4,10,5,5,1,17,2,9,2,1,C03,7,9,1,10,2,12,,84,84,1,13,4,120.706767,24.2104,2
2764,66000,387130000C,(04)23274275,(04)23288582,2025,8,8,8,36,臺中市,西屯區,0,2,0,7,2,6,50,13,9,1,5,4,6,6,1,1,5,2,5,2,13,2,9,2,1,C03,7,9,1,10,2,14,,7,7,1,12,4,120.645545,24.172416,2
2765,66000,387130000C,(04)23274275,(04)23288582,2025,8,8,8,36,臺中市,霧峰區,0,1,0,7,2,6,50,3,1,1,5,4,6,6,1,1,5,5,5,1,16,3,10,5,4,B12,7,5,1,8,2,2,,11,11,1,12,4,120.702603,24.070103,2
2766,66000,387130000C,(04)23274275,(04)23288582,2025,8,8,8,42,臺中市,南屯區,0,2,0,7,2,6,50,13,9,1,5,4,6,6,4,4,7,4,5,2,13,2,8,1,1,C03,7,9,5,19,2,11,,59,59,1,12,4,120.648248,24.147878,2
2767,66000,387130000C,(04)23274275,(04)23288582,2025,8,8,8,43,臺中市,北屯區,0,1,0,7,3,6,50,4,1,1,5,4,6,6,1,1,10,5,5,2,13,2,9,1,1,C03,7,9,1,10,1,11,,7,7,1,12,4,120.684281,24.185532,2
2768,66000,387130000C,(04)23274275,(04)23288582,2025,8,8,8,45,臺中市,神岡區,0,0,0,7,,,50,,,,,,,,,,,,,,21,,,,,A12,,,1,,2,,,84,84,1,13,4,120.670701,24.27182,3
2769,66000,387130000C,(04)23274275,(04)23288582,2025,8,8,8,46,臺中市,大里區,0,0,0,7,3,6,50,4,20,1,5,4,6,6,1,1,10,5,5,2,13,,,,,C03,,,1,,1,,,84,84,1,12,4,120.679551,24.108989,3
2770,66000,387130000C,(04)23274275,(04)23288582,2025,8,8,8,47,臺中市,大里區,0,0,0,7,,,30,,,,,,,,,,,,,,17,,,,,C03,,,1,,2,,,51,51,1,6,4,120.693575,24.083469,3
2771,66000,387130000C,(04)23274275,(04)23288582,2025,8,8,8,50,臺中市,西區,0,0,0,7,,,50,,,,,,,,,,,,,,17,,,,,B03,,,1,,1,,,84,84,1,12,4,120.66314,24.160628,3
2772,66000,387130000C,(04)23274275,(04)23288582,2025,8,8,8,53,臺中市,大里區,0,0,0,7,,3,80,,,,,,,,,,,,,,12,,,,,B03,,,1,,2,,,40,40,1,12,4,120.683034,24.087999,3
2773,66000,387130000C,(04)23274275,(04)23288582,2025,8,8,8,54,臺中市,西屯區,0,0,0,7,3,3,40,13,17,1,5,4,6,6,4,4,10,4,5,1,13,,,,,B12,,,1,,2,,,88,88,1,12,4,120.634582,24.176143,3
2774,66000,387130000C,(04)23274275,(04)23288582,2025,8,8,9,2,臺中市,北屯區,0,0,0,7,,3,40,,,,,,,,,,,,,,13,,,,,B03,,,1,,1,,,7,7,1,6,4,120.694144,24.201018,3
2775,66000,387130000C,(04)23274275,(04)23288582,2025,8,8,9,3,臺中市,北區,0,1,0,7,2,6,50,4,2,1,5,4,6,6,2,1,10,5,5,2,11,3,10,2,1,C03,7,6,1,10,2,13,,84,84,1,13,4,120.668018,24.154528,2
2776,66000,387130000C,(04)23274275,(04)23288582,2025,8,8,9,5,臺中市,豐原區,0,0,0,7,,,50,,,,,,,,,,,,,,17,,,,,B03,,,1,,9,,,50,50,1,13,4,120.712656,24.24553,3
2777,66000,387130000C,(04)23274275,(04)23288582,2025,8,8,9,7,臺中市,西屯區,0,1,0,7,2,6,60,13,7,1,5,4,6,6,4,4,1,4,5,2,12,3,10,3,1,B03,7,8,1,8,2,4,,40,40,1,12,4,120.643207,24.166074,2
2778,66000,387130000C,(04)23274275,(04)23288582,2025,8,8,9,9,臺中市,豐原區,0,1,0,7,2,6,50,13,9,1,5,4,6,6,4,4,5,2,5,2,17,3,10,3,1,B02,7,4,1,8,2,2,,1,1,1,13,4,120.73668,24.25573,2
2779,66000,387130000C,(04)23274275,(04)23288582,2025,8,8,9,12,臺中市,沙鹿區,0,1,0,7,2,6,50,13,9,1,5,4,6,6,4,4,8,3,5,2,17,3,10,5,4,B03,7,1,1,8,2,4,,51,51,1,13,4,120.560891,24.237498,2
2780,66000,387130000C,(04)23274275,(04)23288582,2025,8,8,9,13,臺中市,神岡區,0,1,0,7,1,6,10,13,8,1,5,4,6,6,4,4,5,4,4,2,9,2,8,6,5,H04,8,20,7,21,2,17,,109,109,1,12,5,120.710848,24.258562,2
2781,66000,387130000C,(04)23274275,(04)23288582,2025,8,8,9,14,臺中市,西屯區,0,1,0,7,2,6,50,4,1,1,5,4,6,6,2,1,10,5,5,2,16,3,10,5,4,C03,7,6,1,10,2,16,,11,11,1,13,4,120.655893,24.170458,2
2782,66000,387130000C,(04)23274275,(04)23288582,2025,8,8,9,14,臺中市,太平區,0,3,0,7,2,6,30,4,1,1,5,4,6,6,4,4,10,5,5,2,17,2,9,1,1,C03,7,9,1,10,2,12,,15,15,1,12,4,120.723877,24.129833,2
2783,66000,387130000C,(04)23274275,(04)23288582,2025,8,8,9,15,臺中市,西區,0,0,0,7,,,50,,,,,,,,,,,,,,,,,,,B03,,,1,,1,,,8,8,1,6,4,120.673375,24.149539,3
2784,66000,387130000C,(04)23274275,(04)23288582,2025,8,8,9,15,臺中市,龍井區,0,0,0,7,,,60,,,,,,,,,,,,,,23,,,,,B03,,,1,,2,,,8,8,1,6,4,120.58758,24.185576,3
2785,66000,387130000C,(04)23274275,(04)23288582,2025,8,8,9,18,臺中市,南屯區,0,0,0,7,,,50,,,,,,,,,,,,,,15,,,,,B12,,,1,,2,,,15,15,1,6,4,120.62489,24.137999,3
2786,66000,387130000C,(04)23274275,(04)23288582,2025,8,8,9,18,臺中市,沙鹿區,0,0,0,7,,,50,,,,,,,,,,,,,,,,,,,B03,,,1,,1,,,49,49,1,13,4,120.567535,24.206248,3
2787,66000,387130000C,(04)23274275,(04)23288582,2025,8,8,9,20,臺中市,西屯區,0,0,0,7,,,50,,,,,,,,,,,,,,12,,,,,B03,,,1,,1,,,20,20,1,12,4,120.656096,24.206297,3
2788,66000,387130000C,(04)23274275,(04)23288582,2025,8,8,9,21,臺中市,清水區,0,2,0,7,3,6,40,5,1,1,5,4,6,6,2,1,1,4,4,1,15,2,8,2,1,F03,7,9,7,21,2,12,,21,21,1,12,4,120.572797,24.276598,2
2789,66000,387130000C,(04)23274275,(04)23288582,2025,8,8,9,23,臺中市,北區,0,0,0,7,,,50,,,,,,,,,,,,,,13,,,,,B01,,,1,,1,,,84,84,1,12,4,120.68135,24.158253,3
2790,66000,387130000C,(04)23274275,(04)23288582,2025,8,8,9,23,臺中市,太平區,0,2,0,7,2,6,50,5,1,1,5,4,6,6,4,4,5,5,5,1,16,2,1,1,1,C03,7,9,1,10,2,14,,84,84,1,6,4,120.723958,24.137261,2
2791,66000,387130000C,(04)23274275,(04)23288582,2025,8,8,9,25,臺中市,中區,0,0,0,7,,,50,,,,,,,,,,,,,,17,,,,,C03,,,1,,1,,,59,59,1,12,4,120.679076,24.143024,3
2792,66000,387130000C,(04)23274275,(04)23288582,2025,8,8,9,26,臺中市,南屯區,0,0,0,7,,,50,,,,,,,,,,,,,,12,,,,,B02,,,1,,2,,,8,8,1,12,4,120.650826,24.13636,3
2793,66000,387130000C,(04)23274275,(04)23288582,2025,8,8,9,27,臺中市,北區,0,0,0,7,,,50,,,,,,,,,,,,,,17,,,,,B03,,,1,,1,,,40,40,1,13,4,120.670513,24.1628,3
2794,66000,387130000C,(04)23274275,(04)23288582,2025,8,8,9,28,臺中市,大里區,0,0,0,7,,,50,,,,,,,,,,,,,,17,,,,,C03,,,1,,2,,,4,4,1,12,4,120.679841,24.115802,3
2795,66000,387130000C,(04)23274275,(04)23288582,2025,8,8,9,30,臺中市,西區,0,0,0,7,,,50,,,,,,,,,,,,,,13,,,,,B03,,,1,,2,,,84,84,1,12,4,120.658977,24.155921,3
2796,66000,387130000C,(04)23274275,(04)23288582,2025,8,8,9,30,臺中市,豐原區,0,0,0,7,,,50,,,,,,,,,,,,,,12,,,,,B03,,,1,,1,,,26,26,1,13,4,120.720104,24.262822,3
2797,66000,387130000C,(04)23274275,(04)23288582,2025,8,8,9,32,臺中市,太平區,0,0,0,7,,,30,,,,,,,,,,,,,,,,,,,A11,,,1,,2,,,84,84,1,12,4,120.70881,24.123576,3
2798,66000,387130000C,(04)23274275,(04)23288582,2025,8,8,9,36,臺中市,西屯區,0,1,0,7,2,6,50,5,1,1,5,4,6,6,3,1,1,2,5,2,15,2,9,2,1,C03,7,9,1,10,2,12,,24,24,1,12,4,120.647137,24.193469,2
2799,66000,387130000C,(04)23274275,(04)23288582,2025,8,8,9,39,臺中市,沙鹿區,0,1,0,7,2,6,50,13,14,1,5,4,6,6,4,4,5,5,5,1,17,3,10,3,1,B03,7,9,1,8,2,5,,54,54,1,12,4,120.573562,24.224959,2
2800,66000,387130000C,(04)23274275,(04)23288582,2025,8,8,9,40,臺中市,北區,0,0,0,7,,,50,,,,,,,,,,,,,,13,,,,,B03,,,1,,1,,,7,7,1,13,4,120.677483,24.154648,3
2801,66000,387130000C,(04)23274275,(04)23288582,2025,8,8,9,40,臺中市,西屯區,0,0,0,7,3,6,50,13,9,1,5,4,6,6,4,4,5,4,5,2,13,,,,,B12,,,1,,1,,,7,7,1,12,4,120.604453,24.173275,3
2802,66000,387130000C,(04)23274275,(04)23288582,2025,8,8,9,41,臺中市,南區,0,1,0,7,2,6,50,4,1,1,5,4,6,6,1,1,10,5,5,2,21,3,10,3,1,A12,7,5,1,1,2,9,,73,73,1,12,4,120.671932,24.129769,2
2803,66000,387130000C,(04)23274275,(04)23288582,2025,8,8,9,47,臺中市,西屯區,0,0,0,7,,,40,,,,,,,,,,,,,,13,,,,,C03,,,1,,2,,,7,7,1,6,4,120.603193,24.180802,3
2804,66000,387130000C,(04)23274275,(04)23288582,2025,8,8,9,49,臺中市,北區,0,0,0,7,,,50,,,,,,,,,,,,,,13,,,,,B03,,,1,,1,,,7,7,1,13,4,120.675459,24.149921,3
2805,66000,387130000C,(04)23274275,(04)23288582,2025,8,8,9,49,臺中市,北屯區,0,0,0,7,,,50,,,,,,,,,,,,,,12,,,,,B03,,,1,,1,,,50,50,1,13,4,120.672717,24.189903,3
2806,66000,387130000C,(04)23274275,(04)23288582,2025,8,8,9,54,臺中市,太平區,0,0,0,7,,,50,,,,,,,,,,,,,,,,,,,,,,,,,,,109,109,1,,,120.719548,24.131468,4
2807,66000,387130000C,(04)23274275,(04)23288582,2025,8,8,10,4,臺中市,東區,0,0,0,7,,,50,,,,,,,,,,,,,,13,,,,,B03,,,1,,1,,,84,84,1,12,4,120.698001,24.132851,3
2808,66000,387130000C,(04)23274275,(04)23288582,2025,8,8,10,4,臺中市,大里區,0,0,0,7,3,6,50,13,9,1,5,4,6,6,1,1,5,4,5,2,13,,,,,B03,,,1,,2,,,59,59,1,12,4,120.688215,24.101305,3
2809,66000,387130000C,(04)23274275,(04)23288582,2025,8,8,10,5,臺中市,后里區,0,0,0,7,2,6,60,4,2,1,5,4,6,6,4,4,1,2,5,1,30,3,10,3,1,A12,7,5,1,3,2,9,3,84,84,1,12,4,120.714728,24.32036,3
2810,66000,387130000C,(04)23274275,(04)23288582,2025,8,8,10,19,臺中市,大肚區,0,2,0,7,2,6,30,3,1,1,5,4,6,6,4,4,10,5,5,2,16,2,9,1,1,C03,7,6,1,10,2,12,,12,12,1,6,4,120.579079,24.169283,2
2811,66000,387130000C,(04)23274275,(04)23288582,2025,8,8,10,23,臺中市,太平區,0,0,0,7,2,7,30,11,9,2,5,4,6,6,4,4,10,5,5,2,10,3,10,3,1,B12,7,9,1,8,2,1,,85,85,1,6,4,120.786818,24.103799,3
2812,66000,387130000C,(04)23274275,(04)23288582,2025,8,8,10,24,臺中市,東區,0,1,0,7,2,6,50,4,1,1,5,4,6,6,2,1,3,4,5,2,18,2,9,2,1,C03,7,11,1,10,2,12,,23,23,1,13,4,120.689263,24.140063,2
2813,66000,387130000C,(04)23274275,(04)23288582,2025,8,8,10,27,臺中市,沙鹿區,0,1,0,7,2,6,50,3,1,1,5,4,6,6,4,4,5,4,4,2,17,3,10,3,1,B03,7,5,1,8,2,2,,47,47,1,13,4,120.566459,24.233914,2
2814,66000,387130000C,(04)23274275,(04)23288582,2025,8,8,10,32,臺中市,大里區,0,1,0,7,2,6,50,3,1,1,5,4,6,6,4,4,10,5,5,2,16,3,10,3,1,B03,7,6,1,8,2,1,,14,14,1,6,4,120.714676,24.094342,2
2815,66000,387130000C,(04)23274275,(04)23288582,2025,8,8,10,35,臺中市,太平區,0,0,0,7,2,6,30,13,9,1,5,4,6,6,4,4,10,5,5,2,14,3,10,3,1,B03,7,2,1,8,2,7,,49,49,1,6,4,120.714334,24.144921,3
2816,66000,387130000C,(04)23274275,(04)23288582,2025,8,8,10,37,臺中市,西屯區,0,2,0,7,2,6,50,3,1,1,5,4,6,6,2,1,10,5,5,2,12,2,7,1,1,C03,7,9,1,10,2,14,,8,8,1,12,4,120.647514,24.196515,2
2817,66000,387130000C,(04)23274275,(04)23288582,2025,8,8,10,37,臺中市,豐原區,0,1,0,7,2,6,50,13,9,1,5,4,6,6,4,4,5,5,5,2,17,3,10,3,1,B03,7,4,1,8,2,2,,84,84,1,13,4,120.715141,24.251903,2
2818,66000,387130000C,(04)23274275,(04)23288582,2025,8,8,10,38,臺中市,南屯區,0,1,0,7,2,6,50,11,9,1,5,4,6,6,4,4,10,5,5,2,10,3,10,3,1,B12,7,15,5,19,2,1,,84,84,1,12,4,120.636887,24.146024,2
2819,66000,387130000C,(04)23274275,(04)23288582,2025,8,8,10,40,臺中市,北屯區,0,1,0,7,2,6,50,4,1,1,5,4,6,6,2,1,10,5,5,2,12,3,10,3,1,B12,7,6,1,7,2,4,,84,84,1,12,4,120.690371,24.176874,2
2820,66000,387130000C,(04)23274275,(04)23288582,2025,8,8,10,40,臺中市,西屯區,0,1,0,7,2,6,50,4,2,1,5,4,6,6,2,1,5,2,5,2,13,3,10,5,4,B03,7,9,1,8,2,5,,7,7,1,13,4,120.645618,24.172355,2
2821,66000,387130000C,(04)23274275,(04)23288582,2025,8,8,10,43,臺中市,豐原區,0,1,0,7,2,6,30,3,1,1,5,4,6,1,4,4,10,5,5,2,16,3,10,5,4,B03,7,5,1,8,2,8,,14,14,1,13,4,120.709177,24.246126,2
2822,66000,387130000C,(04)23274275,(04)23288582,2025,8,8,10,44,臺中市,烏日區,0,1,0,7,2,6,50,3,2,1,5,4,6,6,1,1,10,5,5,2,13,3,10,3,1,B11,7,9,1,4,2,7,,7,7,1,6,4,120.646528,24.110521,2
2823,66000,387130000C,(04)23274275,(04)23288582,2025,8,8,10,52,臺中市,北屯區,0,1,0,7,3,6,30,4,1,1,5,4,6,6,1,1,10,5,5,2,3,3,10,3,1,B12,7,6,1,8,2,1,,10,10,1,12,4,120.69338,24.180048,2
2824,66000,387130000C,(04)23274275,(04)23288582,2025,8,8,10,52,臺中市,沙鹿區,0,1,0,7,2,6,40,3,1,1,5,4,6,6,1,1,10,5,5,2,17,2,7,1,1,C03,7,6,1,10,2,14,,48,48,1,12,4,120.564907,24.232561,2
2825,66000,387130000C,(04)23274275,(04)23288582,2025,8,8,10,56,臺中市,東區,0,0,0,7,,,50,,,,,,,,,,,,,,13,,,,,B03,,,1,,1,,,84,84,1,12,4,120.694569,24.149405,3
2826,66000,387130000C,(04)23274275,(04)23288582,2025,8,8,10,57,臺中市,潭子區,0,2,0,7,3,6,50,4,1,1,5,4,6,6,2,1,1,4,5,2,12,3,10,3,1,B12,7,5,1,8,2,5,,85,85,1,13,4,120.718121,24.197412,2
2827,66000,387130000C,(04)23274275,(04)23288582,2025,8,8,10,59,臺中市,東區,0,1,0,7,2,3,80,13,9,1,5,4,6,6,4,4,1,4,5,2,13,2,9,3,1,B01,7,9,1,4,2,1,,7,7,1,12,4,120.7081,24.133416,2
2828,66000,387130000C,(04)23274275,(04)23288582,2025,8,8,11,0,臺中市,南屯區,0,2,0,7,3,6,40,4,1,1,5,4,6,6,4,4,10,5,5,2,15,2,9,2,4,C03,7,9,1,10,2,12,,15,15,1,6,4,120.651165,24.156135,2
2829,66000,387130000C,(04)23274275,(04)23288582,2025,8,8,11,0,臺中市,西屯區,0,0,0,7,3,6,50,13,9,1,5,4,6,6,4,4,5,4,5,1,13,,,,,B12,,,1,,1,,,7,7,1,12,4,120.6067,24.169135,3
2830,66000,387130000C,(04)23274275,(04)23288582,2025,8,8,11,1,臺中市,豐原區,0,1,0,7,3,6,50,13,9,1,5,4,6,6,4,4,9,5,5,1,17,3,10,1,4,C03,7,1,1,10,2,11,,51,51,1,12,4,120.743613,24.254248,2
2831,66000,387130000C,(04)23274275,(04)23288582,2025,8,8,11,3,臺中市,南屯區,0,2,0,7,2,6,50,4,1,1,5,4,6,6,2,1,5,4,5,2,16,2,2,3,1,B03,7,5,1,8,1,2,,84,84,1,12,4,120.649956,24.134835,2
2832,66000,387130000C,(04)23274275,(04)23288582,2025,8,8,11,3,臺中市,北屯區,0,1,0,7,3,6,50,13,9,1,5,4,6,6,4,4,1,4,5,2,18,2,9,2,1,C03,7,12,1,10,2,14,,84,84,1,12,4,120.682242,24.186946,2
2833,66000,387130000C,(04)23274275,(04)23288582,2025,8,8,11,3,臺中市,神岡區,0,1,0,7,2,6,50,5,1,1,5,4,6,6,2,1,10,5,5,2,17,3,10,5,4,B12,7,6,1,8,2,8,,84,84,1,13,4,120.657289,24.264713,2
2834,66000,387130000C,(04)23274275,(04)23288582,2025,8,8,11,6,臺中市,烏日區,0,0,0,7,,,50,,,,,,,,,,,,,,17,,,,,B03,,,1,,1,,,50,50,1,6,4,120.64147,24.109986,3