序號,縣市別代碼,機關代碼,市話,傳真,年,月,日,時,分,縣市,區,死亡數量,受傷數量,2-30,天候,道路照明設備,道路類別,道路速限,道路型態,事故位置,路面鋪裝,路面狀態,路面缺陷,障礙物,視距,號誌種類,號誌動作,分向設施,快車道或一般車道間,快慢車道間,路面邊線,事故類型及型態,受傷程度,主要傷處,保護裝備,行動電話或功能裝置,當事者區分(類別),車輛用途,當事者行動狀態,駕照狀態,駕照種類,飲酒情形,車輛撞擊部位最初,車輛撞擊部位其他,肇事因素個別,肇事因素主要,肇事逃逸,職業,共享經濟或外送平台,GPS座標X,GPS座標Y,事故類別
3289,66000,387130000C,(04)23274275,(04)23288582,2025,8,9,12,55,臺中市,豐原區,0,0,0,7,2,6,50,13,9,1,5,4,6,6,4,4,10,5,5,2,12,3,10,3,1,B02,7,9,1,8,2,8,,8,8,1,12,4,120.717788,24.24987,3
3290,66000,387130000C,(04)23274275,(04)23288582,2025,8,9,13,0,臺中市,后里區,0,0,0,7,2,6,50,11,14,1,5,4,6,6,4,4,5,5,5,1,20,3,10,3,1,B03,7,9,1,6,2,5,,84,84,1,12,4,120.68654,24.311577,3
3291,66000,387130000C,(04)23274275,(04)23288582,2025,8,9,13,5,臺中市,清水區,0,0,0,7,,,40,,,,,,,,,,,,,,17,,,,,C03,,,1,,2,,,49,49,1,12,4,120.568928,24.273507,3
3292,66000,387130000C,(04)23274275,(04)23288582,2025,8,9,13,6,臺中市,南屯區,0,0,0,7,,,50,,,,,,,,,,,,,,14,,,,,B01,,,1,,2,,,49,49,1,13,4,120.593571,24.13929,3
3293,66000,387130000C,(04)23274275,(04)23288582,2025,8,9,13,8,臺中市,大雅區,0,0,0,7,,,50,,,,,,,,,,,,,,,,,,,C03,,,1,,1,,,7,7,1,12,4,120.656235,24.225038,3
3294,66000,387130000C,(04)23274275,(04)23288582,2025,8,9,13,10,臺中市,潭子區,0,0,0,7,,,50,,,,,,,,,,,,,,,,,,,B03,,,1,,2,,,8,8,1,13,4,120.709422,24.200329,3
3295,66000,387130000C,(04)23274275,(04)23288582,2025,8,9,13,15,臺中市,太平區,0,0,0,7,,,50,,,,,,,,,,,,,,,,,,,B12,,,1,,2,,,50,50,1,12,4,120.700865,24.14657,3
3296,66000,387130000C,(04)23274275,(04)23288582,2025,8,9,13,18,臺中市,北區,0,0,0,7,,,30,,,,,,,,,,,,,,14,,,,,B12,,,1,,1,,,49,49,1,12,4,120.666016,24.16746,3
3297,66000,387130000C,(04)23274275,(04)23288582,2025,8,9,13,18,臺中市,東區,0,0,0,7,,,50,,,,,,,,,,,,,,11,,,,,B03,,,1,,1,,,4,4,1,12,4,120.694628,24.140208,3
3298,66000,387130000C,(04)23274275,(04)23288582,2025,8,9,13,20,臺中市,北屯區,0,0,0,7,,,50,,,,,,,,,,,,,,17,,,,,B03,,,1,,1,,,8,8,1,6,4,120.693791,24.163847,3
3299,66000,387130000C,(04)23274275,(04)23288582,2025,8,9,13,23,臺中市,中區,0,0,0,7,,,50,,,,,,,,,,,,,,,,,,,B03,,,3,,1,,,84,84,1,12,4,120.679566,24.147908,3
3300,66000,387130000C,(04)23274275,(04)23288582,2025,8,9,13,23,臺中市,中區,0,2,0,7,2,6,50,13,9,1,5,4,6,6,4,4,5,4,5,2,17,3,10,3,1,B03,7,14,1,8,2,7,,76,76,1,12,4,120.684068,24.141933,2
3301,66000,387130000C,(04)23274275,(04)23288582,2025,8,9,13,24,臺中市,豐原區,0,1,0,7,2,6,50,4,2,1,5,4,6,6,2,1,1,2,4,1,12,2,9,1,1,C03,7,9,1,10,2,12,,43,43,1,12,4,120.729399,24.252396,2
3302,66000,387130000C,(04)23274275,(04)23288582,2025,8,9,13,33,臺中市,烏日區,0,1,0,7,2,6,40,13,9,1,5,4,6,6,4,4,10,5,5,1,11,2,8,1,1,C03,7,9,1,10,2,14,,84,84,1,6,4,120.655214,24.096341,2
3303,66000,387130000C,(04)23274275,(04)23288582,2025,8,9,13,38,臺中市,石岡區,0,1,0,7,2,6,50,3,2,1,5,4,6,6,4,4,1,4,4,1,17,2,9,1,1,C03,7,9,1,10,2,12,,59,59,1,12,4,120.780515,24.274117,2
3304,66000,387130000C,(04)23274275,(04)23288582,2025,8,9,13,40,臺中市,北屯區,0,1,0,7,2,6,40,13,8,1,5,4,6,6,4,4,5,5,4,2,17,3,10,3,1,B03,7,15,1,8,1,8,,76,76,1,12,4,120.718989,24.178134,2
3305,66000,387130000C,(04)23274275,(04)23288582,2025,8,9,13,44,臺中市,豐原區,0,2,0,7,3,6,50,4,1,1,5,4,6,6,1,1,1,4,4,1,17,3,10,5,4,B03,7,5,1,8,2,5,,84,84,1,12,4,120.734977,24.24649,2
3306,66000,387130000C,(04)23274275,(04)23288582,2025,8,9,13,45,臺中市,南屯區,0,0,0,7,,,40,,,,,,,,,,,,,,,,,,,B03,,,1,,1,,,51,51,1,6,4,120.610887,24.145395,3
3307,66000,387130000C,(04)23274275,(04)23288582,2025,8,9,13,50,臺中市,豐原區,0,0,0,7,,,30,,,,,,,,,,,,,,14,,,,,B03,,,1,,2,,,49,49,1,13,4,120.733947,24.268604,3
3308,66000,387130000C,(04)23274275,(04)23288582,2025,8,9,13,51,臺中市,西屯區,0,1,0,7,2,6,40,13,8,1,5,4,6,6,1,1,1,5,1,2,16,2,9,2,1,C03,7,9,1,10,2,11,,7,7,1,12,4,120.624383,24.178531,2
3309,66000,387130000C,(04)23274275,(04)23288582,2025,8,9,13,52,臺中市,烏日區,0,0,0,7,,,70,,,,,,,,,,,,,,13,,,,,B03,,,1,,1,,,50,50,1,12,4,120.600799,24.114992,3
3310,66000,387130000C,(04)23274275,(04)23288582,2025,8,9,13,53,臺中市,后里區,0,1,0,7,2,6,50,4,1,1,5,4,6,6,1,1,1,4,5,1,16,2,9,2,1,C03,7,6,1,10,2,11,,48,48,1,12,4,120.701951,24.324525,2
3311,66000,387130000C,(04)23274275,(04)23288582,2025,8,9,13,54,臺中市,中區,0,0,0,7,,,50,,,,,,,,,,,,,,,,,,,C03,,,1,,1,,,7,7,1,12,4,120.68009,24.14221,3
3312,66000,387130000C,(04)23274275,(04)23288582,2025,8,9,13,58,臺中市,北區,0,1,0,7,2,6,50,3,1,1,5,4,6,6,4,4,10,5,5,2,18,2,9,1,1,C04,7,9,1,8,2,12,,59,59,1,12,4,120.676701,24.165617,2
3313,66000,387130000C,(04)23274275,(04)23288582,2025,8,9,13,58,臺中市,北屯區,0,0,0,7,,,50,,,,,,,,,,,,,,,,,,,B03,,,1,,2,,,87,87,1,12,4,120.685916,24.174036,3
3314,66000,387130000C,(04)23274275,(04)23288582,2025,8,9,13,59,臺中市,大里區,0,0,0,7,3,6,50,13,9,1,5,4,6,6,1,1,5,5,5,2,14,,,,,B03,,,1,,2,,,49,49,1,12,4,120.69553,24.102274,3
3315,66000,387130000C,(04)23274275,(04)23288582,2025,8,9,13,59,臺中市,大肚區,0,1,0,7,3,6,50,13,9,1,5,4,6,6,4,4,4,5,5,1,12,3,10,3,1,B03,7,9,1,8,2,2,,8,8,1,6,4,120.555597,24.151371,2
3316,66000,387130000C,(04)23274275,(04)23288582,2025,8,9,14,4,臺中市,大里區,0,0,0,7,,,50,,,,,,,,,,,,,,16,,,,,B03,,,1,,1,,,45,45,1,12,4,120.694978,24.088871,3
3317,66000,387130000C,(04)23274275,(04)23288582,2025,8,9,14,5,臺中市,大甲區,0,1,0,7,3,6,50,4,1,1,5,4,6,6,1,1,3,4,5,1,16,2,9,2,1,C03,7,9,1,10,2,12,,84,84,1,6,4,120.648512,24.376446,2
3318,66000,387130000C,(04)23274275,(04)23288582,2025,8,9,14,7,臺中市,東區,0,0,0,7,,,30,,,,,,,,,,,,,,12,,,,,B03,,,1,,1,,,8,8,1,12,4,120.695528,24.12614,3
3319,66000,387130000C,(04)23274275,(04)23288582,2025,8,9,14,13,臺中市,西屯區,0,0,0,7,,,30,,,,,,,,,,,,,,11,,,,,B03,,,1,,1,,,8,8,1,12,4,120.657477,24.160466,3
3320,66000,387130000C,(04)23274275,(04)23288582,2025,8,9,14,15,臺中市,東區,0,0,0,7,1,6,50,13,7,1,5,4,6,6,4,4,5,4,5,2,13,3,10,3,1,B03,7,9,1,,1,1,,84,84,1,12,4,120.683624,24.133741,3
3321,66000,387130000C,(04)23274275,(04)23288582,2025,8,9,14,27,臺中市,南區,0,0,0,7,,,50,,,,,,,,,,,,,,,,,,,B03,,,1,,1,,,77,77,1,6,4,120.668138,24.116728,3
3322,66000,387130000C,(04)23274275,(04)23288582,2025,8,9,14,30,臺中市,豐原區,0,0,0,7,,,50,,,,,,,,,,,,,,17,,,,,B11,,,1,,1,,,8,8,1,6,4,120.70984,24.244601,3
3323,66000,387130000C,(04)23274275,(04)23288582,2025,8,9,14,38,臺中市,南區,0,2,0,7,2,6,50,3,1,1,5,4,6,6,4,4,10,5,5,2,16,2,1,3,1,B03,7,1,1,8,2,8,,51,51,1,12,4,120.672536,24.127169,2
3324,66000,387130000C,(04)23274275,(04)23288582,2025,8,9,14,39,臺中市,西區,0,1,0,7,1,6,50,13,9,1,5,4,6,5,4,4,3,4,4,2,17,3,10,5,4,B03,7,9,1,8,2,2,,84,84,1,12,4,120.661699,24.150845,2
3325,66000,387130000C,(04)23274275,(04)23288582,2025,8,9,14,45,臺中市,北區,0,1,0,7,2,6,50,4,2,1,5,4,6,6,2,1,10,5,5,2,12,3,10,3,1,B03,7,9,1,8,1,15,,84,84,1,13,4,120.671354,24.173698,2
3326,66000,387130000C,(04)23274275,(04)23288582,2025,8,9,14,45,臺中市,大甲區,0,0,0,7,,,50,,,,,,,,,,,,,,17,,,,,B03,,,1,,2,,,84,84,1,12,4,120.622712,24.346055,3
3327,66000,387130000C,(04)23274275,(04)23288582,2025,8,9,14,55,臺中市,東區,0,0,0,7,,,50,,,,,,,,,,,,,,13,,,,,B03,,,1,,1,,,59,59,1,12,4,120.705775,24.133627,3
3328,66000,387130000C,(04)23274275,(04)23288582,2025,8,9,14,57,臺中市,潭子區,0,1,0,7,3,6,60,4,1,1,5,4,6,6,1,1,1,4,5,1,17,3,10,3,1,B12,7,5,1,8,2,5,,11,11,1,13,4,120.702513,24.194427,2
3329,66000,387130000C,(04)23274275,(04)23288582,2025,8,9,14,59,臺中市,東區,0,0,0,7,,,40,,,,,,,,,,,,,,,,,,,C03,,,1,,1,,,8,8,1,13,4,120.706813,24.142541,3
3330,66000,387130000C,(04)23274275,(04)23288582,2025,8,9,15,3,臺中市,南區,0,0,0,7,,,40,,,,,,,,,,,,,,,,,,,B12,,,1,,1,,,49,49,1,13,4,120.675358,24.124712,3
3331,66000,387130000C,(04)23274275,(04)23288582,2025,8,9,15,4,臺中市,豐原區,0,1,0,7,3,6,30,3,1,1,5,4,6,6,4,4,10,5,5,2,17,2,8,6,1,F01,7,5,7,21,9,11,,14,14,1,13,4,120.729585,24.257926,2
3332,66000,387130000C,(04)23274275,(04)23288582,2025,8,9,15,5,臺中市,潭子區,0,0,0,6,,,50,,,,,,,,,,,,,,,,,,,B03,,,1,,2,,,8,8,1,13,4,120.70359,24.201162,3
3333,66000,387130000C,(04)23274275,(04)23288582,2025,8,9,15,6,臺中市,西屯區,0,2,0,7,2,6,30,13,9,1,5,4,6,6,4,4,10,5,5,2,17,2,9,5,4,C03,7,1,1,10,2,14,,51,51,1,12,4,120.634775,24.184911,2
3334,66000,387130000C,(04)23274275,(04)23288582,2025,8,9,15,8,臺中市,東區,0,0,0,7,,,50,,,,,,,,,,,,,,14,,,,,B03,,,1,,1,,,49,49,1,6,4,120.685909,24.143155,3
3335,66000,387130000C,(04)23274275,(04)23288582,2025,8,9,15,11,臺中市,潭子區,0,0,0,7,,,50,,,,,,,,,,,,,,,,,,,B03,,,1,,2,,,8,8,1,13,4,120.707258,24.211306,3
3336,66000,387130000C,(04)23274275,(04)23288582,2025,8,9,15,13,臺中市,大里區,0,0,0,7,,,50,,,,,,,,,,,,,,12,,,,,B03,,,1,,1,,,8,8,1,12,4,120.695195,24.082518,3
3337,66000,387130000C,(04)23274275,(04)23288582,2025,8,9,15,13,臺中市,石岡區,0,0,0,7,,,70,,,,,,,,,,,,,,,,,,,B03,,,1,,1,,,7,7,1,13,4,120.774216,24.274826,3
3338,66000,387130000C,(04)23274275,(04)23288582,2025,8,9,15,16,臺中市,東勢區,0,1,0,7,2,6,50,3,1,1,5,4,6,6,4,4,10,5,5,1,14,3,10,3,1,B01,7,2,1,1,2,3,,49,49,1,12,4,120.851358,24.239123,2
3339,66000,387130000C,(04)23274275,(04)23288582,2025,8,9,15,17,臺中市,東區,0,0,0,7,,,50,,,,,,,,,,,,,,,,,,,B03,,,1,,2,,,84,84,1,13,4,120.704717,24.130373,3
3340,66000,387130000C,(04)23274275,(04)23288582,2025,8,9,15,17,臺中市,南區,0,2,0,7,3,6,50,13,9,1,5,4,6,6,4,4,1,4,4,2,13,2,9,2,1,C03,7,9,1,10,2,11,,7,7,1,6,2,120.658399,24.117746,2
3341,66000,387130000C,(04)23274275,(04)23288582,2025,8,9,15,18,臺中市,南區,0,0,0,7,,,40,,,,,,,,,,,,,,,,,,,B03,,,1,,2,,,14,14,1,13,4,120.679461,24.118244,4
3342,66000,387130000C,(04)23274275,(04)23288582,2025,8,9,15,19,臺中市,霧峰區,0,0,0,7,,,40,,,,,,,,,,,,,,,,,,,C03,,,3,,2,,,8,8,1,13,4,120.689527,24.06614,3
3343,66000,387130000C,(04)23274275,(04)23288582,2025,8,9,15,20,臺中市,東區,0,0,0,7,,,30,,,,,,,,,,,,,,17,,,,,C03,,,1,,2,,,12,12,1,6,4,120.699082,24.142773,3
3344,66000,387130000C,(04)23274275,(04)23288582,2025,8,9,15,22,臺中市,東區,0,0,0,7,,,50,,,,,,,,,,,,,,,,,,,C03,,,1,,1,,,59,59,1,13,4,120.687507,24.134857,3
3345,66000,387130000C,(04)23274275,(04)23288582,2025,8,9,15,22,臺中市,西屯區,0,0,0,7,,,50,,,,,,,,,,,,,,13,,,,,B03,,,1,,1,,,59,59,1,12,4,120.640453,24.165782,3
3346,66000,387130000C,(04)23274275,(04)23288582,2025,8,9,15,23,臺中市,西區,0,3,0,7,2,6,50,4,1,1,5,4,6,6,4,4,10,5,5,2,15,2,9,1,1,C03,7,9,1,10,2,12,,15,15,1,12,4,120.658836,24.149021,2
3347,66000,387130000C,(04)23274275,(04)23288582,2025,8,9,15,29,臺中市,北屯區,0,0,0,7,,,50,,,,,,,,,,,,,,,,,,,C03,,,1,,1,,,7,7,1,12,4,120.701907,24.184188,3
3348,66000,387130000C,(04)23274275,(04)23288582,2025,8,9,15,33,臺中市,東區,0,2,0,7,1,6,50,4,1,1,5,4,6,6,2,1,10,5,5,2,17,3,10,5,4,B03,7,6,1,8,2,8,,11,11,1,13,4,120.700116,24.140067,2
3349,66000,387130000C,(04)23274275,(04)23288582,2025,8,9,15,35,臺中市,西區,0,0,0,7,,,50,,,,,,,,,,,,,,,,,,,B03,,,1,,1,,,84,84,1,12,4,120.665309,24.150775,3
3350,66000,387130000C,(04)23274275,(04)23288582,2025,8,9,15,47,臺中市,神岡區,0,0,0,7,,,40,,,,,,,,,,,,,,17,,,,,B03,,,1,,2,,,59,59,1,12,4,120.655896,24.259652,3
3351,66000,387130000C,(04)23274275,(04)23288582,2025,8,9,15,50,臺中市,西區,0,1,0,7,2,6,50,4,2,1,5,4,6,6,1,1,10,5,5,2,13,3,10,2,1,C03,7,9,1,10,2,11,,7,7,1,12,4,120.664374,24.146725,2
3352,66000,387130000C,(04)23274275,(04)23288582,2025,8,9,15,50,臺中市,北屯區,0,0,0,7,,,50,,,,,,,,,,,,,,,,,,,B03,,,1,,9,,,84,84,1,12,4,120.719315,24.175426,3
3353,66000,387130000C,(04)23274275,(04)23288582,2025,8,9,15,50,臺中市,大里區,0,1,0,7,2,6,50,3,1,1,5,4,6,6,4,4,5,5,4,2,16,3,10,3,1,B03,7,6,1,8,2,5,,14,14,1,6,4,120.690794,24.112491,2
3354,66000,387130000C,(04)23274275,(04)23288582,2025,8,9,15,50,臺中市,神岡區,0,0,0,7,,,50,,,,,,,,,,,,,,2,,,,,B03,,,1,,2,,,51,51,1,12,4,120.698655,24.248731,3
3355,66000,387130000C,(04)23274275,(04)23288582,2025,8,9,15,53,臺中市,潭子區,0,0,0,7,,3,40,,,,,,,,,,,,,,,,,,,B03,,,1,,1,,,7,7,1,12,4,120.706253,24.216361,3
3356,66000,387130000C,(04)23274275,(04)23288582,2025,8,9,15,55,臺中市,沙鹿區,0,0,0,7,2,6,,13,8,1,5,4,6,6,4,4,1,3,4,2,12,,,,,,,,,,,,,8,8,1,,4,120.560095,24.239613,3
3357,66000,387130000C,(04)23274275,(04)23288582,2025,8,9,16,0,臺中市,南屯區,0,0,0,7,,,50,,,,,,,,,,,,,,,,,,,B03,,,1,,2,,,51,51,1,12,4,120.646102,24.131814,3
3358,66000,387130000C,(04)23274275,(04)23288582,2025,8,9,16,1,臺中市,北屯區,0,1,0,7,2,6,50,3,2,1,5,4,6,6,1,1,10,5,5,2,16,3,10,3,1,B03,7,5,1,8,2,5,,14,14,1,6,4,120.661134,24.190596,2
3359,66000,387130000C,(04)23274275,(04)23288582,2025,8,9,16,3,臺中市,西區,0,2,0,7,2,6,50,4,1,1,5,4,6,6,1,1,10,5,5,2,17,3,10,3,1,B03,7,6,1,8,2,5,,11,11,1,12,4,120.669527,24.134478,2
3360,66000,387130000C,(04)23274275,(04)23288582,2025,8,9,16,5,臺中市,東區,0,1,0,7,3,6,50,13,9,1,5,4,6,5,2,1,5,5,5,2,12,3,10,2,1,C03,7,8,1,10,1,11,,40,40,1,6,4,120.694117,24.132982,2
3361,66000,387130000C,(04)23274275,(04)23288582,2025,8,9,16,5,臺中市,梧棲區,0,2,0,7,2,6,50,13,9,1,5,4,6,6,4,4,5,5,5,1,12,2,1,4,1,F02,7,6,7,21,2,14,,84,84,1,12,4,120.528226,24.221578,2
3362,66000,387130000C,(04)23274275,(04)23288582,2025,8,9,16,6,臺中市,西區,0,0,0,7,,,50,,,,,,,,,,,,,,,,,,,C03,,,1,,1,,,12,12,1,12,4,120.662476,24.130978,3
3363,66000,387130000C,(04)23274275,(04)23288582,2025,8,9,16,6,臺中市,大里區,0,0,0,7,,,50,,,,,,,,,,,,,,,,,,,C03,,,1,,9,,,8,8,1,13,4,120.691273,24.092119,3
3364,66000,387130000C,(04)23274275,(04)23288582,2025,8,9,16,9,臺中市,大里區,0,1,0,7,3,6,50,4,1,1,5,4,6,6,1,1,10,5,5,2,16,3,10,5,4,B12,7,5,1,8,2,5,,47,47,1,13,4,120.702402,24.087103,2
3365,66000,387130000C,(04)23274275,(04)23288582,2025,8,9,16,10,臺中市,西區,0,1,0,7,2,6,50,4,2,1,5,4,6,6,1,1,5,4,5,2,13,2,9,2,1,C03,7,9,1,10,2,11,,7,7,1,12,4,120.67691,24.13505,2
3366,66000,387130000C,(04)23274275,(04)23288582,2025,8,9,16,11,臺中市,大里區,0,2,0,7,2,6,30,5,1,1,5,4,6,1,1,3,10,5,5,2,15,2,7,5,4,C03,7,9,1,10,2,11,,15,15,1,12,4,120.703978,24.097727,2
3367,66000,387130000C,(04)23274275,(04)23288582,2025,8,9,16,15,臺中市,中區,0,0,0,7,,,50,,,,,,,,,,,,,,,,,,,A04,,,1,,2,,,84,84,1,12,4,120.681204,24.139455,3
3368,66000,387130000C,(04)23274275,(04)23288582,2025,8,9,16,15,臺中市,大安區,0,0,0,7,,,50,,,,,,,,,,,,,,,,,,,C03,,,1,,1,,,11,11,1,6,4,120.590403,24.382873,3
3369,66000,387130000C,(04)23274275,(04)23288582,2025,8,9,16,21,臺中市,清水區,0,0,0,7,,,50,,,,,,,,,,,,,,,,,,,B03,,,1,,2,,,8,8,1,12,4,120.567089,24.273412,3
3370,66000,387130000C,(04)23274275,(04)23288582,2025,8,9,16,24,臺中市,西區,0,0,0,7,,,50,,,,,,,,,,,,,,17,,,,,C03,,,1,,2,,,84,84,1,12,4,120.658401,24.152615,3
3371,66000,387130000C,(04)23274275,(04)23288582,2025,8,9,16,26,臺中市,東勢區,0,1,0,7,2,6,50,3,1,1,5,4,6,6,1,1,10,5,5,2,14,3,10,3,1,B03,7,2,1,8,9,3,,49,49,1,12,4,120.82937,24.249335,2
3372,66000,387130000C,(04)23274275,(04)23288582,2025,8,9,16,27,臺中市,南屯區,0,0,0,7,,,40,,,,,,,,,,,,,,14,,,,,B03,,,1,,2,,,85,85,1,12,4,120.613725,24.142655,3
3373,66000,387130000C,(04)23274275,(04)23288582,2025,8,9,16,28,臺中市,大里區,0,1,0,7,2,6,50,4,1,1,5,4,6,6,1,1,10,5,5,2,17,2,9,1,1,C03,7,9,1,10,2,11,,7,7,1,12,4,120.681553,24.104502,2
3374,66000,387130000C,(04)23274275,(04)23288582,2025,8,9,16,32,臺中市,西區,0,0,0,7,,,50,,,,,,,,,,,,,,,,,,,B03,,,1,,1,,,50,50,1,12,4,120.673671,24.140014,3
3375,66000,387130000C,(04)23274275,(04)23288582,2025,8,9,16,32,臺中市,南屯區,0,1,0,7,2,6,50,4,1,1,5,4,6,6,4,4,10,5,5,2,16,3,10,5,4,B03,7,6,1,8,2,4,,84,84,1,13,4,120.613047,24.145412,2
3376,66000,387130000C,(04)23274275,(04)23288582,2025,8,9,16,32,臺中市,北屯區,0,3,0,7,2,6,50,4,1,1,5,4,6,6,1,1,10,5,5,2,15,3,10,3,1,A11,7,9,1,3,2,1,1,21,21,1,12,4,120.689327,24.201289,2
3377,66000,387130000C,(04)23274275,(04)23288582,2025,8,9,16,36,臺中市,豐原區,0,0,0,7,,,50,,,,,,,,,,,,,,15,,,,,B02,,,1,,2,,,84,84,1,12,4,120.734943,24.246631,3
3378,66000,387130000C,(04)23274275,(04)23288582,2025,8,9,16,47,臺中市,西區,0,0,0,7,,,50,,,,,,,,,,,,,,,,,,,B03,,,1,,1,,,8,8,1,12,4,120.660533,24.137246,3
3379,66000,387130000C,(04)23274275,(04)23288582,2025,8,9,16,48,臺中市,沙鹿區,0,0,0,7,,,30,,,,,,,,,,,,,,17,,,,,B03,,,1,,1,,,8,8,1,6,4,120.571105,24.210917,3
3380,66000,387130000C,(04)23274275,(04)23288582,2025,8,9,16,53,臺中市,大里區,0,0,0,7,,,50,,,,,,,,,,,,,,14,,,,,B03,,,,,2,,,49,49,1,6,4,120.675302,24.107976,3
3381,66000,387130000C,(04)23274275,(04)23288582,2025,8,9,17,0,臺中市,北屯區,0,0,0,7,,,50,,,,,,,,,,,,,,,,,,,B03,,,1,,1,,,20,20,1,11,4,120.737276,24.17845,3
3382,66000,387130000C,(04)23274275,(04)23288582,2025,8,9,17,3,臺中市,西區,0,0,0,6,,,50,,,,,,,,,,,,,,,,,,,B03,,,1,,9,,,49,49,1,12,4,120.669212,24.147712,3
3383,66000,387130000C,(04)23274275,(04)23288582,2025,8,9,17,3,臺中市,霧峰區,0,0,0,7,,,30,,,,,,,,,,,,,,,,,,,B03,,,1,,2,,,84,84,1,13,4,120.670245,24.056233,3
3384,66000,387130000C,(04)23274275,(04)23288582,2025,8,9,17,3,臺中市,大肚區,0,2,0,7,3,6,50,4,1,1,5,4,6,6,2,1,10,5,5,2,15,2,8,2,1,C03,7,9,1,10,2,11,,84,84,1,6,4,120.549659,24.148289,2
3385,66000,387130000C,(04)23274275,(04)23288582,2025,8,9,17,4,臺中市,后里區,0,0,0,7,2,6,50,13,14,1,5,4,6,6,4,4,1,4,4,1,14,3,10,3,1,B03,7,2,1,8,2,2,,49,49,1,12,4,120.722086,24.30812,3
3386,66000,387130000C,(04)23274275,(04)23288582,2025,8,9,17,5,臺中市,南屯區,0,0,0,7,,,50,,,,,,,,,,,,,,,,,,,B03,,,1,,1,,,7,7,1,12,4,120.649891,24.146771,3
3387,66000,387130000C,(04)23274275,(04)23288582,2025,8,9,17,10,臺中市,南屯區,0,0,0,7,,,50,,,,,,,,,,,,,,,,,,,B03,,,1,,1,,,85,85,1,6,4,120.636583,24.138113,3
3388,66000,387130000C,(04)23274275,(04)23288582,2025,8,9,17,10,臺中市,北屯區,0,0,0,7,,,50,,,,,,,,,,,,,,,,,,,B03,,,1,,1,,,50,50,1,12,4,120.693487,24.175582,3
3389,66000,387130000C,(04)23274275,(04)23288582,2025,8,9,17,10,臺中市,沙鹿區,0,1,0,7,3,6,40,13,8,1,5,4,6,6,4,4,1,4,3,2,13,4,11,5,4,B03,7,9,6,20,11,1,,7,7,2,5,4,120.569522,24.202044,2
3390,66000,387130000C,(04)23274275,(04)23288582,2025,8,9,17,12,臺中市,太平區,0,0,0,7,,,50,,,,,,,,,,,,,,,,,,,C03,,,1,,2,,,58,58,1,6,4,120.703152,24.14814,3
3391,66000,387130000C,(04)23274275,(04)23288582,2025,8,9,17,14,臺中市,西屯區,0,0,0,7,,,50,,,,,,,,,,,,,,12,,,,,B12,,,1,,1,,,8,8,1,13,4,120.661482,24.163897,3
3392,66000,387130000C,(04)23274275,(04)23288582,2025,8,9,17,14,臺中市,外埔區,0,2,0,7,2,6,50,3,1,1,5,4,6,6,1,1,5,5,4,1,16,3,10,3,1,B03,7,6,1,8,2,2,,11,11,1,12,4,120.651906,24.332941,2
3393,66000,387130000C,(04)23274275,(04)23288582,2025,8,9,17,20,臺中市,東區,0,0,0,7,,,50,,,,,,,,,,,,,,,,,,,B03,,,1,,9,,,85,85,1,13,4,120.691028,24.141916,3
3394,66000,387130000C,(04)23274275,(04)23288582,2025,8,9,17,22,臺中市,外埔區,0,1,0,7,2,6,50,3,1,1,5,4,6,6,4,4,5,5,5,1,16,3,10,3,1,B03,7,6,1,6,2,5,,14,14,1,12,4,120.641741,24.34112,2
3395,66000,387130000C,(04)23274275,(04)23288582,2025,8,9,17,23,臺中市,北區,0,0,0,7,,,50,,,,,,,,,,,,,,17,,,,,B03,,,1,,1,,,49,49,1,13,4,120.686266,24.165367,3
3396,66000,387130000C,(04)23274275,(04)23288582,2025,8,9,17,24,臺中市,東勢區,0,1,0,7,3,6,40,4,1,1,5,4,6,6,4,4,5,5,4,2,15,3,10,3,1,B03,7,9,1,8,2,4,,12,12,1,6,4,120.831687,24.24454,2
3397,66000,387130000C,(04)23274275,(04)23288582,2025,8,9,17,25,臺中市,西屯區,0,0,0,7,,,60,,,,,,,,,,,,,,,,,,,B03,,,1,,1,,,7,7,1,12,4,120.588919,24.18488,3
3398,66000,387130000C,(04)23274275,(04)23288582,2025,8,9,17,25,臺中市,西屯區,0,0,0,7,,,50,,,,,,,,,,,,,,17,,,,,C03,,,1,,1,,,51,51,1,13,4,120.658594,24.164806,4
3399,66000,387130000C,(04)23274275,(04)23288582,2025,8,9,17,26,臺中市,大里區,0,2,0,7,2,6,50,4,1,1,5,4,6,6,4,4,10,5,5,2,17,2,9,1,1,C03,7,9,1,10,2,11,,7,7,1,12,4,120.688419,24.11543,2
3400,66000,387130000C,(04)23274275,(04)23288582,2025,8,9,17,30,臺中市,北屯區,0,1,0,7,2,6,50,13,9,1,5,4,6,6,4,4,9,4,4,2,17,3,10,3,1,B03,7,13,1,8,2,4,,76,76,1,12,4,120.665379,24.191235,2
3401,66000,387130000C,(04)23274275,(04)23288582,2025,8,9,17,31,臺中市,東區,0,1,0,7,1,6,50,4,4,1,5,4,6,6,2,1,1,5,4,2,13,2,9,5,4,C03,7,9,5,10,2,11,,84,84,1,13,4,120.694457,24.147985,2
3402,66000,387130000C,(04)23274275,(04)23288582,2025,8,9,17,32,臺中市,西區,0,1,0,7,2,6,50,4,1,1,5,4,6,6,4,4,10,5,5,2,3,3,10,3,1,B03,7,9,1,8,2,1,,10,10,1,12,4,120.661665,24.153302,2
3403,66000,387130000C,(04)23274275,(04)23288582,2025,8,9,17,33,臺中市,潭子區,0,0,0,7,,,30,,,,,,,,,,,,,,,,,,,B03,,,1,,1,,,49,49,1,12,4,120.694562,24.21816,4