序號,縣市別代碼,機關代碼,市話,傳真,年,月,日,時,分,縣市,區,死亡數量,受傷數量,2-30,天候,道路照明設備,道路類別,道路速限,道路型態,事故位置,路面鋪裝,路面狀態,路面缺陷,障礙物,視距,號誌種類,號誌動作,分向設施,快車道或一般車道間,快慢車道間,路面邊線,事故類型及型態,受傷程度,主要傷處,保護裝備,行動電話或功能裝置,當事者區分(類別),車輛用途,當事者行動狀態,駕照狀態,駕照種類,飲酒情形,車輛撞擊部位最初,車輛撞擊部位其他,肇事因素個別,肇事因素主要,肇事逃逸,職業,共享經濟或外送平台,GPS座標X,GPS座標Y,事故類別
3404,66000,387130000C,(04)23274275,(04)23288582,2025,8,9,17,35,臺中市,北屯區,0,0,0,7,,,50,,,,,,,,,,,,,,,,,,,B01,,,1,,2,,,84,84,1,12,4,120.703106,24.169635,4
3405,66000,387130000C,(04)23274275,(04)23288582,2025,8,9,17,37,臺中市,清水區,0,2,0,7,3,6,30,4,1,1,5,4,6,6,4,4,10,5,5,2,17,2,8,2,1,C03,7,6,1,10,2,11,,12,12,1,12,4,120.613933,24.288896,2
3406,66000,387130000C,(04)23274275,(04)23288582,2025,8,9,17,40,臺中市,南區,0,0,0,7,,,50,,,,,,,,,,,,,,,,,,,C03,,,1,,1,,,15,15,1,6,4,120.682849,24.130732,3
3407,66000,387130000C,(04)23274275,(04)23288582,2025,8,9,17,42,臺中市,西屯區,0,0,0,7,,,30,,,,,,,,,,,,,,14,,,,,B03,,,1,,2,,,8,8,1,12,4,120.64654,24.175906,3
3408,66000,387130000C,(04)23274275,(04)23288582,2025,8,9,17,45,臺中市,東區,0,2,0,7,1,6,40,13,17,1,5,4,6,6,4,4,9,5,4,2,17,2,9,5,4,C03,7,1,3,19,1,11,,51,51,1,13,4,120.696069,24.139048,2
3409,66000,387130000C,(04)23274275,(04)23288582,2025,8,9,17,46,臺中市,烏日區,0,0,0,7,,,50,,,,,,,,,,,,,,,,,,,B03,,,1,,1,,,45,45,1,13,4,120.623645,24.106107,3
3410,66000,387130000C,(04)23274275,(04)23288582,2025,8,9,17,48,臺中市,太平區,0,0,0,6,,,50,,,,,,,,,,,,,,,,,,,B03,,,1,,1,,,78,78,1,12,4,120.711284,24.141098,3
3411,66000,387130000C,(04)23274275,(04)23288582,2025,8,9,17,49,臺中市,西區,0,0,0,7,,,50,,,,,,,,,,,,,,17,,,,,B02,,,1,,1,,,40,40,1,12,4,120.667296,24.140622,3
3412,66000,387130000C,(04)23274275,(04)23288582,2025,8,9,17,49,臺中市,南區,0,0,0,7,,,0,,,,,,,,,,,,,,17,,,,,C03,,,1,,1,,,51,51,1,6,4,120.661687,24.130259,3
3413,66000,387130000C,(04)23274275,(04)23288582,2025,8,9,17,49,臺中市,太平區,0,1,0,7,2,6,50,3,1,1,5,4,6,6,4,4,10,5,5,2,17,3,10,5,4,B03,7,6,1,8,2,4,,48,48,1,6,4,120.73528,24.133764,2
3414,66000,387130000C,(04)23274275,(04)23288582,2025,8,9,17,49,臺中市,后里區,0,0,0,7,,,50,,,,,,,,,,,,,,12,,,,,B03,,,1,,1,,,8,8,1,13,4,120.720099,24.307802,3
3415,66000,387130000C,(04)23274275,(04)23288582,2025,8,9,17,53,臺中市,大雅區,0,0,0,7,,,30,,,,,,,,,,,,,,,,,,,B03,,,1,,1,,,8,8,1,13,4,120.641693,24.210757,3
3416,66000,387130000C,(04)23274275,(04)23288582,2025,8,9,17,53,臺中市,北區,0,0,0,7,,,50,,,,,,,,,,,,,,17,,,,,B02,,,1,,1,,,21,21,1,12,4,120.682546,24.145837,3
3417,66000,387130000C,(04)23274275,(04)23288582,2025,8,9,17,54,臺中市,西屯區,0,1,0,7,2,6,50,3,1,1,5,4,6,6,4,4,10,5,5,2,17,3,10,5,4,B03,7,8,1,8,2,1,,7,7,1,12,4,120.653501,24.165148,2
3418,66000,387130000C,(04)23274275,(04)23288582,2025,8,9,17,56,臺中市,北屯區,0,2,0,7,3,6,50,3,1,1,5,4,6,6,1,1,10,5,5,2,16,2,9,2,1,C03,7,9,1,10,1,11,,21,21,1,6,4,120.716459,24.175264,2
3419,66000,387130000C,(04)23274275,(04)23288582,2025,8,9,18,0,臺中市,大雅區,0,0,0,7,,,50,,,,,,,,,,,,,,12,,,,,B03,,,1,,1,,,8,8,1,12,4,120.650971,24.227615,3
3420,66000,387130000C,(04)23274275,(04)23288582,2025,8,9,18,0,臺中市,西區,0,0,0,6,,,50,,,,,,,,,,,,,,,,,,,B03,,,1,,2,,,84,84,1,12,4,120.66097,24.154839,3
3421,66000,387130000C,(04)23274275,(04)23288582,2025,8,9,18,7,臺中市,豐原區,0,0,0,7,,,50,,,,,,,,,,,,,,,,,,,B03,,,1,,2,,,7,7,1,13,4,120.736835,24.26127,3
3422,66000,387130000C,(04)23274275,(04)23288582,2025,8,9,18,12,臺中市,沙鹿區,0,1,0,7,2,6,30,11,9,1,5,4,6,5,4,4,10,5,5,1,11,3,10,3,1,B03,7,9,1,8,2,8,4,84,84,1,6,4,120.594313,24.218463,2
3423,66000,387130000C,(04)23274275,(04)23288582,2025,8,9,18,23,臺中市,西屯區,0,1,0,7,1,6,50,3,1,1,5,4,6,6,4,4,10,5,5,2,16,3,10,3,1,B03,7,5,1,8,2,2,,14,14,1,12,4,120.626289,24.181864,2
3424,66000,387130000C,(04)23274275,(04)23288582,2025,8,9,18,25,臺中市,南屯區,0,0,0,7,,,50,,,,,,,,,,,,,,,,,,,B03,,,1,,1,,,49,49,1,6,4,120.647758,24.152335,3
3425,66000,387130000C,(04)23274275,(04)23288582,2025,8,9,18,26,臺中市,神岡區,0,0,0,7,,,30,,,,,,,,,,,,,,11,,,,,B03,,,1,,2,,,8,8,1,12,4,120.686844,24.253452,4
3426,66000,387130000C,(04)23274275,(04)23288582,2025,8,9,18,30,臺中市,大雅區,0,0,0,7,,,50,,,,,,,,,,,,,,,,,,,B03,,,1,,2,,,51,51,1,13,4,120.665792,24.216042,3
3427,66000,387130000C,(04)23274275,(04)23288582,2025,8,9,18,30,臺中市,南屯區,0,0,0,7,,,,,,,,,,,,,,,,,17,,,,,,,,,,,,,119,119,1,,,120.638219,24.141295,3
3428,66000,387130000C,(04)23274275,(04)23288582,2025,8,9,18,35,臺中市,大甲區,0,2,0,7,3,6,50,13,9,1,5,4,6,6,4,4,5,5,5,1,17,2,9,5,4,C03,7,1,1,10,2,14,,51,51,1,6,4,120.62292,24.345631,2
3429,66000,387130000C,(04)23274275,(04)23288582,2025,8,9,18,40,臺中市,北屯區,0,0,0,7,,,50,,,,,,,,,,,,,,,,,,,B03,,,1,,2,,,51,51,1,12,4,120.696079,24.164715,3
3430,66000,387130000C,(04)23274275,(04)23288582,2025,8,9,18,40,臺中市,豐原區,0,1,0,7,1,6,50,5,1,1,5,4,6,6,1,1,5,4,5,2,17,3,10,1,1,C03,7,9,1,10,2,12,,8,8,1,6,2,120.712561,24.251543,2
3431,66000,387130000C,(04)23274275,(04)23288582,2025,8,9,18,41,臺中市,潭子區,0,0,0,7,,,50,,,,,,,,,,,,,,,,,,,B03,,,1,,2,,,49,49,1,13,4,120.701315,24.21183,3
3432,66000,387130000C,(04)23274275,(04)23288582,2025,8,9,18,42,臺中市,大雅區,0,0,0,7,,,0,,,,,,,,,,,,,,,,,,,B12,,,1,,2,,,49,49,1,12,4,120.623278,24.230014,3
3433,66000,387130000C,(04)23274275,(04)23288582,2025,8,9,18,45,臺中市,烏日區,0,2,0,7,1,6,60,13,8,1,5,4,6,6,4,4,1,4,4,2,13,2,1,1,1,C03,7,9,1,10,2,12,,84,84,1,6,4,120.614417,24.106594,2
3434,66000,387130000C,(04)23274275,(04)23288582,2025,8,9,18,48,臺中市,霧峰區,0,1,0,6,1,6,50,4,1,1,5,4,6,6,1,1,10,5,5,2,16,2,9,5,4,C03,7,15,1,10,2,11,,84,84,1,12,4,120.715509,24.076438,2
3435,66000,387130000C,(04)23274275,(04)23288582,2025,8,9,18,54,臺中市,北區,0,0,0,7,,,50,,,,,,,,,,,,,,13,,,,,B03,,,1,,2,,,59,59,1,13,4,120.681811,24.148765,3
3436,66000,387130000C,(04)23274275,(04)23288582,2025,8,9,18,54,臺中市,南區,0,1,0,7,1,6,50,5,2,1,5,4,6,6,4,4,5,5,4,2,18,2,9,1,1,C03,7,9,1,10,2,14,,6,6,1,6,4,120.655188,24.113708,2
3437,66000,387130000C,(04)23274275,(04)23288582,2025,8,9,19,3,臺中市,南屯區,0,2,0,6,1,6,50,5,2,1,5,4,6,6,2,1,5,4,1,2,17,2,9,2,1,C03,7,6,1,10,2,12,,11,11,1,12,4,120.633248,24.124221,2
3438,66000,387130000C,(04)23274275,(04)23288582,2025,8,9,19,4,臺中市,北區,0,1,0,7,1,6,50,3,9,1,5,4,6,6,1,1,5,4,5,2,13,3,10,3,1,B03,7,9,1,8,2,1,,84,84,1,12,4,120.673747,24.143308,2
3439,66000,387130000C,(04)23274275,(04)23288582,2025,8,9,19,4,臺中市,西屯區,0,0,0,7,,,50,,,,,,,,,,,,,,,,,,,B03,,,1,,2,,,45,45,1,12,4,120.664635,24.178944,3
3440,66000,387130000C,(04)23274275,(04)23288582,2025,8,9,19,5,臺中市,西區,0,0,0,7,,,50,,,,,,,,,,,,,,,,,,,B03,,,1,,1,,,51,51,1,12,4,120.661147,24.154656,3
3441,66000,387130000C,(04)23274275,(04)23288582,2025,8,9,19,9,臺中市,后里區,0,4,0,7,1,6,30,5,1,1,5,4,6,6,4,4,10,5,5,2,15,2,9,1,1,C03,7,9,1,10,2,12,,39,39,1,12,4,120.677541,24.313119,2
3442,66000,387130000C,(04)23274275,(04)23288582,2025,8,9,19,10,臺中市,東區,0,1,0,7,1,6,40,4,1,1,4,4,6,6,2,1,10,5,5,2,18,2,9,2,1,C03,7,9,1,10,2,14,,85,85,1,13,4,120.696485,24.138879,2
3443,66000,387130000C,(04)23274275,(04)23288582,2025,8,9,19,10,臺中市,北屯區,0,0,0,7,,,50,,,,,,,,,,,,,,,,,,,C03,,,1,,1,,,84,84,1,12,4,120.713963,24.165197,3
3444,66000,387130000C,(04)23274275,(04)23288582,2025,8,9,19,10,臺中市,西屯區,0,1,0,7,1,6,60,4,1,1,5,4,6,6,2,1,10,5,5,2,17,3,10,3,1,B03,7,6,1,8,1,8,,48,48,1,13,4,120.635172,24.179435,2
3445,66000,387130000C,(04)23274275,(04)23288582,2025,8,9,19,16,臺中市,西屯區,0,0,0,7,,,50,,,,,,,,,,,,,,17,,,,,B01,,,1,,1,,,59,59,1,13,4,120.644925,24.180437,3
3446,66000,387130000C,(04)23274275,(04)23288582,2025,8,9,19,19,臺中市,北區,0,0,0,7,,,50,,,,,,,,,,,,,,13,,,,,B03,,,1,,1,,,7,7,1,13,4,120.684231,24.149639,3
3447,66000,387130000C,(04)23274275,(04)23288582,2025,8,9,19,20,臺中市,龍井區,0,0,0,6,,,50,,,,,,,,,,,,,,12,,,,,B03,,,1,,2,,,8,8,1,6,4,120.58906,24.180326,3
3448,66000,387130000C,(04)23274275,(04)23288582,2025,8,9,19,22,臺中市,北屯區,0,1,0,7,1,6,50,13,9,1,5,4,6,6,4,4,1,4,5,2,12,2,9,2,1,C03,7,9,1,10,2,11,,84,84,1,12,4,120.687117,24.172174,2
3449,66000,387130000C,(04)23274275,(04)23288582,2025,8,9,19,24,臺中市,東區,0,1,0,7,1,6,50,4,1,1,5,4,6,6,2,1,5,5,5,2,11,3,10,3,1,B03,7,6,1,8,2,1,,11,11,1,13,4,120.69067,24.134705,2
3450,66000,387130000C,(04)23274275,(04)23288582,2025,8,9,19,30,臺中市,西屯區,0,0,0,7,,,50,,,,,,,,,,,,,,13,,,,,B03,,,1,,1,,,7,7,1,12,4,120.656391,24.169771,3
3451,66000,387130000C,(04)23274275,(04)23288582,2025,8,9,19,35,臺中市,太平區,0,0,0,7,,,50,,,,,,,,,,,,,,13,,,,,B02,,,1,,2,,,82,82,1,12,4,120.722525,24.142371,3
3452,66000,387130000C,(04)23274275,(04)23288582,2025,8,9,19,37,臺中市,西屯區,0,0,0,7,,,50,,,,,,,,,,,,,,17,,,,,,,,,,,,,119,119,1,,,120.653841,24.160499,3
3453,66000,387130000C,(04)23274275,(04)23288582,2025,8,9,19,38,臺中市,南區,0,1,0,7,1,6,50,3,1,1,5,4,6,6,2,1,10,5,5,2,13,3,10,5,4,B02,7,6,1,8,1,8,,84,84,1,13,4,120.657578,24.124635,2
3454,66000,387130000C,(04)23274275,(04)23288582,2025,8,9,19,45,臺中市,西屯區,0,1,0,7,1,6,50,3,1,1,5,4,6,6,4,4,10,5,5,2,16,3,10,3,1,B03,7,6,1,8,2,1,,12,12,1,12,4,120.651382,24.173374,2
3455,66000,387130000C,(04)23274275,(04)23288582,2025,8,9,19,58,臺中市,大甲區,0,1,0,7,3,6,50,3,9,1,5,4,6,6,1,1,5,5,5,1,17,3,10,3,1,B03,7,13,1,8,2,4,,76,76,1,6,4,120.611725,24.348229,2
3456,66000,387130000C,(04)23274275,(04)23288582,2025,8,9,19,59,臺中市,西區,0,0,0,6,,,30,,,,,,,,,,,,,,,,,,,B03,,,3,,2,,,84,84,1,12,4,120.674302,24.142105,3
3457,66000,387130000C,(04)23274275,(04)23288582,2025,8,9,19,59,臺中市,西屯區,0,0,0,7,,,50,,,,,,,,,,,,,,,,,,,B03,,,1,,2,,,45,45,1,12,4,120.612971,24.191516,3
3458,66000,387130000C,(04)23274275,(04)23288582,2025,8,9,20,8,臺中市,北區,0,0,0,7,,,50,,,,,,,,,,,,,,17,,,,,B03,,,6,,2,,,85,85,1,13,4,120.674373,24.14581,4
3459,66000,387130000C,(04)23274275,(04)23288582,2025,8,9,20,11,臺中市,豐原區,0,0,0,7,,,50,,,,,,,,,,,,,,14,,,,,B03,,,1,,1,,,49,49,1,12,4,120.716066,24.245591,3
3460,66000,387130000C,(04)23274275,(04)23288582,2025,8,9,20,15,臺中市,南屯區,0,0,0,7,,,50,,,,,,,,,,,,,,17,,,,,B03,,,1,,9,,,50,50,1,13,4,120.64986,24.131742,3
3461,66000,387130000C,(04)23274275,(04)23288582,2025,8,9,20,16,臺中市,西屯區,0,0,0,7,,,50,,,,,,,,,,,,,,13,,,,,B03,,,1,,1,,,56,56,1,13,4,120.658954,24.170767,3
3462,66000,387130000C,(04)23274275,(04)23288582,2025,8,9,20,23,臺中市,太平區,0,1,0,7,1,6,30,3,9,1,5,4,6,6,1,1,10,5,5,2,13,2,9,5,4,C03,7,9,2,19,2,11,,7,7,1,4,4,120.717699,24.102803,2
3463,66000,387130000C,(04)23274275,(04)23288582,2025,8,9,20,25,臺中市,豐原區,0,1,0,6,1,6,50,11,9,1,5,4,6,6,4,4,5,5,5,2,17,3,10,3,1,B03,7,1,1,8,2,8,,51,51,1,12,4,120.720423,24.252731,2
3464,66000,387130000C,(04)23274275,(04)23288582,2025,8,9,20,30,臺中市,北屯區,0,1,0,5,1,6,50,4,1,1,4,4,6,6,1,1,10,5,5,2,17,2,9,1,1,C03,7,6,1,10,2,13,,84,84,1,12,4,120.699037,24.160651,2
3465,66000,387130000C,(04)23274275,(04)23288582,2025,8,9,20,31,臺中市,西區,0,2,0,5,2,6,50,4,1,1,4,4,6,6,4,4,10,5,5,2,13,2,9,2,1,C03,7,9,1,10,2,11,,7,7,1,12,4,120.668981,24.14668,2
3466,66000,387130000C,(04)23274275,(04)23288582,2025,8,9,20,49,臺中市,北區,0,0,0,5,,,50,,,,,,,,,,,,,,13,,,,,C03,,,1,,1,,,7,7,1,13,4,120.683255,24.157317,3
3467,66000,387130000C,(04)23274275,(04)23288582,2025,8,9,20,49,臺中市,大里區,0,0,0,5,,,50,,,,,,,,,,,,,,17,,,,,B03,,,1,,1,,,7,7,1,12,4,120.684644,24.103265,3
3468,66000,387130000C,(04)23274275,(04)23288582,2025,8,9,20,55,臺中市,南區,0,0,0,7,,,30,,,,,,,,,,,,,,17,,,,,C03,,,1,,1,,,84,84,1,6,4,120.66329,24.124777,3
3469,66000,387130000C,(04)23274275,(04)23288582,2025,8,9,20,58,臺中市,北屯區,0,1,0,5,1,6,50,4,1,1,4,4,6,6,2,1,10,5,5,2,16,2,9,2,1,C03,7,9,1,10,2,11,,21,21,1,6,4,120.722489,24.172549,2
3470,66000,387130000C,(04)23274275,(04)23288582,2025,8,9,21,1,臺中市,北屯區,0,1,0,7,3,6,50,4,1,1,4,4,6,6,1,1,10,5,5,2,3,3,10,3,1,B12,7,6,1,8,2,1,,10,10,1,6,4,120.696322,24.185335,2
3471,66000,387130000C,(04)23274275,(04)23288582,2025,8,9,21,3,臺中市,潭子區,0,0,0,6,,,30,,,,,,,,,,,,,,,,,,,B03,,,1,,2,,,8,8,1,13,4,120.709329,24.203525,3
3472,66000,387130000C,(04)23274275,(04)23288582,2025,8,9,21,8,臺中市,西屯區,0,0,0,7,,,50,,,,,,,,,,,,,,13,,,,,B03,,,1,,2,,,59,59,1,12,4,120.636528,24.170784,3
3473,66000,387130000C,(04)23274275,(04)23288582,2025,8,9,21,9,臺中市,太平區,0,1,0,5,1,6,40,4,8,1,4,4,6,6,2,1,5,5,4,1,18,2,9,1,1,C03,7,9,1,10,2,12,,6,6,1,12,4,120.715513,24.158902,2
3474,66000,387130000C,(04)23274275,(04)23288582,2025,8,9,21,9,臺中市,豐原區,0,0,0,7,,,,,,,,,,,,,,,,,,,,,,,,,,,,,,86,86,1,,,120.733519,24.255089,3
3475,66000,387130000C,(04)23274275,(04)23288582,2025,8,9,21,11,臺中市,西區,0,1,0,5,1,6,50,4,1,1,4,4,6,6,4,4,10,5,5,2,18,2,9,1,1,C03,7,9,1,10,2,12,,84,84,1,6,4,120.661526,24.153171,2
3476,66000,387130000C,(04)23274275,(04)23288582,2025,8,9,21,11,臺中市,西屯區,0,2,0,7,1,6,40,13,8,1,5,4,6,6,4,4,1,4,1,2,13,3,10,3,1,B03,7,9,1,8,2,5,,8,8,1,12,4,120.595222,24.182602,2
3477,66000,387130000C,(04)23274275,(04)23288582,2025,8,9,21,18,臺中市,潭子區,0,1,0,5,1,6,50,4,1,1,4,4,6,6,1,1,5,4,5,1,17,2,8,1,1,C03,7,9,1,10,2,11,,39,39,1,12,4,120.710792,24.213104,2
3478,66000,387130000C,(04)23274275,(04)23288582,2025,8,9,21,36,臺中市,北屯區,0,0,0,5,,,50,,,,,,,,,,,,,,,,,,,B03,,,1,,2,,,35,35,1,12,4,120.710722,24.182291,3
3479,66000,387130000C,(04)23274275,(04)23288582,2025,8,9,21,37,臺中市,太平區,0,2,0,5,1,6,50,3,1,1,4,4,6,6,4,4,5,2,5,2,16,3,10,1,1,C03,7,9,1,10,2,12,,84,84,1,12,4,120.700655,24.149292,2
3480,66000,387130000C,(04)23274275,(04)23288582,2025,8,9,21,40,臺中市,霧峰區,0,0,0,7,,,30,,,,,,,,,,,,,,14,,,,,B03,,,1,,2,,,49,49,1,12,4,120.699763,24.068032,3
3481,66000,387130000C,(04)23274275,(04)23288582,2025,8,9,21,46,臺中市,南屯區,0,1,0,7,2,6,50,4,2,1,5,4,6,6,2,1,1,4,1,2,17,3,10,3,1,B03,7,9,1,8,2,2,,21,21,1,13,4,120.623769,24.149395,2
3482,66000,387130000C,(04)23274275,(04)23288582,2025,8,9,21,48,臺中市,南屯區,0,0,0,7,,,50,,,,,,,,,,,,,,,,,,,B03,,,1,,9,,,87,87,1,12,4,120.638141,24.144982,4
3483,66000,387130000C,(04)23274275,(04)23288582,2025,8,9,21,54,臺中市,烏日區,0,0,0,7,,,30,,,,,,,,,,,,,,,,,,,B03,,,1,,2,,,55,55,1,12,4,120.657467,24.045966,3
3484,66000,387130000C,(04)23274275,(04)23288582,2025,8,9,21,56,臺中市,西區,0,0,0,7,,,30,,,,,,,,,,,,,,,,,,,B01,,,1,,2,,,15,15,1,12,4,120.65809,24.155913,3
3485,66000,387130000C,(04)23274275,(04)23288582,2025,8,9,22,0,臺中市,北屯區,0,0,0,5,,,50,,,,,,,,,,,,,,,,,,,,,,,,,,,119,119,1,,,120.701729,24.16951,3
3486,66000,387130000C,(04)23274275,(04)23288582,2025,8,9,22,0,臺中市,北屯區,0,1,0,5,1,6,30,4,1,1,4,4,6,6,4,4,10,5,5,2,15,3,10,3,1,B03,7,9,1,8,2,1,,12,12,1,12,4,120.693185,24.173109,2
3487,66000,387130000C,(04)23274275,(04)23288582,2025,8,9,22,0,臺中市,西屯區,0,0,0,7,,,30,,,,,,,,,,,,,,,,,,,B03,,,1,,2,,,49,49,1,12,4,120.646657,24.177141,3
3488,66000,387130000C,(04)23274275,(04)23288582,2025,8,9,22,4,臺中市,大里區,0,2,0,5,2,6,50,4,1,1,4,4,6,6,1,1,10,5,5,2,17,2,9,1,1,C03,7,9,1,10,2,11,,21,21,1,12,4,120.679976,24.095263,2
3489,66000,387130000C,(04)23274275,(04)23288582,2025,8,9,22,12,臺中市,北區,0,1,0,5,1,6,50,4,1,1,4,4,6,6,1,1,10,5,5,2,17,3,10,5,4,B03,7,9,1,8,9,16,,21,21,1,13,4,120.677686,24.165054,2
3490,66000,387130000C,(04)23274275,(04)23288582,2025,8,9,22,15,臺中市,北屯區,0,0,0,5,,,50,,,,,,,,,,,,,,,,,,,C03,,,1,,2,,,84,84,1,13,4,120.685268,24.167965,3
3491,66000,387130000C,(04)23274275,(04)23288582,2025,8,9,22,17,臺中市,龍井區,0,0,0,7,,,40,,,,,,,,,,,,,,,,,,,B03,,,1,,2,,,51,51,1,6,4,120.50487,24.20139,3
3492,66000,387130000C,(04)23274275,(04)23288582,2025,8,9,22,25,臺中市,北屯區,0,3,0,5,1,6,50,4,4,1,4,4,6,6,2,1,10,5,5,2,12,3,10,3,1,B03,7,9,1,8,2,1,,84,84,1,12,4,120.658758,24.178091,2
3493,66000,387130000C,(04)23274275,(04)23288582,2025,8,9,22,25,臺中市,西屯區,0,0,0,7,,,50,,,,,,,,,,,,,,14,,,,,B03,,,1,,1,,,49,49,1,12,4,120.63647,24.165306,3
3494,66000,387130000C,(04)23274275,(04)23288582,2025,8,9,22,31,臺中市,西屯區,0,1,0,7,1,6,60,13,9,1,5,4,6,6,4,4,1,4,5,2,13,3,10,3,1,B03,7,9,1,8,1,1,,7,7,1,12,4,120.63531,24.171997,2
3495,66000,387130000C,(04)23274275,(04)23288582,2025,8,9,22,31,臺中市,西屯區,0,0,0,7,,,50,,,,,,,,,,,,,,,,,,,B03,,,1,,1,,,7,7,1,12,4,120.634183,24.172858,3
3496,66000,387130000C,(04)23274275,(04)23288582,2025,8,9,22,32,臺中市,神岡區,0,1,0,6,1,9,30,11,9,1,4,3,6,6,4,4,10,5,5,1,18,2,9,1,4,C03,7,9,1,10,2,11,,87,87,1,12,4,120.66242,24.277947,2
3497,66000,387130000C,(04)23274275,(04)23288582,2025,8,9,22,44,臺中市,西區,0,1,0,7,1,6,50,13,9,1,5,4,6,6,4,4,5,4,5,2,18,2,9,1,1,C03,7,9,1,10,2,12,,85,85,1,6,4,120.661583,24.151633,2
3498,66000,387130000C,(04)23274275,(04)23288582,2025,8,9,22,45,臺中市,東區,0,0,0,6,,,50,,,,,,,,,,,,,,,,,,,B03,,,1,,1,,,7,7,1,13,4,120.689069,24.134083,3
3499,66000,387130000C,(04)23274275,(04)23288582,2025,8,9,22,45,臺中市,大里區,0,1,0,7,1,6,50,4,2,1,5,4,6,6,2,1,3,4,4,1,16,2,9,5,4,C03,7,9,1,10,2,14,,84,84,1,13,4,120.671025,24.102328,2
3500,66000,387130000C,(04)23274275,(04)23288582,2025,8,9,22,49,臺中市,大肚區,0,1,0,7,1,6,50,11,9,1,5,4,6,6,4,4,4,5,5,2,18,2,9,2,1,C03,7,6,1,10,2,12,,84,84,1,6,4,120.551301,24.157906,2
3501,66000,387130000C,(04)23274275,(04)23288582,2025,8,9,22,52,臺中市,西屯區,0,0,0,7,,,50,,,,,,,,,,,,,,12,,,,,B03,,,1,,1,,,8,8,1,13,4,120.635245,24.172619,4
3502,66000,387130000C,(04)23274275,(04)23288582,2025,8,9,22,53,臺中市,西屯區,0,1,0,7,1,6,50,4,2,1,5,4,6,6,1,1,1,5,5,2,17,3,10,5,4,B03,7,9,1,8,9,1,,59,59,1,12,4,120.644164,24.201417,2
3503,66000,387130000C,(04)23274275,(04)23288582,2025,8,9,22,55,臺中市,北屯區,0,0,0,7,,,50,,,,,,,,,,,,,,,,,,,,,,,,,,,85,85,1,,,120.661189,24.191054,3
3504,66000,387130000C,(04)23274275,(04)23288582,2025,8,9,23,5,臺中市,西區,0,1,0,7,1,6,30,13,9,1,5,4,6,6,4,4,10,5,5,2,12,2,8,1,1,C03,7,9,3,19,1,12,,84,84,1,6,4,120.656178,24.152417,2
3505,66000,387130000C,(04)23274275,(04)23288582,2025,8,9,23,44,臺中市,南區,0,0,0,7,,,50,,,,,,,,,,,,,,12,,,,,B03,,,1,,1,,,8,8,1,12,4,120.661476,24.121735,3
3506,66000,387130000C,(04)23274275,(04)23288582,2025,8,9,23,51,臺中市,西屯區,0,1,0,7,1,6,50,3,1,1,5,4,6,6,2,1,10,4,5,2,18,2,9,2,4,C03,7,9,1,10,2,14,,6,6,1,7,4,120.606877,24.193803,2
3507,66000,387130000C,(04)23274275,(04)23288582,2025,8,10,0,0,臺中市,沙鹿區,0,0,0,7,,,50,,,,,,,,,,,,,,,,,,,B03,,,1,,2,,,58,58,1,6,4,120.606244,24.247281,3
3508,66000,387130000C,(04)23274275,(04)23288582,2025,8,10,0,15,臺中市,西屯區,0,0,0,7,,,50,,,,,,,,,,,,,,23,,,,,B03,,,1,,2,,,59,59,1,12,4,120.645896,24.191409,3
3509,66000,387130000C,(04)23274275,(04)23288582,2025,8,10,0,32,臺中市,潭子區,0,0,0,6,,,30,,,,,,,,,,,,,,,,,,,B03,,,1,,2,,,49,49,1,13,4,120.698731,24.192045,3
3510,66000,387130000C,(04)23274275,(04)23288582,2025,8,10,0,44,臺中市,太平區,0,0,0,7,,,50,,,,,,,,,,,,,,,,,,,B12,,,1,,2,,,84,84,1,12,4,120.710847,24.126855,3
3511,66000,387130000C,(04)23274275,(04)23288582,2025,8,10,0,50,臺中市,東勢區,0,1,0,7,1,6,50,13,9,1,5,4,6,6,4,4,8,5,5,1,12,2,9,3,1,B03,7,9,1,8,2,2,,55,55,1,12,4,120.788968,24.28521,2
3512,66000,387130000C,(04)23274275,(04)23288582,2025,8,10,1,15,臺中市,大肚區,0,1,0,7,1,6,50,11,9,1,5,4,6,6,4,4,4,5,5,1,18,2,9,1,1,C03,7,6,1,10,2,14,,84,84,1,5,4,120.552216,24.159929,2
3513,66000,387130000C,(04)23274275,(04)23288582,2025,8,10,1,28,臺中市,大里區,0,1,0,7,1,6,40,13,8,1,5,4,6,6,4,4,3,4,3,1,23,2,9,5,4,C03,7,7,1,10,2,11,,84,84,1,13,4,120.697078,24.111902,2
3514,66000,387130000C,(04)23274275,(04)23288582,2025,8,10,1,52,臺中市,西屯區,0,0,0,7,,,50,,,,,,,,,,,,,,13,,,,,B03,,,1,,1,,,7,7,1,13,4,120.634106,24.173815,3
3515,66000,387130000C,(04)23274275,(04)23288582,2025,8,10,2,1,臺中市,中區,0,0,0,7,,,50,,,,,,,,,,,,,,,,,,,B03,,,1,,1,,,51,51,1,6,4,120.683016,24.141143,3
3516,66000,387130000C,(04)23274275,(04)23288582,2025,8,10,2,48,臺中市,南屯區,0,1,0,7,2,6,40,13,8,1,5,4,6,6,4,4,5,4,4,2,17,2,9,3,1,B03,7,15,1,8,1,1,,84,84,1,13,4,120.616982,24.15687,2
3517,66000,387130000C,(04)23274275,(04)23288582,2025,8,10,2,57,臺中市,中區,0,0,0,7,,,50,,,,,,,,,,,,,,,,,,,B01,,,1,,9,,,51,51,1,6,4,120.683807,24.138724,3
3518,66000,387130000C,(04)23274275,(04)23288582,2025,8,10,3,14,臺中市,西屯區,0,0,0,7,,,60,,,,,,,,,,,,,,12,,,,,B03,,,1,,2,,,85,85,1,13,4,120.592178,24.191725,3