序號,縣市別代碼,機關代碼,市話,傳真,年,月,日,時,分,縣市,區,死亡數量,受傷數量,2-30,天候,道路照明設備,道路類別,道路速限,道路型態,事故位置,路面鋪裝,路面狀態,路面缺陷,障礙物,視距,號誌種類,號誌動作,分向設施,快車道或一般車道間,快慢車道間,路面邊線,事故類型及型態,受傷程度,主要傷處,保護裝備,行動電話或功能裝置,當事者區分(類別),車輛用途,當事者行動狀態,駕照狀態,駕照種類,飲酒情形,車輛撞擊部位最初,車輛撞擊部位其他,肇事因素個別,肇事因素主要,肇事逃逸,職業,共享經濟或外送平台,GPS座標X,GPS座標Y,事故類別
3519,66000,387130000C,(04)23274275,(04)23288582,2025,8,10,3,17,臺中市,西屯區,0,0,0,7,,,40,,,,,,,,,,,,,,13,,,,,B03,,,1,,2,,,7,7,1,12,4,120.646454,24.164454,3
3520,66000,387130000C,(04)23274275,(04)23288582,2025,8,10,3,53,臺中市,中區,0,0,0,7,,,50,,,,,,,,,,,,,,,,,,,B03,,,1,,2,,,84,84,1,12,4,120.681165,24.144905,3
3521,66000,387130000C,(04)23274275,(04)23288582,2025,8,10,4,2,臺中市,中區,0,0,0,7,,,50,,,,,,,,,,,,,,,,,,,B01,,,1,,9,,,84,84,1,12,4,120.685139,24.138655,3
3522,66000,387130000C,(04)23274275,(04)23288582,2025,8,10,4,21,臺中市,南屯區,0,1,0,7,2,6,40,13,8,1,5,4,6,6,4,4,1,4,4,2,17,2,9,3,1,B03,7,9,1,8,2,1,,55,55,1,13,4,120.637661,24.150378,2
3523,66000,387130000C,(04)23274275,(04)23288582,2025,8,10,4,32,臺中市,大雅區,1,0,0,7,1,6,60,3,2,1,5,4,6,6,1,1,1,4,5,1,13,3,10,3,1,B03,7,9,5,8,6,1,,53,53,1,13,4,120.650837,24.209937,1
3524,66000,387130000C,(04)23274275,(04)23288582,2025,8,10,4,50,臺中市,北屯區,0,1,0,7,1,6,50,4,1,1,5,4,6,6,2,1,10,5,5,2,18,2,9,1,1,C03,7,12,1,10,2,14,,84,84,1,6,4,120.703417,24.162757,2
3525,66000,387130000C,(04)23274275,(04)23288582,2025,8,10,4,57,臺中市,豐原區,0,0,0,7,,,50,,,,,,,,,,,,,,13,,,,,B03,,,1,,2,,,59,59,1,13,4,120.72011,24.264311,3
3526,66000,387130000C,(04)23274275,(04)23288582,2025,8,10,6,55,臺中市,北屯區,0,0,0,7,,,50,,,,,,,,,,,,,,17,,,,,C03,,,1,,1,,,84,84,1,12,4,120.671375,24.184836,4
3527,66000,387130000C,(04)23274275,(04)23288582,2025,8,10,7,13,臺中市,沙鹿區,0,2,0,7,3,6,50,4,1,1,5,4,6,6,1,1,10,5,5,2,17,2,9,2,1,C03,7,9,1,10,2,15,,87,87,1,6,4,120.563514,24.24201,2
3528,66000,387130000C,(04)23274275,(04)23288582,2025,8,10,7,29,臺中市,西屯區,0,0,0,7,,,60,,,,,,,,,,,,,,16,,,,,B03,,,1,,1,,,47,47,1,13,4,120.638278,24.159295,3
3529,66000,387130000C,(04)23274275,(04)23288582,2025,8,10,7,40,臺中市,西屯區,0,0,0,7,,,50,,,,,,,,,,,,,,13,,,,,B03,,,1,,1,,,59,59,1,12,4,120.658101,24.194876,3
3530,66000,387130000C,(04)23274275,(04)23288582,2025,8,10,7,40,臺中市,大甲區,0,0,0,7,,,50,,,,,,,,,,,,,,30,,,,,B03,,,1,,2,,,84,84,1,6,4,120.654604,24.380129,3
3531,66000,387130000C,(04)23274275,(04)23288582,2025,8,10,7,47,臺中市,西屯區,0,1,0,7,2,6,50,13,9,1,5,4,6,6,4,4,5,4,5,2,18,2,9,1,1,C03,7,9,1,10,2,16,,59,59,1,12,4,120.609786,24.191753,2
3532,66000,387130000C,(04)23274275,(04)23288582,2025,8,10,7,48,臺中市,石岡區,0,0,0,7,,,70,,,,,,,,,,,,,,13,,,,,B03,,,1,,1,,,7,7,1,13,4,120.790968,24.272963,3
3533,66000,387130000C,(04)23274275,(04)23288582,2025,8,10,8,13,臺中市,后里區,0,1,0,7,2,6,50,4,1,1,5,4,6,6,1,1,4,5,4,1,16,2,9,2,1,C03,7,6,1,10,2,14,,84,84,1,12,4,120.71365,24.306208,2
3534,66000,387130000C,(04)23274275,(04)23288582,2025,8,10,8,31,臺中市,梧棲區,0,2,0,7,3,6,50,4,1,1,5,4,6,6,4,4,10,5,5,2,15,2,9,1,1,C03,7,9,1,10,2,11,,15,15,1,6,4,120.549104,24.2428,2
3535,66000,387130000C,(04)23274275,(04)23288582,2025,8,10,8,33,臺中市,北屯區,0,0,0,7,,,50,,,,,,,,,,,,,,16,,,,,C03,,,1,,1,,,22,22,1,12,4,120.683537,24.1736,3
3536,66000,387130000C,(04)23274275,(04)23288582,2025,8,10,8,35,臺中市,太平區,0,0,0,7,,,50,,,,,,,,,,,,,,,,,,,B03,,,1,,2,,,84,84,1,12,4,120.732597,24.136827,3
3537,66000,387130000C,(04)23274275,(04)23288582,2025,8,10,8,35,臺中市,沙鹿區,0,1,0,7,2,6,50,3,9,1,5,4,6,6,4,4,1,3,4,2,11,2,8,2,1,C03,7,1,1,10,2,14,,51,51,1,12,4,120.559792,24.238426,2
3538,66000,387130000C,(04)23274275,(04)23288582,2025,8,10,8,40,臺中市,北屯區,0,0,0,7,,,50,,,,,,,,,,,,,,17,,,,,B03,,,1,,2,,,59,59,1,12,4,120.708668,24.170824,3
3539,66000,387130000C,(04)23274275,(04)23288582,2025,8,10,8,40,臺中市,北屯區,0,1,0,7,2,6,50,4,1,1,5,4,6,6,1,1,10,5,5,2,16,3,10,5,4,B03,7,6,1,8,2,1,,11,11,1,12,4,120.668248,24.197949,2
3540,66000,387130000C,(04)23274275,(04)23288582,2025,8,10,8,50,臺中市,北區,0,0,0,7,,,50,,,,,,,,,,,,,,,,,,,B02,,,1,,1,,,8,8,1,12,4,120.685187,24.148408,3
3541,66000,387130000C,(04)23274275,(04)23288582,2025,8,10,8,52,臺中市,北屯區,0,1,0,7,3,6,30,12,9,1,5,4,6,6,4,4,10,5,5,2,30,3,10,1,1,C03,7,6,1,10,2,16,,84,84,1,12,4,120.762809,24.195941,2
3542,66000,387130000C,(04)23274275,(04)23288582,2025,8,10,8,53,臺中市,北屯區,0,1,0,7,2,6,50,4,1,1,5,4,6,6,2,1,10,5,5,2,15,2,9,1,1,C03,7,9,1,10,2,11,,21,21,1,12,4,120.683406,24.171026,2
3543,66000,387130000C,(04)23274275,(04)23288582,2025,8,10,8,55,臺中市,龍井區,0,0,0,7,,,50,,,,,,,,,,,,,,13,,,,,B03,,,1,,1,,,57,57,1,12,4,120.592794,24.183045,3
3544,66000,387130000C,(04)23274275,(04)23288582,2025,8,10,9,1,臺中市,清水區,0,0,0,7,,,50,,,,,,,,,,,,,,,,,,,,,,,,,,,87,87,1,,,120.576772,24.2667,4
3545,66000,387130000C,(04)23274275,(04)23288582,2025,8,10,9,3,臺中市,北區,0,0,0,7,,,50,,,,,,,,,,,,,,12,,,,,B03,,,1,,2,,,8,8,1,13,4,120.685204,24.156385,3
3546,66000,387130000C,(04)23274275,(04)23288582,2025,8,10,9,7,臺中市,西屯區,0,0,0,7,,,50,,,,,,,,,,,,,,,,,,,A04,,,1,,2,,,8,8,1,12,4,120.655807,24.199362,3
3547,66000,387130000C,(04)23274275,(04)23288582,2025,8,10,9,11,臺中市,中區,0,0,0,7,,,50,,,,,,,,,,,,,,,,,,,C03,,,1,,11,,,84,84,1,12,4,120.685161,24.140477,3
3548,66000,387130000C,(04)23274275,(04)23288582,2025,8,10,9,16,臺中市,沙鹿區,0,0,0,7,,,30,,,,,,,,,,,,,,14,,,,,B03,,,1,,1,,,49,49,1,6,4,120.569595,24.230357,3
3549,66000,387130000C,(04)23274275,(04)23288582,2025,8,10,9,27,臺中市,南區,0,0,0,7,,,50,,,,,,,,,,,,,,,,,,,B03,,,1,,2,,,84,84,1,12,4,120.681135,24.129367,3
3550,66000,387130000C,(04)23274275,(04)23288582,2025,8,10,9,27,臺中市,大肚區,0,1,0,7,3,6,70,4,1,1,5,4,6,6,2,1,10,5,5,2,12,3,10,3,1,B03,7,5,1,8,2,2,,11,11,1,6,4,120.549659,24.148289,2
3551,66000,387130000C,(04)23274275,(04)23288582,2025,8,10,9,36,臺中市,東區,0,1,0,7,3,6,50,13,9,1,5,4,6,6,4,4,9,5,5,2,17,3,10,2,1,C03,7,1,5,19,2,16,,51,51,1,6,4,120.694659,24.139373,2
3552,66000,387130000C,(04)23274275,(04)23288582,2025,8,10,9,47,臺中市,豐原區,0,2,0,6,2,6,30,3,1,1,5,4,6,6,4,4,10,5,5,2,17,2,9,1,1,C03,7,6,1,10,2,14,,12,12,1,12,4,120.71478,24.242132,2
3553,66000,387130000C,(04)23274275,(04)23288582,2025,8,10,9,51,臺中市,南屯區,0,0,0,7,,,50,,,,,,,,,,,,,,,,,,,B03,,,1,,1,,,84,84,1,13,4,120.628648,24.147818,3
3554,66000,387130000C,(04)23274275,(04)23288582,2025,8,10,9,52,臺中市,北區,0,0,0,7,,,50,,,,,,,,,,,,,,13,,,,,B03,,,1,,1,,,59,59,1,12,4,120.685282,24.154168,3
3555,66000,387130000C,(04)23274275,(04)23288582,2025,8,10,9,53,臺中市,霧峰區,0,0,0,7,,,50,,,,,,,,,,,,,,17,,,,,B03,,,1,8,2,,,84,84,1,13,4,120.700026,24.068063,3
3556,66000,387130000C,(04)23274275,(04)23288582,2025,8,10,10,2,臺中市,大里區,0,0,0,7,3,6,50,13,9,1,5,4,6,6,1,1,5,4,5,2,13,,,,,B03,,,1,,2,,,7,7,1,12,4,120.696675,24.100414,3
3557,66000,387130000C,(04)23274275,(04)23288582,2025,8,10,10,3,臺中市,大里區,0,1,0,7,2,6,50,13,9,1,5,4,6,6,4,4,5,5,5,1,18,2,9,1,1,F03,7,9,7,21,2,14,,84,84,1,12,4,120.698227,24.096749,2
3558,66000,387130000C,(04)23274275,(04)23288582,2025,8,10,10,4,臺中市,潭子區,0,0,0,7,,,50,,,,,,,,,,,,,,16,,,,,B02,,,1,,1,,,8,8,1,13,4,120.70674,24.210018,3
3559,66000,387130000C,(04)23274275,(04)23288582,2025,8,10,10,16,臺中市,霧峰區,0,0,0,5,,,30,,,,,,,,,,,,,,17,,,,,,,,,,,,,119,119,1,,,120.694504,24.044586,3
3560,66000,387130000C,(04)23274275,(04)23288582,2025,8,10,10,18,臺中市,大雅區,0,0,0,7,,,,,,,,,,,,,,,,,,,,,,,,,,,,,,86,86,1,,,120.657717,24.241957,3
3561,66000,387130000C,(04)23274275,(04)23288582,2025,8,10,10,20,臺中市,北屯區,0,0,0,7,,,,,,,,,,,,,,,,,,,,,,,,,,,,,,119,119,1,,,120.669817,24.176776,3
3562,66000,387130000C,(04)23274275,(04)23288582,2025,8,10,10,27,臺中市,東區,0,0,0,7,,,50,,,,,,,,,,,,,,17,,,,,B03,,,5,,1,,,7,7,2,13,4,120.690452,24.14285,3
3563,66000,387130000C,(04)23274275,(04)23288582,2025,8,10,10,30,臺中市,南區,0,1,0,7,1,6,50,13,9,1,5,4,6,6,4,4,9,5,5,2,17,3,10,1,1,C03,7,15,1,10,2,12,,1,1,1,12,4,120.682404,24.129659,2
3564,66000,387130000C,(04)23274275,(04)23288582,2025,8,10,10,30,臺中市,北屯區,0,0,0,7,,,,,,,,,,,,,,,,,17,,,,,,,,,,,,,119,119,1,,,120.68483,24.169344,3
3565,66000,387130000C,(04)23274275,(04)23288582,2025,8,10,10,32,臺中市,西區,0,1,0,7,2,6,50,4,2,1,5,4,6,6,1,1,5,4,5,2,13,2,9,2,1,C03,7,9,1,10,2,11,,7,7,1,11,4,120.671257,24.134417,2
3566,66000,387130000C,(04)23274275,(04)23288582,2025,8,10,10,32,臺中市,北屯區,0,2,0,7,2,6,50,13,8,1,5,4,6,6,4,4,1,4,4,2,17,3,10,3,1,B03,7,7,1,8,2,2,,40,40,1,12,4,120.663307,24.186538,2
3567,66000,387130000C,(04)23274275,(04)23288582,2025,8,10,10,32,臺中市,龍井區,0,0,0,6,,,50,,,,,,,,,,,,,,15,,,,,B03,,,1,,2,,,6,6,1,9,4,120.593807,24.189596,3
3568,66000,387130000C,(04)23274275,(04)23288582,2025,8,10,10,40,臺中市,北屯區,0,1,0,7,2,6,50,3,1,1,5,4,6,6,4,4,10,5,5,2,17,3,10,5,4,C03,7,6,1,10,2,11,,4,4,1,12,4,120.698366,24.169761,2
3569,66000,387130000C,(04)23274275,(04)23288582,2025,8,10,10,40,臺中市,北屯區,0,0,0,7,,,,,,,,,,,,,,,,,,,,,,,,,,,,,,119,119,1,,,120.65864,24.188397,3
3570,66000,387130000C,(04)23274275,(04)23288582,2025,8,10,10,46,臺中市,龍井區,0,2,0,7,3,6,0,4,1,1,5,4,6,6,1,1,10,5,5,2,11,2,7,1,1,C03,7,9,3,19,2,11,,4,4,1,7,4,120.523908,24.180284,2
3571,66000,387130000C,(04)23274275,(04)23288582,2025,8,10,10,52,臺中市,沙鹿區,0,0,0,7,,,50,,,,,,,,,,,,,,17,,,,,B03,,,1,,1,,,40,40,1,6,4,120.559752,24.238127,3
3572,66000,387130000C,(04)23274275,(04)23288582,2025,8,10,10,54,臺中市,大里區,0,1,0,7,3,6,30,4,1,1,5,4,6,6,4,4,10,5,5,2,15,2,8,1,1,C03,7,9,1,10,2,14,,20,20,1,12,4,120.687908,24.113138,2
3573,66000,387130000C,(04)23274275,(04)23288582,2025,8,10,10,55,臺中市,南屯區,0,0,0,7,,,30,,,,,,,,,,,,,,17,,,,,,,,,,,,,119,119,1,,,120.645124,24.138303,3
3574,66000,387130000C,(04)23274275,(04)23288582,2025,8,10,11,2,臺中市,南屯區,0,1,0,7,2,6,60,4,1,1,5,4,6,6,1,1,5,2,5,2,16,2,9,1,1,C03,7,6,1,10,2,14,,36,36,1,12,4,120.596491,24.153245,2
3575,66000,387130000C,(04)23274275,(04)23288582,2025,8,10,11,5,臺中市,北屯區,0,0,0,7,,,50,,,,,,,,,,,,,,17,,,,,B03,,,1,,1,,,50,50,1,12,4,120.669154,24.177853,3
3576,66000,387130000C,(04)23274275,(04)23288582,2025,8,10,11,9,臺中市,北區,0,0,0,7,,,50,,,,,,,,,,,,,,17,,,,,C03,,,1,,1,,,84,84,1,12,4,120.669477,24.163157,4
3577,66000,387130000C,(04)23274275,(04)23288582,2025,8,10,11,10,臺中市,北屯區,0,1,0,7,3,6,30,3,2,1,5,4,6,6,4,4,10,5,5,2,17,2,8,1,1,C03,7,9,1,10,2,11,,59,59,1,12,4,120.683782,24.194267,2
3578,66000,387130000C,(04)23274275,(04)23288582,2025,8,10,11,18,臺中市,東區,0,0,0,7,,,50,,,,,,,,,,,,,,13,,,,,B03,,,1,,1,,,84,84,1,12,4,120.683379,24.134347,3
3579,66000,387130000C,(04)23274275,(04)23288582,2025,8,10,11,24,臺中市,西屯區,0,0,0,7,,,50,,,,,,,,,,,,,,9,,,,,C03,,,1,,1,,,84,84,1,12,4,120.661971,24.17172,3
3580,66000,387130000C,(04)23274275,(04)23288582,2025,8,10,11,29,臺中市,西區,0,1,0,7,2,6,50,4,1,1,5,4,6,6,1,1,10,5,5,2,17,3,10,2,1,C03,7,9,1,10,2,14,,84,84,1,12,4,120.682321,24.136117,2
3581,66000,387130000C,(04)23274275,(04)23288582,2025,8,10,11,30,臺中市,太平區,0,0,0,7,,,50,,,,,,,,,,,,,,,,,,,B03,,,1,,2,,,49,49,1,12,4,120.713639,24.149349,3
3582,66000,387130000C,(04)23274275,(04)23288582,2025,8,10,11,30,臺中市,大甲區,0,1,0,7,1,6,50,4,1,1,5,4,6,6,4,4,10,5,5,2,16,3,10,3,1,B03,7,11,1,8,2,4,,45,45,1,6,4,120.640927,24.366047,2
3583,66000,387130000C,(04)23274275,(04)23288582,2025,8,10,11,31,臺中市,南屯區,0,0,0,7,,,50,,,,,,,,,,,,,,,,,,,B03,,,1,,1,,,84,84,1,13,4,120.654558,24.144754,3
3584,66000,387130000C,(04)23274275,(04)23288582,2025,8,10,11,33,臺中市,烏日區,0,0,0,7,,,40,,,,,,,,,,,,,,,,,,,B03,,,1,,2,,,57,57,1,13,4,120.607592,24.112008,3
3585,66000,387130000C,(04)23274275,(04)23288582,2025,8,10,11,35,臺中市,大里區,0,0,0,7,,,50,,,,,,,,,,,,,,12,,,,,B12,,,1,,2,,,84,84,1,12,4,120.699027,24.096291,3
3586,66000,387130000C,(04)23274275,(04)23288582,2025,8,10,11,37,臺中市,南屯區,0,0,0,7,,,50,,,,,,,,,,,,,,17,,,,,B03,,,1,,1,,,40,40,1,12,4,120.626061,24.148516,3
3587,66000,387130000C,(04)23274275,(04)23288582,2025,8,10,11,37,臺中市,太平區,0,1,0,7,3,6,50,3,2,1,5,4,6,6,1,1,5,4,5,2,13,3,10,1,1,C03,7,9,1,10,2,11,,7,7,1,12,4,120.722456,24.149174,2
3588,66000,387130000C,(04)23274275,(04)23288582,2025,8,10,11,38,臺中市,后里區,0,1,0,7,2,6,60,13,9,1,5,4,6,6,1,1,1,2,4,1,27,2,9,2,1,C03,7,9,1,10,2,11,,84,84,1,12,4,120.722643,24.284701,2
3589,66000,387130000C,(04)23274275,(04)23288582,2025,8,10,11,45,臺中市,豐原區,0,1,0,6,2,6,30,3,1,1,5,4,6,6,4,4,10,5,5,1,16,3,10,5,4,B03,7,1,1,8,2,7,,51,51,1,13,4,120.749334,24.274051,2
3590,66000,387130000C,(04)23274275,(04)23288582,2025,8,10,11,50,臺中市,龍井區,0,0,0,6,,,50,,,,,,,,,,,,,,12,,,,,B03,,,1,,2,,,84,84,1,12,4,120.591454,24.181177,3
3591,66000,387130000C,(04)23274275,(04)23288582,2025,8,10,11,52,臺中市,南區,0,0,0,7,,,30,,,,,,,,,,,,,,,,,,,C03,,,1,,9,,,49,49,2,13,4,120.655227,24.120485,3
3592,66000,387130000C,(04)23274275,(04)23288582,2025,8,10,11,58,臺中市,潭子區,0,0,0,7,,,50,,,,,,,,,,,,,,,,,,,B03,,,1,,9,,,49,49,1,12,4,120.698655,24.194548,3
3593,66000,387130000C,(04)23274275,(04)23288582,2025,8,10,11,59,臺中市,西區,0,0,0,7,,,50,,,,,,,,,,,,,,,,,,,B03,,,1,,1,,,7,7,1,6,4,120.680119,24.13497,3
3594,66000,387130000C,(04)23274275,(04)23288582,2025,8,10,12,0,臺中市,南屯區,0,0,0,7,,3,60,,,,,,,,,,,,,,12,,,,,B03,,,1,,1,,,8,8,1,12,4,120.621618,24.134699,3
3595,66000,387130000C,(04)23274275,(04)23288582,2025,8,10,12,0,臺中市,西屯區,0,1,0,7,2,6,50,3,9,1,5,4,6,6,4,4,1,4,5,2,18,2,9,2,1,C03,7,9,1,10,2,14,,84,84,1,12,4,120.653455,24.198483,2
3596,66000,387130000C,(04)23274275,(04)23288582,2025,8,10,12,1,臺中市,沙鹿區,0,1,0,7,2,6,50,3,1,1,5,4,6,6,4,4,10,5,5,2,16,3,10,3,1,B03,7,6,1,8,2,8,,39,39,1,6,4,120.553543,24.231064,2
3597,66000,387130000C,(04)23274275,(04)23288582,2025,8,10,12,5,臺中市,大里區,0,0,0,7,,,50,,,,,,,,,,,,,,17,,,,,B03,,,1,,2,,,50,50,1,12,4,120.689858,24.114577,3
3598,66000,387130000C,(04)23274275,(04)23288582,2025,8,10,12,8,臺中市,東區,0,0,0,7,,,30,,,,,,,,,,,,,,,,,,,B12,,,1,,1,,,84,84,2,12,4,120.695285,24.14035,3
3599,66000,387130000C,(04)23274275,(04)23288582,2025,8,10,12,8,臺中市,北屯區,0,1,0,7,2,6,50,4,1,1,5,4,6,6,1,1,10,5,5,2,16,3,10,5,4,B03,7,6,3,19,2,1,,11,11,1,12,4,120.659179,24.184837,2
3600,66000,387130000C,(04)23274275,(04)23288582,2025,8,10,12,9,臺中市,北屯區,0,0,0,7,,,50,,,,,,,,,,,,,,,,,,,B03,,,1,,1,,,84,84,1,13,4,120.738095,24.17842,3
3601,66000,387130000C,(04)23274275,(04)23288582,2025,8,10,12,14,臺中市,神岡區,0,1,0,7,3,6,30,13,9,1,5,4,6,6,4,4,10,5,5,1,12,2,9,5,4,C03,7,9,1,10,2,11,,84,84,1,12,4,120.65196,24.276379,2
3602,66000,387130000C,(04)23274275,(04)23288582,2025,8,10,12,21,臺中市,南屯區,0,1,0,7,1,6,50,3,1,1,5,4,6,6,4,4,1,4,1,2,12,3,10,5,4,B03,7,5,1,8,2,5,,85,85,1,13,4,120.61266,24.149815,2
3603,66000,387130000C,(04)23274275,(04)23288582,2025,8,10,12,24,臺中市,西屯區,0,0,0,6,,,50,,,,,,,,,,,,,,16,,,,,B03,,,1,,1,,,42,42,1,13,4,120.643907,24.18226,3
3604,66000,387130000C,(04)23274275,(04)23288582,2025,8,10,12,29,臺中市,清水區,0,0,0,7,2,6,50,13,9,1,5,4,6,6,1,1,8,3,2,2,13,,,,,B03,,,1,,1,,,7,7,1,12,4,120.561767,24.267356,3
3605,66000,387130000C,(04)23274275,(04)23288582,2025,8,10,12,30,臺中市,北區,0,2,0,7,2,6,50,3,1,1,5,4,6,6,4,4,10,5,5,2,17,3,10,3,1,B03,7,1,1,8,2,8,,51,51,1,12,4,120.684763,24.151569,2
3606,66000,387130000C,(04)23274275,(04)23288582,2025,8,10,12,35,臺中市,石岡區,0,1,0,7,3,6,40,3,9,1,5,4,6,6,3,1,3,5,5,1,16,3,10,3,1,B03,7,5,1,8,2,4,,24,24,1,6,4,120.779359,24.275238,2
3607,66000,387130000C,(04)23274275,(04)23288582,2025,8,10,12,36,臺中市,北區,0,0,0,7,,,40,,,,,,,,,,,,,,,,,,,B03,,,1,,1,,,47,47,1,12,4,120.687483,24.163079,3
3608,66000,387130000C,(04)23274275,(04)23288582,2025,8,10,12,36,臺中市,南屯區,0,1,0,7,2,6,50,13,9,1,5,4,6,6,4,4,8,3,5,1,13,3,10,1,1,C03,7,9,1,10,2,11,,7,7,1,12,4,120.643067,24.138484,2
3609,66000,387130000C,(04)23274275,(04)23288582,2025,8,10,12,37,臺中市,太平區,0,0,0,7,,,50,,,,,,,,,,,,,,,,,,,B03,,,1,,2,,,42,42,1,12,4,120.722229,24.107903,3
3610,66000,387130000C,(04)23274275,(04)23288582,2025,8,10,12,39,臺中市,南區,0,0,0,7,,,50,,,,,,,,,,,,,,,,,,,C03,,,1,,1,,,7,7,1,4,4,120.651881,24.114862,4
3611,66000,387130000C,(04)23274275,(04)23288582,2025,8,10,12,44,臺中市,西區,0,0,0,7,,,50,,,,,,,,,,,,,,,,,,,C03,,,1,,1,,,84,84,1,12,4,120.661685,24.144325,3
3612,66000,387130000C,(04)23274275,(04)23288582,2025,8,10,12,45,臺中市,西屯區,0,0,0,7,,,30,,,,,,,,,,,,,,16,,,,,B03,,,1,,1,,,14,14,1,12,4,120.644019,24.169853,3
3613,66000,387130000C,(04)23274275,(04)23288582,2025,8,10,12,45,臺中市,外埔區,0,0,0,7,,,50,,,,,,,,,,,,,,15,,,,,B03,,,1,,2,,,20,20,1,12,4,120.670453,24.334287,3
3614,66000,387130000C,(04)23274275,(04)23288582,2025,8,10,12,49,臺中市,東勢區,0,0,0,7,,,50,,,,,,,,,,,,,,17,,,,,B03,,,1,,1,,,50,50,1,6,4,120.82973,24.253616,3
3615,66000,387130000C,(04)23274275,(04)23288582,2025,8,10,13,0,臺中市,沙鹿區,0,2,0,7,2,6,50,4,1,1,5,4,6,6,1,1,10,5,5,2,15,2,8,2,1,F03,7,9,7,21,9,14,,85,85,1,12,4,120.562144,24.238684,2
3616,66000,387130000C,(04)23274275,(04)23288582,2025,8,10,13,4,臺中市,西屯區,0,1,0,7,2,6,40,13,8,1,5,4,6,6,4,4,5,5,4,2,13,3,10,2,1,C03,7,9,1,10,2,11,,59,59,1,12,4,120.648179,24.16847,2
3617,66000,387130000C,(04)23274275,(04)23288582,2025,8,10,13,16,臺中市,南屯區,0,0,0,7,,,50,,,,,,,,,,,,,,,,,,,C03,,,1,,2,,,7,7,1,13,4,120.632705,24.137476,3
3618,66000,387130000C,(04)23274275,(04)23288582,2025,8,10,13,37,臺中市,北屯區,0,0,0,7,,,50,,,,,,,,,,,,,,12,,,,,C03,,,1,,1,,,43,43,1,12,4,120.683526,24.173592,3
3619,66000,387130000C,(04)23274275,(04)23288582,2025,8,10,13,42,臺中市,清水區,0,1,0,7,3,6,50,13,9,1,5,4,6,6,4,4,9,4,5,2,11,3,10,3,1,B03,7,9,1,8,2,7,,8,8,1,12,4,120.576782,24.270562,2
3620,66000,387130000C,(04)23274275,(04)23288582,2025,8,10,13,44,臺中市,外埔區,0,0,0,7,2,6,50,4,1,1,5,4,6,6,1,1,5,5,4,1,17,3,10,3,1,B03,7,1,1,8,2,8,,51,51,1,12,4,120.653321,24.331743,3
3621,66000,387130000C,(04)23274275,(04)23288582,2025,8,10,13,46,臺中市,西區,0,0,0,7,,,50,,,,,,,,,,,,,,13,,,,,B03,,,1,,1,,,59,59,1,13,4,120.673927,24.134416,3
3622,66000,387130000C,(04)23274275,(04)23288582,2025,8,10,13,50,臺中市,豐原區,0,0,0,7,,,50,,,,,,,,,,,,,,,,,,,B03,,,1,,2,,,84,84,1,13,4,120.717557,24.246548,3
3623,66000,387130000C,(04)23274275,(04)23288582,2025,8,10,13,52,臺中市,北屯區,0,4,0,7,2,6,50,4,1,1,5,4,6,6,4,4,10,5,5,2,15,2,9,1,1,C03,7,9,1,10,2,12,,15,15,1,12,4,120.679365,24.17592,2
3624,66000,387130000C,(04)23274275,(04)23288582,2025,8,10,13,52,臺中市,北屯區,0,1,0,7,3,6,50,3,1,1,5,4,6,6,4,4,10,5,5,2,17,3,10,1,1,C03,7,1,1,10,2,11,,51,51,1,12,4,120.68347,24.17295,2
3625,66000,387130000C,(04)23274275,(04)23288582,2025,8,10,13,55,臺中市,烏日區,0,1,0,7,3,9,50,13,14,1,5,4,6,6,4,4,5,4,5,1,16,3,10,3,1,B03,7,5,1,8,2,5,,20,20,1,6,4,120.646881,24.093378,2
3626,66000,387130000C,(04)23274275,(04)23288582,2025,8,10,13,56,臺中市,神岡區,0,1,0,7,1,6,50,11,9,1,5,4,6,6,4,4,5,5,5,1,11,2,4,1,4,C03,7,5,1,10,2,11,,84,84,1,12,4,120.656825,24.267053,2
3627,66000,387130000C,(04)23274275,(04)23288582,2025,8,10,13,59,臺中市,南屯區,0,0,0,7,,,50,,,,,,,,,,,,,,13,,,,,B03,,,1,,1,,,84,84,1,12,4,120.652156,24.141001,3
3628,66000,387130000C,(04)23274275,(04)23288582,2025,8,10,14,0,臺中市,南屯區,0,0,0,7,,3,80,,,,,,,,,,,,,,,,,,,B03,,,1,,2,,,84,84,1,6,4,120.619904,24.122584,3
3629,66000,387130000C,(04)23274275,(04)23288582,2025,8,10,14,1,臺中市,北區,0,0,0,7,,,50,,,,,,,,,,,,,,13,,,,,B03,,,1,,2,,,59,59,1,12,4,120.684127,24.148348,3
3630,66000,387130000C,(04)23274275,(04)23288582,2025,8,10,14,5,臺中市,東區,0,1,0,7,2,6,50,13,9,1,5,4,6,6,4,4,1,4,5,2,13,2,9,2,1,C03,7,9,1,10,2,11,14,84,84,1,12,4,120.695208,24.141603,2
3631,66000,387130000C,(04)23274275,(04)23288582,2025,8,10,14,10,臺中市,北屯區,0,1,0,7,2,6,50,5,9,1,5,4,6,6,1,1,10,5,5,2,9,3,10,5,4,A02,7,9,1,2,2,16,,87,87,1,12,4,120.713515,24.173092,2
3632,66000,387130000C,(04)23274275,(04)23288582,2025,8,10,14,11,臺中市,南屯區,0,0,0,7,,,50,,,,,,,,,,,,,,12,,,,,C03,,,1,,2,,,7,7,1,13,4,120.646337,24.146813,3