序號,縣市別代碼,機關代碼,市話,傳真,年,月,日,時,分,縣市,區,死亡數量,受傷數量,2-30,天候,道路照明設備,道路類別,道路速限,道路型態,事故位置,路面鋪裝,路面狀態,路面缺陷,障礙物,視距,號誌種類,號誌動作,分向設施,快車道或一般車道間,快慢車道間,路面邊線,事故類型及型態,受傷程度,主要傷處,保護裝備,行動電話或功能裝置,當事者區分(類別),車輛用途,當事者行動狀態,駕照狀態,駕照種類,飲酒情形,車輛撞擊部位最初,車輛撞擊部位其他,肇事因素個別,肇事因素主要,肇事逃逸,職業,共享經濟或外送平台,GPS座標X,GPS座標Y,事故類別
3633,66000,387130000C,(04)23274275,(04)23288582,2025,8,10,14,13,臺中市,西區,0,0,0,7,,,50,,,,,,,,,,,,,,17,,,,,B12,,,5,,1,,,84,84,1,12,4,120.664297,24.144361,3
3634,66000,387130000C,(04)23274275,(04)23288582,2025,8,10,14,15,臺中市,西區,0,1,0,7,2,6,50,3,1,1,5,4,6,6,2,1,3,5,5,2,16,3,10,5,1,B03,7,5,1,8,2,2,,11,11,1,6,4,120.664078,24.140055,2
3635,66000,387130000C,(04)23274275,(04)23288582,2025,8,10,14,25,臺中市,東區,0,0,0,7,,,50,,,,,,,,,,,,,,13,,,,,B03,,,1,,1,,,7,7,1,12,4,120.687638,24.136348,3
3636,66000,387130000C,(04)23274275,(04)23288582,2025,8,10,14,27,臺中市,清水區,0,1,0,7,2,6,50,3,1,1,5,4,6,6,4,4,8,4,5,2,16,3,10,3,1,B03,7,5,1,8,2,7,,14,14,1,12,4,120.563824,24.29351,2
3637,66000,387130000C,(04)23274275,(04)23288582,2025,8,10,14,30,臺中市,西屯區,0,0,0,7,,,50,,,,,,,,,,,,,,13,,,,,C03,,,1,,1,,,7,7,1,12,4,120.642302,24.196799,3
3638,66000,387130000C,(04)23274275,(04)23288582,2025,8,10,14,31,臺中市,西區,0,0,0,7,,,50,,,,,,,,,,,,,,,,,,,B03,,,1,,11,,,50,50,1,12,4,120.660455,24.156501,3
3639,66000,387130000C,(04)23274275,(04)23288582,2025,8,10,14,35,臺中市,沙鹿區,0,0,0,7,2,6,30,13,9,1,5,4,6,6,4,4,10,5,5,2,14,,,,,B03,,,1,,2,,,49,49,1,12,4,120.56458,24.241203,3
3640,66000,387130000C,(04)23274275,(04)23288582,2025,8,10,14,36,臺中市,潭子區,0,1,0,7,3,6,30,15,24,1,5,4,6,6,4,4,10,5,5,2,17,3,10,3,1,B03,7,11,1,8,2,1,,84,84,1,13,4,120.678038,24.207433,2
3641,66000,387130000C,(04)23274275,(04)23288582,2025,8,10,14,39,臺中市,西屯區,0,0,0,7,,,50,,,,,,,,,,,,,,13,,,,,B03,,,1,,1,,,59,59,1,12,4,120.639512,24.174659,3
3642,66000,387130000C,(04)23274275,(04)23288582,2025,8,10,14,40,臺中市,西屯區,0,2,0,7,2,6,30,4,1,1,5,4,6,6,4,4,10,5,5,2,15,3,10,5,1,C03,7,9,1,10,2,12,,20,20,1,12,4,120.644169,24.180403,2
3643,66000,387130000C,(04)23274275,(04)23288582,2025,8,10,14,41,臺中市,北區,0,0,0,7,,,50,,,,,,,,,,,,,,13,,,,,B01,,,1,,2,,,7,7,1,13,4,120.685204,24.156385,3
3644,66000,387130000C,(04)23274275,(04)23288582,2025,8,10,14,50,臺中市,東勢區,0,0,0,7,,,50,,,,,,,,,,,,,,,,,,,B03,,,1,,2,,,50,50,1,13,4,120.828605,24.259587,3
3645,66000,387130000C,(04)23274275,(04)23288582,2025,8,10,15,1,臺中市,北屯區,0,1,0,6,3,3,40,13,17,1,5,4,6,6,4,4,10,5,5,1,13,2,9,3,1,B03,7,9,1,8,1,1,,84,84,1,6,4,120.718416,24.160084,2
3646,66000,387130000C,(04)23274275,(04)23288582,2025,8,10,15,5,臺中市,西區,0,1,0,7,2,6,50,4,2,1,5,4,6,6,2,1,1,4,5,1,16,3,10,3,1,B03,7,5,1,8,2,5,,47,47,1,13,4,120.657257,24.150851,2
3647,66000,387130000C,(04)23274275,(04)23288582,2025,8,10,15,10,臺中市,北屯區,0,0,0,7,,,50,,,,,,,,,,,,,,9,,,,,B12,,,1,,1,,,50,50,1,6,4,120.718805,24.17354,3
3648,66000,387130000C,(04)23274275,(04)23288582,2025,8,10,15,12,臺中市,西屯區,0,2,0,7,2,6,50,4,1,1,5,4,6,6,1,1,10,5,5,2,16,2,8,1,4,C04,7,6,1,10,2,11,14,11,11,1,12,4,120.650893,24.170869,2
3649,66000,387130000C,(04)23274275,(04)23288582,2025,8,10,15,15,臺中市,豐原區,0,1,0,6,2,6,50,3,1,1,5,4,6,6,4,4,1,4,4,1,16,3,10,3,1,B03,7,5,1,8,2,5,,20,20,1,12,4,120.734678,24.259817,2
3650,66000,387130000C,(04)23274275,(04)23288582,2025,8,10,15,17,臺中市,豐原區,0,2,0,6,3,6,40,13,8,1,5,4,6,6,4,4,1,4,4,1,13,2,9,1,4,C03,7,9,1,10,2,11,,7,7,1,12,4,120.719771,24.236907,2
3651,66000,387130000C,(04)23274275,(04)23288582,2025,8,10,15,19,臺中市,龍井區,0,0,0,7,,,60,,,,,,,,,,,,,,13,,,,,B03,,,1,,1,,,7,7,1,6,4,120.580427,24.188452,3
3652,66000,387130000C,(04)23274275,(04)23288582,2025,8,10,15,20,臺中市,大里區,0,0,0,5,2,6,50,13,8,1,4,4,6,6,4,4,1,4,4,1,17,,,,,B03,,,1,,2,,,76,76,1,6,4,120.695042,24.088963,3
3653,66000,387130000C,(04)23274275,(04)23288582,2025,8,10,15,21,臺中市,北屯區,0,5,0,7,2,6,50,13,9,1,5,4,6,6,4,4,9,5,5,2,17,2,9,1,1,C03,7,9,1,10,2,12,,1,1,1,12,4,120.70276,24.169864,2
3654,66000,387130000C,(04)23274275,(04)23288582,2025,8,10,15,23,臺中市,龍井區,0,1,0,7,1,6,50,13,9,1,5,4,6,6,4,4,9,5,5,1,13,2,9,1,1,C03,7,9,1,10,2,11,,7,7,1,6,4,120.596361,24.188387,2
3655,66000,387130000C,(04)23274275,(04)23288582,2025,8,10,15,24,臺中市,南區,0,2,0,5,2,6,50,13,7,1,4,4,6,6,4,4,9,4,4,2,12,3,10,3,1,B03,7,8,1,8,1,8,,40,40,1,13,4,120.678133,24.128651,2
3656,66000,387130000C,(04)23274275,(04)23288582,2025,8,10,15,26,臺中市,太平區,0,2,0,5,2,6,50,3,1,1,4,4,6,5,4,4,5,5,5,1,16,2,8,2,1,C03,7,6,1,10,2,12,,14,14,1,12,4,120.718661,24.126454,2
3657,66000,387130000C,(04)23274275,(04)23288582,2025,8,10,15,30,臺中市,北屯區,0,0,0,7,,,50,,,,,,,,,,,,,,,,,,,B03,,,1,,9,,,49,49,1,12,4,120.693204,24.183244,3
3658,66000,387130000C,(04)23274275,(04)23288582,2025,8,10,15,36,臺中市,西屯區,0,0,0,7,,,0,,,,,,,,,,,,,,14,,,,,B03,,,1,,1,,,49,49,1,12,4,120.633843,24.17008,3
3659,66000,387130000C,(04)23274275,(04)23288582,2025,8,10,15,39,臺中市,東區,0,1,0,5,3,6,50,4,1,1,4,4,6,6,4,4,10,5,5,2,18,2,9,2,1,C03,7,9,1,10,2,12,,6,6,1,13,4,120.703252,24.142704,2
3660,66000,387130000C,(04)23274275,(04)23288582,2025,8,10,15,42,臺中市,北區,0,1,0,5,2,6,50,13,7,2,4,4,6,6,4,4,1,4,5,2,17,2,8,1,1,C03,7,9,1,10,2,11,,7,7,1,12,4,120.666846,24.158216,2
3661,66000,387130000C,(04)23274275,(04)23288582,2025,8,10,15,48,臺中市,西區,0,0,0,7,,,50,,,,,,,,,,,,,,,,,,,B03,,,1,,1,,,84,84,1,12,4,120.663358,24.1572,3
3662,66000,387130000C,(04)23274275,(04)23288582,2025,8,10,15,58,臺中市,北屯區,0,0,0,7,,,50,,,,,,,,,,,,,,26,,,,,B02,,,1,,2,,,49,49,1,12,4,120.686222,24.201468,3
3663,66000,387130000C,(04)23274275,(04)23288582,2025,8,10,16,2,臺中市,南屯區,0,0,0,7,,,50,,,,,,,,,,,,,,,,,,,B12,,,1,,1,,,7,7,1,13,4,120.646327,24.136127,3
3664,66000,387130000C,(04)23274275,(04)23288582,2025,8,10,16,8,臺中市,南屯區,0,1,0,7,2,6,50,4,1,1,5,4,6,6,1,1,10,5,5,2,15,3,10,3,1,B03,7,9,1,7,2,5,,21,21,1,12,4,120.636698,24.132626,2
3665,66000,387130000C,(04)23274275,(04)23288582,2025,8,10,16,8,臺中市,烏日區,0,0,0,5,,,40,,,,,,,,,,,,,,,,,,,B03,,,1,,1,,,40,40,1,13,4,120.617686,24.119706,3
3666,66000,387130000C,(04)23274275,(04)23288582,2025,8,10,16,14,臺中市,南屯區,0,1,0,7,2,6,50,13,9,1,5,4,6,6,4,4,1,3,5,2,18,2,9,2,4,C03,7,9,1,10,2,14,,84,84,1,13,4,120.646495,24.130033,2
3667,66000,387130000C,(04)23274275,(04)23288582,2025,8,10,16,19,臺中市,神岡區,0,1,0,7,1,6,60,5,3,1,5,4,6,6,1,1,1,4,5,1,13,3,10,1,4,C03,7,9,1,10,2,11,,84,84,1,12,4,120.694575,24.232843,2
3668,66000,387130000C,(04)23274275,(04)23288582,2025,8,10,16,20,臺中市,大里區,0,1,0,6,3,6,40,4,1,1,5,4,6,6,1,1,10,5,5,2,17,3,10,2,1,C03,7,5,1,10,2,16,,39,39,1,13,4,120.701274,24.100354,2
3669,66000,387130000C,(04)23274275,(04)23288582,2025,8,10,16,27,臺中市,北屯區,0,1,0,6,3,6,50,13,9,1,5,4,6,6,4,4,9,5,5,2,13,2,8,2,1,C03,7,9,1,10,2,11,,7,7,1,6,4,120.702862,24.179009,2
3670,66000,387130000C,(04)23274275,(04)23288582,2025,8,10,16,28,臺中市,西屯區,0,1,0,7,2,6,30,3,1,1,5,4,3,3,4,4,10,5,5,2,16,3,10,3,1,B03,7,5,1,8,2,8,4,14,14,1,5,4,120.62036,24.185859,2
3671,66000,387130000C,(04)23274275,(04)23288582,2025,8,10,16,30,臺中市,豐原區,0,1,0,6,2,6,50,5,19,1,5,4,6,6,1,1,5,5,5,2,3,3,10,1,1,C03,7,6,1,10,9,15,,10,10,1,12,4,120.720078,24.249252,2
3672,66000,387130000C,(04)23274275,(04)23288582,2025,8,10,16,35,臺中市,沙鹿區,0,0,0,7,,,60,,,,,,,,,,,,,,13,,,,,B03,,,1,,1,,,84,84,1,6,4,120.568334,24.237958,3
3673,66000,387130000C,(04)23274275,(04)23288582,2025,8,10,16,43,臺中市,北區,0,0,0,7,,,50,,,,,,,,,,,,,,12,,,,,B03,,,1,,1,,,8,8,1,13,4,120.685264,24.147903,3
3674,66000,387130000C,(04)23274275,(04)23288582,2025,8,10,16,47,臺中市,烏日區,0,0,0,7,,,30,,,,,,,,,,,,,,16,,,,,B03,,,1,,1,,,85,85,1,6,4,120.616502,24.113263,3
3675,66000,387130000C,(04)23274275,(04)23288582,2025,8,10,16,49,臺中市,北屯區,0,2,0,7,3,6,50,5,1,1,5,4,6,6,1,1,10,5,5,2,20,2,9,2,1,C03,7,9,1,10,2,11,,84,84,1,6,4,120.70566,24.172837,2
3676,66000,387130000C,(04)23274275,(04)23288582,2025,8,10,16,51,臺中市,外埔區,0,0,0,7,2,6,30,3,2,1,5,4,6,6,4,4,10,5,5,2,17,3,10,3,1,B03,7,13,1,8,2,4,,76,76,1,12,4,120.661667,24.323159,3
3677,66000,387130000C,(04)23274275,(04)23288582,2025,8,10,16,58,臺中市,北區,0,0,0,7,,,50,,,,,,,,,,,,,,17,,,,,B03,,,1,,1,,,8,8,1,13,4,120.688382,24.152498,3
3678,66000,387130000C,(04)23274275,(04)23288582,2025,8,10,16,58,臺中市,大里區,0,2,0,7,2,6,30,4,1,1,5,4,6,6,4,4,10,5,5,2,15,2,9,1,1,C03,7,9,1,10,2,12,,20,20,1,6,4,120.689927,24.102766,2
3679,66000,387130000C,(04)23274275,(04)23288582,2025,8,10,17,3,臺中市,北區,0,0,0,7,,,50,,,,,,,,,,,,,,13,,,,,B03,,,1,,1,,,7,7,1,12,4,120.684747,24.163187,3
3680,66000,387130000C,(04)23274275,(04)23288582,2025,8,10,17,4,臺中市,東區,0,0,0,7,,3,80,,,,,,,,,,,,,,,,,,,B03,,,1,,1,,,7,7,1,13,4,120.708634,24.134608,3
3681,66000,387130000C,(04)23274275,(04)23288582,2025,8,10,17,4,臺中市,北屯區,0,0,0,7,,,50,,,,,,,,,,,,,,,,,,,B03,,,1,,1,,,84,84,1,12,4,120.664548,24.185212,3
3682,66000,387130000C,(04)23274275,(04)23288582,2025,8,10,17,7,臺中市,西屯區,0,0,0,6,,,50,,,,,,,,,,,,,,15,,,,,F03,,,7,,9,,,21,21,1,12,4,120.649966,24.172336,3
3683,66000,387130000C,(04)23274275,(04)23288582,2025,8,10,17,8,臺中市,潭子區,0,0,0,6,,,50,,,,,,,,,,,,,,,,,,,B03,,,1,,2,,,8,8,1,13,4,120.721084,24.222666,3
3684,66000,387130000C,(04)23274275,(04)23288582,2025,8,10,17,10,臺中市,南屯區,0,1,0,7,1,6,30,4,1,1,5,4,6,6,4,4,10,5,5,2,15,3,10,3,1,B03,7,9,1,8,2,4,,12,12,1,6,4,120.643036,24.136029,2
3685,66000,387130000C,(04)23274275,(04)23288582,2025,8,10,17,10,臺中市,北屯區,0,0,0,7,,,50,,,,,,,,,,,,,,,,,,,B03,,,1,,1,,,49,49,1,12,4,120.729723,24.173894,3
3686,66000,387130000C,(04)23274275,(04)23288582,2025,8,10,17,19,臺中市,西屯區,0,0,0,7,,,40,,,,,,,,,,,,,,13,,,,,B03,,,1,,1,,,59,59,1,13,4,120.630373,24.165195,3
3687,66000,387130000C,(04)23274275,(04)23288582,2025,8,10,17,26,臺中市,北屯區,0,1,0,7,3,6,50,3,2,1,5,4,6,6,4,4,5,5,4,2,17,3,10,2,1,C03,7,7,1,10,9,16,,85,85,1,6,4,120.69032,24.17635,2
3688,66000,387130000C,(04)23274275,(04)23288582,2025,8,10,17,30,臺中市,潭子區,0,1,0,6,3,6,50,3,1,1,5,4,6,6,4,4,5,4,4,2,17,2,8,1,1,F02,7,6,7,21,2,12,,48,48,1,13,4,120.710632,24.229649,2
3689,66000,387130000C,(04)23274275,(04)23288582,2025,8,10,17,30,臺中市,西屯區,0,0,0,7,,,70,,,,,,,,,,,,,,13,,,,,B03,,,1,,1,,,7,7,1,12,4,120.614577,24.183495,3
3690,66000,387130000C,(04)23274275,(04)23288582,2025,8,10,17,33,臺中市,北屯區,0,2,0,7,1,6,50,13,8,1,5,4,6,6,4,4,5,4,4,2,12,2,9,2,1,C03,7,1,1,10,2,11,,51,51,1,12,4,120.696079,24.164715,2
3691,66000,387130000C,(04)23274275,(04)23288582,2025,8,10,17,35,臺中市,北屯區,0,0,0,7,,,50,,,,,,,,,,,,,,,,,,,B03,,,1,,1,,,47,47,1,12,4,120.694259,24.16491,3
3692,66000,387130000C,(04)23274275,(04)23288582,2025,8,10,17,35,臺中市,太平區,0,1,0,6,3,6,30,4,1,1,5,4,6,6,4,4,10,5,5,2,15,2,7,1,1,C03,7,9,1,10,2,11,,13,13,1,4,4,120.72103,24.104979,2
3693,66000,387130000C,(04)23274275,(04)23288582,2025,8,10,17,45,臺中市,北屯區,0,0,0,7,,,30,,,,,,,,,,,,,,28,,,,,B03,,,1,,2,,,5,5,1,12,4,120.680511,24.202529,3
3694,66000,387130000C,(04)23274275,(04)23288582,2025,8,10,17,46,臺中市,中區,0,2,0,7,2,6,50,4,1,1,5,4,6,6,1,1,10,5,5,2,17,2,9,2,1,C03,7,9,1,10,2,11,,21,21,1,12,4,120.678372,24.14666,2
3695,66000,387130000C,(04)23274275,(04)23288582,2025,8,10,17,46,臺中市,北屯區,0,0,0,7,,,40,,,,,,,,,,,,,,12,,,,,B03,,,1,8,9,,,84,84,1,6,4,120.675209,24.177204,3
3696,66000,387130000C,(04)23274275,(04)23288582,2025,8,10,17,46,臺中市,大里區,0,0,0,7,,,50,,,,,,,,,,,,,,12,,,,,B03,,,1,,2,,,47,47,1,6,4,120.685315,24.111911,3
3697,66000,387130000C,(04)23274275,(04)23288582,2025,8,10,17,52,臺中市,西屯區,0,0,0,7,,,50,,,,,,,,,,,,,,17,,,,,B03,,,1,,1,,,40,40,1,12,4,120.641076,24.167898,3
3698,66000,387130000C,(04)23274275,(04)23288582,2025,8,10,17,55,臺中市,南屯區,0,0,0,7,,,50,,,,,,,,,,,,,,16,,,,,B03,,,1,,2,,,11,11,1,13,4,120.653213,24.132008,3
3699,66000,387130000C,(04)23274275,(04)23288582,2025,8,10,17,57,臺中市,豐原區,0,1,0,6,1,6,50,11,7,1,4,4,6,6,4,4,5,4,4,2,3,3,10,1,1,F03,7,9,7,21,2,11,,84,84,1,12,4,120.70601,24.254944,2
3700,66000,387130000C,(04)23274275,(04)23288582,2025,8,10,17,58,臺中市,西屯區,0,0,0,7,,,30,,,,,,,,,,,,,,14,,,,,B12,,,1,,1,,,49,49,1,12,4,120.664358,24.165647,3
3701,66000,387130000C,(04)23274275,(04)23288582,2025,8,10,18,0,臺中市,北屯區,0,1,0,7,3,6,30,4,1,1,5,4,6,6,4,4,10,5,5,2,15,2,8,2,1,C03,7,9,1,10,2,16,,15,15,1,6,4,120.670465,24.182433,2
3702,66000,387130000C,(04)23274275,(04)23288582,2025,8,10,18,5,臺中市,清水區,0,1,0,7,3,6,50,4,1,1,5,4,6,6,3,1,9,4,5,2,15,3,10,3,1,B03,7,9,1,8,2,4,,20,20,1,12,4,120.575186,24.271905,2
3703,66000,387130000C,(04)23274275,(04)23288582,2025,8,10,18,14,臺中市,太平區,0,2,0,6,2,6,50,13,7,1,5,4,3,6,2,1,5,5,4,1,16,2,9,1,1,F03,7,6,7,21,2,11,,34,34,1,6,4,120.730773,24.111977,2
3704,66000,387130000C,(04)23274275,(04)23288582,2025,8,10,18,17,臺中市,大甲區,0,1,0,7,2,6,50,3,1,1,5,4,6,6,1,1,10,5,5,2,16,2,9,1,1,C03,7,6,1,10,2,14,,24,24,1,6,4,120.642806,24.416193,2
3705,66000,387130000C,(04)23274275,(04)23288582,2025,8,10,18,18,臺中市,大里區,0,2,0,7,1,6,50,4,1,1,5,4,6,6,2,1,5,5,4,2,16,2,9,1,1,C03,7,9,1,10,2,12,,7,7,1,6,4,120.691904,24.115458,2
3706,66000,387130000C,(04)23274275,(04)23288582,2025,8,10,18,25,臺中市,梧棲區,0,1,0,7,2,6,30,4,1,1,5,4,6,6,4,4,10,5,5,2,15,2,9,1,1,C03,7,9,1,10,2,11,,15,15,1,5,4,120.549564,24.25525,2
3707,66000,387130000C,(04)23274275,(04)23288582,2025,8,10,18,26,臺中市,西屯區,0,1,0,5,1,6,50,4,2,1,4,4,6,6,2,1,10,5,5,2,17,2,9,1,1,C03,7,11,1,10,2,12,,45,45,1,12,4,120.653478,24.195259,2
3708,66000,387130000C,(04)23274275,(04)23288582,2025,8,10,18,27,臺中市,南屯區,0,1,0,7,1,6,50,13,9,1,5,4,6,6,4,4,5,4,5,2,13,3,10,1,1,C03,7,9,1,10,2,11,,7,7,1,12,4,120.634672,24.14619,2
3709,66000,387130000C,(04)23274275,(04)23288582,2025,8,10,18,30,臺中市,太平區,0,1,0,5,3,6,30,4,1,1,4,4,6,6,4,4,10,5,5,2,15,3,10,3,1,B03,7,9,1,8,2,5,,12,12,1,6,4,120.711724,24.151562,2
3710,66000,387130000C,(04)23274275,(04)23288582,2025,8,10,18,34,臺中市,大雅區,0,0,0,7,,,70,,,,,,,,,,,,,,17,,,,,G02,,,3,,11,,,78,78,1,12,4,120.639733,24.231796,3
3711,66000,387130000C,(04)23274275,(04)23288582,2025,8,10,18,36,臺中市,潭子區,0,0,0,5,,,50,,,,,,,,,,,,,,,,,,,B03,,,1,,2,,,56,56,1,12,4,120.702037,24.200944,3
3712,66000,387130000C,(04)23274275,(04)23288582,2025,8,10,18,40,臺中市,沙鹿區,0,1,0,7,1,6,50,3,2,1,5,4,6,6,4,4,5,5,5,1,28,2,9,2,1,C03,7,9,1,10,2,11,,87,87,1,10,4,120.620762,24.238408,2
3713,66000,387130000C,(04)23274275,(04)23288582,2025,8,10,18,41,臺中市,中區,0,0,0,5,,,50,,,,,,,,,,,,,,12,,,,,A02,,,1,,1,,,84,84,1,6,4,120.684718,24.139193,3
3714,66000,387130000C,(04)23274275,(04)23288582,2025,8,10,18,42,臺中市,南屯區,0,0,0,7,,,50,,,,,,,,,,,,,,12,,,,,B03,,,1,,2,,,51,51,1,13,4,120.642379,24.151128,3
3715,66000,387130000C,(04)23274275,(04)23288582,2025,8,10,18,45,臺中市,大雅區,0,2,0,7,1,6,50,5,1,1,5,4,6,6,2,1,1,4,5,1,16,3,10,3,1,B03,7,6,1,8,2,6,,39,39,1,13,4,120.667559,24.215642,2
3716,66000,387130000C,(04)23274275,(04)23288582,2025,8,10,18,47,臺中市,豐原區,0,0,0,7,,,50,,,,,,,,,,,,,,,,,,,B03,,,1,,2,,,84,84,1,13,4,120.720099,24.235673,3
3717,66000,387130000C,(04)23274275,(04)23288582,2025,8,10,18,52,臺中市,北屯區,0,2,0,7,1,6,50,13,7,1,4,4,6,6,4,4,5,4,4,2,12,3,10,3,1,B01,7,4,1,4,2,2,,1,1,1,12,4,120.706468,24.168401,2
3718,66000,387130000C,(04)23274275,(04)23288582,2025,8,10,18,53,臺中市,北區,0,0,0,7,,,0,,,,,,,,,,,,,,17,,,,,C03,,,1,,1,,,84,84,1,13,4,120.67076,24.163034,3
3719,66000,387130000C,(04)23274275,(04)23288582,2025,8,10,18,53,臺中市,南區,0,1,0,7,1,6,50,4,1,1,5,4,6,5,1,1,1,4,4,2,17,3,10,3,1,B03,7,6,1,8,2,2,,11,11,1,13,4,120.67003,24.112779,2
3720,66000,387130000C,(04)23274275,(04)23288582,2025,8,10,18,54,臺中市,西屯區,0,1,0,7,1,6,50,4,1,1,5,4,6,3,4,4,10,5,5,2,15,3,10,5,4,B03,7,9,1,8,2,5,,15,15,1,13,4,120.651183,24.160381,2
3721,66000,387130000C,(04)23274275,(04)23288582,2025,8,10,19,0,臺中市,太平區,0,0,0,5,,,50,,,,,,,,,,,,,,13,,,,,B03,,,1,,2,,,84,84,1,12,4,120.73768,24.131252,3
3722,66000,387130000C,(04)23274275,(04)23288582,2025,8,10,19,6,臺中市,豐原區,0,0,0,6,,,50,,,,,,,,,,,,,,13,,,,,B12,,,1,,2,,,84,84,1,12,4,120.70916,24.250305,3
3723,66000,387130000C,(04)23274275,(04)23288582,2025,8,10,19,7,臺中市,沙鹿區,0,0,0,7,,,50,,,,,,,,,,,,,,30,,,,,B03,,,1,,9,,,85,85,1,6,4,120.567066,24.242677,3
3724,66000,387130000C,(04)23274275,(04)23288582,2025,8,10,19,8,臺中市,大里區,0,1,0,5,1,6,50,3,2,1,4,4,6,6,3,1,5,4,5,1,29,2,9,1,1,C03,7,9,1,10,2,14,,84,84,1,13,4,120.686749,24.121136,2
3725,66000,387130000C,(04)23274275,(04)23288582,2025,8,10,19,15,臺中市,北屯區,0,0,0,7,,,50,,,,,,,,,,,,,,13,,,,,B03,,,1,,1,,,7,7,1,12,4,120.707859,24.18383,3
3726,66000,387130000C,(04)23274275,(04)23288582,2025,8,10,19,20,臺中市,大里區,0,0,0,7,,3,80,,,,,,,,,,,,,,13,,,,,B03,,,1,,1,,,59,59,1,6,4,120.682435,24.078751,3
3727,66000,387130000C,(04)23274275,(04)23288582,2025,8,10,19,26,臺中市,沙鹿區,1,0,0,7,1,6,60,13,7,1,5,4,6,6,3,1,10,5,5,2,3,3,10,3,1,B03,7,9,5,19,2,1,,24,24,1,6,4,120.583333,24.249846,1
3728,66000,387130000C,(04)23274275,(04)23288582,2025,8,10,19,26,臺中市,沙鹿區,0,2,0,7,1,6,40,5,1,1,5,4,6,6,2,1,10,5,5,2,13,2,9,1,1,C03,7,9,1,10,2,12,,7,7,1,6,4,120.56906,24.237463,2
3729,66000,387130000C,(04)23274275,(04)23288582,2025,8,10,19,35,臺中市,中區,0,0,0,6,,,50,,,,,,,,,,,,,,,,,,,C03,,,1,,2,,,39,39,1,13,4,120.684403,24.142256,3
3730,66000,387130000C,(04)23274275,(04)23288582,2025,8,10,19,37,臺中市,北屯區,0,1,0,6,1,6,50,13,8,1,5,4,6,6,4,4,1,4,4,2,12,3,10,3,1,B03,7,7,1,8,2,2,,40,40,1,6,4,120.665422,24.183683,2
3731,66000,387130000C,(04)23274275,(04)23288582,2025,8,10,19,42,臺中市,大雅區,0,0,0,7,,,50,,,,,,,,,,,,,,12,,,,,B03,,,1,,2,,,45,45,1,13,4,120.629838,24.2095,3
3732,66000,387130000C,(04)23274275,(04)23288582,2025,8,10,19,43,臺中市,清水區,0,2,0,7,1,6,50,4,1,1,5,4,6,6,3,1,5,4,4,2,16,2,8,1,1,C03,7,6,1,10,2,11,,24,24,1,12,4,120.559096,24.27495,2
3733,66000,387130000C,(04)23274275,(04)23288582,2025,8,10,19,50,臺中市,龍井區,0,1,0,6,1,6,50,3,1,1,5,4,6,6,4,4,10,5,5,2,16,2,9,1,1,F03,7,9,7,21,2,11,,39,39,1,6,4,120.591239,24.182771,2
3734,66000,387130000C,(04)23274275,(04)23288582,2025,8,10,19,53,臺中市,西屯區,0,0,0,7,,,50,,,,,,,,,,,,,,12,,,,,C03,,,1,,1,,,8,8,1,12,4,120.639865,24.165715,3
3735,66000,387130000C,(04)23274275,(04)23288582,2025,8,10,20,0,臺中市,沙鹿區,0,2,0,7,1,6,50,13,9,1,5,4,6,6,2,1,3,2,5,2,13,2,1,2,1,C03,7,9,1,10,2,11,,84,84,1,6,4,120.568002,24.25387,2
3736,66000,387130000C,(04)23274275,(04)23288582,2025,8,10,20,2,臺中市,西區,0,0,0,7,,,50,,,,,,,,,,,,,,,,,,,B02,,,1,,2,,,84,84,1,12,4,120.655908,24.150229,3
3737,66000,387130000C,(04)23274275,(04)23288582,2025,8,10,20,3,臺中市,豐原區,0,0,0,6,,,60,,,,,,,,,,,,,,,,,,,B03,,,1,,2,,,49,49,1,13,4,120.737494,24.249288,3
3738,66000,387130000C,(04)23274275,(04)23288582,2025,8,10,20,15,臺中市,北屯區,0,0,0,7,,,50,,,,,,,,,,,,,,13,,,,,B03,,,3,,1,,,7,7,1,6,4,120.697869,24.173293,3
3739,66000,387130000C,(04)23274275,(04)23288582,2025,8,10,20,18,臺中市,西區,0,0,0,7,,,50,,,,,,,,,,,,,,17,,,,,B03,,,1,,1,,,84,84,1,12,4,120.664922,24.149005,3
3740,66000,387130000C,(04)23274275,(04)23288582,2025,8,10,20,19,臺中市,東區,0,1,0,7,1,6,50,3,1,1,5,4,6,6,4,4,10,5,5,2,17,2,8,2,1,C03,7,1,1,10,2,11,,51,51,1,13,4,120.684668,24.122347,2
3741,66000,387130000C,(04)23274275,(04)23288582,2025,8,10,20,19,臺中市,龍井區,0,2,0,6,1,6,40,4,1,1,5,4,6,6,2,1,10,5,5,2,16,3,10,1,1,C03,7,5,1,10,2,12,,8,8,1,6,4,120.581785,24.17616,2
3742,66000,387130000C,(04)23274275,(04)23288582,2025,8,10,20,21,臺中市,北屯區,0,0,0,7,,,50,,,,,,,,,,,,,,,,,,,B03,,,1,,2,,,84,84,1,12,4,120.770443,24.197421,3
3743,66000,387130000C,(04)23274275,(04)23288582,2025,8,10,20,22,臺中市,后里區,0,1,0,6,2,6,50,3,1,1,4,4,6,6,1,1,1,4,4,1,16,3,10,3,1,B03,7,5,1,8,2,6,,11,11,1,12,4,120.723696,24.297884,2
3744,66000,387130000C,(04)23274275,(04)23288582,2025,8,10,20,25,臺中市,龍井區,0,0,0,6,,,60,,,,,,,,,,,,,,13,,,,,B03,,,1,,1,,,78,78,1,10,4,120.581729,24.175796,3