序號,縣市別代碼,機關代碼,市話,傳真,年,月,日,時,分,縣市,區,死亡數量,受傷數量,2-30,天候,道路照明設備,道路類別,道路速限,道路型態,事故位置,路面鋪裝,路面狀態,路面缺陷,障礙物,視距,號誌種類,號誌動作,分向設施,快車道或一般車道間,快慢車道間,路面邊線,事故類型及型態,受傷程度,主要傷處,保護裝備,行動電話或功能裝置,當事者區分(類別),車輛用途,當事者行動狀態,駕照狀態,駕照種類,飲酒情形,車輛撞擊部位最初,車輛撞擊部位其他,肇事因素個別,肇事因素主要,肇事逃逸,職業,共享經濟或外送平台,GPS座標X,GPS座標Y,事故類別
3858,66000,387130000C,(04)23274275,(04)23288582,2025,8,11,8,37,臺中市,西區,0,1,0,7,1,6,50,4,1,1,5,4,6,6,1,1,10,5,5,2,9,2,9,6,5,H01,8,16,7,21,11,17,,95,95,1,13,5,120.666393,24.133614,2
3859,66000,387130000C,(04)23274275,(04)23288582,2025,8,11,8,37,臺中市,大里區,0,0,0,7,,,50,,,,,,,,,,,,,,17,,,,,B03,,,1,,1,,,50,50,1,6,4,120.701886,24.085768,3
3860,66000,387130000C,(04)23274275,(04)23288582,2025,8,11,8,38,臺中市,西屯區,0,0,0,7,,,50,,,,,,,,,,,,,,17,,,,,B03,,,1,,1,,,85,85,1,12,4,120.640065,24.18622,3
3861,66000,387130000C,(04)23274275,(04)23288582,2025,8,11,8,40,臺中市,烏日區,0,0,0,7,,,40,,,,,,,,,,,,,,9,,,,,B03,,,1,,2,,,50,50,1,6,4,120.621057,24.106638,4
3862,66000,387130000C,(04)23274275,(04)23288582,2025,8,11,8,41,臺中市,南屯區,0,2,0,7,2,6,50,4,2,1,5,4,6,6,1,1,9,5,5,2,17,2,8,2,1,C03,7,9,1,10,2,12,,7,7,1,13,4,120.620854,24.13999,2
3863,66000,387130000C,(04)23274275,(04)23288582,2025,8,11,8,41,臺中市,南屯區,0,0,0,7,,,50,,,,,,,,,,,,,,,,,,,C03,,,1,,1,,,7,7,1,13,4,120.653221,24.141179,3
3864,66000,387130000C,(04)23274275,(04)23288582,2025,8,11,8,43,臺中市,西區,0,1,0,7,2,6,50,5,1,1,5,4,6,6,1,1,10,5,5,2,16,3,10,3,1,B03,7,5,1,8,2,2,,20,20,1,12,4,120.663939,24.154942,2
3865,66000,387130000C,(04)23274275,(04)23288582,2025,8,11,8,44,臺中市,潭子區,0,0,0,7,,,60,,,,,,,,,,,,,,,,,,,B03,,,1,,2,,,7,7,1,13,4,120.705198,24.215476,3
3866,66000,387130000C,(04)23274275,(04)23288582,2025,8,11,8,44,臺中市,烏日區,0,0,0,7,,,50,,,,,,,,,,,,,,16,,,,,B03,,,1,,1,,,51,51,1,12,4,120.594831,24.111496,3
3867,66000,387130000C,(04)23274275,(04)23288582,2025,8,11,8,44,臺中市,豐原區,0,1,0,7,3,6,50,5,1,1,5,4,6,6,4,4,5,5,5,1,16,3,10,1,4,C03,7,6,1,10,2,11,,14,14,1,12,2,120.717153,24.248228,2
3868,66000,387130000C,(04)23274275,(04)23288582,2025,8,11,8,46,臺中市,神岡區,0,1,0,7,2,6,50,13,9,1,5,4,6,6,4,4,5,4,5,1,17,3,10,5,4,B12,7,9,1,8,9,6,,85,85,1,13,4,120.655843,24.267832,2
3869,66000,387130000C,(04)23274275,(04)23288582,2025,8,11,8,47,臺中市,北屯區,0,1,0,7,3,6,50,4,2,1,5,4,6,6,2,1,5,5,5,2,14,3,10,3,1,B03,7,2,1,8,2,7,,84,84,1,12,4,120.704783,24.16949,2
3870,66000,387130000C,(04)23274275,(04)23288582,2025,8,11,8,47,臺中市,大里區,0,2,0,7,2,6,30,3,1,1,5,4,6,6,4,4,10,5,5,1,16,2,9,1,1,C03,7,9,1,10,2,11,,84,84,1,12,4,120.662478,24.102512,2
3871,66000,387130000C,(04)23274275,(04)23288582,2025,8,11,8,52,臺中市,南屯區,0,0,0,7,,,50,,,,,,,,,,,,,,17,,,,,C03,,,1,,2,,,7,7,1,12,4,120.647641,24.153839,3
3872,66000,387130000C,(04)23274275,(04)23288582,2025,8,11,8,52,臺中市,大里區,0,1,0,7,2,6,50,3,2,1,5,4,6,6,1,1,3,4,4,1,16,2,9,2,1,C03,7,5,1,10,2,13,,11,11,1,13,4,120.696204,24.086735,2
3873,66000,387130000C,(04)23274275,(04)23288582,2025,8,11,8,53,臺中市,北區,0,1,0,7,2,6,50,4,1,1,5,4,6,6,2,1,10,5,5,2,16,3,10,3,1,B03,7,6,1,8,2,5,,14,14,1,12,4,120.670502,24.161617,2
3874,66000,387130000C,(04)23274275,(04)23288582,2025,8,11,8,55,臺中市,潭子區,0,1,0,7,2,6,50,13,14,1,5,4,6,6,4,4,5,5,5,1,17,2,9,1,1,F03,7,9,7,21,2,11,,84,84,1,13,4,120.709525,24.202976,2
3875,66000,387130000C,(04)23274275,(04)23288582,2025,8,11,8,56,臺中市,西屯區,0,2,0,7,2,6,50,13,9,1,5,4,6,6,4,4,5,4,5,2,13,2,9,2,1,C03,7,7,1,10,2,11,,7,7,1,12,4,120.633843,24.17008,2
3876,66000,387130000C,(04)23274275,(04)23288582,2025,8,11,8,57,臺中市,北區,0,0,0,7,,,50,,,,,,,,,,,,,,13,,,,,C03,,,1,,1,,,59,59,1,12,4,120.667619,24.163172,3
3877,66000,387130000C,(04)23274275,(04)23288582,2025,8,11,9,0,臺中市,潭子區,0,1,0,7,2,6,50,13,7,1,5,4,6,6,2,1,5,5,4,2,12,2,9,1,1,C03,7,1,1,10,2,13,,51,51,1,13,4,120.707316,24.210976,2
3878,66000,387130000C,(04)23274275,(04)23288582,2025,8,11,9,0,臺中市,東區,0,1,0,7,2,6,50,13,9,1,5,4,6,6,4,4,5,4,5,2,13,2,7,1,1,C03,7,9,1,10,2,11,,84,84,1,12,4,120.706128,24.129647,2
3879,66000,387130000C,(04)23274275,(04)23288582,2025,8,11,9,1,臺中市,龍井區,0,0,0,7,,,40,,,,,,,,,,,,,,17,,,,,B03,,,1,,2,,,40,40,1,6,4,120.530403,24.221165,3
3880,66000,387130000C,(04)23274275,(04)23288582,2025,8,11,9,3,臺中市,神岡區,0,0,0,7,,,50,,,,,,,,,,,,,,14,,,,,B12,,,1,,2,,,78,78,1,13,4,120.677553,24.25002,3
3881,66000,387130000C,(04)23274275,(04)23288582,2025,8,11,9,4,臺中市,北區,0,2,0,7,2,6,50,13,9,1,5,4,6,6,4,4,1,4,5,2,12,2,9,1,1,C03,7,9,1,10,2,14,,58,58,1,13,4,120.675106,24.16506,2
3882,66000,387130000C,(04)23274275,(04)23288582,2025,8,11,9,5,臺中市,沙鹿區,0,1,0,7,3,6,30,3,1,1,5,4,6,6,4,4,10,5,5,2,17,3,10,3,1,B03,7,5,1,8,2,8,,87,87,1,12,4,120.557235,24.223948,2
3883,66000,387130000C,(04)23274275,(04)23288582,2025,8,11,9,8,臺中市,神岡區,0,1,0,7,2,6,50,13,9,1,5,4,6,6,4,4,9,4,5,1,12,3,10,5,4,B12,7,4,1,8,2,6,,84,84,1,13,4,120.67583,24.263399,2
3884,66000,387130000C,(04)23274275,(04)23288582,2025,8,11,9,11,臺中市,后里區,0,0,0,7,2,6,60,13,4,1,5,4,6,6,1,1,1,2,4,1,17,3,10,2,1,C03,7,9,1,10,2,12,,84,84,1,12,4,120.722715,24.283808,3
3885,66000,387130000C,(04)23274275,(04)23288582,2025,8,11,9,15,臺中市,大里區,0,0,0,7,,,40,,,,,,,,,,,,,,17,,,,,C03,,,1,,2,,,84,84,1,12,4,120.688673,24.103797,3
3886,66000,387130000C,(04)23274275,(04)23288582,2025,8,11,9,17,臺中市,大里區,0,2,0,7,2,6,50,3,1,1,5,4,6,6,4,4,10,5,5,2,17,2,9,2,1,C03,7,9,1,10,2,11,,1,1,1,13,4,120.695663,24.083875,2
3887,66000,387130000C,(04)23274275,(04)23288582,2025,8,11,9,17,臺中市,梧棲區,0,1,0,7,3,6,50,4,1,1,5,4,6,6,4,4,10,5,5,2,16,2,7,1,1,C03,7,5,1,10,2,14,,84,84,1,6,4,120.533067,24.256863,2
3888,66000,387130000C,(04)23274275,(04)23288582,2025,8,11,9,18,臺中市,南屯區,0,0,0,7,,,60,,,,,,,,,,,,,,17,,,,,B03,,,1,,2,,,11,11,1,12,4,120.654569,24.135273,3
3889,66000,387130000C,(04)23274275,(04)23288582,2025,8,11,9,20,臺中市,大甲區,0,0,0,7,,,30,,,,,,,,,,,,,,30,,,,,B03,,,1,,2,,,8,8,1,6,4,120.626065,24.350147,3
3890,66000,387130000C,(04)23274275,(04)23288582,2025,8,11,9,25,臺中市,沙鹿區,0,1,0,7,2,6,40,13,8,1,5,4,6,6,4,4,1,4,4,2,18,2,9,4,1,F01,7,9,7,21,2,12,,59,59,1,3,4,120.560869,24.234159,2
3891,66000,387130000C,(04)23274275,(04)23288582,2025,8,11,9,26,臺中市,西屯區,0,0,0,7,,3,80,,,,,,,,,,,,,,13,,,,,B03,,,1,,1,,,59,59,1,13,4,120.634948,24.179291,3
3892,66000,387130000C,(04)23274275,(04)23288582,2025,8,11,9,28,臺中市,南屯區,0,0,0,7,3,6,40,13,17,1,5,4,6,6,4,4,1,2,5,2,13,,,,,B03,,,1,,1,,,7,7,1,12,4,120.621618,24.134699,3
3893,66000,387130000C,(04)23274275,(04)23288582,2025,8,11,9,36,臺中市,北區,0,3,0,7,2,6,50,4,1,1,5,4,6,6,4,4,10,5,5,2,17,2,8,1,1,C03,7,15,1,10,2,14,,84,84,1,12,4,120.68321,24.158872,2
3894,66000,387130000C,(04)23274275,(04)23288582,2025,8,11,9,36,臺中市,西屯區,0,0,0,7,,,30,,,,,,,,,,,,,,14,,,,,B03,,,1,,1,,,49,49,1,12,4,120.635056,24.171027,3
3895,66000,387130000C,(04)23274275,(04)23288582,2025,8,11,9,37,臺中市,北屯區,0,0,0,7,,,50,,,,,,,,,,,,,,13,,,,,B02,,,1,,1,,,7,7,1,6,4,120.68178,24.172148,3
3896,66000,387130000C,(04)23274275,(04)23288582,2025,8,11,9,40,臺中市,龍井區,0,0,0,7,,,0,,,,,,,,,,,,,,14,,,,,B12,,,1,,2,,,49,49,1,6,4,120.525495,24.203332,3
3897,66000,387130000C,(04)23274275,(04)23288582,2025,8,11,9,45,臺中市,西區,0,0,0,7,,,50,,,,,,,,,,,,,,,,,,,B03,,,1,,2,,,51,51,1,6,4,120.662488,24.158395,3
3898,66000,387130000C,(04)23274275,(04)23288582,2025,8,11,9,45,臺中市,南屯區,0,0,0,7,,,50,,,,,,,,,,,,,,17,,,,,B03,,,1,,1,,,56,56,1,6,4,120.649773,24.153607,3
3899,66000,387130000C,(04)23274275,(04)23288582,2025,8,11,9,45,臺中市,太平區,0,0,0,7,,,50,,,,,,,,,,,,,,13,,,,,B03,,,1,,1,,,7,7,1,12,4,120.700716,24.146731,3
3900,66000,387130000C,(04)23274275,(04)23288582,2025,8,11,9,50,臺中市,霧峰區,0,0,0,7,,,40,,,,,,,,,,,,,,14,,,,,A11,,,1,,1,,,49,49,1,6,4,120.693847,24.048794,3
3901,66000,387130000C,(04)23274275,(04)23288582,2025,8,11,9,50,臺中市,烏日區,0,0,0,7,,,30,,,,,,,,,,,,,,14,,,,,B11,,,1,,2,,,49,49,1,6,4,120.640556,24.109874,3
3902,66000,387130000C,(04)23274275,(04)23288582,2025,8,11,9,51,臺中市,太平區,0,1,0,7,3,6,50,4,1,1,5,4,6,6,1,1,5,5,5,2,17,3,10,3,1,B03,7,11,1,8,2,8,,23,23,1,12,4,120.701822,24.153668,2
3903,66000,387130000C,(04)23274275,(04)23288582,2025,8,11,10,1,臺中市,南屯區,0,0,0,7,,,50,,,,,,,,,,,,,,,,,,,C03,,,1,,2,,,84,84,1,13,4,120.627553,24.117907,3
3904,66000,387130000C,(04)23274275,(04)23288582,2025,8,11,10,3,臺中市,西屯區,0,0,0,7,,,50,,,,,,,,,,,,,,13,,,,,A12,,,1,1,1,,,7,7,1,12,4,120.634153,24.160443,3
3905,66000,387130000C,(04)23274275,(04)23288582,2025,8,11,10,8,臺中市,大里區,0,1,0,7,2,6,50,4,1,1,5,4,6,6,1,1,5,5,5,1,16,3,10,3,1,B13,7,6,1,8,2,8,,11,11,1,13,4,120.708812,24.086731,2
3906,66000,387130000C,(04)23274275,(04)23288582,2025,8,11,10,8,臺中市,后里區,0,0,0,7,2,6,50,4,2,1,5,4,6,6,1,1,5,5,5,1,13,3,10,3,1,B03,7,9,1,8,2,1,,84,84,1,12,4,120.724662,24.309087,3
3907,66000,387130000C,(04)23274275,(04)23288582,2025,8,11,10,9,臺中市,西區,0,0,0,7,,,50,,,,,,,,,,,,,,,,,,,C03,,,1,,2,,,84,84,1,12,4,120.673862,24.143196,3
3908,66000,387130000C,(04)23274275,(04)23288582,2025,8,11,10,10,臺中市,太平區,0,0,0,7,,,50,,,,,,,,,,,,,,17,,,,,B03,,,1,,2,,,84,84,1,12,4,120.719581,24.129664,3
3909,66000,387130000C,(04)23274275,(04)23288582,2025,8,11,10,11,臺中市,東區,0,1,0,7,2,6,50,4,1,1,5,4,6,6,1,1,10,5,5,2,17,2,9,1,1,C03,7,4,3,19,2,12,,1,1,1,12,4,120.702455,24.131452,2
3910,66000,387130000C,(04)23274275,(04)23288582,2025,8,11,10,13,臺中市,太平區,0,1,0,7,3,6,50,4,1,1,5,4,6,6,3,1,5,5,4,2,13,2,9,2,1,C03,7,9,1,10,2,14,,7,7,1,12,4,120.723159,24.142083,2
3911,66000,387130000C,(04)23274275,(04)23288582,2025,8,11,10,14,臺中市,北區,0,0,0,7,,,50,,,,,,,,,,,,,,13,,,,,C03,,,1,,2,,,59,59,1,12,4,120.673013,24.168593,4
3912,66000,387130000C,(04)23274275,(04)23288582,2025,8,11,10,15,臺中市,西屯區,0,1,0,7,2,6,30,3,9,1,5,4,6,6,4,4,10,5,5,2,13,3,10,5,4,B01,7,9,1,4,2,8,,7,7,1,12,4,120.644471,24.171811,2
3913,66000,387130000C,(04)23274275,(04)23288582,2025,8,11,10,16,臺中市,豐原區,0,0,0,7,2,6,50,13,14,1,5,4,6,6,4,4,1,4,4,1,12,3,10,1,1,C03,7,9,1,10,2,12,,59,59,1,12,4,120.713074,24.255627,3
3914,66000,387130000C,(04)23274275,(04)23288582,2025,8,11,10,20,臺中市,北屯區,0,1,0,7,2,6,50,4,2,1,5,4,6,6,1,1,10,5,5,2,16,2,9,5,4,F02,7,6,7,21,2,14,,20,20,1,12,4,120.682384,24.171056,2
3915,66000,387130000C,(04)23274275,(04)23288582,2025,8,11,10,21,臺中市,北屯區,0,1,0,7,2,6,50,13,9,1,5,4,6,6,4,4,4,3,5,2,16,2,9,2,1,C03,7,1,3,19,2,14,,51,51,1,13,4,120.688889,24.186713,2
3916,66000,387130000C,(04)23274275,(04)23288582,2025,8,11,10,28,臺中市,大里區,0,1,0,7,2,6,50,5,1,1,5,4,6,6,1,1,10,5,5,1,16,3,10,3,1,B03,7,5,1,8,2,5,,11,11,1,12,4,120.700963,24.102591,2
3917,66000,387130000C,(04)23274275,(04)23288582,2025,8,11,10,29,臺中市,大甲區,0,1,0,7,1,6,70,13,8,1,5,4,6,6,4,4,1,4,4,1,16,3,10,3,1,B12,7,5,1,8,2,8,,47,47,1,12,4,120.635246,24.361514,2
3918,66000,387130000C,(04)23274275,(04)23288582,2025,8,11,10,34,臺中市,東區,0,1,0,7,2,6,50,4,1,1,5,4,6,6,1,1,5,5,4,2,13,2,9,1,1,C03,7,9,1,10,2,11,,7,7,1,12,4,120.695061,24.136935,2
3919,66000,387130000C,(04)23274275,(04)23288582,2025,8,11,10,35,臺中市,北屯區,0,4,0,7,2,6,50,4,1,1,5,4,6,6,2,1,10,5,5,2,12,2,9,1,1,C03,7,8,1,10,2,12,,84,84,1,12,4,120.694301,24.164872,2
3920,66000,387130000C,(04)23274275,(04)23288582,2025,8,11,10,40,臺中市,東勢區,0,0,0,7,,,50,,,,,,,,,,,,,,,,,,,B12,,,1,,1,,,49,49,1,12,4,120.849963,24.238701,3
3921,66000,387130000C,(04)23274275,(04)23288582,2025,8,11,10,43,臺中市,豐原區,0,1,0,7,2,6,60,3,1,1,5,4,6,6,4,4,10,5,5,2,13,2,9,1,1,C03,7,9,1,10,2,11,,7,7,1,6,4,120.704237,24.237642,2
3922,66000,387130000C,(04)23274275,(04)23288582,2025,8,11,10,45,臺中市,西屯區,0,1,0,7,2,6,40,4,1,1,5,4,6,6,2,1,10,5,5,2,18,2,9,5,4,C03,7,9,1,10,2,12,,84,84,1,13,4,120.621549,24.180068,2
3923,66000,387130000C,(04)23274275,(04)23288582,2025,8,11,10,46,臺中市,烏日區,0,0,0,7,,,50,,,,,,,,,,,,,,,,,,,B12,,,1,,1,,,7,7,1,13,4,120.641644,24.095622,3
3924,66000,387130000C,(04)23274275,(04)23288582,2025,8,11,10,48,臺中市,大雅區,0,2,0,7,3,6,30,3,2,1,5,4,6,6,4,4,10,5,5,2,17,2,9,1,1,C03,7,6,1,10,2,14,,48,48,1,12,4,120.657085,24.226574,2
3925,66000,387130000C,(04)23274275,(04)23288582,2025,8,11,10,51,臺中市,南區,0,2,0,7,3,6,50,13,7,1,5,4,6,6,4,4,9,4,4,2,16,2,9,2,1,C03,7,6,1,10,2,14,,48,48,1,12,4,120.664123,24.113702,2
3926,66000,387130000C,(04)23274275,(04)23288582,2025,8,11,10,53,臺中市,東區,0,3,0,7,2,6,40,4,1,1,5,4,6,6,2,1,10,5,5,2,13,2,9,1,1,C03,7,9,1,10,2,11,,7,7,1,12,4,120.705368,24.137614,2
3927,66000,387130000C,(04)23274275,(04)23288582,2025,8,11,10,55,臺中市,潭子區,0,1,0,7,2,6,50,13,9,1,5,4,6,6,4,4,5,5,5,1,14,3,10,3,1,B03,7,2,1,8,2,6,,49,49,1,13,4,120.701221,24.193965,2
3928,66000,387130000C,(04)23274275,(04)23288582,2025,8,11,10,55,臺中市,清水區,0,0,0,7,,,50,,,,,,,,,,,,,,,,,,,B03,,,1,,11,,,49,49,1,12,4,120.576564,24.27243,3
3929,66000,387130000C,(04)23274275,(04)23288582,2025,8,11,10,56,臺中市,豐原區,0,0,0,7,,,30,,,,,,,,,,,,,,14,,,,,B03,,,1,,2,,,49,49,1,12,4,120.721687,24.276841,3
3930,66000,387130000C,(04)23274275,(04)23288582,2025,8,11,10,57,臺中市,西區,0,0,0,7,,,30,,,,,,,,,,,,,,,,,,,B03,,,1,,11,,,8,8,1,12,4,120.655695,24.13769,3
3931,66000,387130000C,(04)23274275,(04)23288582,2025,8,11,10,59,臺中市,東勢區,0,1,0,7,2,6,50,3,1,1,5,4,6,6,4,4,10,5,5,1,3,3,10,5,4,B03,7,6,1,8,2,8,,10,10,1,12,4,120.827637,24.256888,2
3932,66000,387130000C,(04)23274275,(04)23288582,2025,8,11,11,0,臺中市,大里區,0,0,0,7,,,,,,,,,,,,,,,,,17,,,,,,,,,,,,,119,119,1,,,120.701559,24.106491,3
3933,66000,387130000C,(04)23274275,(04)23288582,2025,8,11,11,0,臺中市,沙鹿區,0,1,0,7,2,6,40,5,8,1,5,4,6,6,2,1,1,4,1,1,9,3,10,1,1,C03,7,6,1,10,2,11,,10,10,1,12,4,120.568274,24.238024,2
3934,66000,387130000C,(04)23274275,(04)23288582,2025,8,11,11,5,臺中市,大里區,0,0,0,7,,,50,,,,,,,,,,,,,,,,,,,B03,,,1,,2,,,7,7,1,12,4,120.70051,24.093814,3
3935,66000,387130000C,(04)23274275,(04)23288582,2025,8,11,11,6,臺中市,沙鹿區,0,1,0,7,3,6,30,3,1,1,5,4,6,6,4,4,10,5,5,2,14,3,10,3,1,B03,7,2,1,8,2,6,,49,49,1,12,4,120.566745,24.241953,2
3936,66000,387130000C,(04)23274275,(04)23288582,2025,8,11,11,7,臺中市,北區,0,1,0,7,2,6,50,13,9,1,5,4,6,6,4,4,5,5,5,2,16,3,10,3,1,B03,7,5,1,8,2,5,,47,47,1,13,4,120.683379,24.155111,2
3937,66000,387130000C,(04)23274275,(04)23288582,2025,8,11,11,15,臺中市,西區,0,0,0,7,,,50,,,,,,,,,,,,,,,,,,,B03,,,1,,1,,,84,84,1,6,4,120.657461,24.148791,3
3938,66000,387130000C,(04)23274275,(04)23288582,2025,8,11,11,17,臺中市,大里區,0,1,0,7,2,6,40,4,2,1,5,4,6,6,4,4,10,5,5,2,2,3,10,1,1,C03,7,9,1,10,2,11,,84,84,1,12,4,120.687791,24.114077,2
3939,66000,387130000C,(04)23274275,(04)23288582,2025,8,11,11,18,臺中市,北屯區,0,0,0,7,,,30,,,,,,,,,,,,,,13,,,,,C03,,,1,,1,,,7,7,1,6,4,120.67538,24.176751,3
3940,66000,387130000C,(04)23274275,(04)23288582,2025,8,11,11,18,臺中市,西屯區,0,0,0,7,,,50,,,,,,,,,,,,,,17,,,,,B03,,,1,,2,,,51,51,1,12,4,120.651823,24.16673,3
3941,66000,387130000C,(04)23274275,(04)23288582,2025,8,11,11,21,臺中市,中區,0,1,0,7,2,6,50,3,2,1,5,4,6,6,4,4,5,4,5,1,12,2,9,2,1,C03,7,8,1,10,2,14,,40,40,1,13,4,120.680347,24.138247,2
3942,66000,387130000C,(04)23274275,(04)23288582,2025,8,11,11,31,臺中市,北屯區,0,0,0,7,,,30,,,,,,,,,,,,,,17,,,,,A11,,,1,,9,,,8,8,1,6,4,120.726973,24.177334,3
3943,66000,387130000C,(04)23274275,(04)23288582,2025,8,11,11,34,臺中市,西區,0,1,0,7,2,6,50,4,2,1,5,4,6,6,1,1,5,4,5,2,17,2,9,1,1,C03,7,15,1,10,2,13,,40,40,1,12,4,120.663094,24.136558,2
3944,66000,387130000C,(04)23274275,(04)23288582,2025,8,11,11,34,臺中市,和平區,0,1,0,7,3,6,25,11,8,1,4,4,6,6,4,4,5,4,4,2,18,2,9,2,1,C03,7,6,1,10,2,14,,43,43,1,7,4,120.910977,24.292186,2
3945,66000,387130000C,(04)23274275,(04)23288582,2025,8,11,11,35,臺中市,潭子區,0,0,0,7,,,50,,,,,,,,,,,,,,,,,,,B12,,,1,,2,,,78,78,1,13,4,120.70446,24.206984,3
3946,66000,387130000C,(04)23274275,(04)23288582,2025,8,11,11,40,臺中市,西屯區,0,0,0,7,,,50,,,,,,,,,,,,,,14,,,,,B03,,,1,,1,,,50,50,1,12,4,120.647861,24.173952,3
3947,66000,387130000C,(04)23274275,(04)23288582,2025,8,11,11,40,臺中市,烏日區,0,0,0,7,,,30,,,,,,,,,,,,,,14,,,,,B03,,,1,,2,,,49,49,1,6,4,120.657202,24.057618,3
3948,66000,387130000C,(04)23274275,(04)23288582,2025,8,11,11,41,臺中市,南屯區,0,2,0,7,1,6,50,4,1,1,5,4,6,6,1,1,5,5,5,2,3,2,9,6,5,H01,8,18,7,21,10,17,,96,96,1,13,5,120.647803,24.147741,2
3949,66000,387130000C,(04)23274275,(04)23288582,2025,8,11,11,42,臺中市,中區,0,0,0,7,,,50,,,,,,,,,,,,,,,,,,,C03,,,1,,2,,,7,7,1,6,4,120.681077,24.145094,3
3950,66000,387130000C,(04)23274275,(04)23288582,2025,8,11,11,42,臺中市,新社區,0,1,0,7,2,6,50,13,9,1,5,4,6,6,4,4,5,5,5,1,18,2,9,1,4,C03,7,9,1,10,2,12,,84,84,1,12,4,120.810554,24.225749,2
3951,66000,387130000C,(04)23274275,(04)23288582,2025,8,11,11,44,臺中市,西屯區,0,0,0,7,,,50,,,,,,,,,,,,,,12,,,,,B12,,,1,,2,,,50,50,1,13,4,120.660181,24.166153,3
3952,66000,387130000C,(04)23274275,(04)23288582,2025,8,11,11,45,臺中市,南屯區,0,0,0,7,,,50,,,,,,,,,,,,,,17,,,,,C03,,,3,,1,,,39,39,1,12,4,120.633828,24.136696,3
3953,66000,387130000C,(04)23274275,(04)23288582,2025,8,11,11,50,臺中市,太平區,0,1,0,7,3,6,50,4,1,1,5,4,6,6,1,1,1,4,5,2,16,2,9,2,1,C03,7,9,1,10,2,14,,84,84,1,12,4,120.712193,24.144456,2
3954,66000,387130000C,(04)23274275,(04)23288582,2025,8,11,11,54,臺中市,北區,0,1,0,7,3,6,50,4,1,1,5,4,6,6,4,4,5,4,5,2,17,3,10,3,1,B03,7,9,1,8,2,2,,20,20,1,12,4,120.691322,24.155865,2
3955,66000,387130000C,(04)23274275,(04)23288582,2025,8,11,11,55,臺中市,潭子區,0,1,0,7,2,6,30,11,9,1,5,4,6,6,4,4,10,5,5,1,18,2,9,1,1,C03,7,9,1,10,2,14,,85,85,1,13,4,120.683944,24.215293,2
3956,66000,387130000C,(04)23274275,(04)23288582,2025,8,11,11,56,臺中市,西區,0,0,0,7,,,50,,,,,,,,,,,,,,14,,,,,B03,,,1,,11,,,49,49,1,13,4,120.667274,24.148363,3
3957,66000,387130000C,(04)23274275,(04)23288582,2025,8,11,12,0,臺中市,北屯區,0,1,0,7,2,6,50,3,1,1,5,4,6,6,3,1,10,5,5,2,18,2,9,5,4,C03,7,9,1,10,2,12,,59,59,1,13,4,120.678691,24.187607,2
3958,66000,387130000C,(04)23274275,(04)23288582,2025,8,11,12,1,臺中市,沙鹿區,0,0,0,7,,,30,,,,,,,,,,,,,,17,,,,,A12,,,1,,2,,,8,8,1,6,4,120.569028,24.211537,3
3959,66000,387130000C,(04)23274275,(04)23288582,2025,8,11,12,2,臺中市,大雅區,0,0,0,7,,,40,,,,,,,,,,,,,,,,,,,B03,,,1,,1,,,8,8,1,13,4,120.628378,24.206508,3
3960,66000,387130000C,(04)23274275,(04)23288582,2025,8,11,12,4,臺中市,豐原區,0,1,0,7,2,6,30,4,1,1,5,4,6,6,1,1,5,5,5,1,17,3,10,1,1,C03,7,6,1,10,2,14,,65,65,1,12,4,120.700324,24.235251,2
3961,66000,387130000C,(04)23274275,(04)23288582,2025,8,11,12,6,臺中市,北區,0,2,0,7,2,6,50,3,1,1,5,4,6,6,2,1,10,5,5,2,16,2,9,1,1,C03,7,6,1,10,2,11,,11,11,1,12,4,120.684085,24.149878,2
3962,66000,387130000C,(04)23274275,(04)23288582,2025,8,11,12,8,臺中市,龍井區,0,1,0,6,2,6,50,4,1,1,5,4,6,6,1,1,10,5,5,2,15,3,10,3,1,B03,7,9,1,8,2,8,,6,6,1,12,4,120.575777,24.175559,2
3963,66000,387130000C,(04)23274275,(04)23288582,2025,8,11,12,9,臺中市,太平區,0,2,0,7,2,6,50,13,9,1,5,4,6,6,4,4,9,5,5,2,16,2,9,1,1,C03,7,6,1,10,2,11,,84,84,1,12,4,120.708948,24.157468,2
3964,66000,387130000C,(04)23274275,(04)23288582,2025,8,11,12,10,臺中市,北屯區,0,1,0,7,2,6,50,3,1,1,5,4,6,6,4,4,1,5,5,2,16,3,10,3,1,B03,7,5,1,8,2,5,,14,14,1,12,4,120.663311,24.187124,2
3965,66000,387130000C,(04)23274275,(04)23288582,2025,8,11,12,12,臺中市,北區,0,2,0,7,2,6,50,4,1,1,5,4,6,6,4,4,10,5,5,2,16,2,9,1,1,C03,7,5,1,10,2,12,14,14,14,1,13,4,120.672069,24.15649,2
3966,66000,387130000C,(04)23274275,(04)23288582,2025,8,11,12,15,臺中市,東區,0,0,0,7,,,30,,,,,,,,,,,,,,,,,,,C03,,,1,,9,,,49,49,1,13,4,120.695886,24.15052,3
3967,66000,387130000C,(04)23274275,(04)23288582,2025,8,11,12,25,臺中市,烏日區,0,0,0,7,,,30,,,,,,,,,,,,,,17,,,,,B01,,,1,,2,,,51,51,1,6,4,120.616684,24.113986,3
3968,66000,387130000C,(04)23274275,(04)23288582,2025,8,11,12,26,臺中市,北屯區,0,1,0,7,3,6,50,3,2,1,5,4,6,6,4,4,1,4,5,2,12,2,9,2,1,C03,7,15,1,10,2,14,,84,84,1,6,4,120.693708,24.163433,2