序號,縣市別代碼,機關代碼,市話,傳真,年,月,日,時,分,縣市,區,死亡數量,受傷數量,2-30,天候,道路照明設備,道路類別,道路速限,道路型態,事故位置,路面鋪裝,路面狀態,路面缺陷,障礙物,視距,號誌種類,號誌動作,分向設施,快車道或一般車道間,快慢車道間,路面邊線,事故類型及型態,受傷程度,主要傷處,保護裝備,行動電話或功能裝置,當事者區分(類別),車輛用途,當事者行動狀態,駕照狀態,駕照種類,飲酒情形,車輛撞擊部位最初,車輛撞擊部位其他,肇事因素個別,肇事因素主要,肇事逃逸,職業,共享經濟或外送平台,GPS座標X,GPS座標Y,事故類別
3969,66000,387130000C,(04)23274275,(04)23288582,2025,8,11,12,29,臺中市,豐原區,0,0,0,7,,,60,,,,,,,,,,,,,,13,,,,,B03,,,1,,1,,,7,7,1,12,4,120.703794,24.23813,3
3970,66000,387130000C,(04)23274275,(04)23288582,2025,8,11,12,30,臺中市,南區,0,0,0,7,,,40,,,,,,,,,,,,,,17,,,,,C03,,,1,,1,,,84,84,1,12,4,120.675338,24.124923,3
3971,66000,387130000C,(04)23274275,(04)23288582,2025,8,11,12,32,臺中市,北區,0,0,0,7,,,50,,,,,,,,,,,,,,,,,,,B03,,,1,,9,,,7,7,1,12,4,120.685033,24.159058,3
3972,66000,387130000C,(04)23274275,(04)23288582,2025,8,11,12,38,臺中市,大里區,0,1,0,7,2,6,50,4,1,1,5,4,6,6,1,1,10,5,5,1,15,2,9,1,1,C03,7,9,1,10,2,11,,21,21,1,12,4,120.664502,24.086427,2
3973,66000,387130000C,(04)23274275,(04)23288582,2025,8,11,12,38,臺中市,梧棲區,0,2,0,7,3,6,50,13,9,1,5,4,6,6,4,4,5,5,5,1,28,2,9,1,1,C03,7,9,1,10,2,11,,87,87,1,6,4,120.548796,24.235852,2
3974,66000,387130000C,(04)23274275,(04)23288582,2025,8,11,12,42,臺中市,西屯區,0,0,0,7,,,50,,,,,,,,,,,,,,13,,,,,B03,,,1,,1,,,7,7,1,12,4,120.59745,24.191535,3
3975,66000,387130000C,(04)23274275,(04)23288582,2025,8,11,12,43,臺中市,后里區,0,1,0,7,2,6,50,4,1,1,5,4,6,6,1,1,5,5,4,1,16,3,10,2,1,C03,7,6,1,10,2,12,,23,23,1,12,4,120.71847,24.311498,2
3976,66000,387130000C,(04)23274275,(04)23288582,2025,8,11,12,45,臺中市,潭子區,0,1,0,6,3,6,40,4,2,1,5,4,6,6,1,1,1,5,5,1,17,3,10,2,1,C03,7,9,1,10,9,16,,85,85,1,13,4,120.716468,24.204692,2
3977,66000,387130000C,(04)23274275,(04)23288582,2025,8,11,12,45,臺中市,中區,0,3,0,7,2,6,30,4,1,1,5,4,6,6,4,4,10,5,5,2,15,2,9,2,1,C03,7,9,1,10,2,11,,15,15,1,12,4,120.680724,24.137786,2
3978,66000,387130000C,(04)23274275,(04)23288582,2025,8,11,12,45,臺中市,沙鹿區,0,0,0,7,,,50,,,,,,,,,,,,,,14,,,,,B03,,,1,,2,,,49,49,1,12,4,120.560242,24.234555,3
3979,66000,387130000C,(04)23274275,(04)23288582,2025,8,11,12,48,臺中市,中區,0,0,0,7,,,50,,,,,,,,,,,,,,,,,,,C03,,,1,,1,,,7,7,1,6,4,120.679202,24.142078,4
3980,66000,387130000C,(04)23274275,(04)23288582,2025,8,11,12,53,臺中市,西屯區,0,3,0,7,2,6,40,3,1,1,5,4,6,6,4,4,5,5,4,2,3,2,7,2,1,C03,7,9,1,10,2,14,,10,10,1,12,4,120.639224,24.17258,2
3981,66000,387130000C,(04)23274275,(04)23288582,2025,8,11,13,0,臺中市,北屯區,0,1,0,7,3,6,50,13,9,1,5,4,6,6,4,4,1,4,5,2,13,3,10,3,1,B03,7,9,1,8,9,1,,7,7,1,12,4,120.694646,24.166168,2
3982,66000,387130000C,(04)23274275,(04)23288582,2025,8,11,13,0,臺中市,西屯區,0,0,0,7,,,60,,,,,,,,,,,,,,16,,,,,B03,,,1,,9,,,40,40,1,12,4,120.646454,24.164454,3
3983,66000,387130000C,(04)23274275,(04)23288582,2025,8,11,13,10,臺中市,南區,0,2,0,7,2,6,50,3,1,1,5,4,6,6,2,1,10,5,5,2,17,2,9,1,1,C03,7,9,1,10,2,12,,21,21,1,12,4,120.659907,24.12476,2
3984,66000,387130000C,(04)23274275,(04)23288582,2025,8,11,13,10,臺中市,南屯區,0,1,0,7,3,6,50,5,1,1,5,4,6,6,1,1,10,5,5,2,17,2,9,2,1,C03,7,6,1,10,2,11,,23,23,1,12,4,120.646142,24.142676,2
3985,66000,387130000C,(04)23274275,(04)23288582,2025,8,11,13,10,臺中市,西屯區,0,1,0,5,2,6,50,5,1,1,4,4,6,6,1,1,10,5,5,2,18,2,9,5,4,C03,7,5,1,10,11,14,,59,59,1,12,4,120.616471,24.19097,2
3986,66000,387130000C,(04)23274275,(04)23288582,2025,8,11,13,16,臺中市,北屯區,0,1,0,7,2,6,50,4,1,1,5,2,6,6,2,1,1,3,5,2,18,2,9,2,1,C03,7,5,1,10,2,12,,84,84,1,13,4,120.668466,24.195411,2
3987,66000,387130000C,(04)23274275,(04)23288582,2025,8,11,13,22,臺中市,西區,0,1,0,7,1,6,50,4,1,1,5,4,6,6,1,1,10,5,5,1,17,2,9,5,4,C03,7,9,1,10,2,14,,85,85,1,12,4,120.657257,24.150851,2
3988,66000,387130000C,(04)23274275,(04)23288582,2025,8,11,13,23,臺中市,西區,0,2,0,7,2,6,50,4,2,1,5,4,6,6,2,1,5,3,5,1,16,2,9,2,1,C03,7,5,1,10,2,12,,11,11,1,13,4,120.670483,24.146154,2
3989,66000,387130000C,(04)23274275,(04)23288582,2025,8,11,13,26,臺中市,南區,0,1,0,7,3,6,50,4,1,1,5,4,6,6,2,1,10,5,5,2,15,3,10,2,1,C03,7,9,1,10,2,14,,21,21,1,5,4,120.682159,24.128329,2
3990,66000,387130000C,(04)23274275,(04)23288582,2025,8,11,13,30,臺中市,清水區,0,1,0,7,3,6,30,4,1,1,5,4,6,6,4,4,10,5,5,2,15,2,9,2,1,C03,7,9,2,19,2,12,,15,15,1,12,4,120.576509,24.302863,2
3991,66000,387130000C,(04)23274275,(04)23288582,2025,8,11,13,34,臺中市,北屯區,0,0,0,7,,,50,,,,,,,,,,,,,,17,,,,,B12,,,1,,1,,,84,84,1,12,4,120.686394,24.175571,4
3992,66000,387130000C,(04)23274275,(04)23288582,2025,8,11,13,35,臺中市,南屯區,0,1,0,7,2,6,50,4,1,1,5,4,6,6,2,1,10,5,5,2,15,3,10,3,1,B03,7,9,1,8,1,2,,21,21,1,12,4,120.638314,24.133759,2
3993,66000,387130000C,(04)23274275,(04)23288582,2025,8,11,13,35,臺中市,沙鹿區,0,0,0,7,,,30,,,,,,,,,,,,,,17,,,,,B03,,,1,,2,,,51,51,1,12,4,120.575153,24.201372,3
3994,66000,387130000C,(04)23274275,(04)23288582,2025,8,11,13,40,臺中市,西屯區,0,0,0,7,,,50,,,,,,,,,,,,,,17,,,,,C03,,,1,,2,,,59,59,1,12,4,120.610803,24.191005,3
3995,66000,387130000C,(04)23274275,(04)23288582,2025,8,11,13,40,臺中市,大里區,0,1,0,7,2,6,40,13,9,1,5,4,6,6,4,4,10,5,5,1,17,2,9,1,1,C03,7,15,3,19,2,11,,84,84,1,12,4,120.66977,24.109735,2
3996,66000,387130000C,(04)23274275,(04)23288582,2025,8,11,13,43,臺中市,潭子區,0,0,0,7,,,0,,,,,,,,,,,,,,,,,,,C03,,,1,,2,,,49,49,1,12,4,120.705388,24.214268,3
3997,66000,387130000C,(04)23274275,(04)23288582,2025,8,11,13,51,臺中市,大雅區,0,0,0,7,,,50,,,,,,,,,,,,,,13,,,,,B01,,,1,,1,,,7,7,1,12,4,120.638041,24.217931,3
3998,66000,387130000C,(04)23274275,(04)23288582,2025,8,11,13,55,臺中市,西區,0,0,0,7,,,50,,,,,,,,,,,,,,,,,,,B03,,,1,,2,,,51,51,1,12,4,120.663553,24.152323,3
3999,66000,387130000C,(04)23274275,(04)23288582,2025,8,11,13,55,臺中市,北區,0,0,0,7,,,50,,,,,,,,,,,,,,17,,,,,B03,,,3,,2,,,58,58,1,13,4,120.667443,24.166273,3
4000,66000,387130000C,(04)23274275,(04)23288582,2025,8,11,13,58,臺中市,南屯區,0,1,0,7,2,6,50,4,1,1,5,4,6,6,1,1,10,5,5,2,16,3,10,3,1,B03,7,6,1,8,2,2,,11,11,1,12,4,120.653157,24.132022,2
4001,66000,387130000C,(04)23274275,(04)23288582,2025,8,11,13,59,臺中市,太平區,0,1,0,7,3,6,50,4,1,1,5,4,6,6,1,1,5,5,5,1,16,2,9,2,1,C03,7,6,1,10,2,13,,8,8,1,12,4,120.724719,24.141939,2
4002,66000,387130000C,(04)23274275,(04)23288582,2025,8,11,14,2,臺中市,神岡區,0,0,0,7,,,50,,,,,,,,,,,,,,13,,,,,B03,,,1,,1,,,59,59,1,13,4,120.693262,24.24867,3
4003,66000,387130000C,(04)23274275,(04)23288582,2025,8,11,14,4,臺中市,沙鹿區,0,0,0,7,,,60,,,,,,,,,,,,,,13,,,,,B03,,,1,,1,,,59,59,1,6,4,120.577156,24.2254,3
4004,66000,387130000C,(04)23274275,(04)23288582,2025,8,11,14,5,臺中市,大肚區,0,0,0,7,,,50,,,,,,,,,,,,,,,,,,,A41,,,1,,2,,,84,84,1,6,4,120.542995,24.150451,3
4005,66000,387130000C,(04)23274275,(04)23288582,2025,8,11,14,7,臺中市,霧峰區,0,2,0,7,2,6,50,4,1,1,5,4,6,6,1,1,5,5,5,1,16,2,9,2,1,C03,7,9,1,10,2,12,,21,21,1,13,4,120.684471,24.050971,2
4006,66000,387130000C,(04)23274275,(04)23288582,2025,8,11,14,8,臺中市,西區,0,1,0,7,2,6,50,5,1,1,5,4,6,6,1,1,10,5,5,2,17,2,9,1,1,C03,7,4,1,10,2,14,,84,84,1,12,4,120.672718,24.131587,2
4007,66000,387130000C,(04)23274275,(04)23288582,2025,8,11,14,9,臺中市,西區,0,1,0,7,2,6,30,13,9,1,5,4,6,6,4,4,10,5,5,2,17,3,10,5,1,B03,7,1,1,8,2,1,,51,51,1,6,4,120.665703,24.133927,2
4008,66000,387130000C,(04)23274275,(04)23288582,2025,8,11,14,10,臺中市,北屯區,0,1,0,7,3,6,50,5,1,1,5,4,6,6,1,1,10,5,5,2,18,2,9,2,1,C03,7,9,1,10,2,11,,84,84,1,6,4,120.70566,24.172837,2
4009,66000,387130000C,(04)23274275,(04)23288582,2025,8,11,14,12,臺中市,潭子區,0,0,0,7,,,50,,,,,,,,,,,,,,13,,,,,B03,,,1,,2,,,84,84,1,12,4,120.7078,24.211171,3
4010,66000,387130000C,(04)23274275,(04)23288582,2025,8,11,14,14,臺中市,北屯區,0,0,0,7,,,50,,,,,,,,,,,,,,13,,,,,C03,,,3,,1,,,59,59,1,13,4,120.721089,24.178298,3
4011,66000,387130000C,(04)23274275,(04)23288582,2025,8,11,14,17,臺中市,南屯區,0,1,0,7,3,6,50,4,1,1,5,4,6,6,2,1,10,5,5,2,12,3,10,5,1,B03,7,5,1,8,2,6,,11,11,1,12,4,120.641649,24.151081,2
4012,66000,387130000C,(04)23274275,(04)23288582,2025,8,11,14,19,臺中市,太平區,0,0,0,7,,,50,,,,,,,,,,,,,,13,,,,,C03,,,1,,2,,,7,7,1,12,4,120.718129,24.116896,3
4013,66000,387130000C,(04)23274275,(04)23288582,2025,8,11,14,20,臺中市,西區,0,0,0,7,,,50,,,,,,,,,,,,,,,,,,,B03,,,1,,1,,,7,7,1,12,4,120.67613,24.134239,3
4014,66000,387130000C,(04)23274275,(04)23288582,2025,8,11,14,20,臺中市,豐原區,0,2,0,7,2,6,50,3,1,1,5,4,6,6,4,4,1,4,4,1,16,3,10,1,1,C03,7,6,1,10,2,11,,48,48,1,12,4,120.734103,24.260006,2
4015,66000,387130000C,(04)23274275,(04)23288582,2025,8,11,14,27,臺中市,太平區,0,0,0,7,,,50,,,,,,,,,,,,,,17,,,,,B03,,,1,,2,,,40,40,1,12,4,120.714101,24.149706,3
4016,66000,387130000C,(04)23274275,(04)23288582,2025,8,11,14,30,臺中市,北區,0,0,0,7,,,50,,,,,,,,,,,,,,,,,,,B03,,,1,,9,,,45,45,1,12,4,120.688198,24.151809,3
4017,66000,387130000C,(04)23274275,(04)23288582,2025,8,11,14,30,臺中市,南區,0,1,0,7,2,6,50,4,1,1,5,4,6,6,2,1,3,2,4,2,13,3,10,3,1,B12,7,9,1,8,2,1,,7,7,1,13,4,120.679112,24.126971,2
4018,66000,387130000C,(04)23274275,(04)23288582,2025,8,11,14,30,臺中市,烏日區,0,0,0,7,,,30,,,,,,,,,,,,,,9,,,,,A12,,,1,,1,,,8,8,1,6,4,120.603794,24.1147,3
4019,66000,387130000C,(04)23274275,(04)23288582,2025,8,11,14,30,臺中市,沙鹿區,0,1,0,7,2,6,50,3,2,1,5,4,6,6,2,1,1,4,5,1,16,3,10,3,1,B03,7,5,1,8,2,2,,59,59,1,12,4,120.614882,24.243943,2
4020,66000,387130000C,(04)23274275,(04)23288582,2025,8,11,14,33,臺中市,北屯區,0,2,0,7,2,6,30,13,9,1,5,4,6,6,4,4,10,5,5,2,9,2,9,6,5,H01,8,16,7,21,10,17,,109,109,1,12,5,120.68329,24.194744,2
4021,66000,387130000C,(04)23274275,(04)23288582,2025,8,11,14,40,臺中市,西屯區,0,1,0,7,2,6,40,3,8,1,5,4,6,6,2,1,1,3,1,2,3,3,10,5,4,B03,7,9,3,19,2,8,,10,10,1,13,4,120.648732,24.1635,2
4022,66000,387130000C,(04)23274275,(04)23288582,2025,8,11,14,40,臺中市,霧峰區,0,0,0,7,,,50,,,,,,,,,,,,,,,,,,,B03,,,1,,1,,,84,84,1,13,4,120.690263,24.014382,3
4023,66000,387130000C,(04)23274275,(04)23288582,2025,8,11,14,40,臺中市,梧棲區,0,1,0,7,2,6,50,13,9,1,5,4,6,6,4,4,9,4,5,2,12,2,9,2,3,C03,7,9,1,10,2,11,,58,58,1,12,4,120.528863,24.24888,2
4024,66000,387130000C,(04)23274275,(04)23288582,2025,8,11,14,43,臺中市,北屯區,0,1,0,7,2,6,50,13,9,1,5,4,6,6,4,4,1,4,5,2,12,3,10,1,1,C03,7,9,1,10,2,12,,85,85,1,12,4,120.702349,24.182098,2
4025,66000,387130000C,(04)23274275,(04)23288582,2025,8,11,14,46,臺中市,烏日區,0,0,0,7,,,50,,,,,,,,,,,,,,,,,,,B03,,,1,,2,,,49,49,1,13,4,120.598287,24.110882,3
4026,66000,387130000C,(04)23274275,(04)23288582,2025,8,11,14,46,臺中市,烏日區,0,2,0,7,1,6,50,3,2,1,5,4,6,6,4,4,1,4,4,1,16,2,9,1,1,C03,7,5,1,10,2,14,,12,12,1,6,4,120.63922,24.108059,2
4027,66000,387130000C,(04)23274275,(04)23288582,2025,8,11,14,47,臺中市,潭子區,0,0,0,7,,,50,,,,,,,,,,,,,,,,,,,B03,,,1,,2,,,56,56,1,13,4,120.690807,24.215454,3
4028,66000,387130000C,(04)23274275,(04)23288582,2025,8,11,14,47,臺中市,西屯區,0,0,0,7,,3,80,,,,,,,,,,,,,,,,,,,A21,,,1,,1,,,85,85,1,12,4,120.634948,24.179291,3
4029,66000,387130000C,(04)23274275,(04)23288582,2025,8,11,14,49,臺中市,北屯區,0,0,0,7,,,50,,,,,,,,,,,,,,9,,,,,B03,,,1,,2,,,38,38,1,6,4,120.719349,24.163382,4
4030,66000,387130000C,(04)23274275,(04)23288582,2025,8,11,14,49,臺中市,沙鹿區,0,0,0,7,,,50,,,,,,,,,,,,,,13,,,,,B03,,,1,,2,,,7,7,1,6,4,120.571136,24.242385,3
4031,66000,387130000C,(04)23274275,(04)23288582,2025,8,11,14,52,臺中市,北區,0,1,0,7,3,6,50,13,9,1,5,4,6,6,4,4,5,4,5,2,9,3,10,3,1,B03,7,1,1,8,2,8,,51,51,1,12,4,120.681039,24.157076,2
4032,66000,387130000C,(04)23274275,(04)23288582,2025,8,11,14,52,臺中市,和平區,0,0,0,7,,,30,,,,,,,,,,,,,,,,,,,,,,,,,,,86,86,1,,,121.299992,24.32445,3
4033,66000,387130000C,(04)23274275,(04)23288582,2025,8,11,14,56,臺中市,潭子區,0,1,0,7,2,6,30,4,1,1,5,4,6,6,3,1,10,5,5,1,16,3,10,3,1,B03,7,6,1,8,2,4,,84,84,1,12,4,120.687041,24.231724,2
4034,66000,387130000C,(04)23274275,(04)23288582,2025,8,11,14,59,臺中市,西屯區,0,0,0,7,,,30,,,,,,,,,,,,,,16,,,,,B03,,,1,,1,,,12,12,1,12,4,120.635562,24.1679,3
4035,66000,387130000C,(04)23274275,(04)23288582,2025,8,11,15,1,臺中市,南屯區,0,0,0,7,3,6,50,13,9,1,5,4,6,6,4,4,5,5,4,2,16,,,,,B03,,,1,,1,,,14,14,1,12,4,120.632914,24.148409,3
4036,66000,387130000C,(04)23274275,(04)23288582,2025,8,11,15,4,臺中市,太平區,0,1,0,7,2,6,50,4,1,1,5,4,6,6,3,1,5,5,4,2,16,3,10,3,1,B03,7,5,1,8,2,5,,11,11,1,6,4,120.71594,24.134373,2
4037,66000,387130000C,(04)23274275,(04)23288582,2025,8,11,15,6,臺中市,霧峰區,0,1,0,7,3,6,50,13,12,1,5,4,6,6,4,4,5,5,4,1,17,3,10,1,1,C03,7,1,1,10,2,11,,51,51,1,12,4,120.698335,24.060754,2
4038,66000,387130000C,(04)23274275,(04)23288582,2025,8,11,15,10,臺中市,北屯區,0,0,0,7,,,50,,,,,,,,,,,,,,13,,,,,C03,,,1,,2,,,7,7,1,6,4,120.696928,24.169045,3
4039,66000,387130000C,(04)23274275,(04)23288582,2025,8,11,15,13,臺中市,大雅區,0,0,0,7,,,0,,,,,,,,,,,,,,17,,,,,B03,,,1,,1,,,51,51,1,13,4,120.642099,24.228911,3
4040,66000,387130000C,(04)23274275,(04)23288582,2025,8,11,15,20,臺中市,西屯區,0,0,0,7,,,50,,,,,,,,,,,,,,17,,,,,C03,,,1,,1,,,8,8,1,13,4,120.656169,24.170212,3
4041,66000,387130000C,(04)23274275,(04)23288582,2025,8,11,15,21,臺中市,南區,0,1,0,7,2,6,50,4,1,1,5,4,1,6,2,1,10,5,5,2,15,2,9,1,1,C03,7,9,1,10,2,11,,21,21,1,12,4,120.657763,24.118094,2
4042,66000,387130000C,(04)23274275,(04)23288582,2025,8,11,15,22,臺中市,北屯區,0,0,0,7,,,50,,,,,,,,,,,,,,,,,,,C03,,,1,,9,,,84,84,1,12,4,120.726176,24.176225,3
4043,66000,387130000C,(04)23274275,(04)23288582,2025,8,11,15,23,臺中市,神岡區,0,0,0,7,,,50,,,,,,,,,,,,,,14,,,,,B12,,,5,,2,,,49,49,1,13,4,120.663948,24.272743,3
4044,66000,387130000C,(04)23274275,(04)23288582,2025,8,11,15,25,臺中市,龍井區,0,0,0,7,,,50,,,,,,,,,,,,,,17,,,,,B03,,,1,,2,,,8,8,1,6,4,120.584769,24.183378,3
4045,66000,387130000C,(04)23274275,(04)23288582,2025,8,11,15,30,臺中市,大里區,0,0,0,7,2,6,50,13,9,5,5,4,6,6,4,4,9,5,5,2,17,,,,,B03,,,1,,2,,,59,59,1,6,4,120.702725,24.091642,3
4046,66000,387130000C,(04)23274275,(04)23288582,2025,8,11,15,31,臺中市,南屯區,0,0,0,7,,,50,,,,,,,,,,,,,,16,,,,,B03,,,1,,1,,,12,12,1,13,4,120.613969,24.150324,3
4047,66000,387130000C,(04)23274275,(04)23288582,2025,8,11,15,31,臺中市,南屯區,0,0,0,7,,,50,,,,,,,,,,,,,,13,,,,,C03,,,1,,2,,,7,7,1,12,4,120.637265,24.15099,3
4048,66000,387130000C,(04)23274275,(04)23288582,2025,8,11,15,32,臺中市,北屯區,0,0,0,7,,,50,,,,,,,,,,,,,,,,,,,B03,,,1,,9,,,49,49,1,12,4,120.680172,24.174747,3
4049,66000,387130000C,(04)23274275,(04)23288582,2025,8,11,15,32,臺中市,西屯區,0,1,0,7,2,6,50,13,7,1,5,4,6,6,4,4,5,4,1,2,13,3,10,5,4,B03,7,9,1,10,1,1,,84,84,1,12,4,120.641076,24.167898,2
4050,66000,387130000C,(04)23274275,(04)23288582,2025,8,11,15,35,臺中市,北屯區,0,0,0,7,,,50,,,,,,,,,,,,,,,,,,,C03,,,1,,1,,,45,45,1,13,4,120.696312,24.177369,4
4051,66000,387130000C,(04)23274275,(04)23288582,2025,8,11,15,38,臺中市,西屯區,0,2,0,7,2,6,0,13,9,1,5,4,6,6,4,4,10,5,5,2,16,2,8,1,1,C03,7,1,1,10,2,14,,51,51,1,12,4,120.646678,24.160069,2
4052,66000,387130000C,(04)23274275,(04)23288582,2025,8,11,15,38,臺中市,豐原區,0,0,0,6,,,50,,,,,,,,,,,,,,14,,,,,A02,,,1,,2,,,50,50,1,12,4,120.722329,24.25465,3
4053,66000,387130000C,(04)23274275,(04)23288582,2025,8,11,15,39,臺中市,梧棲區,0,0,0,7,,,40,,,,,,,,,,,,,,13,,,,,B03,,,1,,1,,,7,7,1,6,4,120.525779,24.224664,3
4054,66000,387130000C,(04)23274275,(04)23288582,2025,8,11,15,40,臺中市,北屯區,0,1,0,7,3,6,50,13,9,1,5,4,6,6,4,4,9,4,5,2,17,3,10,5,1,B03,7,15,1,4,9,4,,76,76,1,12,4,120.687171,24.186431,2
4055,66000,387130000C,(04)23274275,(04)23288582,2025,8,11,15,40,臺中市,神岡區,0,0,0,7,,,30,,,,,,,,,,,,,,14,,,,,B12,,,1,,1,,,49,49,1,13,4,120.681439,24.272048,3
4056,66000,387130000C,(04)23274275,(04)23288582,2025,8,11,15,40,臺中市,豐原區,0,1,0,6,2,6,50,4,1,1,5,4,6,6,1,1,10,5,5,2,14,3,10,5,4,B12,7,2,1,8,2,3,,49,49,1,7,4,120.722969,24.272605,2
4057,66000,387130000C,(04)23274275,(04)23288582,2025,8,11,15,45,臺中市,潭子區,0,0,0,7,,,50,,,,,,,,,,,,,,,,,,,C03,,,1,,2,,,7,7,1,13,4,120.701759,24.208221,3
4058,66000,387130000C,(04)23274275,(04)23288582,2025,8,11,15,45,臺中市,北區,0,0,0,7,,,50,,,,,,,,,,,,,,17,,,,,B03,,,6,,2,,,85,85,1,13,4,120.691715,24.16141,4
4059,66000,387130000C,(04)23274275,(04)23288582,2025,8,11,15,49,臺中市,西屯區,0,0,0,7,,,30,,,,,,,,,,,,,,13,,,,,B03,,,1,,2,,,7,7,1,12,4,120.663718,24.201276,3
4060,66000,387130000C,(04)23274275,(04)23288582,2025,8,11,15,52,臺中市,大里區,0,0,0,7,,,50,,,,,,,,,,,,,,16,,,,,B03,,,1,,2,,,11,11,1,6,4,120.699136,24.109925,3
4061,66000,387130000C,(04)23274275,(04)23288582,2025,8,11,15,53,臺中市,沙鹿區,0,0,0,7,,,50,,,,,,,,,,,,,,13,,,,,B03,,,1,,1,,,59,59,1,6,4,120.57334,24.222493,3
4062,66000,387130000C,(04)23274275,(04)23288582,2025,8,11,15,55,臺中市,北屯區,0,0,0,5,,3,40,,,,,,,,,,,,,,13,,,,,B03,,,1,8,1,,,7,7,1,6,4,120.68046,24.200814,3
4063,66000,387130000C,(04)23274275,(04)23288582,2025,8,11,15,55,臺中市,西屯區,0,0,0,7,,,50,,,,,,,,,,,,,,12,,,,,B03,,,1,,1,,,59,59,1,13,4,120.658883,24.164948,3
4064,66000,387130000C,(04)23274275,(04)23288582,2025,8,11,15,56,臺中市,西屯區,0,1,0,7,1,6,30,3,1,1,5,4,6,6,4,4,10,5,5,1,16,3,10,2,1,C03,7,11,1,10,2,11,,45,45,1,12,4,120.646343,24.181124,2
4065,66000,387130000C,(04)23274275,(04)23288582,2025,8,11,16,0,臺中市,大雅區,0,1,0,6,1,6,30,13,7,1,5,4,6,6,4,4,5,5,4,1,16,2,9,2,1,C03,7,1,1,10,2,14,,51,51,1,12,4,120.64983,24.222241,2
4066,66000,387130000C,(04)23274275,(04)23288582,2025,8,11,16,0,臺中市,北屯區,0,0,0,7,,,50,,,,,,,,,,,,,,13,,,,,C03,,,1,,1,,,7,7,1,6,4,120.704076,24.16939,4
4067,66000,387130000C,(04)23274275,(04)23288582,2025,8,11,16,1,臺中市,沙鹿區,0,0,0,7,,,50,,,,,,,,,,,,,,16,,,,,B03,,,1,,2,,,12,12,1,6,4,120.55974,24.238919,3
4068,66000,387130000C,(04)23274275,(04)23288582,2025,8,11,16,2,臺中市,烏日區,0,1,0,7,2,6,50,3,2,1,5,4,6,6,4,4,1,4,4,1,17,2,7,5,4,C01,7,8,1,9,2,12,,43,43,1,12,4,120.632091,24.105226,2
4069,66000,387130000C,(04)23274275,(04)23288582,2025,8,11,16,4,臺中市,北區,0,0,0,7,,,50,,,,,,,,,,,,,,17,,,,,B01,,,1,,1,,,84,84,1,13,4,120.684484,24.167195,3
4070,66000,387130000C,(04)23274275,(04)23288582,2025,8,11,16,4,臺中市,南區,0,0,0,7,,,50,,,,,,,,,,,,,,13,,,,,B03,,,1,,1,,,84,84,1,13,4,120.666824,24.119158,3
4071,66000,387130000C,(04)23274275,(04)23288582,2025,8,11,16,4,臺中市,龍井區,0,0,0,6,,,30,,,,,,,,,,,,,,11,,,,,C03,,,1,,2,,,6,6,1,6,4,120.570461,24.17635,3
4072,66000,387130000C,(04)23274275,(04)23288582,2025,8,11,16,5,臺中市,沙鹿區,0,0,0,7,,,50,,,,,,,,,,,,,,,,,,,B03,,,1,,1,,,82,82,1,6,4,120.564418,24.240028,3
4073,66000,387130000C,(04)23274275,(04)23288582,2025,8,11,16,8,臺中市,北屯區,0,2,0,5,2,6,50,5,1,1,4,4,6,6,4,4,10,5,5,2,11,2,9,2,1,C03,7,9,5,19,2,11,,85,85,1,12,4,120.700675,24.18398,2
4074,66000,387130000C,(04)23274275,(04)23288582,2025,8,11,16,12,臺中市,大雅區,0,2,0,5,2,6,50,4,1,1,4,4,6,6,2,1,5,4,5,1,16,3,10,3,1,B03,7,6,1,8,2,2,,48,48,1,13,4,120.645257,24.225544,2
4075,66000,387130000C,(04)23274275,(04)23288582,2025,8,11,16,12,臺中市,北屯區,0,2,0,7,3,6,50,3,8,1,5,4,6,6,4,4,1,4,4,2,13,2,9,2,1,C03,7,9,1,10,2,11,,84,84,1,12,4,120.690407,24.162896,2
4076,66000,387130000C,(04)23274275,(04)23288582,2025,8,11,16,14,臺中市,西屯區,0,1,0,7,2,6,30,11,24,1,5,4,6,6,4,4,10,5,5,2,17,3,10,5,4,B03,7,6,1,8,2,8,,84,84,1,12,4,120.639181,24.17588,2
4077,66000,387130000C,(04)23274275,(04)23288582,2025,8,11,16,14,臺中市,梧棲區,0,1,0,7,2,6,40,13,8,1,5,4,6,6,1,1,3,5,3,1,13,2,8,2,1,C03,7,9,1,10,2,11,,7,7,1,12,4,120.539071,24.249267,2
4078,66000,387130000C,(04)23274275,(04)23288582,2025,8,11,16,20,臺中市,豐原區,0,2,0,5,2,6,50,4,1,1,4,4,6,6,4,4,5,5,5,2,17,2,7,2,1,C03,7,5,1,10,2,12,,84,84,1,12,4,120.718001,24.248194,2
4079,66000,387130000C,(04)23274275,(04)23288582,2025,8,11,16,27,臺中市,東勢區,0,1,0,7,2,6,50,4,4,1,4,4,6,6,2,1,2,2,4,1,17,3,10,3,1,B03,7,1,1,8,1,5,,84,84,1,12,4,120.822571,24.261491,2
4080,66000,387130000C,(04)23274275,(04)23288582,2025,8,11,16,30,臺中市,后里區,0,0,0,7,2,6,50,13,9,1,4,4,6,6,4,4,5,5,5,2,30,,,,,,,,,,,,,116,116,1,,,120.739517,24.318047,3
4081,66000,387130000C,(04)23274275,(04)23288582,2025,8,11,16,33,臺中市,太平區,0,0,0,5,,,50,,,,,,,,,,,,,,13,,,,,B12,,,1,,1,,,7,7,1,12,4,120.708765,24.159166,3