序號,縣市別代碼,機關代碼,市話,傳真,年,月,日,時,分,縣市,區,死亡數量,受傷數量,2-30,天候,道路照明設備,道路類別,道路速限,道路型態,事故位置,路面鋪裝,路面狀態,路面缺陷,障礙物,視距,號誌種類,號誌動作,分向設施,快車道或一般車道間,快慢車道間,路面邊線,事故類型及型態,受傷程度,主要傷處,保護裝備,行動電話或功能裝置,當事者區分(類別),車輛用途,當事者行動狀態,駕照狀態,駕照種類,飲酒情形,車輛撞擊部位最初,車輛撞擊部位其他,肇事因素個別,肇事因素主要,肇事逃逸,職業,共享經濟或外送平台,GPS座標X,GPS座標Y,事故類別
4082,66000,387130000C,(04)23274275,(04)23288582,2025,8,11,16,36,臺中市,大里區,0,1,0,6,3,6,60,13,12,1,5,4,6,6,4,4,1,4,4,2,16,3,10,3,1,B03,7,5,1,8,2,2,,20,20,1,13,4,120.66949,24.10377,2
4083,66000,387130000C,(04)23274275,(04)23288582,2025,8,11,16,38,臺中市,神岡區,0,2,0,7,3,6,40,13,9,1,5,4,6,6,4,4,9,4,4,1,16,2,9,1,1,C03,7,6,1,10,2,12,,20,20,1,13,4,120.669008,24.256977,2
4084,66000,387130000C,(04)23274275,(04)23288582,2025,8,11,16,39,臺中市,豐原區,0,1,0,5,2,6,50,4,1,1,4,4,6,6,1,1,5,4,5,2,16,2,9,1,1,C03,7,4,1,10,2,14,,84,84,1,12,4,120.710964,24.268705,2
4085,66000,387130000C,(04)23274275,(04)23288582,2025,8,11,16,43,臺中市,神岡區,0,0,0,5,,,50,,,,,,,,,,,,,,14,,,,,B03,,,1,,2,,,49,49,1,13,4,120.678972,24.245677,3
4086,66000,387130000C,(04)23274275,(04)23288582,2025,8,11,16,44,臺中市,北區,0,0,0,7,,,50,,,,,,,,,,,,,,14,,,,,B02,,,1,,2,,,49,49,1,12,4,120.674928,24.14624,3
4087,66000,387130000C,(04)23274275,(04)23288582,2025,8,11,16,44,臺中市,南屯區,0,1,0,7,2,6,50,3,1,1,5,4,6,6,4,4,10,5,5,2,12,3,10,3,1,B03,7,5,1,8,2,2,,42,42,1,12,4,120.645353,24.153642,2
4088,66000,387130000C,(04)23274275,(04)23288582,2025,8,11,16,50,臺中市,沙鹿區,0,0,0,7,,,30,,,,,,,,,,,,,,14,,,,,B03,,,1,,9,,,85,85,1,6,4,120.558667,24.217597,3
4089,66000,387130000C,(04)23274275,(04)23288582,2025,8,11,16,52,臺中市,北屯區,0,2,0,5,2,6,50,3,2,1,4,4,6,6,4,4,5,4,5,2,13,2,8,1,1,C03,7,9,1,10,2,11,,7,7,1,6,4,120.700661,24.170107,2
4090,66000,387130000C,(04)23274275,(04)23288582,2025,8,11,16,52,臺中市,西屯區,0,0,0,7,,,50,,,,,,,,,,,,,,13,,,,,C03,,,1,,1,,,7,7,1,13,4,120.635271,24.182018,3
4091,66000,387130000C,(04)23274275,(04)23288582,2025,8,11,16,52,臺中市,豐原區,0,0,0,6,,,50,,,,,,,,,,,,,,13,,,,,C03,,,1,,1,,,84,84,1,12,4,120.720784,24.25228,3
4092,66000,387130000C,(04)23274275,(04)23288582,2025,8,11,16,57,臺中市,北屯區,0,0,0,5,,,50,,,,,,,,,,,,,,13,,,,,B03,,,1,8,2,,,7,7,1,6,4,120.719087,24.160233,3
4093,66000,387130000C,(04)23274275,(04)23288582,2025,8,11,16,57,臺中市,西屯區,0,0,0,7,,,50,,,,,,,,,,,,,,,,,,,B03,,,1,,1,,,87,87,1,12,4,120.617498,24.185346,3
4094,66000,387130000C,(04)23274275,(04)23288582,2025,8,11,16,57,臺中市,龍井區,0,1,0,6,3,6,30,3,1,1,5,4,6,6,4,4,10,5,5,2,16,3,10,3,1,B03,7,6,1,8,2,8,,14,14,1,6,4,120.548664,24.186961,2
4095,66000,387130000C,(04)23274275,(04)23288582,2025,8,11,16,58,臺中市,西區,0,0,0,5,,,50,,,,,,,,,,,,,,13,,,,,C03,,,1,,2,,,7,7,1,13,4,120.666736,24.141067,3
4096,66000,387130000C,(04)23274275,(04)23288582,2025,8,11,16,59,臺中市,霧峰區,0,0,0,7,,,50,,,,,,,,,,,,,,,,,,,B03,,,1,,2,,,12,12,1,12,4,120.696956,24.065085,3
4097,66000,387130000C,(04)23274275,(04)23288582,2025,8,11,17,0,臺中市,北屯區,0,0,0,5,,,50,,,,,,,,,,,,,,9,,,,,B03,,,1,,1,,,22,22,1,6,4,120.721003,24.175968,3
4098,66000,387130000C,(04)23274275,(04)23288582,2025,8,11,17,5,臺中市,霧峰區,0,2,0,5,1,6,40,5,1,1,4,4,6,6,1,1,5,5,5,1,15,2,9,1,1,C03,7,9,1,10,2,14,11,21,21,1,12,4,120.679146,24.064693,2
4099,66000,387130000C,(04)23274275,(04)23288582,2025,8,11,17,6,臺中市,太平區,0,0,0,5,,,50,,,,,,,,,,,,,,12,,,,,B03,,,1,,1,,,40,40,1,12,4,120.711943,24.141007,3
4100,66000,387130000C,(04)23274275,(04)23288582,2025,8,11,17,6,臺中市,神岡區,0,0,0,7,,,50,,,,,,,,,,,,,,2,,,,,F03,,,1,,2,,,51,51,1,12,4,120.638105,24.28853,3
4101,66000,387130000C,(04)23274275,(04)23288582,2025,8,11,17,8,臺中市,南屯區,0,0,0,7,,,50,,,,,,,,,,,,,,12,,,,,B03,,,1,,1,,,42,42,1,13,4,120.640719,24.146487,3
4102,66000,387130000C,(04)23274275,(04)23288582,2025,8,11,17,8,臺中市,神岡區,0,1,0,7,2,6,30,13,9,1,5,4,6,6,4,4,10,5,5,2,30,2,9,5,4,C03,7,9,1,10,2,14,,85,85,1,13,4,120.667218,24.269303,2
4103,66000,387130000C,(04)23274275,(04)23288582,2025,8,11,17,9,臺中市,北屯區,0,0,0,5,,,50,,,,,,,,,,,,,,,,,,,B03,,,1,,1,,,51,51,1,12,4,120.683854,24.176043,3
4104,66000,387130000C,(04)23274275,(04)23288582,2025,8,11,17,10,臺中市,西屯區,0,0,0,7,,3,80,,,,,,,,,,,,,,24,,,,,B01,,,1,,2,,,59,59,1,12,4,120.647074,24.195966,3
4105,66000,387130000C,(04)23274275,(04)23288582,2025,8,11,17,10,臺中市,霧峰區,0,1,0,5,2,6,30,13,9,5,4,4,6,6,4,4,10,5,5,1,16,3,10,3,1,B03,7,6,1,8,2,2,,20,20,1,6,4,120.66473,24.058824,2
4106,66000,387130000C,(04)23274275,(04)23288582,2025,8,11,17,10,臺中市,外埔區,0,0,0,7,,,50,,,,,,,,,,,,,,16,,,,,A12,,,1,,1,,,87,87,1,12,4,120.638641,24.341983,3
4107,66000,387130000C,(04)23274275,(04)23288582,2025,8,11,17,11,臺中市,西屯區,0,0,0,7,,,50,,,,,,,,,,,,,,17,,,,,C03,,,1,,2,,,8,8,1,12,4,120.639181,24.17588,3
4108,66000,387130000C,(04)23274275,(04)23288582,2025,8,11,17,12,臺中市,南屯區,0,1,0,7,2,6,50,13,7,1,5,4,6,6,4,4,1,4,4,2,13,3,10,2,1,C03,7,9,1,10,2,11,,7,7,1,13,4,120.623669,24.1407,2
4109,66000,387130000C,(04)23274275,(04)23288582,2025,8,11,17,14,臺中市,北區,0,0,0,7,,,50,,,,,,,,,,,,,,13,,,,,B03,,,1,,1,,,84,84,1,12,4,120.678246,24.151257,3
4110,66000,387130000C,(04)23274275,(04)23288582,2025,8,11,17,14,臺中市,大里區,0,1,0,6,3,6,50,3,2,1,5,4,6,6,4,4,5,4,5,1,17,3,10,3,1,B03,7,15,1,8,2,16,,26,26,1,13,4,120.674447,24.102139,2
4111,66000,387130000C,(04)23274275,(04)23288582,2025,8,11,17,14,臺中市,梧棲區,0,0,0,7,,,30,,,,,,,,,,,,,,15,,,,,C03,,,1,,2,,,15,15,1,12,4,120.54468,24.233082,3
4112,66000,387130000C,(04)23274275,(04)23288582,2025,8,11,17,15,臺中市,北屯區,0,0,0,5,,,50,,,,,,,,,,,,,,,,,,,C03,,,1,,2,,,84,84,1,12,4,120.682138,24.172286,3
4113,66000,387130000C,(04)23274275,(04)23288582,2025,8,11,17,16,臺中市,東區,0,0,0,5,,,50,,,,,,,,,,,,,,,,,,,B03,,,1,,2,,,7,7,1,13,4,120.709363,24.140735,3
4114,66000,387130000C,(04)23274275,(04)23288582,2025,8,11,17,17,臺中市,西區,0,0,0,6,,,50,,,,,,,,,,,,,,,,,,,B12,,,1,,1,,,40,40,1,12,4,120.666186,24.140477,3
4115,66000,387130000C,(04)23274275,(04)23288582,2025,8,11,17,18,臺中市,豐原區,0,1,0,5,2,6,50,5,1,1,4,4,6,6,1,1,1,2,5,1,16,3,10,5,4,A11,7,6,1,1,9,7,,25,25,2,13,4,120.72231,24.277967,2
4116,66000,387130000C,(04)23274275,(04)23288582,2025,8,11,17,19,臺中市,中區,0,1,0,5,2,6,50,3,1,1,4,4,6,6,4,4,10,5,5,2,17,2,9,2,1,C03,7,5,1,10,2,13,,12,12,1,12,4,120.681625,24.14599,2
4117,66000,387130000C,(04)23274275,(04)23288582,2025,8,11,17,19,臺中市,南屯區,0,1,0,6,2,6,50,4,1,1,5,4,6,6,1,1,10,5,5,2,16,3,10,3,1,B03,7,6,1,8,2,5,,11,11,1,12,4,120.649925,24.138858,2
4118,66000,387130000C,(04)23274275,(04)23288582,2025,8,11,17,19,臺中市,豐原區,0,1,0,6,2,6,50,4,4,1,4,4,6,6,2,1,5,4,4,1,13,3,10,5,4,B03,7,9,1,8,2,1,,59,59,1,12,4,120.7269,24.247554,2
4119,66000,387130000C,(04)23274275,(04)23288582,2025,8,11,17,20,臺中市,北屯區,0,0,0,5,,,50,,,,,,,,,,,,,,9,,,,,B03,,,1,,9,,,87,87,1,6,4,120.71998,24.16043,3
4120,66000,387130000C,(04)23274275,(04)23288582,2025,8,11,17,20,臺中市,大里區,0,0,0,7,,,50,,,,,,,,,,,,,,,,,,,B12,,,1,,1,,,49,49,1,12,4,120.697139,24.083455,3
4121,66000,387130000C,(04)23274275,(04)23288582,2025,8,11,17,20,臺中市,沙鹿區,0,0,0,7,,,50,,,,,,,,,,,,,,,,,,,B03,,,1,,2,,,47,47,1,6,4,120.569942,24.225283,3
4122,66000,387130000C,(04)23274275,(04)23288582,2025,8,11,17,20,臺中市,后里區,0,0,0,7,1,2,50,13,7,1,5,4,6,6,1,1,1,1,1,1,13,3,10,3,1,B03,,9,1,8,1,11,,7,7,1,6,4,120.698576,24.312901,3
4123,66000,387130000C,(04)23274275,(04)23288582,2025,8,11,17,23,臺中市,大甲區,0,0,0,7,,,50,,,,,,,,,,,,,,14,,,,,B12,,,1,,1,,,49,49,1,6,4,120.637726,24.36094,3
4124,66000,387130000C,(04)23274275,(04)23288582,2025,8,11,17,24,臺中市,西屯區,0,0,0,7,,3,80,,,,,,,,,,,,,,16,,,,,B03,,,1,,1,,,40,40,1,13,4,120.629467,24.163103,3
4125,66000,387130000C,(04)23274275,(04)23288582,2025,8,11,17,25,臺中市,北屯區,0,0,0,5,,,50,,,,,,,,,,,,,,17,,,,,B03,,,1,,1,,,84,84,1,6,4,120.707003,24.174533,3
4126,66000,387130000C,(04)23274275,(04)23288582,2025,8,11,17,25,臺中市,豐原區,0,1,0,5,2,6,50,5,1,1,4,4,6,6,2,1,1,4,4,1,16,3,10,3,1,B03,7,5,1,8,2,2,,47,47,1,12,4,120.711261,24.239654,2
4127,66000,387130000C,(04)23274275,(04)23288582,2025,8,11,17,26,臺中市,北區,0,0,0,5,,,50,,,,,,,,,,,,,,17,,,,,B03,,,1,,1,,,84,84,1,13,4,120.676517,24.150808,3
4128,66000,387130000C,(04)23274275,(04)23288582,2025,8,11,17,27,臺中市,北屯區,0,1,0,5,3,6,50,13,9,1,4,4,6,6,4,4,1,4,5,2,12,3,10,3,1,A05,7,9,1,2,2,2,,8,8,1,6,4,120.680556,24.17268,2
4129,66000,387130000C,(04)23274275,(04)23288582,2025,8,11,17,29,臺中市,西區,0,0,0,5,,,50,,,,,,,,,,,,,,13,,,,,B03,,,1,,1,,,84,84,1,12,4,120.674391,24.148597,3
4130,66000,387130000C,(04)23274275,(04)23288582,2025,8,11,17,31,臺中市,南屯區,0,0,0,7,,,50,,,,,,,,,,,,,,17,,,,,B03,,,1,,2,,,50,50,1,12,4,120.647788,24.154676,3
4131,66000,387130000C,(04)23274275,(04)23288582,2025,8,11,17,31,臺中市,清水區,0,2,0,7,3,6,30,11,9,1,5,4,6,6,4,4,9,4,5,1,11,2,9,1,1,C03,7,9,1,10,2,14,,8,8,1,12,4,120.564127,24.317737,2
4132,66000,387130000C,(04)23274275,(04)23288582,2025,8,11,17,32,臺中市,北區,0,2,0,5,2,6,50,4,2,1,4,4,6,6,2,1,10,5,5,2,12,2,9,2,1,C03,7,9,1,10,2,14,,7,7,1,13,4,120.682121,24.154049,2
4133,66000,387130000C,(04)23274275,(04)23288582,2025,8,11,17,33,臺中市,西區,0,1,0,5,1,6,50,4,1,1,4,4,6,6,1,1,10,5,5,1,17,2,9,5,4,C03,7,9,1,10,2,11,,84,84,1,12,4,120.663185,24.156515,2
4134,66000,387130000C,(04)23274275,(04)23288582,2025,8,11,17,33,臺中市,太平區,0,0,0,5,2,6,50,,,,,,,,,,,,,,,,,,,B02,,,1,,2,1,,84,84,1,12,4,120.713401,24.125866,3
4135,66000,387130000C,(04)23274275,(04)23288582,2025,8,11,17,34,臺中市,豐原區,0,0,0,6,,,50,,,,,,,,,,,,,,13,,,,,B03,,,1,,2,,,7,7,1,12,4,120.709822,24.240461,3
4136,66000,387130000C,(04)23274275,(04)23288582,2025,8,11,17,37,臺中市,南屯區,0,0,0,7,,,50,,,,,,,,,,,,,,13,,,,,B03,,,1,,2,,,7,7,1,13,4,120.643319,24.13471,3
4137,66000,387130000C,(04)23274275,(04)23288582,2025,8,11,17,39,臺中市,北屯區,0,1,0,5,2,6,50,4,4,1,4,4,6,6,2,1,10,5,5,2,13,2,9,2,1,C03,7,9,1,10,2,11,,7,7,1,12,4,120.705738,24.1648,2
4138,66000,387130000C,(04)23274275,(04)23288582,2025,8,11,17,40,臺中市,神岡區,0,0,0,7,,,50,,,,,,,,,,,,,,2,,,,,A12,,,1,,1,,,84,84,1,12,4,120.655836,24.259642,3
4139,66000,387130000C,(04)23274275,(04)23288582,2025,8,11,17,45,臺中市,烏日區,0,1,0,5,1,6,50,4,1,1,4,4,6,6,1,1,5,4,5,1,13,3,10,1,1,C03,7,9,1,10,2,11,,7,7,1,6,4,120.643899,24.083254,2
4140,66000,387130000C,(04)23274275,(04)23288582,2025,8,11,17,47,臺中市,南屯區,0,0,0,7,,,50,,,,,,,,,,,,,,13,,,,,B03,,,1,,1,,,7,7,1,12,4,120.636408,24.146347,3
4141,66000,387130000C,(04)23274275,(04)23288582,2025,8,11,17,47,臺中市,梧棲區,0,0,0,7,,,30,,,,,,,,,,,,,,27,,,,,B03,,,1,,2,,,59,59,1,6,4,120.522958,24.230209,3
4142,66000,387130000C,(04)23274275,(04)23288582,2025,8,11,17,48,臺中市,北屯區,0,0,0,5,,,50,,,,,,,,,,,,,,,,,,,B03,,,1,,1,,,7,7,1,12,4,120.695377,24.164938,3
4143,66000,387130000C,(04)23274275,(04)23288582,2025,8,11,17,48,臺中市,神岡區,0,1,0,7,2,6,50,13,9,1,5,4,6,6,4,4,5,4,4,2,13,2,9,5,4,C03,7,9,1,10,2,11,,59,59,1,13,4,120.656363,24.261334,2
4144,66000,387130000C,(04)23274275,(04)23288582,2025,8,11,17,50,臺中市,大里區,0,0,0,5,,,50,,,,,,,,,,,,,,14,,,,,B03,,,1,,2,,,50,50,1,6,4,120.684012,24.097601,3
4145,66000,387130000C,(04)23274275,(04)23288582,2025,8,11,17,52,臺中市,大里區,0,1,0,5,2,6,50,13,9,1,4,4,6,6,4,4,5,5,5,1,13,3,10,3,1,B03,7,9,1,8,2,1,,7,7,1,6,4,120.695111,24.108854,2
4146,66000,387130000C,(04)23274275,(04)23288582,2025,8,11,17,54,臺中市,北屯區,0,1,0,5,1,6,50,13,9,1,4,4,6,6,4,4,5,4,5,2,18,2,9,2,1,C03,7,9,1,10,2,14,,84,84,1,12,4,120.699552,24.165834,2
4147,66000,387130000C,(04)23274275,(04)23288582,2025,8,11,17,56,臺中市,潭子區,0,0,0,5,,,40,,,,,,,,,,,,,,13,,,,,C03,,,1,,2,,,84,84,1,12,4,120.699426,24.215539,3
4148,66000,387130000C,(04)23274275,(04)23288582,2025,8,11,17,58,臺中市,潭子區,0,1,0,5,3,6,40,11,9,1,4,4,6,6,4,4,1,5,5,1,17,3,10,3,1,B03,7,9,1,8,2,6,,8,8,1,13,4,120.714316,24.202697,2
4149,66000,387130000C,(04)23274275,(04)23288582,2025,8,11,17,58,臺中市,西區,0,1,0,5,2,6,50,4,1,1,4,4,6,6,1,1,10,5,5,2,18,2,9,2,1,C03,7,5,1,10,2,12,,84,84,1,12,4,120.659437,24.154959,2
4150,66000,387130000C,(04)23274275,(04)23288582,2025,8,11,17,58,臺中市,西區,0,0,0,5,,,50,,,,,,,,,,,,,,15,,,,,B03,,,1,,1,,,12,12,1,13,4,120.660775,24.14661,4
4151,66000,387130000C,(04)23274275,(04)23288582,2025,8,11,17,59,臺中市,北屯區,0,0,0,5,,,50,,,,,,,,,,,,,,13,,,,,B03,,,1,,1,,,82,82,1,6,4,120.707984,24.182278,3
4152,66000,387130000C,(04)23274275,(04)23288582,2025,8,11,17,59,臺中市,沙鹿區,0,0,0,7,,,30,,,,,,,,,,,,,,,,,,,B03,,,1,,2,,,50,50,1,13,4,120.567484,24.253349,3
4153,66000,387130000C,(04)23274275,(04)23288582,2025,8,11,18,0,臺中市,南區,0,2,0,5,1,6,50,4,1,1,4,4,6,6,2,1,10,5,5,2,17,3,10,5,4,B03,7,5,5,8,2,5,,11,11,1,13,4,120.652746,24.110971,2
4154,66000,387130000C,(04)23274275,(04)23288582,2025,8,11,18,0,臺中市,北屯區,0,0,0,5,,,50,,,,,,,,,,,,,,9,,,,,B03,,,1,,1,,,45,45,1,6,4,120.72563,24.16693,4
4155,66000,387130000C,(04)23274275,(04)23288582,2025,8,11,18,3,臺中市,南區,0,0,0,5,,,50,,,,,,,,,,,,,,17,,,,,C03,,,1,,2,,,85,85,1,12,4,120.654423,24.107969,3
4156,66000,387130000C,(04)23274275,(04)23288582,2025,8,11,18,4,臺中市,龍井區,0,2,0,7,3,6,50,3,2,1,5,4,6,6,3,1,1,4,4,2,16,2,9,1,1,C03,7,8,1,10,2,14,,40,40,1,6,4,120.546517,24.198062,2
4157,66000,387130000C,(04)23274275,(04)23288582,2025,8,11,18,6,臺中市,南屯區,0,1,0,5,1,6,50,13,9,1,4,4,6,6,1,1,5,4,5,2,17,2,9,1,1,C03,7,5,1,10,2,12,,84,84,1,12,4,120.646789,24.146405,2
4158,66000,387130000C,(04)23274275,(04)23288582,2025,8,11,18,6,臺中市,大里區,0,0,0,5,,,,,,,,,,,,,,,,,17,,,,,,,,,,,,,85,85,1,,4,120.694286,24.09113,3
4159,66000,387130000C,(04)23274275,(04)23288582,2025,8,11,18,8,臺中市,西屯區,0,0,0,7,,,50,,,,,,,,,,,,,,12,,,,,B03,,,1,,2,,,50,50,1,13,4,120.614796,24.18155,3
4160,66000,387130000C,(04)23274275,(04)23288582,2025,8,11,18,8,臺中市,太平區,0,0,0,5,,,50,,,,,,,,,,,,,,16,,,,,B03,,,1,,2,,,47,47,1,12,4,120.724544,24.149617,3
4161,66000,387130000C,(04)23274275,(04)23288582,2025,8,11,18,10,臺中市,大里區,0,2,0,5,2,6,50,13,9,1,4,4,6,6,4,4,9,5,5,1,16,2,7,1,1,C03,7,6,1,10,2,14,,20,20,1,6,4,120.707084,24.087166,2
4162,66000,387130000C,(04)23274275,(04)23288582,2025,8,11,18,13,臺中市,新社區,0,1,0,5,1,6,30,4,1,1,4,4,6,6,1,1,10,5,5,2,15,3,10,5,4,B12,7,9,1,8,2,8,,21,21,1,12,4,120.803289,24.219357,2
4163,66000,387130000C,(04)23274275,(04)23288582,2025,8,11,18,14,臺中市,南屯區,0,0,0,7,,,50,,,,,,,,,,,,,,16,,,,,B12,,,1,,1,,,85,85,1,13,4,120.63525,24.131482,3
4164,66000,387130000C,(04)23274275,(04)23288582,2025,8,11,18,14,臺中市,北屯區,0,0,0,5,,,50,,,,,,,,,,,,,,,,,,,B03,,,1,,1,,,84,84,1,12,4,120.687956,24.170506,3
4165,66000,387130000C,(04)23274275,(04)23288582,2025,8,11,18,18,臺中市,西屯區,0,0,0,7,,3,80,,,,,,,,,,,,,,13,,,,,B03,,,1,,1,,,59,59,1,12,4,120.632439,24.170639,3
4166,66000,387130000C,(04)23274275,(04)23288582,2025,8,11,18,20,臺中市,南屯區,0,2,0,5,2,6,50,4,1,1,4,4,6,6,2,1,1,4,5,2,12,2,8,2,1,C03,7,9,1,10,2,14,,84,84,1,13,4,120.646697,24.15091,2
4167,66000,387130000C,(04)23274275,(04)23288582,2025,8,11,18,21,臺中市,北區,0,1,0,5,2,6,30,13,9,4,4,2,6,6,4,4,1,4,5,1,18,2,8,1,1,C03,7,9,1,10,2,14,,85,85,1,12,4,120.66751,24.157614,2
4168,66000,387130000C,(04)23274275,(04)23288582,2025,8,11,18,21,臺中市,北屯區,0,0,0,5,,3,80,,,,,,,,,,,,,,,,,,,B03,,,1,,2,,,7,7,1,12,4,120.694144,24.201018,3
4169,66000,387130000C,(04)23274275,(04)23288582,2025,8,11,18,22,臺中市,大肚區,0,0,0,6,,,50,,,,,,,,,,,,,,14,,,,,B03,,,1,,1,,,85,85,1,6,4,120.576801,24.164215,4
4170,66000,387130000C,(04)23274275,(04)23288582,2025,8,11,18,23,臺中市,西屯區,0,0,0,7,,,60,,,,,,,,,,,,,,,,,,,B03,,,1,,1,,,7,7,1,12,4,120.655911,24.158976,3
4171,66000,387130000C,(04)23274275,(04)23288582,2025,8,11,18,25,臺中市,西屯區,0,0,0,7,,,50,,,,,,,,,,,,,,13,,,,,B03,,,1,,1,,,58,58,1,12,4,120.587542,24.166913,3
4172,66000,387130000C,(04)23274275,(04)23288582,2025,8,11,18,26,臺中市,南區,0,0,0,5,,,50,,,,,,,,,,,,,,12,,,,,B11,,,1,,2,,,51,51,1,13,4,120.683931,24.13024,3
4173,66000,387130000C,(04)23274275,(04)23288582,2025,8,11,18,26,臺中市,南屯區,0,0,0,7,,,50,,,,,,,,,,,,,,13,,,,,C03,,,1,,2,,,68,68,1,12,4,120.620236,24.145179,4
4174,66000,387130000C,(04)23274275,(04)23288582,2025,8,11,18,26,臺中市,大里區,0,0,0,5,,,50,,,,,,,,,,,,,,16,,,,,B03,,,1,,2,,,11,11,1,13,4,120.686527,24.095206,3
4175,66000,387130000C,(04)23274275,(04)23288582,2025,8,11,18,27,臺中市,大里區,0,0,0,7,,,50,,,,,,,,,,,,,,,,,,,B12,,,1,,11,,,59,59,1,12,4,120.729562,24.092386,3
4176,66000,387130000C,(04)23274275,(04)23288582,2025,8,11,18,29,臺中市,北區,0,1,0,5,1,6,50,3,1,1,4,4,6,6,1,1,5,5,5,2,18,2,9,1,1,C03,7,6,1,10,2,14,,84,84,1,12,4,120.686635,24.159061,2
4177,66000,387130000C,(04)23274275,(04)23288582,2025,8,11,18,31,臺中市,北屯區,0,0,0,5,,,50,,,,,,,,,,,,,,16,,,,,F03,,,7,,2,,,11,11,1,4,4,120.70375,24.186387,3
4178,66000,387130000C,(04)23274275,(04)23288582,2025,8,11,18,33,臺中市,東區,0,0,0,6,,,50,,,,,,,,,,,,,,,,,,,C03,,,1,,1,,,7,7,1,13,4,120.686512,24.135825,3
4179,66000,387130000C,(04)23274275,(04)23288582,2025,8,11,18,35,臺中市,南區,0,1,0,5,1,6,50,13,9,1,4,4,6,6,4,4,9,5,5,2,18,2,9,1,1,C03,7,9,1,10,2,12,,84,84,1,12,4,120.650026,24.123887,2
4180,66000,387130000C,(04)23274275,(04)23288582,2025,8,11,18,35,臺中市,太平區,0,0,0,6,,,50,,,,,,,,,,,,,,17,,,,,B03,,,1,,9,,,84,84,1,12,4,120.715204,24.116881,3
4181,66000,387130000C,(04)23274275,(04)23288582,2025,8,11,18,40,臺中市,霧峰區,0,1,0,5,3,6,30,11,9,1,3,4,6,6,4,4,10,5,5,1,18,2,8,1,1,C03,7,9,1,10,2,14,,84,84,1,12,4,120.757006,24.06803,2
4182,66000,387130000C,(04)23274275,(04)23288582,2025,8,11,18,42,臺中市,潭子區,0,1,0,5,1,6,60,3,1,1,4,4,6,6,1,1,10,5,5,2,18,2,9,2,1,C03,7,9,1,10,2,12,,84,84,1,12,4,120.708368,24.228709,2
4183,66000,387130000C,(04)23274275,(04)23288582,2025,8,11,18,49,臺中市,南屯區,0,0,0,7,,,50,,,,,,,,,,,,,,,,,,,B12,,,1,,2,,,50,50,1,13,4,120.643137,24.140403,3
4184,66000,387130000C,(04)23274275,(04)23288582,2025,8,11,18,50,臺中市,西屯區,0,0,0,7,,,50,,,,,,,,,,,,,,17,,,,,B03,,,1,,2,,,11,11,1,12,4,120.667123,24.173226,3
4185,66000,387130000C,(04)23274275,(04)23288582,2025,8,11,18,54,臺中市,南區,0,0,0,5,,,50,,,,,,,,,,,,,,13,,,,,B12,,,1,,1,,,84,84,1,13,4,120.65578,24.115604,3
4186,66000,387130000C,(04)23274275,(04)23288582,2025,8,11,18,58,臺中市,潭子區,0,0,0,5,,,50,,,,,,,,,,,,,,,,,,,B03,,,1,,2,,,40,40,1,12,4,120.702037,24.200944,3
4187,66000,387130000C,(04)23274275,(04)23288582,2025,8,11,19,0,臺中市,大里區,0,0,0,7,,,30,,,,,,,,,,,,,,17,,,,,B03,,,1,,2,,,51,51,1,6,4,120.700955,24.106986,3
4188,66000,387130000C,(04)23274275,(04)23288582,2025,8,11,19,3,臺中市,北屯區,0,0,0,5,,,50,,,,,,,,,,,,,,13,,,,,B03,,,1,8,1,,,84,84,1,6,4,120.698341,24.172756,3
4189,66000,387130000C,(04)23274275,(04)23288582,2025,8,11,19,5,臺中市,西屯區,0,0,0,7,,,30,,,,,,,,,,,,,,17,,,,,B02,,,1,,9,,,59,59,1,13,4,120.644622,24.175506,3
4190,66000,387130000C,(04)23274275,(04)23288582,2025,8,11,19,10,臺中市,北屯區,0,0,0,7,,3,80,,,,,,,,,,,,,,17,,,,,A05,,,1,,1,,,40,40,1,6,4,120.722442,24.189396,3
4191,66000,387130000C,(04)23274275,(04)23288582,2025,8,11,19,16,臺中市,西屯區,0,0,0,7,,,50,,,,,,,,,,,,,,13,,,,,B02,,,1,,2,,,59,59,1,12,4,120.649763,24.167861,3
4192,66000,387130000C,(04)23274275,(04)23288582,2025,8,11,19,17,臺中市,沙鹿區,0,0,0,6,,,30,,,,,,,,,,,,,,,,,,,,,,,,,,,86,86,2,,,120.583289,24.200468,3
4193,66000,387130000C,(04)23274275,(04)23288582,2025,8,11,19,19,臺中市,梧棲區,0,0,0,7,,,50,,,,,,,,,,,,,,24,,,,,A41,,,1,,2,,,71,71,1,12,4,120.543632,24.248127,3
4194,66000,387130000C,(04)23274275,(04)23288582,2025,8,11,19,21,臺中市,北屯區,0,0,0,5,,3,80,,,,,,,,,,,,,,,,,,,B03,,,1,,2,,,7,7,1,12,4,120.720809,24.169389,3
4195,66000,387130000C,(04)23274275,(04)23288582,2025,8,11,19,22,臺中市,西屯區,0,0,0,7,,,40,,,,,,,,,,,,,,13,,,,,B03,,,1,,1,,,59,59,1,13,4,120.64114,24.167848,3
4196,66000,387130000C,(04)23274275,(04)23288582,2025,8,11,19,23,臺中市,太平區,0,0,0,6,1,6,50,,,,,,,,,,,,,,,,,,,C03,,,1,,2,11,12,7,7,1,12,4,120.724721,24.14935,3