序號,縣市別代碼,機關代碼,市話,傳真,年,月,日,時,分,縣市,區,死亡數量,受傷數量,2-30,天候,道路照明設備,道路類別,道路速限,道路型態,事故位置,路面鋪裝,路面狀態,路面缺陷,障礙物,視距,號誌種類,號誌動作,分向設施,快車道或一般車道間,快慢車道間,路面邊線,事故類型及型態,受傷程度,主要傷處,保護裝備,行動電話或功能裝置,當事者區分(類別),車輛用途,當事者行動狀態,駕照狀態,駕照種類,飲酒情形,車輛撞擊部位最初,車輛撞擊部位其他,肇事因素個別,肇事因素主要,肇事逃逸,職業,共享經濟或外送平台,GPS座標X,GPS座標Y,事故類別
4310,66000,387130000C,(04)23274275,(04)23288582,2025,8,12,8,34,臺中市,沙鹿區,0,1,0,7,2,6,50,13,9,1,5,4,6,6,4,4,9,5,5,2,17,3,10,3,1,B02,7,9,1,8,2,2,,8,8,1,6,4,120.568228,24.239238,2
4311,66000,387130000C,(04)23274275,(04)23288582,2025,8,12,8,37,臺中市,西屯區,0,0,0,7,,,50,,,,,,,,,,,,,,15,,,,,C03,,,6,,11,,,21,21,1,12,4,120.645168,24.177494,3
4312,66000,387130000C,(04)23274275,(04)23288582,2025,8,12,8,38,臺中市,西屯區,0,1,0,7,2,6,50,13,9,1,5,4,6,6,4,4,1,4,5,2,16,3,10,5,4,B03,7,1,1,8,2,4,,51,51,1,13,4,120.642112,24.185423,2
4313,66000,387130000C,(04)23274275,(04)23288582,2025,8,12,8,39,臺中市,東區,0,0,0,7,,,50,,,,,,,,,,,,,,,,,,,B12,,,1,,2,,,82,82,1,6,4,120.696008,24.134907,3
4314,66000,387130000C,(04)23274275,(04)23288582,2025,8,12,8,45,臺中市,烏日區,0,0,0,7,,3,80,,,,,,,,,,,,,,13,,,,,B03,,,1,,1,,,7,7,1,6,4,120.616521,24.107356,3
4315,66000,387130000C,(04)23274275,(04)23288582,2025,8,12,8,47,臺中市,太平區,0,0,0,7,,,50,,,,,,,,,,,,,,15,,,,,B03,,,1,,1,,,24,24,1,12,4,120.715651,24.14319,3
4316,66000,387130000C,(04)23274275,(04)23288582,2025,8,12,8,48,臺中市,潭子區,0,1,0,7,2,6,60,13,12,1,5,4,6,6,4,4,1,4,4,1,12,2,9,1,1,C03,7,9,1,10,2,11,,84,84,1,13,4,120.687997,24.215623,2
4317,66000,387130000C,(04)23274275,(04)23288582,2025,8,12,8,49,臺中市,北區,0,0,0,7,,,50,,,,,,,,,,,,,,13,,,,,C03,,,1,,2,,,7,7,1,13,4,120.669204,24.16043,3
4318,66000,387130000C,(04)23274275,(04)23288582,2025,8,12,8,50,臺中市,南區,0,0,0,7,,,50,,,,,,,,,,,,,,17,,,,,C03,,,1,,2,,,7,7,1,12,4,120.649881,24.121238,4
4319,66000,387130000C,(04)23274275,(04)23288582,2025,8,12,8,50,臺中市,北屯區,0,0,0,7,,,50,,,,,,,,,,,,,,13,,,,,B03,,,1,,1,,,7,7,1,13,4,120.695403,24.16527,3
4320,66000,387130000C,(04)23274275,(04)23288582,2025,8,12,8,51,臺中市,南屯區,0,0,0,7,,,50,,,,,,,,,,,,,,17,,,,,C03,,,1,,2,,,59,59,1,12,4,120.634066,24.155798,3
4321,66000,387130000C,(04)23274275,(04)23288582,2025,8,12,8,51,臺中市,西屯區,0,0,0,7,,,50,,,,,,,,,,,,,,17,,,,,B03,,,1,,1,,,20,20,1,13,4,120.650477,24.177608,3
4322,66000,387130000C,(04)23274275,(04)23288582,2025,8,12,8,54,臺中市,西屯區,0,1,0,7,2,6,50,5,1,1,5,4,6,6,2,1,4,4,5,2,12,3,10,5,4,B03,7,5,1,8,2,2,,11,11,1,13,4,120.660616,24.164175,2
4323,66000,387130000C,(04)23274275,(04)23288582,2025,8,12,8,57,臺中市,清水區,0,0,0,7,,,50,,,,,,,,,,,,,,,,,,,C03,,,1,,2,,,8,8,1,12,4,120.563266,24.263768,3
4324,66000,387130000C,(04)23274275,(04)23288582,2025,8,12,9,0,臺中市,烏日區,0,0,0,7,,3,80,,,,,,,,,,,,,,13,,,,,B03,,,1,,1,,,7,7,1,6,4,120.616521,24.107356,3
4325,66000,387130000C,(04)23274275,(04)23288582,2025,8,12,9,1,臺中市,西屯區,0,1,0,7,1,6,0,18,21,1,5,4,6,6,4,4,10,5,5,2,16,2,9,1,1,C03,7,9,1,10,2,11,,84,84,1,12,4,120.651863,24.161136,2
4326,66000,387130000C,(04)23274275,(04)23288582,2025,8,12,9,1,臺中市,烏日區,0,1,0,7,2,6,30,4,1,1,5,4,6,6,4,4,10,5,5,2,17,3,10,5,4,B03,7,5,1,8,2,8,,14,14,1,12,4,120.623382,24.104046,2
4327,66000,387130000C,(04)23274275,(04)23288582,2025,8,12,9,3,臺中市,大雅區,0,1,0,7,1,6,50,13,9,1,5,4,6,6,4,4,9,5,5,1,17,2,9,2,1,C03,7,9,1,10,2,12,,43,43,1,12,4,120.652753,24.230749,2
4328,66000,387130000C,(04)23274275,(04)23288582,2025,8,12,9,3,臺中市,南屯區,0,0,0,7,3,6,30,13,9,1,5,4,6,6,4,4,10,5,5,2,17,,,,,C03,,,1,,1,,,50,50,1,12,4,120.638385,24.135828,3
4329,66000,387130000C,(04)23274275,(04)23288582,2025,8,12,9,3,臺中市,豐原區,0,0,0,7,2,6,50,5,2,1,5,4,6,6,4,4,5,5,5,1,12,3,10,1,1,C03,7,9,5,19,2,14,,8,8,1,12,4,120.714683,24.257544,3
4330,66000,387130000C,(04)23274275,(04)23288582,2025,8,12,9,8,臺中市,北屯區,0,1,0,7,2,6,50,3,1,1,5,4,6,6,1,3,1,2,5,2,17,2,9,1,1,C03,7,9,1,10,2,14,,37,37,1,6,4,120.663984,24.200782,2
4331,66000,387130000C,(04)23274275,(04)23288582,2025,8,12,9,9,臺中市,西屯區,0,0,0,7,,,40,,,,,,,,,,,,,,16,,,,,B01,,,1,,1,,,51,51,1,12,4,120.634173,24.177822,3
4332,66000,387130000C,(04)23274275,(04)23288582,2025,8,12,9,12,臺中市,太平區,0,1,0,7,3,6,50,13,9,1,5,4,6,6,4,4,10,5,5,2,16,3,10,3,1,B03,7,15,1,8,2,5,,45,45,1,12,4,120.715089,24.155771,2
4333,66000,387130000C,(04)23274275,(04)23288582,2025,8,12,9,12,臺中市,豐原區,0,1,0,7,2,6,50,5,4,1,5,4,6,6,1,1,5,2,5,1,13,3,10,5,4,B03,7,9,1,8,2,5,,84,84,1,13,4,120.719952,24.240538,2
4334,66000,387130000C,(04)23274275,(04)23288582,2025,8,12,9,13,臺中市,東勢區,0,0,0,7,,,50,,,,,,,,,,,,,,,,,,,B12,,,1,,1,,,49,49,1,12,4,120.834946,24.249513,3
4335,66000,387130000C,(04)23274275,(04)23288582,2025,8,12,9,15,臺中市,北屯區,0,2,0,7,3,6,50,13,8,1,5,4,6,6,4,4,9,5,4,2,17,2,9,1,1,C03,7,9,1,10,2,11,,7,7,1,12,4,120.69436,24.174352,2
4336,66000,387130000C,(04)23274275,(04)23288582,2025,8,12,9,16,臺中市,西屯區,0,1,0,7,2,6,50,13,9,1,5,4,6,6,4,4,1,4,5,2,12,2,9,5,4,C03,7,9,1,10,2,14,,8,8,1,13,4,120.648341,24.159575,2
4337,66000,387130000C,(04)23274275,(04)23288582,2025,8,12,9,21,臺中市,大雅區,0,0,0,7,,,30,,,,,,,,,,,,,,,,,,,B11,,,1,,2,,,14,14,1,12,4,120.654387,24.21114,3
4338,66000,387130000C,(04)23274275,(04)23288582,2025,8,12,9,23,臺中市,中區,0,0,0,6,,,50,,,,,,,,,,,,,,,,,,,A12,,,1,,1,,,39,39,1,13,4,120.684403,24.142256,3
4339,66000,387130000C,(04)23274275,(04)23288582,2025,8,12,9,24,臺中市,新社區,0,2,0,7,3,6,50,11,9,1,5,4,6,6,4,4,9,5,5,1,19,2,9,5,4,C03,7,9,1,10,2,12,,82,82,1,12,4,120.873179,24.150498,2
4340,66000,387130000C,(04)23274275,(04)23288582,2025,8,12,9,26,臺中市,西屯區,0,0,0,7,,,50,,,,,,,,,,,,,,12,,,,,B02,,,1,,1,,,8,8,1,12,4,120.659481,24.175598,3
4341,66000,387130000C,(04)23274275,(04)23288582,2025,8,12,9,30,臺中市,沙鹿區,0,0,0,7,,,60,,,,,,,,,,,,,,13,,,,,B03,,,1,,1,,,7,7,1,12,4,120.598337,24.252503,3
4342,66000,387130000C,(04)23274275,(04)23288582,2025,8,12,9,32,臺中市,梧棲區,0,0,0,7,,,30,,,,,,,,,,,,,,16,,,,,B03,,,1,,1,,,84,84,1,6,4,120.532691,24.251496,3
4343,66000,387130000C,(04)23274275,(04)23288582,2025,8,12,9,34,臺中市,西區,0,1,0,7,2,6,50,13,9,1,5,4,6,6,4,4,5,5,5,2,17,2,8,1,1,F03,7,1,7,21,2,14,,51,51,1,12,4,120.671902,24.138621,2
4344,66000,387130000C,(04)23274275,(04)23288582,2025,8,12,9,35,臺中市,東區,0,2,0,7,2,6,50,4,2,1,5,4,6,6,1,1,3,4,5,1,13,2,9,1,1,C03,7,9,1,10,2,11,,7,7,1,12,4,120.698239,24.150434,2
4345,66000,387130000C,(04)23274275,(04)23288582,2025,8,12,9,35,臺中市,北屯區,0,1,0,7,2,6,50,13,9,1,5,4,6,6,4,4,5,4,5,2,18,2,9,2,1,C03,7,12,1,10,2,11,,84,84,1,12,4,120.711667,24.172461,2
4346,66000,387130000C,(04)23274275,(04)23288582,2025,8,12,9,40,臺中市,北屯區,0,0,0,7,,,50,,,,,,,,,,,,,,12,,,,,A05,,,1,,1,,,8,8,1,13,4,120.697799,24.170345,3
4347,66000,387130000C,(04)23274275,(04)23288582,2025,8,12,9,43,臺中市,北屯區,0,0,0,7,,,50,,,,,,,,,,,,,,14,,,,,B03,,,1,8,1,,,49,49,1,12,4,120.688476,24.171594,3
4348,66000,387130000C,(04)23274275,(04)23288582,2025,8,12,9,45,臺中市,西區,0,0,0,7,,,50,,,,,,,,,,,,,,,,,,,B03,,,1,,2,,,13,13,1,6,4,120.661725,24.144333,3
4349,66000,387130000C,(04)23274275,(04)23288582,2025,8,12,9,47,臺中市,西屯區,0,0,0,7,,,50,,,,,,,,,,,,,,14,,,,,A11,,,1,,2,,,49,49,1,13,4,120.629602,24.18916,3
4350,66000,387130000C,(04)23274275,(04)23288582,2025,8,12,9,48,臺中市,西區,0,1,0,6,2,6,50,3,1,1,5,4,6,6,1,1,10,5,5,2,17,3,10,3,1,B01,7,9,1,4,2,2,,13,13,1,12,4,120.661491,24.147766,2
4351,66000,387130000C,(04)23274275,(04)23288582,2025,8,12,9,49,臺中市,西區,0,0,0,7,,,50,,,,,,,,,,,,,,18,,,,,C01,,,1,,2,,,50,50,1,12,4,120.675086,24.139149,3
4352,66000,387130000C,(04)23274275,(04)23288582,2025,8,12,9,49,臺中市,大里區,0,1,0,7,2,6,50,13,9,1,5,4,6,6,4,4,5,5,5,1,17,3,10,2,1,C03,7,6,1,10,2,11,,84,84,1,13,4,120.697679,24.090176,2
4353,66000,387130000C,(04)23274275,(04)23288582,2025,8,12,9,50,臺中市,南區,0,0,0,7,,,50,,,,,,,,,,,,,,,,,,,B12,,,1,,1,,,11,11,1,6,4,120.663897,24.124894,4
4354,66000,387130000C,(04)23274275,(04)23288582,2025,8,12,9,55,臺中市,東區,0,1,0,7,2,6,30,3,1,1,5,4,6,6,4,4,10,5,5,2,3,2,9,6,5,H04,8,20,7,21,2,17,,95,95,1,12,5,120.69538,24.141752,2
4355,66000,387130000C,(04)23274275,(04)23288582,2025,8,12,9,55,臺中市,南區,0,0,0,7,,,50,,,,,,,,,,,,,,,,,,,B03,,,1,,1,,,84,84,1,6,4,120.657468,24.133669,3
4356,66000,387130000C,(04)23274275,(04)23288582,2025,8,12,9,55,臺中市,西屯區,0,3,0,7,2,6,50,3,1,1,5,4,6,6,4,4,4,5,5,2,3,2,9,5,4,C03,7,9,1,10,2,11,,10,10,1,13,4,120.6571,24.165187,2
4357,66000,387130000C,(04)23274275,(04)23288582,2025,8,12,9,55,臺中市,梧棲區,0,0,0,7,,,30,,,,,,,,,,,,,,11,,,,,B03,,,1,,2,,,8,8,1,6,4,120.542136,24.247264,3
4358,66000,387130000C,(04)23274275,(04)23288582,2025,8,12,9,55,臺中市,清水區,0,3,0,7,3,6,50,4,1,1,5,4,6,6,4,4,5,5,5,1,17,2,7,3,1,B03,7,9,1,8,2,4,,12,12,1,12,4,120.546843,24.265872,2
4359,66000,387130000C,(04)23274275,(04)23288582,2025,8,12,10,0,臺中市,西屯區,0,0,0,7,,,50,,,,,,,,,,,,,,12,,,,,B03,,,1,,1,,,40,40,1,12,4,120.649933,24.163668,3
4360,66000,387130000C,(04)23274275,(04)23288582,2025,8,12,10,0,臺中市,豐原區,0,0,0,7,,,30,,,,,,,,,,,,,,14,,,,,B12,,,1,,2,,,49,49,1,12,4,120.720678,24.24148,3
4361,66000,387130000C,(04)23274275,(04)23288582,2025,8,12,10,3,臺中市,西屯區,0,1,0,7,2,6,50,3,1,1,5,4,6,6,4,4,10,5,5,2,16,3,10,3,1,B03,7,6,1,8,2,8,,48,48,1,12,4,120.637849,24.180286,2
4362,66000,387130000C,(04)23274275,(04)23288582,2025,8,12,10,5,臺中市,大雅區,0,0,0,7,,,30,,,,,,,,,,,,,,17,,,,,B12,,,1,,2,,,51,51,1,12,4,120.652015,24.214407,3
4363,66000,387130000C,(04)23274275,(04)23288582,2025,8,12,10,5,臺中市,沙鹿區,0,0,0,7,,,50,,,,,,,,,,,,,,16,,,,,B12,,,1,,2,,,11,11,1,6,4,120.568043,24.206776,3
4364,66000,387130000C,(04)23274275,(04)23288582,2025,8,12,10,6,臺中市,大里區,0,1,0,7,2,6,50,4,2,1,5,4,6,6,1,1,1,4,4,2,16,3,10,3,1,B12,7,7,1,8,2,7,,40,40,1,13,4,120.687641,24.085785,2
4365,66000,387130000C,(04)23274275,(04)23288582,2025,8,12,10,14,臺中市,中區,0,0,0,7,,,50,,,,,,,,,,,,,,,,,,,B03,,,1,,2,,,7,7,1,6,4,120.679169,24.142101,3
4366,66000,387130000C,(04)23274275,(04)23288582,2025,8,12,10,15,臺中市,北屯區,0,1,0,7,3,6,50,3,1,1,5,4,6,6,1,1,3,5,5,2,17,2,9,1,1,F03,7,6,7,21,2,14,,48,48,1,12,4,120.707535,24.19757,2
4367,66000,387130000C,(04)23274275,(04)23288582,2025,8,12,10,17,臺中市,潭子區,0,0,0,7,,,50,,,,,,,,,,,,,,12,,,,,A31,,,1,,2,,,8,8,1,13,4,120.702037,24.200944,3
4368,66000,387130000C,(04)23274275,(04)23288582,2025,8,12,10,31,臺中市,西屯區,0,0,0,7,,,50,,,,,,,,,,,,,,14,,,,,A42,,,1,,1,,,49,49,1,13,4,120.60601,24.154674,3
4369,66000,387130000C,(04)23274275,(04)23288582,2025,8,12,10,37,臺中市,西屯區,0,0,0,7,,,50,,,,,,,,,,,,,,13,,,,,B03,,,1,,2,,,7,7,1,12,4,120.651361,24.16594,3
4370,66000,387130000C,(04)23274275,(04)23288582,2025,8,12,10,40,臺中市,北屯區,0,0,0,7,,,50,,,,,,,,,,,,,,13,,,,,B03,,,1,,1,,,58,58,1,6,4,120.660447,24.193201,3
4371,66000,387130000C,(04)23274275,(04)23288582,2025,8,12,10,43,臺中市,西屯區,0,1,0,7,2,6,40,3,2,1,5,4,6,6,1,1,10,5,5,2,12,2,9,1,1,C03,7,6,1,10,2,14,,48,48,1,12,4,120.640716,24.176188,2
4372,66000,387130000C,(04)23274275,(04)23288582,2025,8,12,10,49,臺中市,西屯區,0,0,0,7,,,50,,,,,,,,,,,,,,17,,,,,,,,,,,,,87,87,1,13,4,120.590202,24.175086,4
4373,66000,387130000C,(04)23274275,(04)23288582,2025,8,12,10,50,臺中市,南屯區,0,0,0,7,,,50,,,,,,,,,,,,,,,,,,,A11,,,1,,1,,,84,84,1,12,4,120.639417,24.142066,3
4374,66000,387130000C,(04)23274275,(04)23288582,2025,8,12,10,50,臺中市,后里區,0,1,0,7,3,6,50,13,7,1,5,4,6,6,4,4,5,4,4,1,17,2,9,1,1,C03,7,11,3,19,2,12,,39,39,1,12,4,120.718022,24.309569,2
4375,66000,387130000C,(04)23274275,(04)23288582,2025,8,12,10,52,臺中市,南區,0,0,0,7,,,50,,,,,,,,,,,,,,,,,,,B03,,,1,,1,,,7,7,1,12,4,120.680824,24.127519,3
4376,66000,387130000C,(04)23274275,(04)23288582,2025,8,12,10,56,臺中市,烏日區,0,1,0,7,2,6,50,3,1,1,5,4,6,6,4,4,10,5,5,2,17,3,10,5,4,B03,7,5,1,8,2,5,,20,20,1,10,4,120.601221,24.110688,2
4377,66000,387130000C,(04)23274275,(04)23288582,2025,8,12,11,0,臺中市,大肚區,0,1,0,7,2,6,30,3,1,1,5,4,6,6,4,4,10,5,5,2,16,3,10,3,1,B02,7,5,1,8,2,8,,59,59,1,6,4,120.577583,24.119082,2
4378,66000,387130000C,(04)23274275,(04)23288582,2025,8,12,11,1,臺中市,清水區,0,0,0,6,,,50,,,,,,,,,,,,,,,,,,,B03,,,1,,2,,,58,58,1,12,4,120.57523,24.279188,3
4379,66000,387130000C,(04)23274275,(04)23288582,2025,8,12,11,3,臺中市,大甲區,0,1,0,7,3,6,50,4,1,1,5,4,6,6,4,4,10,5,5,2,15,3,10,1,1,C03,7,1,1,10,2,11,,51,51,1,6,4,120.620657,24.350555,2
4380,66000,387130000C,(04)23274275,(04)23288582,2025,8,12,11,8,臺中市,西屯區,0,0,0,7,,,50,,,,,,,,,,,,,,14,,,,,A11,,,1,,2,,,49,49,1,12,4,120.619958,24.164209,3
4381,66000,387130000C,(04)23274275,(04)23288582,2025,8,12,11,11,臺中市,南區,0,0,0,7,,,50,,,,,,,,,,,,,,,,,,,B03,,,1,,1,,,7,7,1,6,4,120.679284,24.124532,3
4382,66000,387130000C,(04)23274275,(04)23288582,2025,8,12,11,15,臺中市,太平區,0,0,0,7,,,50,,,,,,,,,,,,,,,,,,,B02,,,1,,2,,,50,50,1,12,4,120.72242,24.142023,3
4383,66000,387130000C,(04)23274275,(04)23288582,2025,8,12,11,16,臺中市,西區,0,0,0,7,,,50,,,,,,,,,,,,,,,,,,,C03,,,1,,1,,,84,84,1,12,4,120.661207,24.157634,3
4384,66000,387130000C,(04)23274275,(04)23288582,2025,8,12,11,16,臺中市,大里區,0,0,0,7,,,60,,,,,,,,,,,,,,,,,,,B03,,,1,,1,,,7,7,1,13,4,120.688833,24.078591,3
4385,66000,387130000C,(04)23274275,(04)23288582,2025,8,12,11,18,臺中市,龍井區,0,0,0,7,,,40,,,,,,,,,,,,,,,,,,,B03,,,1,,1,,,49,49,1,6,4,120.563107,24.200162,3
4386,66000,387130000C,(04)23274275,(04)23288582,2025,8,12,11,20,臺中市,大里區,0,0,0,7,,,50,,,,,,,,,,,,,,,,,,,A12,,,1,,2,,,50,50,1,12,4,120.679341,24.095464,3
4387,66000,387130000C,(04)23274275,(04)23288582,2025,8,12,11,20,臺中市,太平區,0,0,0,7,,,30,,,,,,,,,,,,,,14,,,,,B03,,,1,,2,,,49,49,1,12,4,120.722108,24.130787,3
4388,66000,387130000C,(04)23274275,(04)23288582,2025,8,12,11,30,臺中市,烏日區,0,0,0,7,,,40,,,,,,,,,,,,,,13,,,,,B03,,,1,,1,,,7,7,1,6,4,120.644793,24.092963,3
4389,66000,387130000C,(04)23274275,(04)23288582,2025,8,12,11,32,臺中市,烏日區,0,0,0,7,,,40,,,,,,,,,,,,,,,,,,,B12,,,1,,1,,,84,84,1,13,4,120.640114,24.117084,3
4390,66000,387130000C,(04)23274275,(04)23288582,2025,8,12,11,33,臺中市,南屯區,0,1,0,7,3,6,50,4,1,1,5,4,6,6,1,1,10,5,5,2,16,3,10,3,1,B02,7,6,1,8,2,2,,11,11,1,6,4,120.620854,24.13999,2
4391,66000,387130000C,(04)23274275,(04)23288582,2025,8,12,11,36,臺中市,北區,0,1,0,7,3,6,50,4,2,1,5,4,6,6,1,1,5,4,4,2,16,3,10,5,4,B03,7,6,1,8,2,1,,11,11,1,13,4,120.673755,24.155568,2
4392,66000,387130000C,(04)23274275,(04)23288582,2025,8,12,11,37,臺中市,西區,0,0,0,7,,,50,,,,,,,,,,,,,,12,,,,,C03,,,1,,2,,,84,84,1,13,4,120.667057,24.129251,3
4393,66000,387130000C,(04)23274275,(04)23288582,2025,8,12,11,38,臺中市,南屯區,0,0,0,7,,,50,,,,,,,,,,,,,,,,,,,B12,,,1,,1,,,40,40,1,13,4,120.626287,24.113533,3
4394,66000,387130000C,(04)23274275,(04)23288582,2025,8,12,11,38,臺中市,豐原區,0,1,0,7,2,6,50,5,9,1,5,4,6,6,4,4,5,5,5,2,15,3,10,3,1,B03,7,14,1,8,2,5,,15,15,1,12,4,120.718816,24.252498,2
4395,66000,387130000C,(04)23274275,(04)23288582,2025,8,12,11,40,臺中市,大里區,0,2,0,7,2,6,50,3,1,1,5,4,6,6,1,1,5,5,4,2,16,2,9,1,1,C03,7,6,1,10,2,12,,11,11,1,13,4,120.692415,24.118244,2
4396,66000,387130000C,(04)23274275,(04)23288582,2025,8,12,11,41,臺中市,北屯區,0,0,0,7,,,50,,,,,,,,,,,,,,13,,,,,B03,,,1,,1,,,84,84,1,13,4,120.674974,24.17397,3
4397,66000,387130000C,(04)23274275,(04)23288582,2025,8,12,11,42,臺中市,豐原區,0,0,0,7,,,50,,,,,,,,,,,,,,17,,,,,B03,,,1,,2,,,8,8,1,13,4,120.716249,24.240071,3
4398,66000,387130000C,(04)23274275,(04)23288582,2025,8,12,11,44,臺中市,南區,0,1,0,7,3,6,50,4,9,1,5,4,6,6,4,4,5,5,5,2,17,3,10,5,4,B12,7,2,1,8,2,7,,49,49,1,6,4,120.656018,24.127773,2
4399,66000,387130000C,(04)23274275,(04)23288582,2025,8,12,11,53,臺中市,南屯區,0,1,0,7,1,6,50,4,1,1,5,4,6,6,2,1,5,5,5,2,9,3,10,5,4,B03,7,9,1,8,2,5,,84,84,1,13,4,120.611394,24.138321,2
4400,66000,387130000C,(04)23274275,(04)23288582,2025,8,12,11,54,臺中市,東區,0,0,0,7,,,30,,,,,,,,,,,,,,14,,,,,B13,,,1,,1,,,49,49,1,12,4,120.69191,24.145644,3
4401,66000,387130000C,(04)23274275,(04)23288582,2025,8,12,12,0,臺中市,石岡區,0,0,0,7,,,70,,,,,,,,,,,,,,,,,,,B03,,,1,,1,,,8,8,1,12,4,120.767405,24.275976,3
4402,66000,387130000C,(04)23274275,(04)23288582,2025,8,12,12,4,臺中市,大肚區,0,0,0,7,,,30,,,,,,,,,,,,,,12,,,,,B12,,,1,,2,,,85,85,1,6,4,120.578535,24.174537,3
4403,66000,387130000C,(04)23274275,(04)23288582,2025,8,12,12,5,臺中市,大里區,0,1,0,7,2,6,40,3,2,1,5,4,6,6,4,4,5,5,4,2,18,2,9,1,1,C03,7,9,1,10,2,12,,84,84,1,13,4,120.715128,24.097895,2
4404,66000,387130000C,(04)23274275,(04)23288582,2025,8,12,12,7,臺中市,太平區,0,2,0,7,3,6,50,4,1,1,5,4,6,6,1,1,5,4,5,1,16,2,8,2,1,C03,7,6,1,10,2,11,,48,48,1,12,4,120.703637,24.111351,2
4405,66000,387130000C,(04)23274275,(04)23288582,2025,8,12,12,9,臺中市,北屯區,0,0,0,7,,,30,,,,,,,,,,,,,,16,,,,,C03,,,1,,2,,,20,20,1,12,4,120.687268,24.19339,3
4406,66000,387130000C,(04)23274275,(04)23288582,2025,8,12,12,10,臺中市,西屯區,0,0,0,7,,,40,,,,,,,,,,,,,,13,,,,,B03,,,1,,2,,,59,59,1,13,4,120.654717,24.159412,3
4407,66000,387130000C,(04)23274275,(04)23288582,2025,8,12,12,10,臺中市,大里區,0,0,0,7,,,50,,,,,,,,,,,,,,,,,,,B03,,,1,,2,,,8,8,1,12,4,120.699972,24.102587,3
4408,66000,387130000C,(04)23274275,(04)23288582,2025,8,12,12,11,臺中市,霧峰區,0,1,0,7,2,6,40,4,1,1,5,4,6,6,1,1,5,5,5,1,15,3,10,3,1,B12,7,9,5,19,2,4,,21,21,1,13,4,120.664648,24.059994,2
4409,66000,387130000C,(04)23274275,(04)23288582,2025,8,12,12,13,臺中市,北屯區,0,2,0,7,1,6,50,4,2,1,5,4,6,6,1,1,3,4,5,2,12,2,9,1,1,C03,7,9,1,10,2,14,,84,84,1,13,4,120.701941,24.182,2
4410,66000,387130000C,(04)23274275,(04)23288582,2025,8,12,12,13,臺中市,豐原區,0,0,0,7,,,50,,,,,,,,,,,,,,13,,,,,B12,,,1,,2,,,84,84,1,12,4,120.714541,24.245307,3
4411,66000,387130000C,(04)23274275,(04)23288582,2025,8,12,12,15,臺中市,南屯區,0,0,0,7,,,50,,,,,,,,,,,,,,17,,,,,B03,,,1,,1,,,51,51,1,12,4,120.613793,24.142863,3
4412,66000,387130000C,(04)23274275,(04)23288582,2025,8,12,12,15,臺中市,北屯區,0,1,0,7,2,6,50,5,1,1,5,4,6,6,2,1,10,5,5,2,16,3,10,3,1,B03,7,5,1,8,2,2,,42,42,1,12,4,120.659876,24.192706,2
4413,66000,387130000C,(04)23274275,(04)23288582,2025,8,12,12,15,臺中市,西屯區,0,1,0,7,2,6,50,4,4,1,5,4,6,6,1,1,5,4,5,2,13,3,10,5,4,B03,7,5,1,8,2,5,,7,7,1,12,4,120.635185,24.182059,2
4414,66000,387130000C,(04)23274275,(04)23288582,2025,8,12,12,15,臺中市,西屯區,0,1,0,7,2,6,50,13,8,1,5,4,6,6,4,4,5,4,5,2,16,3,10,5,4,B03,7,5,1,8,2,5,,42,42,1,13,4,120.652646,24.176464,2
4415,66000,387130000C,(04)23274275,(04)23288582,2025,8,12,12,18,臺中市,南屯區,0,0,0,7,,,50,,,,,,,,,,,,,,,,,,,B03,,,1,,1,,,59,59,1,12,4,120.651057,24.13411,3
4416,66000,387130000C,(04)23274275,(04)23288582,2025,8,12,12,20,臺中市,清水區,0,0,0,7,,,40,,,,,,,,,,,,,,,,,,,B03,,,1,,1,,,84,84,1,12,4,120.575563,24.268953,3
4417,66000,387130000C,(04)23274275,(04)23288582,2025,8,12,12,22,臺中市,東區,0,3,0,7,2,6,50,3,1,1,5,4,6,6,2,1,10,5,5,2,13,2,9,1,1,C03,7,9,1,10,2,11,,7,7,1,12,4,120.69096,24.140038,2
4418,66000,387130000C,(04)23274275,(04)23288582,2025,8,12,12,22,臺中市,東區,0,0,0,7,,,50,,,,,,,,,,,,,,,,,,,B03,,,1,,1,,,8,8,1,6,4,120.704804,24.130636,4
4419,66000,387130000C,(04)23274275,(04)23288582,2025,8,12,12,29,臺中市,北區,0,0,0,7,,,50,,,,,,,,,,,,,,,,,,,B03,,,1,,1,,,47,47,1,12,4,120.681553,24.155745,3
4420,66000,387130000C,(04)23274275,(04)23288582,2025,8,12,12,31,臺中市,西屯區,0,0,0,7,,,50,,,,,,,,,,,,,,21,,,,,B03,,,1,,2,,,59,59,1,12,4,120.654623,24.161942,3
4421,66000,387130000C,(04)23274275,(04)23288582,2025,8,12,12,33,臺中市,西屯區,0,2,0,7,2,6,50,3,1,1,5,4,6,6,4,4,1,4,5,2,12,2,9,1,4,C03,7,9,1,10,1,14,,84,84,1,13,4,120.646654,24.154658,2
4422,66000,387130000C,(04)23274275,(04)23288582,2025,8,12,12,38,臺中市,霧峰區,0,0,0,7,,,30,,,,,,,,,,,,,,16,,,,,B03,,,1,,1,,,45,45,1,13,4,120.695023,24.043154,3
4423,66000,387130000C,(04)23274275,(04)23288582,2025,8,12,12,39,臺中市,北區,0,0,0,7,,,50,,,,,,,,,,,,,,,,,,,C03,,,1,,1,,,84,84,1,12,4,120.67749,24.146936,3