序號,縣市別代碼,機關代碼,市話,傳真,年,月,日,時,分,縣市,區,死亡數量,受傷數量,2-30,天候,道路照明設備,道路類別,道路速限,道路型態,事故位置,路面鋪裝,路面狀態,路面缺陷,障礙物,視距,號誌種類,號誌動作,分向設施,快車道或一般車道間,快慢車道間,路面邊線,事故類型及型態,受傷程度,主要傷處,保護裝備,行動電話或功能裝置,當事者區分(類別),車輛用途,當事者行動狀態,駕照狀態,駕照種類,飲酒情形,車輛撞擊部位最初,車輛撞擊部位其他,肇事因素個別,肇事因素主要,肇事逃逸,職業,共享經濟或外送平台,GPS座標X,GPS座標Y,事故類別
4536,66000,387130000C,(04)23274275,(04)23288582,2025,8,12,17,3,臺中市,豐原區,0,1,0,7,2,6,50,3,1,1,5,4,6,6,2,1,5,4,4,1,17,3,10,3,1,B03,7,11,1,8,2,15,,84,84,1,12,4,120.721589,24.23911,2
4537,66000,387130000C,(04)23274275,(04)23288582,2025,8,12,17,5,臺中市,豐原區,0,2,0,7,2,6,50,3,1,1,5,4,6,6,1,1,10,5,5,2,16,2,9,2,1,C03,7,6,1,10,2,12,,48,48,1,13,4,120.716599,24.251784,2
4538,66000,387130000C,(04)23274275,(04)23288582,2025,8,12,17,8,臺中市,大里區,0,0,0,7,,,50,,,,,,,,,,,,,,12,,,,,B03,,,1,,2,,,2,2,1,13,4,120.698866,24.110387,3
4539,66000,387130000C,(04)23274275,(04)23288582,2025,8,12,17,9,臺中市,西屯區,0,1,0,7,3,6,30,3,1,1,5,4,6,6,4,4,10,5,5,2,16,2,9,5,4,C03,7,6,1,10,2,12,,14,14,1,13,4,120.638478,24.178819,2
4540,66000,387130000C,(04)23274275,(04)23288582,2025,8,12,17,9,臺中市,大里區,0,1,0,7,2,6,50,4,2,1,5,4,6,6,1,1,10,5,5,2,12,3,10,3,1,B12,7,9,1,8,2,7,,8,8,1,12,4,120.696329,24.11111,2
4541,66000,387130000C,(04)23274275,(04)23288582,2025,8,12,17,11,臺中市,大里區,0,1,0,7,1,6,50,4,1,1,5,4,6,6,1,1,5,5,5,1,12,2,9,1,1,C03,7,6,1,10,2,14,,84,84,1,12,4,120.698419,24.094563,2
4542,66000,387130000C,(04)23274275,(04)23288582,2025,8,12,17,15,臺中市,潭子區,0,1,0,7,2,6,60,13,8,1,5,4,6,6,4,4,1,4,4,1,17,2,9,2,1,C03,7,4,1,10,2,14,,84,84,1,12,4,120.689187,24.221132,2
4543,66000,387130000C,(04)23274275,(04)23288582,2025,8,12,17,17,臺中市,南區,0,0,0,7,,,30,,,,,,,,,,,,,,,,,,,C03,,,1,,1,,,85,85,1,13,4,120.68392,24.123397,3
4544,66000,387130000C,(04)23274275,(04)23288582,2025,8,12,17,22,臺中市,北區,0,0,0,7,,,50,,,,,,,,,,,,,,13,,,,,B03,,,1,,2,,,7,7,1,13,4,120.676476,24.163521,3
4545,66000,387130000C,(04)23274275,(04)23288582,2025,8,12,17,22,臺中市,大甲區,0,1,0,7,2,6,50,3,1,1,5,4,6,6,4,4,10,5,5,2,16,2,8,2,1,C03,7,6,1,10,2,11,,8,8,1,6,4,120.627032,24.350393,2
4546,66000,387130000C,(04)23274275,(04)23288582,2025,8,12,17,22,臺中市,東勢區,0,1,0,7,2,6,50,13,9,1,5,4,6,6,4,4,5,2,5,1,17,3,10,5,4,B03,7,13,1,8,2,4,,87,87,1,13,4,120.827461,24.25951,2
4547,66000,387130000C,(04)23274275,(04)23288582,2025,8,12,17,23,臺中市,東區,0,2,0,7,3,6,50,3,1,1,5,4,6,6,1,1,10,5,5,2,13,3,10,3,1,B03,7,9,3,19,2,1,,84,84,1,13,4,120.689838,24.138339,2
4548,66000,387130000C,(04)23274275,(04)23288582,2025,8,12,17,23,臺中市,霧峰區,0,1,0,7,2,6,50,13,9,1,5,4,6,6,4,4,9,5,5,1,17,3,10,3,1,B03,7,9,1,8,2,5,,84,84,1,6,4,120.695661,24.065767,2
4549,66000,387130000C,(04)23274275,(04)23288582,2025,8,12,17,25,臺中市,西屯區,0,0,0,7,,,60,,,,,,,,,,,,,,,,,,,B03,,,1,,1,,,7,7,1,13,4,120.617802,24.18137,3
4550,66000,387130000C,(04)23274275,(04)23288582,2025,8,12,17,27,臺中市,西區,0,0,0,7,,,50,,,,,,,,,,,,,,17,,,,,C03,,,1,,2,,,7,7,1,13,4,120.666317,24.140803,3
4551,66000,387130000C,(04)23274275,(04)23288582,2025,8,12,17,27,臺中市,東勢區,0,0,0,7,,,60,,,,,,,,,,,,,,14,,,,,D03,,,1,,1,,,49,49,1,10,4,120.836517,24.235461,3
4552,66000,387130000C,(04)23274275,(04)23288582,2025,8,12,17,28,臺中市,沙鹿區,0,1,0,7,2,6,0,18,21,4,5,4,6,6,4,4,10,5,5,2,17,2,9,5,4,C03,7,9,1,10,2,11,,84,84,1,13,4,120.561348,24.208399,2
4553,66000,387130000C,(04)23274275,(04)23288582,2025,8,12,17,29,臺中市,梧棲區,0,0,0,7,,,70,,,,,,,,,,,,,,15,,,,,B03,,,1,,2,,,21,21,1,6,4,120.543046,24.222187,3
4554,66000,387130000C,(04)23274275,(04)23288582,2025,8,12,17,30,臺中市,西區,0,0,0,7,,,50,,,,,,,,,,,,,,,,,,,B03,,,1,,1,,,8,8,1,12,4,120.66127,24.139951,3
4555,66000,387130000C,(04)23274275,(04)23288582,2025,8,12,17,32,臺中市,西屯區,0,1,0,7,1,6,50,4,1,1,5,4,6,6,1,1,10,5,5,1,13,2,9,2,1,C03,7,9,1,10,2,11,,7,7,1,12,4,120.618907,24.184707,2
4556,66000,387130000C,(04)23274275,(04)23288582,2025,8,12,17,35,臺中市,西區,0,0,0,7,,,50,,,,,,,,,,,,,,,,,,,B03,,,1,,1,,,84,84,1,12,4,120.666725,24.141034,3
4557,66000,387130000C,(04)23274275,(04)23288582,2025,8,12,17,40,臺中市,北屯區,0,2,0,7,3,6,50,4,1,1,5,4,6,6,4,4,10,5,5,2,15,2,9,2,1,C03,7,9,1,10,1,14,,12,12,1,6,4,120.686996,24.205163,2
4558,66000,387130000C,(04)23274275,(04)23288582,2025,8,12,17,41,臺中市,南區,0,1,0,7,3,6,50,13,9,1,5,4,6,6,4,4,1,4,5,2,13,3,10,5,4,B03,7,9,1,8,2,1,,84,84,1,12,4,120.661417,24.121067,2
4559,66000,387130000C,(04)23274275,(04)23288582,2025,8,12,17,42,臺中市,烏日區,0,1,0,7,2,6,50,3,1,1,5,4,6,6,1,1,10,5,5,2,17,2,9,5,4,C03,7,9,1,10,2,13,,84,84,1,12,4,120.618724,24.115942,2
4560,66000,387130000C,(04)23274275,(04)23288582,2025,8,12,17,42,臺中市,后里區,0,1,0,7,2,6,50,4,1,1,5,4,6,6,4,4,10,5,5,2,15,3,10,3,1,B03,7,9,1,8,2,4,,12,12,1,12,4,120.714979,24.325129,2
4561,66000,387130000C,(04)23274275,(04)23288582,2025,8,12,17,42,臺中市,神岡區,0,1,0,7,2,6,50,13,9,1,5,4,6,6,4,4,5,5,5,1,18,2,9,2,1,C03,7,12,1,10,2,12,,84,84,1,6,4,120.680974,24.267223,2
4562,66000,387130000C,(04)23274275,(04)23288582,2025,8,12,17,43,臺中市,北區,0,0,0,7,,,50,,,,,,,,,,,,,,17,,,,,B03,,,1,,2,,,34,34,1,13,4,120.671178,24.170054,3
4563,66000,387130000C,(04)23274275,(04)23288582,2025,8,12,17,44,臺中市,西屯區,0,0,0,7,,,60,,,,,,,,,,,,,,13,,,,,B02,,,1,,1,,,78,78,1,12,4,120.627073,24.159661,3
4564,66000,387130000C,(04)23274275,(04)23288582,2025,8,12,17,45,臺中市,北區,0,0,0,7,,,50,,,,,,,,,,,,,,13,,,,,B03,,,1,,2,,,59,59,1,12,4,120.684612,24.16311,3
4565,66000,387130000C,(04)23274275,(04)23288582,2025,8,12,17,45,臺中市,西屯區,0,0,0,7,,,50,,,,,,,,,,,,,,13,,,,,B03,,,1,,1,,,84,84,1,12,4,120.644207,24.161231,3
4566,66000,387130000C,(04)23274275,(04)23288582,2025,8,12,17,46,臺中市,大雅區,0,1,0,7,1,6,50,13,9,1,5,4,6,6,1,1,5,5,5,1,17,2,9,1,1,C03,7,9,1,10,2,14,,1,1,1,12,4,120.651703,24.228083,2
4567,66000,387130000C,(04)23274275,(04)23288582,2025,8,12,17,46,臺中市,北區,0,0,0,7,,,50,,,,,,,,,,,,,,16,,,,,B03,,,1,,2,,,47,47,1,13,4,120.694593,24.15961,3
4568,66000,387130000C,(04)23274275,(04)23288582,2025,8,12,17,47,臺中市,西屯區,0,1,0,7,2,6,50,13,9,1,5,4,6,6,4,4,10,4,5,1,13,3,10,1,1,C03,7,9,1,10,2,11,,7,7,1,13,4,120.607156,24.160166,2
4569,66000,387130000C,(04)23274275,(04)23288582,2025,8,12,17,47,臺中市,梧棲區,0,0,0,7,,,50,,,,,,,,,,,,,,13,,,,,C03,,,1,,2,,,7,7,1,12,4,120.538761,24.249767,3
4570,66000,387130000C,(04)23274275,(04)23288582,2025,8,12,17,50,臺中市,南屯區,0,1,0,7,3,6,50,4,1,1,5,4,6,6,1,1,10,5,5,2,12,2,9,2,1,C03,7,9,1,10,2,14,,84,84,1,12,4,120.633699,24.148298,2
4571,66000,387130000C,(04)23274275,(04)23288582,2025,8,12,17,52,臺中市,大雅區,0,0,0,7,,,50,,,,,,,,,,,,,,,,,,,B03,,,1,,2,,,59,59,1,13,4,120.630712,24.241282,3
4572,66000,387130000C,(04)23274275,(04)23288582,2025,8,12,17,54,臺中市,南屯區,0,0,0,7,,,50,,,,,,,,,,,,,,13,,,,,C03,,,1,,1,,,7,7,1,13,4,120.6121,24.150438,3
4573,66000,387130000C,(04)23274275,(04)23288582,2025,8,12,17,56,臺中市,大雅區,0,2,0,7,2,6,50,3,1,1,5,4,6,6,4,4,5,5,5,1,12,2,9,2,1,C03,7,6,1,10,2,14,,39,39,1,13,4,120.603916,24.231726,2
4574,66000,387130000C,(04)23274275,(04)23288582,2025,8,12,17,57,臺中市,太平區,0,2,0,7,3,6,50,13,9,1,5,4,6,6,4,4,10,5,5,2,16,2,9,2,1,C03,7,9,1,10,2,11,,84,84,1,12,4,120.722913,24.131869,2
4575,66000,387130000C,(04)23274275,(04)23288582,2025,8,12,17,58,臺中市,大甲區,0,1,0,7,3,6,50,3,1,1,5,4,6,6,4,4,5,5,5,1,9,3,10,3,1,B03,7,6,1,10,2,4,,48,48,1,6,4,120.652872,24.3821,2
4576,66000,387130000C,(04)23274275,(04)23288582,2025,8,12,18,3,臺中市,東區,0,0,0,7,,,50,,,,,,,,,,,,,,,,,,,B03,,,1,,1,,,11,11,1,13,4,120.695607,24.141115,3
4577,66000,387130000C,(04)23274275,(04)23288582,2025,8,12,18,3,臺中市,西屯區,0,0,0,7,,,40,,,,,,,,,,,,,,,,,,,C03,,,1,,1,,,59,59,1,12,4,120.660451,24.164449,3
4578,66000,387130000C,(04)23274275,(04)23288582,2025,8,12,18,4,臺中市,西屯區,0,0,0,7,,,50,,,,,,,,,,,,,,12,,,,,B03,,,4,,1,,,40,40,1,12,4,120.59745,24.191535,3
4579,66000,387130000C,(04)23274275,(04)23288582,2025,8,12,18,4,臺中市,豐原區,0,1,0,7,2,6,60,4,1,1,5,4,6,6,2,1,1,4,5,1,17,3,10,2,4,C03,7,9,1,10,2,14,,85,85,1,12,4,120.736052,24.260572,2
4580,66000,387130000C,(04)23274275,(04)23288582,2025,8,12,18,5,臺中市,中區,0,0,0,7,,,50,,,,,,,,,,,,,,,,,,,B03,,,1,,1,,,84,84,1,12,4,120.680994,24.14383,3
4581,66000,387130000C,(04)23274275,(04)23288582,2025,8,12,18,5,臺中市,龍井區,0,1,0,7,2,6,50,3,9,1,5,4,6,6,1,1,4,5,5,1,13,2,9,2,1,C03,7,9,1,10,2,11,,7,7,1,6,4,120.526351,24.216269,2
4582,66000,387130000C,(04)23274275,(04)23288582,2025,8,12,18,11,臺中市,大雅區,0,0,0,7,,,60,,,,,,,,,,,,,,,,,,,B12,,,1,,1,,,87,87,1,13,4,120.650694,24.210056,3
4583,66000,387130000C,(04)23274275,(04)23288582,2025,8,12,18,12,臺中市,西屯區,0,0,0,7,,,30,,,,,,,,,,,,,,17,,,,,,,,,,,,,119,119,1,,,120.655175,24.162614,3
4584,66000,387130000C,(04)23274275,(04)23288582,2025,8,12,18,14,臺中市,霧峰區,0,0,0,7,,,50,,,,,,,,,,,,,,16,,,,,B03,,,1,,1,,,59,59,1,12,4,120.696947,24.065753,3
4585,66000,387130000C,(04)23274275,(04)23288582,2025,8,12,18,16,臺中市,豐原區,0,0,0,7,,,50,,,,,,,,,,,,,,17,,,,,B03,,,1,,9,,,8,8,1,13,4,120.716576,24.240893,3
4586,66000,387130000C,(04)23274275,(04)23288582,2025,8,12,18,18,臺中市,南屯區,0,0,0,7,,,50,,,,,,,,,,,,,,13,,,,,B03,,,1,,1,,,84,84,1,12,4,120.625897,24.151678,3
4587,66000,387130000C,(04)23274275,(04)23288582,2025,8,12,18,18,臺中市,西屯區,0,0,0,7,,,40,,,,,,,,,,,,,,17,,,,,B03,,,1,,1,,,51,51,1,12,4,120.638526,24.160036,3
4588,66000,387130000C,(04)23274275,(04)23288582,2025,8,12,18,20,臺中市,中區,0,1,0,7,3,6,40,3,2,1,5,4,6,6,4,4,5,5,4,2,13,2,9,1,1,C03,7,9,1,10,1,11,,7,7,1,6,4,120.679335,24.147382,2
4589,66000,387130000C,(04)23274275,(04)23288582,2025,8,12,18,20,臺中市,西屯區,0,0,0,7,,,30,,,,,,,,,,,,,,14,,,,,B02,,,1,,2,,,49,49,1,13,4,120.640423,24.173335,3
4590,66000,387130000C,(04)23274275,(04)23288582,2025,8,12,18,21,臺中市,西區,0,0,0,7,,,50,,,,,,,,,,,,,,9,,,,,C03,,,1,,2,,,84,84,1,13,4,120.661704,24.153989,4
4591,66000,387130000C,(04)23274275,(04)23288582,2025,8,12,18,23,臺中市,北屯區,0,0,0,7,,,50,,,,,,,,,,,,,,13,,,,,B03,,,1,,1,,,58,58,1,6,4,120.670646,24.175317,3
4592,66000,387130000C,(04)23274275,(04)23288582,2025,8,12,18,26,臺中市,北屯區,0,0,0,7,,,50,,,,,,,,,,,,,,,,,,,C03,,,1,,1,,,7,7,1,13,4,120.66005,24.192085,3
4593,66000,387130000C,(04)23274275,(04)23288582,2025,8,12,18,26,臺中市,神岡區,0,0,0,7,,,50,,,,,,,,,,,,,,17,,,,,B03,,,1,,1,,,20,20,1,6,4,120.688735,24.261035,3
4594,66000,387130000C,(04)23274275,(04)23288582,2025,8,12,18,28,臺中市,霧峰區,0,0,0,7,,,50,,,,,,,,,,,,,,12,,,,,C03,,,1,,1,,,48,48,1,12,4,120.697865,24.059361,3
4595,66000,387130000C,(04)23274275,(04)23288582,2025,8,12,18,30,臺中市,南區,0,0,0,7,,,50,,,,,,,,,,,,,,,,,,,B03,,,1,,2,,,84,84,1,13,4,120.653659,24.113755,3
4596,66000,387130000C,(04)23274275,(04)23288582,2025,8,12,18,30,臺中市,西屯區,0,0,0,7,,,30,,,,,,,,,,,,,,17,,,,,,,,,,,,,119,119,1,,,120.661264,24.200096,3
4597,66000,387130000C,(04)23274275,(04)23288582,2025,8,12,18,30,臺中市,霧峰區,0,1,0,7,1,6,40,13,9,1,5,4,6,6,4,4,9,5,5,1,12,3,10,3,1,B03,7,9,1,8,1,5,,84,84,1,6,4,120.677584,24.064316,2
4598,66000,387130000C,(04)23274275,(04)23288582,2025,8,12,18,34,臺中市,潭子區,0,0,0,7,,3,80,,,,,,,,,,,,,,,,,,,B03,,,1,,2,,,40,40,1,13,4,120.716936,24.198526,3
4599,66000,387130000C,(04)23274275,(04)23288582,2025,8,12,18,35,臺中市,潭子區,0,1,0,7,1,6,50,3,2,1,5,4,6,6,4,4,5,5,5,2,12,2,9,2,1,C03,7,9,1,10,2,14,,84,84,1,12,4,120.701693,24.190502,2
4600,66000,387130000C,(04)23274275,(04)23288582,2025,8,12,18,37,臺中市,北屯區,0,2,0,7,2,6,50,3,1,1,5,4,6,6,4,4,10,4,5,2,17,2,8,1,1,C03,7,5,1,10,2,14,,85,85,1,6,4,120.690403,24.171502,2
4601,66000,387130000C,(04)23274275,(04)23288582,2025,8,12,18,38,臺中市,大甲區,0,0,0,7,,,50,,,,,,,,,,,,,,30,,,,,B03,,,1,,2,,,50,50,1,6,4,120.623018,24.344444,3
4602,66000,387130000C,(04)23274275,(04)23288582,2025,8,12,18,39,臺中市,北區,0,0,0,7,,,50,,,,,,,,,,,,,,17,,,,,B03,,,1,,1,,,14,14,1,13,4,120.683767,24.15524,3
4603,66000,387130000C,(04)23274275,(04)23288582,2025,8,12,18,41,臺中市,梧棲區,0,0,0,7,,,50,,,,,,,,,,,,,,17,,,,,B03,,,1,,2,,,50,50,1,6,4,120.534929,24.225453,3
4604,66000,387130000C,(04)23274275,(04)23288582,2025,8,12,18,45,臺中市,北區,0,2,0,7,1,6,50,13,9,1,5,4,6,6,4,4,1,4,5,2,17,2,9,1,1,C03,7,10,1,10,2,11,,84,84,1,13,4,120.67705,24.173069,2
4605,66000,387130000C,(04)23274275,(04)23288582,2025,8,12,18,45,臺中市,東區,0,0,0,7,,,50,,,,,,,,,,,,,,17,,,,,C03,,,1,,2,,,84,84,1,12,4,120.702246,24.134141,3
4606,66000,387130000C,(04)23274275,(04)23288582,2025,8,12,18,47,臺中市,西屯區,0,0,0,6,,,50,,,,,,,,,,,,,,,,,,,B03,,,1,,1,,,7,7,1,13,4,120.64227,24.177771,3
4607,66000,387130000C,(04)23274275,(04)23288582,2025,8,12,18,47,臺中市,大里區,0,1,0,7,1,6,30,4,1,1,5,4,6,6,4,4,10,5,5,2,15,3,10,1,1,C03,7,9,1,10,2,11,,12,12,1,6,4,120.683647,24.105966,2
4608,66000,387130000C,(04)23274275,(04)23288582,2025,8,12,18,48,臺中市,大里區,0,0,0,7,,,50,,,,,,,,,,,,,,,,,,,B03,,,1,,2,,,85,85,1,13,4,120.698292,24.094508,3
4609,66000,387130000C,(04)23274275,(04)23288582,2025,8,12,18,50,臺中市,南屯區,0,0,0,7,1,6,50,13,9,1,5,4,6,6,4,4,9,5,5,2,13,,,,,B03,,,1,,1,,,7,7,1,12,4,120.61167,24.147798,3
4610,66000,387130000C,(04)23274275,(04)23288582,2025,8,12,18,50,臺中市,北屯區,0,2,0,7,3,6,50,13,9,1,5,4,6,6,4,4,9,5,4,2,17,2,9,2,1,C03,7,11,1,10,1,14,,45,45,1,6,4,120.686459,24.175833,2
4611,66000,387130000C,(04)23274275,(04)23288582,2025,8,12,18,51,臺中市,北屯區,0,3,0,6,1,6,50,5,1,1,5,4,6,6,2,1,10,5,5,2,13,2,9,2,1,C03,7,9,1,10,2,11,,7,7,1,6,4,120.697458,24.170316,2
4612,66000,387130000C,(04)23274275,(04)23288582,2025,8,12,18,55,臺中市,大里區,0,0,0,7,,,40,,,,,,,,,,,,,,13,,,,,C03,,,1,,2,,,50,50,1,13,4,120.681001,24.109714,3
4613,66000,387130000C,(04)23274275,(04)23288582,2025,8,12,18,58,臺中市,西區,0,2,0,7,2,6,50,4,1,1,5,4,6,6,2,1,10,5,5,2,16,3,10,3,1,B03,7,5,1,8,2,5,,11,11,1,12,4,120.66934,24.138788,2
4614,66000,387130000C,(04)23274275,(04)23288582,2025,8,12,18,59,臺中市,北屯區,0,0,0,7,,,50,,,,,,,,,,,,,,,,,,,B12,,,1,,9,,,49,49,2,12,4,120.682455,24.18914,3
4615,66000,387130000C,(04)23274275,(04)23288582,2025,8,12,19,0,臺中市,大甲區,0,0,0,7,,,40,,,,,,,,,,,,,,,,,,,B03,,,1,,1,,,8,8,1,12,4,120.655453,24.380647,3
4616,66000,387130000C,(04)23274275,(04)23288582,2025,8,12,19,3,臺中市,北屯區,0,1,0,7,1,6,50,13,9,1,5,4,6,6,4,4,5,4,5,2,16,3,10,3,1,B03,7,5,1,8,2,5,,20,20,1,6,4,120.710614,24.17175,2
4617,66000,387130000C,(04)23274275,(04)23288582,2025,8,12,19,5,臺中市,烏日區,0,0,0,7,,,50,,,,,,,,,,,,,,17,,,,,B03,,,1,,1,,,49,49,1,6,4,120.627892,24.111787,3
4618,66000,387130000C,(04)23274275,(04)23288582,2025,8,12,19,9,臺中市,北區,0,2,0,7,1,6,50,3,1,1,5,4,6,6,1,1,10,5,5,2,17,2,9,5,4,C03,7,9,1,10,2,12,,4,4,1,13,4,120.66639,24.156494,2
4619,66000,387130000C,(04)23274275,(04)23288582,2025,8,12,19,14,臺中市,清水區,0,0,0,7,,,50,,,,,,,,,,,,,,,,,,,B03,,,1,,2,,,12,12,1,12,4,120.577794,24.271157,3
4620,66000,387130000C,(04)23274275,(04)23288582,2025,8,12,19,14,臺中市,豐原區,0,0,0,7,,,50,,,,,,,,,,,,,,13,,,,,B03,,,1,,2,,,7,7,1,12,4,120.708038,24.250443,3
4621,66000,387130000C,(04)23274275,(04)23288582,2025,8,12,19,17,臺中市,西屯區,0,0,0,7,,,60,,,,,,,,,,,,,,16,,,,,B03,,,1,,2,,,25,25,1,12,4,120.637546,24.185697,3
4622,66000,387130000C,(04)23274275,(04)23288582,2025,8,12,19,22,臺中市,太平區,0,0,0,7,,,50,,,,,,,,,,,,,,13,,,,,B03,,,1,,2,,,84,84,1,12,4,120.724486,24.149171,3
4623,66000,387130000C,(04)23274275,(04)23288582,2025,8,12,19,24,臺中市,沙鹿區,0,0,0,7,,,50,,,,,,,,,,,,,,17,,,,,C03,,,1,,2,,,84,84,1,6,4,120.560043,24.233814,3
4624,66000,387130000C,(04)23274275,(04)23288582,2025,8,12,19,25,臺中市,東區,0,0,0,7,,,50,,,,,,,,,,,,,,12,,,,,B03,,,1,,2,,,84,84,1,12,4,120.703995,24.134613,3
4625,66000,387130000C,(04)23274275,(04)23288582,2025,8,12,19,28,臺中市,大里區,0,2,0,7,1,6,30,4,1,1,5,4,6,6,4,4,5,5,5,1,15,2,7,1,1,C03,7,9,3,19,2,12,,15,15,1,6,4,120.686259,24.109659,2
4626,66000,387130000C,(04)23274275,(04)23288582,2025,8,12,19,30,臺中市,大雅區,0,1,0,7,1,6,30,4,9,1,5,4,6,6,4,4,10,5,5,2,9,3,10,6,5,H01,8,20,7,21,10,17,,99,99,1,12,5,120.625695,24.226649,2
4627,66000,387130000C,(04)23274275,(04)23288582,2025,8,12,19,31,臺中市,西屯區,0,1,0,7,2,6,50,13,9,1,5,4,6,6,4,4,5,4,5,2,17,2,8,5,4,C03,7,9,1,10,1,12,,8,8,1,13,4,120.656169,24.170212,2
4628,66000,387130000C,(04)23274275,(04)23288582,2025,8,12,19,38,臺中市,南屯區,0,1,0,7,1,6,50,13,9,1,5,4,6,6,4,4,3,4,5,2,12,2,9,1,1,F03,7,9,7,21,2,12,,27,27,1,12,4,120.618482,24.154629,2
4629,66000,387130000C,(04)23274275,(04)23288582,2025,8,12,19,38,臺中市,大肚區,0,0,0,6,,,30,,,,,,,,,,,,,,25,,,,,B12,,,1,,2,,,8,8,1,6,4,120.580016,24.174819,3
4630,66000,387130000C,(04)23274275,(04)23288582,2025,8,12,19,47,臺中市,西屯區,0,0,0,7,,,50,,,,,,,,,,,,,,13,,,,,C03,,,1,,1,,,7,7,1,12,4,120.650871,24.166529,3
4631,66000,387130000C,(04)23274275,(04)23288582,2025,8,12,19,49,臺中市,北區,0,0,0,7,,,50,,,,,,,,,,,,,,17,,,,,B12,,,1,,1,,,84,84,1,13,4,120.680442,24.149213,3
4632,66000,387130000C,(04)23274275,(04)23288582,2025,8,12,19,52,臺中市,東勢區,0,0,0,7,,,50,,,,,,,,,,,,,,14,,,,,B03,,,1,,1,,,49,49,1,13,4,120.823481,24.260166,3
4633,66000,387130000C,(04)23274275,(04)23288582,2025,8,12,19,55,臺中市,西屯區,0,0,0,7,,,50,,,,,,,,,,,,,,13,,,,,C03,,,1,,1,,,7,7,1,12,4,120.6427,24.177225,4
4634,66000,387130000C,(04)23274275,(04)23288582,2025,8,12,19,58,臺中市,潭子區,0,0,0,7,,,30,,,,,,,,,,,,,,,,,,,B03,,,1,,2,,,14,14,1,13,4,120.704704,24.209918,3
4635,66000,387130000C,(04)23274275,(04)23288582,2025,8,12,20,0,臺中市,南屯區,0,0,0,7,,,50,,,,,,,,,,,,,,17,,,,,C03,,,1,,1,,,8,8,1,12,4,120.652921,24.151239,3
4636,66000,387130000C,(04)23274275,(04)23288582,2025,8,12,20,0,臺中市,大里區,0,0,0,7,,,50,,,,,,,,,,,,,,,,,,,B03,,,1,,1,,,84,84,1,6,4,120.709688,24.094527,3
4637,66000,387130000C,(04)23274275,(04)23288582,2025,8,12,20,0,臺中市,神岡區,0,0,0,7,,,50,,,,,,,,,,,,,,2,,,,,B03,,,1,,1,,,59,59,1,12,4,120.692097,24.24804,3
4638,66000,387130000C,(04)23274275,(04)23288582,2025,8,12,20,8,臺中市,南屯區,0,0,0,7,,,50,,,,,,,,,,,,,,,,,,,B03,,,1,,1,,,51,51,1,13,4,120.649534,24.15278,3
4639,66000,387130000C,(04)23274275,(04)23288582,2025,8,12,20,11,臺中市,大肚區,0,1,0,6,1,6,40,11,8,1,5,4,6,6,4,4,3,3,3,2,30,2,9,1,1,C03,7,9,1,10,2,11,,81,81,1,6,4,120.582042,24.1692,2
4640,66000,387130000C,(04)23274275,(04)23288582,2025,8,12,20,13,臺中市,大里區,0,1,0,7,1,6,50,4,2,1,5,4,6,6,4,4,5,5,4,1,12,3,10,1,1,C03,7,9,1,10,2,11,,39,39,1,12,4,120.703661,24.092291,2
4641,66000,387130000C,(04)23274275,(04)23288582,2025,8,12,20,14,臺中市,大里區,0,2,0,7,1,6,50,13,9,1,5,4,6,6,4,4,5,5,4,1,17,2,7,1,1,C03,7,21,1,10,2,13,,85,85,1,6,4,120.68376,24.112121,2
4642,66000,387130000C,(04)23274275,(04)23288582,2025,8,12,20,20,臺中市,梧棲區,0,1,0,7,3,6,30,13,9,1,5,2,6,6,4,4,10,5,5,2,18,2,9,2,1,C03,7,9,1,10,2,14,,83,83,1,12,4,120.547455,24.2316,2
4643,66000,387130000C,(04)23274275,(04)23288582,2025,8,12,20,23,臺中市,太平區,0,2,0,7,1,6,50,4,1,1,5,4,6,6,1,1,10,5,5,2,16,3,10,3,1,B03,7,6,1,8,2,8,,11,11,1,12,4,120.721955,24.149341,2
4644,66000,387130000C,(04)23274275,(04)23288582,2025,8,12,20,26,臺中市,西區,0,0,0,7,,,30,,,,,,,,,,,,,,,,,,,C03,,,6,,11,,,87,87,1,12,4,120.65834,24.156637,3
4645,66000,387130000C,(04)23274275,(04)23288582,2025,8,12,20,28,臺中市,后里區,0,0,0,6,1,6,50,13,9,1,5,4,6,6,4,4,9,4,5,1,14,,,,,B03,,,1,,2,,,49,49,1,6,4,120.688646,24.314338,3
4646,66000,387130000C,(04)23274275,(04)23288582,2025,8,12,20,52,臺中市,北屯區,0,1,0,7,1,6,50,4,9,1,5,4,6,6,2,1,5,4,5,1,30,,,,,,,,,,,,,119,119,1,,,120.676073,24.201411,2
4647,66000,387130000C,(04)23274275,(04)23288582,2025,8,12,20,54,臺中市,南屯區,0,0,0,7,,,50,,,,,,,,,,,,,,16,,,,,C03,,,1,,1,,,11,11,1,12,4,120.652995,24.149932,3
4648,66000,387130000C,(04)23274275,(04)23288582,2025,8,12,20,56,臺中市,東區,0,0,0,7,,,50,,,,,,,,,,,,,,,,,,,B03,,,1,,2,,,49,49,1,13,4,120.703945,24.134139,3
4649,66000,387130000C,(04)23274275,(04)23288582,2025,8,12,20,56,臺中市,西屯區,0,0,0,6,,,30,,,,,,,,,,,,,,,,,,,A12,,,1,3,2,,,8,8,1,13,4,120.61808,24.17548,3