序號,縣市別代碼,機關代碼,市話,傳真,年,月,日,時,分,縣市,區,死亡數量,受傷數量,2-30,天候,道路照明設備,道路類別,道路速限,道路型態,事故位置,路面鋪裝,路面狀態,路面缺陷,障礙物,視距,號誌種類,號誌動作,分向設施,快車道或一般車道間,快慢車道間,路面邊線,事故類型及型態,受傷程度,主要傷處,保護裝備,行動電話或功能裝置,當事者區分(類別),車輛用途,當事者行動狀態,駕照狀態,駕照種類,飲酒情形,車輛撞擊部位最初,車輛撞擊部位其他,肇事因素個別,肇事因素主要,肇事逃逸,職業,共享經濟或外送平台,GPS座標X,GPS座標Y,事故類別
4762,66000,387130000C,(04)23274275,(04)23288582,2025,8,13,9,32,臺中市,南屯區,0,0,0,7,,,50,,,,,,,,,,,,,,,,,,,B03,,,1,,1,,,39,39,1,12,4,120.635711,24.143383,3
4763,66000,387130000C,(04)23274275,(04)23288582,2025,8,13,9,33,臺中市,豐原區,0,1,0,6,2,6,50,4,7,1,5,4,6,6,1,1,5,5,4,2,13,2,8,5,4,C03,7,9,1,10,2,11,,7,7,1,13,4,120.706847,24.254784,2
4764,66000,387130000C,(04)23274275,(04)23288582,2025,8,13,9,40,臺中市,北屯區,0,0,0,7,,,50,,,,,,,,,,,,,,9,,,,,B03,,,2,8,1,,,8,8,1,12,4,120.693459,24.182818,3
4765,66000,387130000C,(04)23274275,(04)23288582,2025,8,13,9,47,臺中市,中區,0,2,0,7,2,6,50,4,1,1,5,4,6,6,1,1,10,5,5,2,17,2,9,1,1,C03,7,5,1,10,2,11,,84,84,1,13,4,120.684474,24.142151,2
4766,66000,387130000C,(04)23274275,(04)23288582,2025,8,13,9,50,臺中市,西屯區,0,0,0,7,,,50,,,,,,,,,,,,,,12,,,,,B03,,,1,,1,,,8,8,1,12,4,120.633749,24.161646,3
4767,66000,387130000C,(04)23274275,(04)23288582,2025,8,13,9,50,臺中市,大甲區,0,1,0,7,1,6,50,3,1,1,5,4,6,6,4,4,5,5,5,1,16,2,9,1,1,C03,7,6,1,10,2,12,,12,12,1,12,4,120.627472,24.349904,2
4768,66000,387130000C,(04)23274275,(04)23288582,2025,8,13,9,52,臺中市,西區,0,1,0,7,2,6,50,5,4,1,5,4,6,6,1,1,5,5,5,2,17,2,9,1,1,C03,7,12,1,10,2,16,,85,85,1,12,4,120.668775,24.13206,2
4769,66000,387130000C,(04)23274275,(04)23288582,2025,8,13,9,52,臺中市,北區,0,1,0,7,2,6,50,13,9,1,4,4,6,6,4,4,3,4,5,2,13,2,9,1,1,C03,7,9,1,10,2,11,12,7,7,1,13,4,120.692002,24.161153,2
4770,66000,387130000C,(04)23274275,(04)23288582,2025,8,13,9,53,臺中市,豐原區,0,2,0,6,2,6,40,13,9,1,5,4,6,6,4,4,5,5,5,1,17,2,9,1,1,C03,7,1,1,10,2,14,,51,51,1,12,4,120.723888,24.235019,2
4771,66000,387130000C,(04)23274275,(04)23288582,2025,8,13,9,55,臺中市,后里區,0,0,0,7,3,6,30,13,9,1,5,,6,6,4,4,10,5,5,2,14,3,10,3,1,B03,7,2,1,8,1,7,,49,49,1,6,4,120.720784,24.313374,3
4772,66000,387130000C,(04)23274275,(04)23288582,2025,8,13,9,58,臺中市,北屯區,0,0,0,7,,,50,,,,,,,,,,,,,,13,,,,,C03,,,5,,11,,,7,7,1,12,4,120.692794,24.162343,3
4773,66000,387130000C,(04)23274275,(04)23288582,2025,8,13,9,58,臺中市,西屯區,0,0,0,7,,,50,,,,,,,,,,,,,,12,,,,,B03,,,1,,1,,,8,8,1,13,4,120.603872,24.186067,3
4774,66000,387130000C,(04)23274275,(04)23288582,2025,8,13,10,0,臺中市,南區,0,0,0,7,,,30,,,,,,,,,,,,,,17,,,,,B03,,,1,,1,,,14,14,1,12,4,120.681271,24.130074,3
4775,66000,387130000C,(04)23274275,(04)23288582,2025,8,13,10,0,臺中市,北屯區,0,0,0,7,,,50,,,,,,,,,,,,,,,,,,,B03,,,1,,1,,,49,49,1,12,4,120.725739,24.175789,3
4776,66000,387130000C,(04)23274275,(04)23288582,2025,8,13,10,1,臺中市,西屯區,0,1,0,6,3,6,50,4,1,1,5,4,6,6,1,1,5,4,4,2,12,3,10,5,4,B12,7,5,1,8,2,2,,8,8,1,12,4,120.635989,24.169183,2
4777,66000,387130000C,(04)23274275,(04)23288582,2025,8,13,10,2,臺中市,中區,0,1,0,6,2,6,50,4,1,1,5,4,6,6,1,1,10,5,5,2,1,3,10,3,1,B03,7,6,1,8,2,1,,84,84,1,12,4,120.681386,24.140824,2
4778,66000,387130000C,(04)23274275,(04)23288582,2025,8,13,10,2,臺中市,大里區,0,1,0,6,3,6,50,4,2,1,5,4,6,6,1,1,5,5,4,1,17,3,10,3,1,B03,7,11,1,8,2,1,,45,45,1,13,4,120.675978,24.101693,2
4779,66000,387130000C,(04)23274275,(04)23288582,2025,8,13,10,4,臺中市,大里區,0,0,0,7,,,50,,,,,,,,,,,,,,,,,,,B03,,,1,,1,,,50,50,1,12,4,120.664464,24.096892,3
4780,66000,387130000C,(04)23274275,(04)23288582,2025,8,13,10,7,臺中市,西區,0,0,0,6,,,50,,,,,,,,,,,,,,,,,,,B03,,,1,,10,,,84,84,2,12,4,120.665268,24.146718,3
4781,66000,387130000C,(04)23274275,(04)23288582,2025,8,13,10,9,臺中市,西屯區,0,0,0,7,,,50,,,,,,,,,,,,,,17,,,,,,,,,,,,,87,87,1,,,120.603157,24.18474,3
4782,66000,387130000C,(04)23274275,(04)23288582,2025,8,13,10,25,臺中市,南屯區,0,2,0,7,3,6,50,13,8,1,5,4,6,6,4,4,9,5,4,2,12,3,10,3,1,B03,7,7,1,8,2,2,,40,40,1,12,4,120.635302,24.149527,2
4783,66000,387130000C,(04)23274275,(04)23288582,2025,8,13,10,33,臺中市,梧棲區,0,0,0,7,,,50,,,,,,,,,,,,,,14,,,,,B03,,,1,,1,,,49,49,1,6,4,120.533086,24.254226,3
4784,66000,387130000C,(04)23274275,(04)23288582,2025,8,13,10,33,臺中市,東勢區,0,1,0,6,2,6,60,3,1,1,5,4,6,6,1,1,10,5,5,2,12,3,10,5,4,B12,7,5,1,8,2,5,,11,11,1,12,4,120.827705,24.251138,2
4785,66000,387130000C,(04)23274275,(04)23288582,2025,8,13,10,35,臺中市,太平區,0,0,0,7,,,30,,,,,,,,,,,,,,14,,,,,B03,,,1,,2,,,49,49,1,6,4,120.718878,24.144899,3
4786,66000,387130000C,(04)23274275,(04)23288582,2025,8,13,10,40,臺中市,南屯區,0,1,0,6,3,6,50,13,9,1,5,4,6,6,4,4,1,4,5,2,17,2,9,1,1,C03,7,8,1,10,2,14,,40,40,1,6,4,120.616286,24.146186,2
4787,66000,387130000C,(04)23274275,(04)23288582,2025,8,13,10,44,臺中市,北屯區,0,1,0,6,2,6,50,13,9,1,5,4,6,6,4,4,9,5,5,2,13,2,9,1,1,C03,7,6,1,10,2,14,,84,84,1,13,4,120.694586,24.171785,2
4788,66000,387130000C,(04)23274275,(04)23288582,2025,8,13,10,46,臺中市,西屯區,0,1,0,7,2,6,50,13,7,1,5,4,6,6,4,4,8,4,4,2,18,2,8,5,4,C03,7,12,1,10,2,16,,84,84,1,13,4,120.61403,24.192177,2
4789,66000,387130000C,(04)23274275,(04)23288582,2025,8,13,10,47,臺中市,北區,0,1,0,7,2,6,50,13,9,1,5,4,6,6,4,4,4,5,5,2,17,3,10,3,1,B03,7,1,1,8,2,4,,51,51,1,13,4,120.68102,24.153152,2
4790,66000,387130000C,(04)23274275,(04)23288582,2025,8,13,10,54,臺中市,西屯區,0,1,0,6,2,6,40,4,1,1,4,4,6,6,2,1,10,5,5,2,16,2,9,2,1,C03,7,5,1,10,2,12,,47,47,1,12,4,120.620158,24.178572,2
4791,66000,387130000C,(04)23274275,(04)23288582,2025,8,13,10,54,臺中市,烏日區,0,1,0,7,2,6,50,4,1,1,5,4,6,6,1,1,1,4,5,2,16,3,10,3,1,B03,7,11,1,8,2,5,,45,45,1,6,4,120.615638,24.11393,2
4792,66000,387130000C,(04)23274275,(04)23288582,2025,8,13,10,56,臺中市,東區,0,0,0,6,,,50,,,,,,,,,,,,,,,,,,,B03,,,1,,1,,,7,7,1,12,4,120.709269,24.135319,3
4793,66000,387130000C,(04)23274275,(04)23288582,2025,8,13,11,0,臺中市,西屯區,0,1,0,7,2,6,35,11,9,1,5,4,6,6,4,4,10,5,5,1,30,2,9,5,4,C03,7,6,1,10,2,14,,84,84,1,12,4,120.632208,24.178418,2
4794,66000,387130000C,(04)23274275,(04)23288582,2025,8,13,11,0,臺中市,豐原區,0,0,0,7,,,50,,,,,,,,,,,,,,17,,,,,A12,,,1,,2,,,8,8,1,13,4,120.722363,24.276768,3
4795,66000,387130000C,(04)23274275,(04)23288582,2025,8,13,11,1,臺中市,西屯區,0,1,0,7,2,6,50,3,1,1,5,4,6,6,4,4,10,5,5,2,12,3,10,5,4,B03,7,9,1,8,2,5,,7,7,1,13,4,120.637442,24.180161,2
4796,66000,387130000C,(04)23274275,(04)23288582,2025,8,13,11,5,臺中市,南區,0,0,0,7,,,50,,,,,,,,,,,,,,17,,,,,C03,,,1,,1,,,50,50,1,6,4,120.660869,24.118455,3
4797,66000,387130000C,(04)23274275,(04)23288582,2025,8,13,11,15,臺中市,西區,0,0,0,7,,,50,,,,,,,,,,,,,,13,,,,,B03,,,1,,1,,,78,78,1,12,4,120.672555,24.14028,3
4798,66000,387130000C,(04)23274275,(04)23288582,2025,8,13,11,17,臺中市,后里區,0,2,0,6,3,6,50,4,1,1,5,4,6,6,1,1,5,4,4,1,16,2,9,1,1,C03,7,6,1,10,1,12,,11,11,1,6,4,120.70973,24.305207,2
4799,66000,387130000C,(04)23274275,(04)23288582,2025,8,13,11,19,臺中市,潭子區,0,0,0,7,,,40,,,,,,,,,,,,,,1,,,,,B12,,,1,,2,,,8,8,1,12,4,120.704479,24.230375,3
4800,66000,387130000C,(04)23274275,(04)23288582,2025,8,13,11,23,臺中市,大里區,0,2,0,6,2,6,50,5,2,1,5,4,6,6,1,1,1,4,5,1,17,2,8,1,1,C03,7,15,3,19,2,12,,84,84,1,13,4,120.681056,24.104903,2
4801,66000,387130000C,(04)23274275,(04)23288582,2025,8,13,11,28,臺中市,西屯區,0,0,0,7,,,30,,,,,,,,,,,,,,17,,,,,B03,,,1,,2,,,8,8,1,13,4,120.61245,24.159881,3
4802,66000,387130000C,(04)23274275,(04)23288582,2025,8,13,11,28,臺中市,清水區,0,1,0,6,3,6,70,13,8,1,5,4,6,6,4,4,1,4,4,1,12,3,10,3,1,B03,7,7,1,8,2,2,,40,40,1,12,4,120.569057,24.272993,2
4803,66000,387130000C,(04)23274275,(04)23288582,2025,8,13,11,31,臺中市,西屯區,0,0,0,6,,,50,,,,,,,,,,,,,,17,,,,,B02,,,1,,1,,,45,45,1,12,4,120.607485,24.195133,3
4804,66000,387130000C,(04)23274275,(04)23288582,2025,8,13,11,36,臺中市,東區,0,1,0,7,3,6,50,4,9,1,5,4,6,6,1,1,5,5,5,2,17,3,10,5,4,B12,7,9,1,8,2,5,,7,7,1,6,4,120.705302,24.130285,2
4805,66000,387130000C,(04)23274275,(04)23288582,2025,8,13,11,38,臺中市,潭子區,0,0,0,7,,,50,,,,,,,,,,,,,,,,,,,B01,,,1,,2,,,49,49,1,13,4,120.704292,24.21079,3
4806,66000,387130000C,(04)23274275,(04)23288582,2025,8,13,11,50,臺中市,北屯區,0,0,0,7,,,50,,,,,,,,,,,,,,12,,,,,B03,,,1,,2,,,40,40,1,12,4,120.721811,24.181854,3
4807,66000,387130000C,(04)23274275,(04)23288582,2025,8,13,11,52,臺中市,大雅區,0,0,0,7,,,0,,,,,,,,,,,,,,,,,,,B03,,,1,,1,,,50,50,1,13,4,120.643478,24.220147,3
4808,66000,387130000C,(04)23274275,(04)23288582,2025,8,13,11,55,臺中市,南屯區,0,0,0,7,,,50,,,,,,,,,,,,,,,,,,,B11,,,1,,1,,,85,85,1,12,4,120.643381,24.133244,3
4809,66000,387130000C,(04)23274275,(04)23288582,2025,8,13,11,59,臺中市,北區,0,0,0,7,,,30,,,,,,,,,,,,,,,,,,,B03,,,1,,1,,,43,43,1,12,4,120.680515,24.15872,3
4810,66000,387130000C,(04)23274275,(04)23288582,2025,8,13,12,0,臺中市,南屯區,0,0,0,7,,,50,,,,,,,,,,,,,,,,,,,B02,,,1,,1,,,51,51,1,6,4,120.654025,24.138344,3
4811,66000,387130000C,(04)23274275,(04)23288582,2025,8,13,12,4,臺中市,東區,0,0,0,6,,,50,,,,,,,,,,,,,,,,,,,B12,,,1,,1,,,7,7,1,12,4,120.693024,24.134762,3
4812,66000,387130000C,(04)23274275,(04)23288582,2025,8,13,12,5,臺中市,西屯區,0,2,0,7,2,6,50,4,1,1,4,4,6,6,4,4,10,5,5,2,12,2,9,2,1,F03,7,6,7,21,2,14,,48,48,1,13,4,120.663148,24.177472,2
4813,66000,387130000C,(04)23274275,(04)23288582,2025,8,13,12,5,臺中市,烏日區,0,0,0,7,,,30,,,,,,,,,,,,,,17,,,,,B03,,,1,,2,,,8,8,1,6,4,120.64372,24.077261,3
4814,66000,387130000C,(04)23274275,(04)23288582,2025,8,13,12,7,臺中市,南區,0,0,0,7,,,50,,,,,,,,,,,,,,17,,,,,B03,,,1,,1,,,45,45,1,12,4,120.662013,24.129572,3
4815,66000,387130000C,(04)23274275,(04)23288582,2025,8,13,12,11,臺中市,北區,0,1,0,7,3,6,50,4,2,1,5,4,6,6,1,1,5,2,5,2,18,2,9,5,4,C03,7,9,1,10,2,12,,84,84,1,13,4,120.684317,24.165454,2
4816,66000,387130000C,(04)23274275,(04)23288582,2025,8,13,12,11,臺中市,南屯區,0,1,0,7,2,6,50,4,9,1,5,4,6,6,1,1,9,4,5,2,12,2,9,1,1,C03,7,1,1,10,2,11,,51,51,1,12,4,120.60182,24.139314,2
4817,66000,387130000C,(04)23274275,(04)23288582,2025,8,13,12,14,臺中市,大甲區,0,1,0,6,3,6,50,5,1,1,5,4,6,6,1,1,5,5,5,1,13,3,10,3,1,B03,7,9,1,8,2,1,,59,59,1,6,4,120.617421,24.349349,2
4818,66000,387130000C,(04)23274275,(04)23288582,2025,8,13,12,15,臺中市,西屯區,0,0,0,7,,,30,,,,,,,,,,,,,,14,,,,,B03,,,1,6,1,,,49,49,1,12,4,120.61699,24.183385,3
4819,66000,387130000C,(04)23274275,(04)23288582,2025,8,13,12,16,臺中市,大里區,0,1,0,6,3,6,50,4,2,1,5,4,6,6,1,1,1,4,4,1,2,3,10,3,1,B02,7,5,1,3,2,5,,10,10,1,13,4,120.680076,24.104644,2
4820,66000,387130000C,(04)23274275,(04)23288582,2025,8,13,12,17,臺中市,中區,0,1,0,6,2,6,50,13,9,1,5,4,6,6,4,4,10,4,5,2,12,2,9,1,1,C03,7,8,1,10,2,14,,40,40,1,12,4,120.680066,24.143397,2
4821,66000,387130000C,(04)23274275,(04)23288582,2025,8,13,12,24,臺中市,后里區,0,1,0,7,3,6,50,13,14,1,5,4,6,6,4,4,9,5,5,1,17,2,9,1,1,F03,7,9,7,21,2,11,,58,58,1,12,4,120.712927,24.299189,2
4822,66000,387130000C,(04)23274275,(04)23288582,2025,8,13,12,25,臺中市,南屯區,0,1,0,7,3,6,50,13,9,1,5,4,6,6,4,4,1,4,5,2,12,3,10,3,1,B03,7,7,1,8,1,2,,8,8,1,12,4,120.646996,24.148139,2
4823,66000,387130000C,(04)23274275,(04)23288582,2025,8,13,12,38,臺中市,北區,0,1,0,7,2,6,50,13,9,1,5,4,6,6,4,4,5,4,5,2,12,3,10,3,1,B03,7,1,1,8,2,8,,51,51,1,13,4,120.676662,24.166858,2
4824,66000,387130000C,(04)23274275,(04)23288582,2025,8,13,12,46,臺中市,豐原區,0,0,0,7,,,50,,,,,,,,,,,,,,17,,,,,F01,,,1,,1,,,59,59,1,12,1,120.724491,24.244027,3
4825,66000,387130000C,(04)23274275,(04)23288582,2025,8,13,12,55,臺中市,西區,0,0,0,7,,,50,,,,,,,,,,,,,,,,,,,B01,,,1,,2,,,84,84,1,12,4,120.660911,24.150843,3
4826,66000,387130000C,(04)23274275,(04)23288582,2025,8,13,12,57,臺中市,太平區,0,1,0,7,3,6,50,5,1,1,5,4,6,6,2,1,5,5,4,2,3,3,10,3,1,B03,7,6,1,8,2,5,,84,84,1,12,4,120.713128,24.143407,2
4827,66000,387130000C,(04)23274275,(04)23288582,2025,8,13,12,59,臺中市,南屯區,0,0,0,7,,,50,,,,,,,,,,,,,,17,,,,,B01,,,1,,1,,,51,51,1,6,4,120.645639,24.134488,3
4828,66000,387130000C,(04)23274275,(04)23288582,2025,8,13,13,0,臺中市,北區,0,0,0,7,,,30,,,,,,,,,,,,,,,,,,,H04,,,1,,2,,,109,109,1,13,4,120.670498,24.172726,3
4829,66000,387130000C,(04)23274275,(04)23288582,2025,8,13,13,15,臺中市,西區,0,0,0,6,,,50,,,,,,,,,,,,,,,,,,,B03,,,1,,1,,,7,7,1,12,4,120.667532,24.141802,3
4830,66000,387130000C,(04)23274275,(04)23288582,2025,8,13,13,19,臺中市,大里區,0,2,0,7,2,6,50,13,9,1,5,4,6,3,4,4,5,5,5,2,17,2,9,2,1,C03,7,1,1,10,2,11,,51,51,1,12,4,120.688889,24.116446,2
4831,66000,387130000C,(04)23274275,(04)23288582,2025,8,13,13,20,臺中市,北區,0,0,0,7,,,50,,,,,,,,,,,,,,,,,,,B01,,,1,,1,,,51,51,1,12,4,120.66938,24.164756,4
4832,66000,387130000C,(04)23274275,(04)23288582,2025,8,13,13,23,臺中市,大里區,0,1,0,6,2,6,50,4,1,1,5,4,6,6,1,1,5,5,5,2,16,3,10,3,1,B12,7,5,1,1,2,5,,11,11,1,13,4,120.699067,24.110198,2
4833,66000,387130000C,(04)23274275,(04)23288582,2025,8,13,13,26,臺中市,南區,0,1,0,7,3,6,50,3,1,1,5,4,6,6,4,4,10,5,5,2,30,,,,,,,,,,,,,116,116,1,,,120.681284,24.126543,2
4834,66000,387130000C,(04)23274275,(04)23288582,2025,8,13,13,30,臺中市,北屯區,0,1,0,7,2,6,50,3,1,1,5,4,6,6,4,4,4,4,5,2,17,2,9,2,1,C03,7,5,1,10,2,12,,84,84,1,13,4,120.680727,24.171998,2
4835,66000,387130000C,(04)23274275,(04)23288582,2025,8,13,13,32,臺中市,北屯區,0,0,0,7,,,50,,,,,,,,,,,,,,13,,,,,B12,,,1,,1,,,58,58,1,6,4,120.663799,24.199678,3
4836,66000,387130000C,(04)23274275,(04)23288582,2025,8,13,13,34,臺中市,沙鹿區,0,1,0,6,2,6,50,13,8,1,5,4,6,6,4,4,1,4,4,2,17,3,10,3,1,B03,7,9,1,7,2,5,,59,59,1,6,4,120.569292,24.255665,2
4837,66000,387130000C,(04)23274275,(04)23288582,2025,8,13,13,36,臺中市,西區,0,0,0,7,,,50,,,,,,,,,,,,,,,,,,,B12,,,1,,1,,,75,75,1,13,4,120.676918,24.141797,3
4838,66000,387130000C,(04)23274275,(04)23288582,2025,8,13,13,36,臺中市,北屯區,0,0,0,7,,,50,,,,,,,,,,,,,,17,,,,,B03,,,1,,1,,,50,50,1,12,4,120.716495,24.166175,3
4839,66000,387130000C,(04)23274275,(04)23288582,2025,8,13,13,52,臺中市,北區,0,0,0,7,,,40,,,,,,,,,,,,,,12,,,,,B03,,,1,,1,,,40,40,1,13,4,120.671744,24.171146,3
4840,66000,387130000C,(04)23274275,(04)23288582,2025,8,13,13,53,臺中市,北屯區,0,1,0,7,3,6,50,4,1,1,5,4,6,6,1,1,10,5,5,2,17,2,9,1,1,C03,7,9,3,19,9,14,,85,85,1,12,4,120.677078,24.185883,2
4841,66000,387130000C,(04)23274275,(04)23288582,2025,8,13,13,54,臺中市,北屯區,0,0,0,7,,,50,,,,,,,,,,,,,,13,,,,,B03,,,1,,2,,,59,59,1,13,4,120.671249,24.174139,3
4842,66000,387130000C,(04)23274275,(04)23288582,2025,8,13,13,57,臺中市,北區,0,0,0,7,,,50,,,,,,,,,,,,,,,,,,,A05,,,1,,11,,,84,84,1,13,4,120.694808,24.155121,3
4843,66000,387130000C,(04)23274275,(04)23288582,2025,8,13,14,1,臺中市,西屯區,0,0,0,6,,,60,,,,,,,,,,,,,,13,,,,,B03,,,1,,1,,,7,7,1,12,4,120.636724,24.170849,3
4844,66000,387130000C,(04)23274275,(04)23288582,2025,8,13,14,4,臺中市,東區,0,1,0,7,3,6,30,13,9,1,5,4,6,6,4,4,10,5,5,2,14,3,10,5,4,B12,7,2,1,8,2,7,,49,49,1,6,4,120.691558,24.131762,2
4845,66000,387130000C,(04)23274275,(04)23288582,2025,8,13,14,4,臺中市,大里區,0,0,0,7,,,50,,,,,,,,,,,,,,12,,,,,B03,,,1,,1,,,8,8,1,13,4,120.691222,24.080939,3
4846,66000,387130000C,(04)23274275,(04)23288582,2025,8,13,14,4,臺中市,烏日區,0,0,0,7,,,50,,,,,,,,,,,,,,23,,,,,B03,,,1,,2,,,58,58,1,6,4,120.618445,24.11171,3
4847,66000,387130000C,(04)23274275,(04)23288582,2025,8,13,14,5,臺中市,太平區,0,0,0,6,,,50,,,,,,,,,,,,,,17,,,,,B03,,,1,,2,,,45,45,1,6,4,120.701181,24.153,3
4848,66000,387130000C,(04)23274275,(04)23288582,2025,8,13,14,10,臺中市,太平區,0,0,0,7,,,50,,,,,,,,,,,,,,,,,,,A11,,,1,,1,,,84,84,1,12,4,120.705297,24.148729,3
4849,66000,387130000C,(04)23274275,(04)23288582,2025,8,13,14,15,臺中市,西屯區,0,0,0,7,,3,40,,,,,,,,,,,,,,17,,,,,B03,,,1,,1,,,8,8,1,13,4,120.627997,24.161463,3
4850,66000,387130000C,(04)23274275,(04)23288582,2025,8,13,14,20,臺中市,后里區,0,1,0,6,3,6,40,13,7,1,5,4,6,6,4,4,5,4,4,2,17,2,9,1,1,C03,7,1,1,10,2,11,,51,51,1,6,4,120.696202,24.313246,2
4851,66000,387130000C,(04)23274275,(04)23288582,2025,8,13,14,21,臺中市,南屯區,0,2,0,7,2,6,50,5,2,1,5,4,6,6,2,1,5,4,4,2,17,3,10,3,1,B03,7,9,1,8,2,1,,7,7,1,12,4,120.628399,24.140188,2
4852,66000,387130000C,(04)23274275,(04)23288582,2025,8,13,14,23,臺中市,南區,0,0,0,7,,,50,,,,,,,,,,,,,,13,,,,,B03,,,1,,1,,,84,84,1,12,4,120.679277,24.127174,3
4853,66000,387130000C,(04)23274275,(04)23288582,2025,8,13,14,24,臺中市,中區,0,1,0,7,2,6,50,4,1,1,5,4,6,6,4,4,10,5,5,2,12,2,9,5,4,F01,7,8,7,21,2,14,,84,84,1,12,4,120.680507,24.137605,2
4854,66000,387130000C,(04)23274275,(04)23288582,2025,8,13,14,26,臺中市,神岡區,0,0,0,7,,,50,,,,,,,,,,,,,,17,,,,,B03,,,1,,2,,,4,4,1,6,4,120.644952,24.277819,3
4855,66000,387130000C,(04)23274275,(04)23288582,2025,8,13,14,30,臺中市,西屯區,0,0,0,7,,,50,,,,,,,,,,,,,,13,,,,,B03,,,1,6,2,,,7,7,1,12,4,120.642153,24.16443,3
4856,66000,387130000C,(04)23274275,(04)23288582,2025,8,13,14,35,臺中市,西屯區,0,1,0,7,2,6,40,3,7,1,5,4,6,6,4,4,5,5,4,2,17,3,10,5,4,B03,7,13,1,8,2,5,,76,76,1,13,4,120.651559,24.170216,2
4857,66000,387130000C,(04)23274275,(04)23288582,2025,8,13,14,40,臺中市,中區,0,0,0,7,2,6,50,13,9,1,5,4,6,6,4,4,10,2,5,2,,,,,,B01,,,1,,2,,,40,40,1,12,4,120.677572,24.144109,3
4858,66000,387130000C,(04)23274275,(04)23288582,2025,8,13,14,40,臺中市,北屯區,0,0,0,7,,,50,,,,,,,,,,,,,,14,,,,,B03,,,1,,2,,,49,49,1,13,4,120.684239,24.187375,3
4859,66000,387130000C,(04)23274275,(04)23288582,2025,8,13,14,43,臺中市,北屯區,0,3,0,7,2,6,30,11,9,1,5,4,6,6,4,4,10,5,5,2,11,2,9,1,1,C03,7,9,3,19,2,14,,41,41,1,6,4,120.745266,24.19284,2
4860,66000,387130000C,(04)23274275,(04)23288582,2025,8,13,14,50,臺中市,北區,0,0,0,7,,,30,,,,,,,,,,,,,,,,,,,,,,,,,,,119,119,1,,,120.676651,24.154564,3
4861,66000,387130000C,(04)23274275,(04)23288582,2025,8,13,14,50,臺中市,南屯區,0,0,0,7,,,50,,,,,,,,,,,,,,,,,,,B12,,,1,,1,,,49,49,1,12,4,120.650922,24.153733,3
4862,66000,387130000C,(04)23274275,(04)23288582,2025,8,13,14,50,臺中市,豐原區,0,1,0,7,2,6,50,13,9,1,5,4,6,6,4,4,5,5,5,1,17,3,10,5,1,B03,7,13,1,8,2,4,,76,76,1,13,4,120.729157,24.243801,2
4863,66000,387130000C,(04)23274275,(04)23288582,2025,8,13,14,59,臺中市,西區,0,1,0,7,1,6,50,4,1,1,5,4,6,6,4,4,10,5,5,1,30,2,9,5,4,C03,7,9,1,10,2,16,,84,84,1,12,4,120.663021,24.149034,2
4864,66000,387130000C,(04)23274275,(04)23288582,2025,8,13,14,59,臺中市,西屯區,0,0,0,7,,,40,,,,,,,,,,,,,,12,,,,,A11,,,1,3,2,,,35,35,1,12,4,120.645191,24.162759,3
4865,66000,387130000C,(04)23274275,(04)23288582,2025,8,13,15,6,臺中市,神岡區,0,1,0,6,2,6,50,13,9,1,5,4,6,6,4,4,5,5,5,1,17,3,10,3,1,B03,7,9,1,8,2,7,,42,42,1,12,4,120.694892,24.233161,2
4866,66000,387130000C,(04)23274275,(04)23288582,2025,8,13,15,9,臺中市,沙鹿區,0,2,0,7,2,6,50,4,2,1,5,4,6,6,1,1,8,3,4,1,17,2,9,5,4,C03,7,8,1,10,2,14,,40,40,1,13,4,120.561315,24.242652,2
4867,66000,387130000C,(04)23274275,(04)23288582,2025,8,13,15,10,臺中市,南區,0,0,0,7,,,50,,,,,,,,,,,,,,17,,,,,A12,,,1,,2,,,51,51,1,12,4,120.66556,24.115399,3
4868,66000,387130000C,(04)23274275,(04)23288582,2025,8,13,15,30,臺中市,西屯區,0,0,0,7,,,30,,,,,,,,,,,,,,17,,,,,B11,,,1,3,1,,,8,8,1,13,4,120.64589,24.179303,4
4869,66000,387130000C,(04)23274275,(04)23288582,2025,8,13,15,37,臺中市,東勢區,0,1,0,7,3,6,50,13,9,1,5,4,5,6,4,4,9,5,5,1,24,2,9,5,4,C03,7,9,1,10,2,11,,59,59,1,12,4,120.827824,24.258401,2
4870,66000,387130000C,(04)23274275,(04)23288582,2025,8,13,15,40,臺中市,東區,0,0,0,7,,,30,,,,,,,,,,,,,,14,,,,,B12,,,1,,1,,,49,49,1,12,4,120.701926,24.133394,3
4871,66000,387130000C,(04)23274275,(04)23288582,2025,8,13,15,40,臺中市,南屯區,0,0,0,6,,,50,,,,,,,,,,,,,,,,,,,B12,,,1,,9,,,84,84,1,12,4,120.584406,24.168009,3
4872,66000,387130000C,(04)23274275,(04)23288582,2025,8,13,15,42,臺中市,北區,0,0,0,7,3,6,50,3,2,1,5,4,6,6,2,1,4,5,5,2,17,,,,,C03,,,1,,1,,,42,42,1,13,4,120.683564,24.153406,4
4873,66000,387130000C,(04)23274275,(04)23288582,2025,8,13,15,43,臺中市,大里區,0,0,0,7,,,50,,,,,,,,,,,,,,17,,,,,B03,,,1,,2,,,84,84,1,12,4,120.706873,24.110342,3
4874,66000,387130000C,(04)23274275,(04)23288582,2025,8,13,15,45,臺中市,清水區,0,0,0,7,,,40,,,,,,,,,,,,,,,,,,,B12,,,1,,2,,,50,50,1,12,4,120.558153,24.271961,3