序號,縣市別代碼,機關代碼,市話,傳真,年,月,日,時,分,縣市,區,死亡數量,受傷數量,2-30,天候,道路照明設備,道路類別,道路速限,道路型態,事故位置,路面鋪裝,路面狀態,路面缺陷,障礙物,視距,號誌種類,號誌動作,分向設施,快車道或一般車道間,快慢車道間,路面邊線,事故類型及型態,受傷程度,主要傷處,保護裝備,行動電話或功能裝置,當事者區分(類別),車輛用途,當事者行動狀態,駕照狀態,駕照種類,飲酒情形,車輛撞擊部位最初,車輛撞擊部位其他,肇事因素個別,肇事因素主要,肇事逃逸,職業,共享經濟或外送平台,GPS座標X,GPS座標Y,事故類別
4875,66000,387130000C,(04)23274275,(04)23288582,2025,8,13,15,46,臺中市,東區,0,2,0,7,2,6,50,4,1,1,5,4,6,6,1,1,10,5,5,2,13,2,8,1,1,C03,7,9,1,10,2,11,,84,84,1,12,4,120.698104,24.142796,2
4876,66000,387130000C,(04)23274275,(04)23288582,2025,8,13,15,46,臺中市,西屯區,0,0,0,7,,,30,,,,,,,,,,,,,,,,,,,B03,,,1,,2,,,8,8,1,13,4,120.647938,24.200235,3
4877,66000,387130000C,(04)23274275,(04)23288582,2025,8,13,15,52,臺中市,西屯區,0,0,0,7,,,30,,,,,,,,,,,,,,,,,,,B03,,,1,,1,,,59,59,1,12,4,120.61638,24.185844,3
4878,66000,387130000C,(04)23274275,(04)23288582,2025,8,13,15,54,臺中市,南區,0,0,0,7,,,30,,,,,,,,,,,,,,,,,,,B12,,,1,,1,,,7,7,1,13,4,120.662511,24.120528,3
4879,66000,387130000C,(04)23274275,(04)23288582,2025,8,13,15,56,臺中市,西屯區,0,0,0,7,,,30,,,,,,,,,,,,,,14,,,,,B03,,,1,,1,,,50,50,1,12,4,120.641697,24.174332,3
4880,66000,387130000C,(04)23274275,(04)23288582,2025,8,13,15,59,臺中市,中區,0,1,0,7,2,6,50,5,1,1,5,4,6,6,1,1,10,5,5,2,18,2,9,1,1,C03,7,9,1,10,2,12,,59,59,1,12,4,120.684916,24.137577,2
4881,66000,387130000C,(04)23274275,(04)23288582,2025,8,13,15,59,臺中市,北屯區,0,0,0,7,,,50,,,,,,,,,,,,,,,,,,,B03,,,1,,1,,,40,40,1,13,4,120.718288,24.175561,3
4882,66000,387130000C,(04)23274275,(04)23288582,2025,8,13,16,1,臺中市,西區,0,0,0,7,,,50,,,,,,,,,,,,,,,,,,,C03,,,1,,2,,,84,84,1,13,4,120.663802,24.146808,3
4883,66000,387130000C,(04)23274275,(04)23288582,2025,8,13,16,3,臺中市,太平區,0,0,0,7,,,50,,,,,,,,,,,,,,30,,,,,A11,,,1,,2,,,84,84,1,6,4,120.715985,24.116005,3
4884,66000,387130000C,(04)23274275,(04)23288582,2025,8,13,16,9,臺中市,沙鹿區,0,2,0,6,2,6,50,3,1,1,5,4,6,6,4,4,10,5,5,2,16,2,9,2,1,C03,7,6,1,10,2,12,,48,48,1,6,4,120.566447,24.236993,2
4885,66000,387130000C,(04)23274275,(04)23288582,2025,8,13,16,10,臺中市,南屯區,0,1,0,7,2,6,50,4,7,1,5,4,6,6,3,1,9,4,4,2,17,2,9,1,1,C03,7,9,1,10,2,11,,24,24,1,12,4,120.641377,24.136076,2
4886,66000,387130000C,(04)23274275,(04)23288582,2025,8,13,16,13,臺中市,南屯區,0,1,0,7,2,6,50,4,1,1,5,4,6,6,4,4,10,5,5,2,15,3,10,3,1,B03,7,9,1,8,2,8,,12,12,1,13,4,120.639867,24.149969,2
4887,66000,387130000C,(04)23274275,(04)23288582,2025,8,13,16,15,臺中市,南屯區,0,0,0,7,,,50,,,,,,,,,,,,,,17,,,,,C03,,,1,,1,,,87,87,1,12,4,120.64972,24.129786,3
4888,66000,387130000C,(04)23274275,(04)23288582,2025,8,13,16,15,臺中市,大里區,0,3,0,7,2,6,50,3,1,1,5,4,6,6,1,1,10,5,5,2,17,2,8,2,1,C03,7,6,1,10,2,12,,20,20,1,6,4,120.715346,24.094402,2
4889,66000,387130000C,(04)23274275,(04)23288582,2025,8,13,16,18,臺中市,東區,0,1,0,7,2,6,50,3,1,1,5,4,6,6,4,4,9,4,5,2,17,2,9,1,1,C03,7,4,1,10,2,16,,1,1,1,12,4,120.69849,24.125614,2
4890,66000,387130000C,(04)23274275,(04)23288582,2025,8,13,16,20,臺中市,北屯區,0,0,0,7,,,50,,,,,,,,,,,,,,12,,,,,B03,,,1,,1,,,87,87,1,6,4,120.676132,24.199441,3
4891,66000,387130000C,(04)23274275,(04)23288582,2025,8,13,16,21,臺中市,北屯區,0,0,0,7,,,50,,,,,,,,,,,,,,16,,,,,B03,,,1,,1,,,20,20,1,6,4,120.699057,24.161235,3
4892,66000,387130000C,(04)23274275,(04)23288582,2025,8,13,16,23,臺中市,西區,0,1,0,6,2,6,40,13,7,1,5,4,6,6,4,4,1,4,4,2,17,3,10,3,1,B03,7,1,1,8,2,8,,51,51,1,12,4,120.666109,24.1418,2
4893,66000,387130000C,(04)23274275,(04)23288582,2025,8,13,16,30,臺中市,大里區,0,0,0,7,,,50,,,,,,,,,,,,,,13,,,,,B12,,,1,,2,,,7,7,1,6,4,120.676516,24.11209,3
4894,66000,387130000C,(04)23274275,(04)23288582,2025,8,13,16,30,臺中市,沙鹿區,0,0,0,7,,,50,,,,,,,,,,,,,,,,,,,B12,,,1,,2,,,50,50,1,13,4,120.561806,24.23356,3
4895,66000,387130000C,(04)23274275,(04)23288582,2025,8,13,16,32,臺中市,西區,0,1,0,7,1,6,40,13,8,1,5,4,6,6,1,1,1,4,3,1,17,2,9,5,4,C03,7,9,1,10,2,14,11,8,8,1,12,4,120.666927,24.153191,2
4896,66000,387130000C,(04)23274275,(04)23288582,2025,8,13,16,32,臺中市,北屯區,0,0,0,7,,,50,,,,,,,,,,,,,,17,,,,,C03,,,1,,1,,,42,42,1,5,4,120.674449,24.174079,3
4897,66000,387130000C,(04)23274275,(04)23288582,2025,8,13,16,34,臺中市,龍井區,0,0,0,7,2,6,30,13,9,1,5,4,6,6,4,4,10,5,5,2,12,3,10,3,1,A12,7,9,1,7,2,6,,8,8,1,6,4,120.584872,24.178243,3
4898,66000,387130000C,(04)23274275,(04)23288582,2025,8,13,16,40,臺中市,南區,0,2,0,7,2,6,40,4,2,1,5,4,6,6,2,1,5,2,4,2,13,2,9,1,1,C03,7,9,3,19,2,11,,7,7,1,12,4,120.670181,24.114821,2
4899,66000,387130000C,(04)23274275,(04)23288582,2025,8,13,16,41,臺中市,西區,0,1,0,6,2,6,40,13,8,1,5,4,6,6,4,4,1,4,4,2,17,3,10,1,1,C03,7,9,1,10,2,11,,84,84,1,12,4,120.666528,24.134002,2
4900,66000,387130000C,(04)23274275,(04)23288582,2025,8,13,16,44,臺中市,北屯區,0,2,0,7,3,6,50,4,1,1,5,4,6,6,4,4,10,5,5,2,17,2,9,1,1,C03,7,9,1,10,2,12,,15,15,1,12,4,120.663988,24.188161,2
4901,66000,387130000C,(04)23274275,(04)23288582,2025,8,13,16,51,臺中市,北屯區,0,2,0,7,1,6,50,4,2,1,5,4,6,6,1,1,3,4,5,2,12,2,9,1,1,C03,7,9,1,10,2,14,,26,26,1,13,4,120.685567,24.172128,2
4902,66000,387130000C,(04)23274275,(04)23288582,2025,8,13,16,52,臺中市,北屯區,0,2,0,7,2,6,50,4,2,1,5,4,6,6,2,1,10,4,5,2,13,2,9,1,1,C03,7,15,1,10,2,12,,7,7,1,5,4,120.735931,24.175471,2
4903,66000,387130000C,(04)23274275,(04)23288582,2025,8,13,17,0,臺中市,西區,0,0,0,7,,,50,,,,,,,,,,,,,,17,,,,,B03,,,1,,2,,,49,49,1,12,4,120.669193,24.135644,3
4904,66000,387130000C,(04)23274275,(04)23288582,2025,8,13,17,2,臺中市,大里區,0,1,0,7,2,6,50,3,1,1,5,4,6,6,1,1,10,5,5,2,17,3,10,1,1,C03,7,1,1,10,2,13,,51,51,1,12,4,120.697024,24.100697,2
4905,66000,387130000C,(04)23274275,(04)23288582,2025,8,13,17,2,臺中市,大里區,0,0,0,6,,,50,,,,,,,,,,,,,,17,,,,,B03,,,1,,1,,,51,51,1,13,4,120.68177,24.104415,3
4906,66000,387130000C,(04)23274275,(04)23288582,2025,8,13,17,7,臺中市,龍井區,0,1,0,6,2,6,50,4,9,1,5,4,6,6,4,4,4,4,5,1,16,2,9,2,1,C03,7,6,1,10,2,11,,14,14,1,6,4,120.520073,24.217249,2
4907,66000,387130000C,(04)23274275,(04)23288582,2025,8,13,17,8,臺中市,霧峰區,0,0,0,7,,,40,,,,,,,,,,,,,,,,,,,B12,,,1,,1,,,7,7,1,13,4,120.663421,24.061747,3
4908,66000,387130000C,(04)23274275,(04)23288582,2025,8,13,17,11,臺中市,東勢區,0,1,0,6,2,6,50,13,9,1,5,4,6,6,4,4,5,5,5,1,30,2,9,1,1,C03,7,9,1,10,2,11,,87,87,1,12,4,120.838543,24.173899,2
4909,66000,387130000C,(04)23274275,(04)23288582,2025,8,13,17,12,臺中市,烏日區,0,1,0,7,2,6,50,13,9,1,5,4,6,6,4,4,5,4,5,2,2,3,10,3,1,B03,7,9,1,10,2,4,,84,84,1,6,4,120.596211,24.108408,2
4910,66000,387130000C,(04)23274275,(04)23288582,2025,8,13,17,12,臺中市,梧棲區,0,1,0,7,2,6,40,3,1,1,5,4,6,6,1,1,10,5,5,2,12,2,8,2,1,C03,7,9,1,10,2,11,,58,58,1,12,4,120.544232,24.246818,2
4911,66000,387130000C,(04)23274275,(04)23288582,2025,8,13,17,13,臺中市,神岡區,0,1,0,7,2,6,50,13,9,1,5,4,6,6,4,4,5,5,5,2,17,3,10,3,1,B03,7,5,1,8,2,2,,39,39,1,6,4,120.646967,24.278291,2
4912,66000,387130000C,(04)23274275,(04)23288582,2025,8,13,17,15,臺中市,大雅區,0,1,0,6,2,6,30,13,9,1,5,4,6,6,4,4,10,5,5,2,17,3,10,3,1,B03,7,2,1,8,2,7,,49,49,1,12,4,120.648194,24.21763,2
4913,66000,387130000C,(04)23274275,(04)23288582,2025,8,13,17,15,臺中市,大雅區,0,0,0,7,,,60,,,,,,,,,,,,,,,,,,,B03,,,1,,1,,,7,7,1,13,4,120.645858,24.223977,3
4914,66000,387130000C,(04)23274275,(04)23288582,2025,8,13,17,16,臺中市,龍井區,0,1,0,7,2,6,40,4,1,1,5,4,6,6,1,1,10,5,5,2,16,2,9,2,1,C03,7,5,1,10,2,12,,11,11,1,6,4,120.511527,24.223101,2
4915,66000,387130000C,(04)23274275,(04)23288582,2025,8,13,17,18,臺中市,西屯區,0,1,0,7,1,6,50,4,1,1,5,4,6,6,1,1,10,5,5,1,15,3,10,2,1,C03,7,9,1,10,2,11,,21,21,1,12,4,120.66014,24.200662,2
4916,66000,387130000C,(04)23274275,(04)23288582,2025,8,13,17,19,臺中市,北屯區,0,1,0,6,3,6,50,13,7,1,5,4,6,6,4,4,9,5,4,2,13,3,10,3,1,B03,7,9,1,8,2,1,,84,84,1,6,4,120.690332,24.191968,2
4917,66000,387130000C,(04)23274275,(04)23288582,2025,8,13,17,19,臺中市,西屯區,0,1,0,7,2,6,40,4,1,1,5,4,6,6,2,1,3,4,3,2,16,3,10,5,4,A41,7,5,1,1,2,2,,11,11,1,13,4,120.655601,24.199887,2
4918,66000,387130000C,(04)23274275,(04)23288582,2025,8,13,17,20,臺中市,南屯區,0,0,0,7,,,40,,,,,,,,,,,,,,14,,,,,B03,,,1,,1,,,49,49,1,12,4,120.650447,24.153466,3
4919,66000,387130000C,(04)23274275,(04)23288582,2025,8,13,17,22,臺中市,神岡區,0,0,0,7,,,30,,,,,,,,,,,,,,16,,,,,B03,,,1,,2,,,14,14,1,13,4,120.678215,24.251702,3
4920,66000,387130000C,(04)23274275,(04)23288582,2025,8,13,17,23,臺中市,神岡區,0,2,0,7,3,6,50,4,1,1,5,4,6,6,1,1,5,5,5,2,16,2,9,1,1,C03,7,9,1,10,2,11,,87,87,1,13,4,120.664966,24.26289,2
4921,66000,387130000C,(04)23274275,(04)23288582,2025,8,13,17,24,臺中市,大肚區,0,1,0,7,2,6,50,3,2,1,5,4,6,6,4,4,10,5,5,2,17,3,10,3,1,B03,7,1,1,8,2,8,,51,51,1,6,4,120.545524,24.153474,2
4922,66000,387130000C,(04)23274275,(04)23288582,2025,8,13,17,26,臺中市,東勢區,0,2,0,7,2,6,50,4,9,1,5,4,6,6,4,4,5,5,5,1,17,2,8,5,4,C03,7,9,1,10,2,11,,7,7,1,13,4,120.843454,24.245684,2
4923,66000,387130000C,(04)23274275,(04)23288582,2025,8,13,17,30,臺中市,潭子區,0,0,0,7,,,50,,,,,,,,,,,,,,,,,,,B03,,,5,,2,,,84,84,1,13,4,120.706878,24.220233,3
4924,66000,387130000C,(04)23274275,(04)23288582,2025,8,13,17,30,臺中市,北屯區,0,1,0,6,3,6,40,4,1,1,5,4,6,1,4,4,10,5,5,2,15,2,9,2,1,C03,7,9,1,10,2,11,,15,15,1,6,4,120.664223,24.188078,2
4925,66000,387130000C,(04)23274275,(04)23288582,2025,8,13,17,35,臺中市,西屯區,0,0,0,7,,,40,,,,,,,,,,,,,,13,,,,,C04,,,1,,2,,,42,42,1,12,4,120.655911,24.158976,3
4926,66000,387130000C,(04)23274275,(04)23288582,2025,8,13,17,38,臺中市,霧峰區,0,0,0,6,,,50,,,,,,,,,,,,,,17,,,,,B03,,,1,,1,,,50,50,1,13,4,120.701939,24.067828,3
4927,66000,387130000C,(04)23274275,(04)23288582,2025,8,13,17,40,臺中市,太平區,0,2,0,7,2,6,30,4,1,1,5,4,6,6,4,4,10,5,5,2,17,2,9,1,1,C03,7,9,1,10,2,11,,15,15,1,12,4,120.70852,24.149947,2
4928,66000,387130000C,(04)23274275,(04)23288582,2025,8,13,17,43,臺中市,潭子區,0,0,0,7,,,50,,,,,,,,,,,,,,15,,,,,C03,,,1,,2,,,85,85,1,12,4,120.722108,24.195406,3
4929,66000,387130000C,(04)23274275,(04)23288582,2025,8,13,17,45,臺中市,西屯區,0,0,0,7,,3,80,,,,,,,,,,,,,,,,,,,B03,,,1,,1,,,7,7,1,12,4,120.634948,24.179291,3
4930,66000,387130000C,(04)23274275,(04)23288582,2025,8,13,17,46,臺中市,豐原區,0,0,0,7,,,30,,,,,,,,,,,,,,,,,,,A12,,,1,,2,,,84,84,1,13,4,120.715486,24.275495,3
4931,66000,387130000C,(04)23274275,(04)23288582,2025,8,13,17,47,臺中市,西屯區,0,1,0,7,2,6,50,3,2,1,5,4,6,6,2,1,5,4,5,2,2,4,11,5,4,B03,7,9,1,8,1,15,,8,8,1,12,4,120.614031,24.175686,2
4932,66000,387130000C,(04)23274275,(04)23288582,2025,8,13,17,47,臺中市,大肚區,0,1,0,7,2,6,70,4,1,1,5,4,6,6,2,1,10,5,5,2,16,2,8,1,1,C03,7,9,1,10,2,14,,87,87,1,6,4,120.548836,24.146951,2
4933,66000,387130000C,(04)23274275,(04)23288582,2025,8,13,17,48,臺中市,北區,0,0,0,7,,,50,,,,,,,,,,,,,,17,,,,,C03,,,1,,1,,,8,8,1,13,4,120.675354,24.171403,3
4934,66000,387130000C,(04)23274275,(04)23288582,2025,8,13,17,50,臺中市,南屯區,0,0,0,7,,,50,,,,,,,,,,,,,,13,,,,,B03,,,1,,1,,,7,7,1,12,4,120.608019,24.151116,3
4935,66000,387130000C,(04)23274275,(04)23288582,2025,8,13,17,50,臺中市,北屯區,0,0,0,7,,,50,,,,,,,,,,,,,,13,,,,,B03,,,1,,1,,,7,7,1,6,4,120.686582,24.201323,3
4936,66000,387130000C,(04)23274275,(04)23288582,2025,8,13,17,51,臺中市,東區,0,2,0,7,3,6,50,4,1,1,5,4,6,6,1,1,10,5,5,2,16,2,9,2,1,C03,7,5,1,10,2,11,,47,47,1,13,4,120.702897,24.142703,2
4937,66000,387130000C,(04)23274275,(04)23288582,2025,8,13,17,52,臺中市,沙鹿區,0,1,0,7,2,6,50,13,9,1,5,4,6,6,4,4,5,5,5,2,13,2,7,1,1,C03,7,9,1,10,2,11,,7,7,1,12,4,120.572653,24.197694,2
4938,66000,387130000C,(04)23274275,(04)23288582,2025,8,13,17,53,臺中市,大雅區,0,0,0,7,,,30,,,,,,,,,,,,,,,,,,,B03,,,1,,2,,,48,48,1,13,4,120.630994,24.219991,4
4939,66000,387130000C,(04)23274275,(04)23288582,2025,8,13,17,57,臺中市,大雅區,0,1,0,7,1,6,50,13,9,1,5,4,6,6,4,4,5,5,5,2,17,2,8,1,1,C03,7,4,1,10,2,15,,84,84,1,13,4,120.629026,24.206756,2
4940,66000,387130000C,(04)23274275,(04)23288582,2025,8,13,17,59,臺中市,沙鹿區,0,1,0,7,2,6,50,13,7,1,5,4,6,6,4,4,3,3,3,1,17,2,9,5,4,C03,7,9,1,10,2,14,,59,59,1,13,4,120.563905,24.247911,2
4941,66000,387130000C,(04)23274275,(04)23288582,2025,8,13,18,0,臺中市,北屯區,0,0,0,7,,,50,,,,,,,,,,,,,,,,,,,B03,,,1,,2,,,40,40,1,13,4,120.686904,24.202295,4
4942,66000,387130000C,(04)23274275,(04)23288582,2025,8,13,18,2,臺中市,北區,0,2,0,7,2,6,50,4,4,1,5,4,6,6,1,1,1,3,5,2,13,2,9,5,4,C03,7,12,5,19,2,11,,7,7,1,13,4,120.690878,24.159081,2
4943,66000,387130000C,(04)23274275,(04)23288582,2025,8,13,18,7,臺中市,西屯區,0,0,0,7,,,50,,,,,,,,,,,,,,14,,,,,B03,,,1,,1,,,49,49,1,12,4,120.640593,24.156662,3
4944,66000,387130000C,(04)23274275,(04)23288582,2025,8,13,18,8,臺中市,西區,0,1,0,7,2,6,50,13,9,1,5,4,6,6,4,4,1,4,5,2,13,3,10,5,4,C03,7,9,1,10,2,12,,8,8,1,12,4,120.653744,24.150715,2
4945,66000,387130000C,(04)23274275,(04)23288582,2025,8,13,18,8,臺中市,西屯區,0,0,0,7,,,50,,,,,,,,,,,,,,17,,,,,C03,,,1,,2,,,8,8,1,13,4,120.65234,24.169825,3
4946,66000,387130000C,(04)23274275,(04)23288582,2025,8,13,18,9,臺中市,北屯區,0,1,0,7,2,6,50,4,1,1,5,4,6,6,4,4,10,5,5,2,15,2,9,2,1,C03,7,9,1,10,2,11,,12,12,1,12,4,120.663074,24.180488,2
4947,66000,387130000C,(04)23274275,(04)23288582,2025,8,13,18,10,臺中市,南屯區,0,0,0,7,,,50,,,,,,,,,,,,,,23,,,,,B03,,,1,,2,,,84,84,1,13,4,120.635316,24.151172,3
4948,66000,387130000C,(04)23274275,(04)23288582,2025,8,13,18,10,臺中市,龍井區,0,2,0,7,2,6,40,4,1,1,5,4,6,6,1,1,10,5,5,2,15,2,9,2,1,C03,7,9,1,10,2,12,,21,21,1,6,4,120.508093,24.215791,2
4949,66000,387130000C,(04)23274275,(04)23288582,2025,8,13,18,12,臺中市,北屯區,0,2,0,7,1,6,50,4,1,1,5,4,6,6,2,1,10,5,5,2,12,2,8,1,1,C04,7,11,1,10,2,14,,45,45,1,6,4,120.694594,24.174574,2
4950,66000,387130000C,(04)23274275,(04)23288582,2025,8,13,18,15,臺中市,新社區,0,0,0,6,,,50,,,,,,,,,,,,,,,,,,,B03,,,1,,2,,,15,15,1,12,4,120.806904,24.211085,3
4951,66000,387130000C,(04)23274275,(04)23288582,2025,8,13,18,17,臺中市,西屯區,0,0,0,6,,,50,,,,,,,,,,,,,,,,,,,C03,,,1,,1,,,7,7,1,13,4,120.617879,24.188308,3
4952,66000,387130000C,(04)23274275,(04)23288582,2025,8,13,18,18,臺中市,北區,0,1,0,7,1,6,50,4,1,1,5,4,6,6,4,4,10,5,5,2,17,2,9,5,4,C03,7,9,1,10,2,12,,15,15,1,13,4,120.695074,24.154522,2
4953,66000,387130000C,(04)23274275,(04)23288582,2025,8,13,18,21,臺中市,豐原區,0,0,0,7,,,50,,,,,,,,,,,,,,13,,,,,B03,,,1,,2,,,7,7,1,12,4,120.728912,24.24424,3
4954,66000,387130000C,(04)23274275,(04)23288582,2025,8,13,18,23,臺中市,西區,0,0,0,7,,,50,,,,,,,,,,,,,,17,,,,,B03,,,1,,1,,,84,84,1,13,4,120.659396,24.143076,3
4955,66000,387130000C,(04)23274275,(04)23288582,2025,8,13,18,27,臺中市,北屯區,0,1,0,7,2,6,50,4,1,1,5,4,6,6,1,1,1,5,5,2,16,3,10,3,1,B03,7,5,1,8,2,2,,84,84,1,6,4,120.686598,24.196553,2
4956,66000,387130000C,(04)23274275,(04)23288582,2025,8,13,18,27,臺中市,西屯區,0,1,0,7,1,6,50,13,9,1,5,4,6,6,4,4,5,4,5,1,13,3,10,3,1,B03,7,9,1,8,2,1,,59,59,1,12,4,120.650018,24.156104,2
4957,66000,387130000C,(04)23274275,(04)23288582,2025,8,13,18,32,臺中市,北屯區,0,0,0,7,,,50,,,,,,,,,,,,,,13,,,,,C03,,,1,10,1,,,7,7,1,6,4,120.706038,24.169544,3
4958,66000,387130000C,(04)23274275,(04)23288582,2025,8,13,18,36,臺中市,西區,0,0,0,7,,,50,,,,,,,,,,,,,,,,,,,B03,,,1,,2,,,8,8,1,12,4,120.66259,24.158247,3
4959,66000,387130000C,(04)23274275,(04)23288582,2025,8,13,18,40,臺中市,西屯區,0,1,0,7,2,6,50,3,1,1,5,4,6,6,4,4,3,4,5,2,16,3,10,3,1,B03,7,5,1,8,2,2,,47,47,1,12,4,120.619545,24.175129,2
4960,66000,387130000C,(04)23274275,(04)23288582,2025,8,13,18,45,臺中市,東區,0,0,0,7,,,50,,,,,,,,,,,,,,17,,,,,C03,,,2,,2,,,7,7,1,12,4,120.690102,24.127762,3
4961,66000,387130000C,(04)23274275,(04)23288582,2025,8,13,18,51,臺中市,南屯區,0,0,0,7,,,50,,,,,,,,,,,,,,,,,,,B03,,,1,,1,,,7,7,1,6,4,120.646405,24.136926,3
4962,66000,387130000C,(04)23274275,(04)23288582,2025,8,13,18,52,臺中市,豐原區,0,0,0,7,,,50,,,,,,,,,,,,,,16,,,,,B03,,,1,,1,,,84,84,1,13,4,120.71433,24.251726,3
4963,66000,387130000C,(04)23274275,(04)23288582,2025,8,13,18,54,臺中市,北區,0,1,0,7,1,6,50,4,1,1,5,4,6,6,1,1,10,5,5,2,16,2,9,5,4,C03,7,6,1,10,2,14,,48,48,1,13,4,120.668712,24.15626,2
4964,66000,387130000C,(04)23274275,(04)23288582,2025,8,13,19,2,臺中市,豐原區,0,1,0,7,1,6,50,4,2,1,5,4,6,6,1,1,1,2,5,1,17,2,9,1,4,C03,7,9,1,10,2,11,,84,84,1,13,4,120.719222,24.243249,2
4965,66000,387130000C,(04)23274275,(04)23288582,2025,8,13,19,12,臺中市,西屯區,0,0,0,7,,,50,,,,,,,,,,,,,,12,,,,,A41,,,1,,1,,,45,45,1,12,4,120.65149,24.2083,3
4966,66000,387130000C,(04)23274275,(04)23288582,2025,8,13,19,15,臺中市,豐原區,0,0,0,7,,,50,,,,,,,,,,,,,,14,,,,,B03,,,1,,1,,,50,50,1,12,4,120.710544,24.253087,3
4967,66000,387130000C,(04)23274275,(04)23288582,2025,8,13,19,17,臺中市,西屯區,0,0,0,7,,,50,,,,,,,,,,,,,,10,,,,,B03,,,1,,2,,,4,4,1,12,4,120.644577,24.174043,3
4968,66000,387130000C,(04)23274275,(04)23288582,2025,8,13,19,17,臺中市,霧峰區,0,0,0,7,,,50,,,,,,,,,,,,,,,,,,,B03,,,1,,1,,,8,8,1,13,4,120.665233,24.07958,3
4969,66000,387130000C,(04)23274275,(04)23288582,2025,8,13,19,18,臺中市,西屯區,0,0,0,7,,,50,,,,,,,,,,,,,,12,,,,,B03,,,1,,1,,,2,2,1,13,4,120.637721,24.166826,3
4970,66000,387130000C,(04)23274275,(04)23288582,2025,8,13,19,19,臺中市,烏日區,0,1,0,7,1,6,50,4,1,1,5,4,6,6,1,1,10,5,5,2,15,3,10,3,1,B03,7,9,1,8,2,1,,21,21,1,6,4,120.621663,24.101809,2
4971,66000,387130000C,(04)23274275,(04)23288582,2025,8,13,19,25,臺中市,北屯區,0,0,0,7,,,50,,,,,,,,,,,,,,17,,,,,B03,,,1,,1,,,58,58,1,6,4,120.698109,24.18422,3
4972,66000,387130000C,(04)23274275,(04)23288582,2025,8,13,19,25,臺中市,神岡區,0,0,0,7,,,50,,,,,,,,,,,,,,17,,,,,B03,,,1,,2,,,59,59,1,6,4,120.693148,24.248656,3
4973,66000,387130000C,(04)23274275,(04)23288582,2025,8,13,19,30,臺中市,沙鹿區,0,0,0,7,1,6,50,13,9,1,5,4,6,6,4,4,4,4,4,2,12,,,,,B03,,,5,,2,,,8,8,1,12,4,120.559205,24.231759,3
4974,66000,387130000C,(04)23274275,(04)23288582,2025,8,13,19,31,臺中市,南區,0,1,0,7,1,6,50,4,1,1,5,4,6,6,1,1,10,5,5,2,16,3,10,3,1,B03,7,5,1,8,2,5,,47,47,1,12,4,120.669051,24.128577,2
4975,66000,387130000C,(04)23274275,(04)23288582,2025,8,13,19,40,臺中市,西區,0,1,0,7,1,6,40,4,1,1,5,4,6,6,1,1,1,4,3,1,17,3,10,5,4,B03,7,8,1,8,2,16,,84,84,1,12,4,120.65777,24.15806,2
4976,66000,387130000C,(04)23274275,(04)23288582,2025,8,13,19,41,臺中市,北區,0,1,0,7,1,6,30,3,9,1,5,4,6,6,4,4,10,5,5,2,17,2,9,5,4,C03,7,6,1,10,2,12,,84,84,1,13,4,120.67582,24.154941,2
4977,66000,387130000C,(04)23274275,(04)23288582,2025,8,13,19,42,臺中市,南屯區,0,0,0,7,,,60,,,,,,,,,,,,,,11,,,,,B03,,,1,,1,,,8,8,1,12,4,120.623241,24.137107,3
4978,66000,387130000C,(04)23274275,(04)23288582,2025,8,13,19,48,臺中市,南屯區,0,1,0,7,1,6,50,4,1,1,5,4,6,6,1,1,10,5,5,2,17,2,9,2,1,C03,7,6,1,10,2,12,,48,48,1,12,4,120.643962,24.132079,2
4979,66000,387130000C,(04)23274275,(04)23288582,2025,8,13,19,50,臺中市,烏日區,0,0,0,7,,,50,,,,,,,,,,,,,,13,,,,,B03,,,1,,1,,,7,7,1,6,4,120.595631,24.110684,3
4980,66000,387130000C,(04)23274275,(04)23288582,2025,8,13,19,50,臺中市,烏日區,0,0,0,7,,,50,,,,,,,,,,,,,,13,,,,,B03,,,1,,1,,,7,7,1,6,4,120.650258,24.106926,3
4981,66000,387130000C,(04)23274275,(04)23288582,2025,8,13,19,59,臺中市,西區,0,0,0,7,,,50,,,,,,,,,,,,,,17,,,,,C03,,,1,,11,,,51,51,2,13,4,120.65512,24.1488,3
4982,66000,387130000C,(04)23274275,(04)23288582,2025,8,13,20,9,臺中市,太平區,0,1,0,7,1,6,50,13,7,1,5,4,6,6,4,4,9,5,4,2,13,2,9,2,1,C03,7,9,1,10,2,11,,84,84,1,12,4,120.71825,24.153204,2
4983,66000,387130000C,(04)23274275,(04)23288582,2025,8,13,20,10,臺中市,南屯區,0,0,0,7,,,40,,,,,,,,,,,,,,12,,,,,A02,,,1,,2,,,40,40,1,12,4,120.637184,24.15155,3
4984,66000,387130000C,(04)23274275,(04)23288582,2025,8,13,20,10,臺中市,龍井區,0,2,0,7,1,6,50,13,9,1,5,4,6,6,4,4,10,5,5,2,17,2,9,2,1,C03,7,9,1,10,2,11,,43,43,1,6,4,120.592197,24.18138,2
4985,66000,387130000C,(04)23274275,(04)23288582,2025,8,13,20,12,臺中市,西屯區,0,1,0,7,1,6,50,4,1,1,5,4,6,6,1,1,10,5,5,1,15,2,9,2,1,C03,7,9,1,10,1,12,,21,21,1,12,4,120.64735,24.193041,2
4986,66000,387130000C,(04)23274275,(04)23288582,2025,8,13,20,18,臺中市,中區,0,1,0,7,1,6,50,4,1,1,5,4,6,6,1,1,10,5,5,2,13,2,9,1,1,C03,7,9,1,10,2,12,,7,7,1,6,4,120.675975,24.141326,2