序號,縣市別代碼,機關代碼,市話,傳真,年,月,日,時,分,縣市,區,死亡數量,受傷數量,2-30,天候,道路照明設備,道路類別,道路速限,道路型態,事故位置,路面鋪裝,路面狀態,路面缺陷,障礙物,視距,號誌種類,號誌動作,分向設施,快車道或一般車道間,快慢車道間,路面邊線,事故類型及型態,受傷程度,主要傷處,保護裝備,行動電話或功能裝置,當事者區分(類別),車輛用途,當事者行動狀態,駕照狀態,駕照種類,飲酒情形,車輛撞擊部位最初,車輛撞擊部位其他,肇事因素個別,肇事因素主要,肇事逃逸,職業,共享經濟或外送平台,GPS座標X,GPS座標Y,事故類別
4987,66000,387130000C,(04)23274275,(04)23288582,2025,8,13,20,28,臺中市,南區,0,0,0,7,,,50,,,,,,,,,,,,,,13,,,,,B03,,,1,,1,,,82,82,1,12,4,120.657452,24.113092,3
4988,66000,387130000C,(04)23274275,(04)23288582,2025,8,13,20,31,臺中市,北屯區,0,0,0,7,,,50,,,,,,,,,,,,,,,,,,,C03,,,1,,1,,,26,26,1,13,4,120.690935,24.17102,3
4989,66000,387130000C,(04)23274275,(04)23288582,2025,8,13,20,37,臺中市,沙鹿區,0,1,0,7,1,6,40,3,1,1,5,4,6,6,1,1,10,5,5,2,17,3,10,1,1,C03,7,9,1,10,2,14,,7,7,1,12,4,120.578507,24.223391,2
4990,66000,387130000C,(04)23274275,(04)23288582,2025,8,13,20,50,臺中市,大里區,0,1,0,7,1,6,40,4,1,1,5,4,6,6,1,1,10,5,5,2,16,2,9,2,1,C03,7,6,1,10,2,14,,48,48,1,13,4,120.686076,24.11037,2
4991,66000,387130000C,(04)23274275,(04)23288582,2025,8,13,21,6,臺中市,后里區,0,2,0,7,1,6,50,3,1,1,5,4,6,6,4,4,9,4,5,1,3,2,9,1,1,C03,7,11,1,10,2,11,,84,84,1,6,2,120.722941,24.308795,2
4992,66000,387130000C,(04)23274275,(04)23288582,2025,8,13,21,9,臺中市,大雅區,0,2,0,7,1,6,50,4,1,1,5,4,6,6,1,1,4,3,5,1,13,2,8,1,1,C03,7,6,1,10,2,14,,84,84,1,13,4,120.655249,24.237103,2
4993,66000,387130000C,(04)23274275,(04)23288582,2025,8,13,21,13,臺中市,南屯區,0,0,0,7,,,50,,,,,,,,,,,,,,13,,,,,B03,,,1,,2,,,84,84,1,6,4,120.652956,24.134936,3
4994,66000,387130000C,(04)23274275,(04)23288582,2025,8,13,21,14,臺中市,南屯區,0,1,0,7,1,6,50,4,1,1,5,4,6,6,2,1,1,4,4,2,16,3,10,3,1,B03,7,6,1,8,2,3,,11,11,1,12,4,120.646681,24.153613,2
4995,66000,387130000C,(04)23274275,(04)23288582,2025,8,13,21,21,臺中市,梧棲區,0,1,0,7,1,6,50,13,9,1,5,4,6,6,4,4,5,5,5,2,11,3,10,1,1,C03,7,9,1,10,2,11,,4,4,1,6,4,120.530114,24.241138,2
4996,66000,387130000C,(04)23274275,(04)23288582,2025,8,13,21,25,臺中市,南屯區,0,0,0,7,,,40,,,,,,,,,,,,,,12,,,,,B03,,,1,,1,,,8,8,1,6,4,120.637046,24.151557,3
4997,66000,387130000C,(04)23274275,(04)23288582,2025,8,13,21,27,臺中市,南區,0,0,0,7,,,50,,,,,,,,,,,,,,,,,,,B03,,,1,,9,,,85,85,1,13,4,120.662541,24.122709,3
4998,66000,387130000C,(04)23274275,(04)23288582,2025,8,13,21,42,臺中市,北區,0,2,0,7,3,6,50,18,24,1,5,4,6,6,2,1,10,5,5,2,17,2,9,5,4,C03,7,15,1,10,2,11,,84,84,1,13,4,120.671486,24.173646,2
4999,66000,387130000C,(04)23274275,(04)23288582,2025,8,13,21,53,臺中市,豐原區,0,0,0,7,,,50,,,,,,,,,,,,,,17,,,,,B02,,,1,,1,,,50,50,1,13,4,120.7216,24.25974,3
5000,66000,387130000C,(04)23274275,(04)23288582,2025,8,13,22,3,臺中市,南屯區,0,2,0,7,1,6,50,4,1,1,5,4,6,6,4,4,5,5,5,2,15,3,10,3,1,B03,7,9,1,8,2,2,,12,12,1,12,4,120.639165,24.150025,2
5001,66000,387130000C,(04)23274275,(04)23288582,2025,8,13,22,6,臺中市,大里區,0,1,0,7,2,6,50,4,1,1,5,4,6,6,1,1,10,5,5,2,17,3,10,1,1,C03,7,9,1,10,2,11,,84,84,1,12,4,120.684021,24.110186,2
5002,66000,387130000C,(04)23274275,(04)23288582,2025,8,13,22,12,臺中市,西區,0,1,0,7,1,6,50,4,9,1,5,4,6,6,4,4,9,4,5,2,13,2,1,1,1,C03,7,9,1,10,2,11,,59,59,1,12,4,120.658362,24.146699,2
5003,66000,387130000C,(04)23274275,(04)23288582,2025,8,13,22,21,臺中市,西區,0,1,0,7,1,6,50,4,1,1,5,4,6,6,1,1,10,5,5,2,14,2,7,1,1,C03,7,2,1,10,1,13,,49,49,1,13,4,120.663182,24.156542,2
5004,66000,387130000C,(04)23274275,(04)23288582,2025,8,13,22,29,臺中市,西區,0,1,0,7,1,6,50,4,1,1,5,4,6,6,1,1,10,5,5,2,16,3,10,1,1,C03,7,6,1,10,2,11,,11,11,1,13,4,120.662572,24.163575,2
5005,66000,387130000C,(04)23274275,(04)23288582,2025,8,13,22,40,臺中市,太平區,0,0,0,7,,,50,,,,,,,,,,,,,,13,,,,,B03,,,1,,9,,,84,84,1,12,4,120.71513,24.108743,3
5006,66000,387130000C,(04)23274275,(04)23288582,2025,8,14,0,16,臺中市,烏日區,0,1,0,7,1,6,50,3,1,1,5,4,6,6,2,1,10,5,5,2,16,2,8,3,1,B03,7,6,1,8,2,1,,11,11,1,6,4,120.61969,24.110114,2
5007,66000,387130000C,(04)23274275,(04)23288582,2025,8,14,0,25,臺中市,大里區,0,0,0,7,,,50,,,,,,,,,,,,,,,,,,,B03,,,1,,7,,,49,49,1,12,4,120.694649,24.111409,3
5008,66000,387130000C,(04)23274275,(04)23288582,2025,8,14,0,39,臺中市,沙鹿區,0,0,0,7,1,6,30,3,9,1,5,4,6,6,4,4,10,5,5,2,20,,,,,B02,,,1,,2,,,84,84,1,12,4,120.598134,24.218063,3
5009,66000,387130000C,(04)23274275,(04)23288582,2025,8,14,1,46,臺中市,西屯區,0,1,0,7,1,6,50,3,19,1,5,4,6,6,3,1,10,5,5,2,9,3,10,5,4,B03,7,11,1,4,2,15,,10,10,1,13,4,120.640853,24.165135,2
5010,66000,387130000C,(04)23274275,(04)23288582,2025,8,14,4,31,臺中市,西屯區,0,0,0,7,,,50,,,,,,,,,,,,,,14,,,,,A11,,,1,,1,,,49,49,1,13,4,120.641531,24.157457,3
5011,66000,387130000C,(04)23274275,(04)23288582,2025,8,14,5,23,臺中市,大里區,0,1,0,7,1,6,50,4,19,1,5,4,6,6,2,1,10,5,5,1,3,3,10,3,1,B12,7,6,1,8,2,8,,10,10,1,12,4,120.684346,24.107556,2
5012,66000,387130000C,(04)23274275,(04)23288582,2025,8,14,5,31,臺中市,大肚區,0,0,0,7,,,50,,,,,,,,,,,,,,,,,,,B03,,,1,,2,,,8,8,1,12,4,120.576031,24.174327,3
5013,66000,387130000C,(04)23274275,(04)23288582,2025,8,14,6,9,臺中市,霧峰區,0,0,0,7,,,40,,,,,,,,,,,,,,17,,,,,C03,,,1,,2,,,84,84,1,13,4,120.694268,24.072302,3
5014,66000,387130000C,(04)23274275,(04)23288582,2025,8,14,6,37,臺中市,石岡區,0,1,0,7,2,6,70,3,1,1,5,4,6,6,1,1,8,4,4,1,12,3,10,3,1,B03,7,11,1,8,2,4,,45,45,1,12,4,120.808709,24.264982,2
5015,66000,387130000C,(04)23274275,(04)23288582,2025,8,14,6,41,臺中市,南區,0,0,0,7,,,50,,,,,,,,,,,,,,15,,,,,B12,,,1,,2,,,15,15,1,12,4,120.655724,24.126061,3
5016,66000,387130000C,(04)23274275,(04)23288582,2025,8,14,6,47,臺中市,北屯區,0,2,0,7,3,6,50,3,1,1,5,4,6,6,4,4,10,5,5,2,16,2,9,2,1,C03,7,6,1,10,2,12,,48,48,1,12,4,120.687012,24.197831,2
5017,66000,387130000C,(04)23274275,(04)23288582,2025,8,14,6,51,臺中市,潭子區,0,1,0,7,3,6,50,13,7,1,5,4,6,6,4,4,5,4,4,2,17,3,10,2,1,C03,7,11,1,10,2,12,,39,39,1,13,4,120.709476,24.229998,2
5018,66000,387130000C,(04)23274275,(04)23288582,2025,8,14,6,55,臺中市,沙鹿區,0,2,0,7,2,6,30,3,1,1,5,4,6,6,4,4,10,5,5,2,16,2,8,2,1,C03,7,6,1,10,2,14,,14,14,1,6,4,120.552245,24.230405,2
5019,66000,387130000C,(04)23274275,(04)23288582,2025,8,14,6,56,臺中市,烏日區,0,0,0,7,,,30,,,,,,,,,,,,,,16,,,,,F01,,,7,,2,,,21,21,1,6,4,120.633383,24.098297,3
5020,66000,387130000C,(04)23274275,(04)23288582,2025,8,14,7,1,臺中市,南屯區,0,1,0,7,2,6,50,13,9,1,5,4,6,6,4,4,1,4,5,2,18,2,9,1,1,C03,7,9,1,9,2,14,,85,85,1,12,4,120.646789,24.146405,2
5021,66000,387130000C,(04)23274275,(04)23288582,2025,8,14,7,5,臺中市,烏日區,0,2,0,7,2,6,30,3,2,1,5,4,6,6,4,4,5,5,4,2,17,2,9,2,1,C03,7,5,1,10,2,13,,13,13,1,6,4,120.625973,24.108174,2
5022,66000,387130000C,(04)23274275,(04)23288582,2025,8,14,7,6,臺中市,西屯區,0,1,0,7,2,6,50,13,9,1,5,4,6,6,2,1,5,4,5,2,12,3,10,3,1,B03,7,15,1,10,2,4,,76,76,1,12,4,120.614048,24.175656,2
5023,66000,387130000C,(04)23274275,(04)23288582,2025,8,14,7,8,臺中市,潭子區,0,1,0,7,2,6,50,3,1,1,5,4,6,6,4,4,1,4,4,2,16,3,10,3,1,B03,7,8,1,8,1,4,,40,40,1,13,4,120.709117,24.200764,2
5024,66000,387130000C,(04)23274275,(04)23288582,2025,8,14,7,8,臺中市,豐原區,0,1,0,7,3,6,30,13,9,1,5,4,6,6,4,4,10,5,5,2,14,3,10,5,4,B03,7,2,1,8,2,3,,49,49,1,12,4,120.716262,24.248808,2
5025,66000,387130000C,(04)23274275,(04)23288582,2025,8,14,7,9,臺中市,太平區,0,0,0,7,2,6,50,3,1,1,5,4,6,6,3,1,10,5,5,2,16,3,10,1,1,C03,7,6,1,11,9,14,12,39,39,2,12,4,120.722088,24.119339,3
5026,66000,387130000C,(04)23274275,(04)23288582,2025,8,14,7,11,臺中市,后里區,0,1,0,7,2,6,50,3,1,1,5,4,6,6,1,1,5,4,4,1,16,3,10,3,1,B03,7,6,1,8,2,8,,11,11,1,6,4,120.710439,24.310821,2
5027,66000,387130000C,(04)23274275,(04)23288582,2025,8,14,7,12,臺中市,大里區,0,0,0,7,2,6,50,4,2,1,5,4,6,6,1,1,5,5,4,2,17,,,,,C03,,,1,,2,,,8,8,1,13,4,120.682834,24.100599,3
5028,66000,387130000C,(04)23274275,(04)23288582,2025,8,14,7,15,臺中市,石岡區,0,0,0,7,,,50,,,,,,,,,,,,,,,,,,,B12,,,1,,2,,,7,7,1,12,4,120.790915,24.270338,3
5029,66000,387130000C,(04)23274275,(04)23288582,2025,8,14,7,20,臺中市,潭子區,0,1,0,7,3,6,60,5,1,1,5,4,6,6,1,1,1,4,5,1,17,3,10,3,1,B03,7,15,1,8,2,2,,40,40,1,13,4,120.703485,24.200697,2
5030,66000,387130000C,(04)23274275,(04)23288582,2025,8,14,7,21,臺中市,北區,0,0,0,7,,,50,,,,,,,,,,,,,,17,,,,,B03,,,1,,9,,,59,59,1,13,4,120.688031,24.163175,3
5031,66000,387130000C,(04)23274275,(04)23288582,2025,8,14,7,24,臺中市,大雅區,0,0,0,7,,,50,,,,,,,,,,,,,,,,,,,B13,,,1,,2,,,8,8,1,13,4,120.647446,24.214391,3
5032,66000,387130000C,(04)23274275,(04)23288582,2025,8,14,7,26,臺中市,南屯區,0,1,0,7,2,6,50,13,9,1,5,4,6,6,4,4,4,5,5,2,16,3,10,5,4,B03,7,11,1,8,2,4,,20,20,1,13,4,120.643924,24.131675,2
5033,66000,387130000C,(04)23274275,(04)23288582,2025,8,14,7,27,臺中市,西區,0,2,0,7,3,6,40,13,8,1,5,4,6,6,4,4,3,4,3,2,17,2,9,6,1,F01,7,15,7,21,2,12,,84,84,1,12,4,120.658778,24.157611,2
5034,66000,387130000C,(04)23274275,(04)23288582,2025,8,14,7,27,臺中市,太平區,0,1,0,7,3,6,50,4,1,1,5,4,6,6,1,1,5,5,4,1,13,3,10,2,1,C03,7,9,1,10,2,11,,7,7,1,12,4,120.728994,24.10459,2
5035,66000,387130000C,(04)23274275,(04)23288582,2025,8,14,7,28,臺中市,西屯區,0,0,0,7,,,50,,,,,,,,,,,,,,13,,,,,B03,,,1,,1,,,7,7,1,13,4,120.641559,24.168829,3
5036,66000,387130000C,(04)23274275,(04)23288582,2025,8,14,7,28,臺中市,清水區,0,0,0,7,,,50,,,,,,,,,,,,,,,,,,,C03,,,1,,2,,,84,84,1,12,4,120.549382,24.274466,3
5037,66000,387130000C,(04)23274275,(04)23288582,2025,8,14,7,29,臺中市,神岡區,0,0,0,7,,,50,,,,,,,,,,,,,,13,,,,,B03,,,1,,1,,,43,43,1,12,4,120.652475,24.280761,3
5038,66000,387130000C,(04)23274275,(04)23288582,2025,8,14,7,30,臺中市,南屯區,0,0,0,7,,,50,,,,,,,,,,,,,,,,,,,B03,,,1,,1,,,49,49,1,6,4,120.61099,24.145261,4
5039,66000,387130000C,(04)23274275,(04)23288582,2025,8,14,7,36,臺中市,西屯區,0,0,0,7,,,0,,,,,,,,,,,,,,16,,,,,C03,,,1,,1,,,84,84,1,12,4,120.599156,24.182986,3
5040,66000,387130000C,(04)23274275,(04)23288582,2025,8,14,7,36,臺中市,龍井區,0,0,0,7,,,60,,,,,,,,,,,,,,14,,,,,B03,,,3,,2,,,78,78,1,6,4,120.573422,24.185409,3
5041,66000,387130000C,(04)23274275,(04)23288582,2025,8,14,7,38,臺中市,西區,0,0,0,7,,,40,,,,,,,,,,,,,,,,,,,B03,,,1,,2,,,40,40,1,12,4,120.657375,24.146713,3
5042,66000,387130000C,(04)23274275,(04)23288582,2025,8,14,7,38,臺中市,西屯區,0,0,0,7,,,30,,,,,,,,,,,,,,,,,,,B03,,,1,,1,,,7,7,1,12,4,120.64171,24.192703,3
5043,66000,387130000C,(04)23274275,(04)23288582,2025,8,14,7,38,臺中市,太平區,0,0,0,7,2,6,50,,,,,,,,,,,,,,,,,,,C03,,,1,,2,12,14,46,46,1,12,4,120.73103,24.112262,3
5044,66000,387130000C,(04)23274275,(04)23288582,2025,8,14,7,41,臺中市,潭子區,0,1,0,7,2,6,50,13,9,1,5,4,6,6,4,4,9,5,5,2,3,2,9,1,1,F03,7,9,7,21,2,12,,59,59,1,13,4,120.699413,24.21182,2
5045,66000,387130000C,(04)23274275,(04)23288582,2025,8,14,7,41,臺中市,沙鹿區,0,0,0,7,,,50,,,,,,,,,,,,,,,,,,,B03,,,1,,1,,,65,65,1,13,4,120.563352,24.247771,3
5046,66000,387130000C,(04)23274275,(04)23288582,2025,8,14,7,42,臺中市,神岡區,0,1,0,7,2,6,50,4,7,1,5,4,6,6,1,1,4,4,4,2,17,2,9,1,1,C03,7,9,1,10,2,11,,59,59,1,12,4,120.680251,24.248425,2
5047,66000,387130000C,(04)23274275,(04)23288582,2025,8,14,7,43,臺中市,南區,0,1,0,7,3,6,50,4,1,1,5,4,6,6,1,1,10,5,5,2,16,3,10,3,1,B03,7,6,1,8,8,2,,11,11,1,6,4,120.668671,24.114552,2
5048,66000,387130000C,(04)23274275,(04)23288582,2025,8,14,7,45,臺中市,太平區,0,0,0,7,,,50,,,,,,,,,,,,,,13,,,,,C03,,,1,,2,,,7,7,1,12,4,120.730581,24.111476,3
5049,66000,387130000C,(04)23274275,(04)23288582,2025,8,14,7,45,臺中市,后里區,0,0,0,7,,,50,,,,,,,,,,,,,,12,,,,,B03,,,1,,9,,,49,49,1,12,4,120.729923,24.331868,3
5050,66000,387130000C,(04)23274275,(04)23288582,2025,8,14,7,46,臺中市,西屯區,0,1,0,7,3,6,50,4,1,1,5,4,6,6,1,1,1,4,4,2,16,3,10,5,4,C03,7,6,1,10,2,11,,23,23,1,12,4,120.61548,24.174508,2
5051,66000,387130000C,(04)23274275,(04)23288582,2025,8,14,7,48,臺中市,后里區,0,1,0,7,3,6,40,3,2,1,5,4,6,6,4,4,10,5,5,2,11,3,10,3,1,B03,7,9,1,8,2,5,,8,8,1,12,4,120.73331,24.310665,2
5052,66000,387130000C,(04)23274275,(04)23288582,2025,8,14,7,50,臺中市,潭子區,0,1,0,7,3,6,40,5,1,1,5,4,6,6,1,1,3,4,4,2,17,3,10,2,1,C03,7,6,3,19,2,14,,36,36,1,13,4,120.712728,24.216644,2
5053,66000,387130000C,(04)23274275,(04)23288582,2025,8,14,7,50,臺中市,北區,0,2,0,7,3,6,50,4,1,1,5,4,6,6,1,1,5,2,5,2,17,2,9,5,4,C03,7,1,1,10,2,14,,51,51,1,13,4,120.687017,24.152755,2
5054,66000,387130000C,(04)23274275,(04)23288582,2025,8,14,7,50,臺中市,豐原區,0,2,0,7,2,6,50,3,1,1,5,4,6,6,1,1,10,5,5,2,17,2,9,2,1,C03,7,9,1,10,2,14,,7,7,1,13,4,120.711385,24.23985,2
5055,66000,387130000C,(04)23274275,(04)23288582,2025,8,14,7,52,臺中市,潭子區,0,0,0,7,,,30,,,,,,,,,,,,,,15,,,,,C03,,,1,,2,,,12,12,1,13,4,120.701933,24.214681,3
5056,66000,387130000C,(04)23274275,(04)23288582,2025,8,14,7,56,臺中市,西區,0,1,0,7,2,6,40,3,1,1,5,4,6,6,4,4,10,5,5,2,18,2,9,1,1,C03,7,5,1,10,2,12,,84,84,1,13,4,120.671278,24.149439,2
5057,66000,387130000C,(04)23274275,(04)23288582,2025,8,14,7,56,臺中市,豐原區,0,1,0,7,2,6,50,5,1,1,5,4,6,6,1,1,5,5,4,2,16,3,10,5,4,B03,7,6,1,8,2,1,,11,11,1,13,4,120.715535,24.248068,2
5058,66000,387130000C,(04)23274275,(04)23288582,2025,8,14,7,57,臺中市,龍井區,0,1,0,7,2,6,30,5,1,1,5,4,6,6,1,1,10,5,5,2,15,2,9,2,1,C03,7,9,1,10,2,13,,21,21,1,6,4,120.511047,24.199604,2
5059,66000,387130000C,(04)23274275,(04)23288582,2025,8,14,7,58,臺中市,南區,0,0,0,7,,,50,,,,,,,,,,,,,,,,,,,C03,,,1,,1,,,7,7,1,6,4,120.650156,24.12063,3
5060,66000,387130000C,(04)23274275,(04)23288582,2025,8,14,7,59,臺中市,南屯區,0,0,0,7,,,50,,,,,,,,,,,,,,13,,,,,B02,,,1,,9,,,84,84,1,13,4,120.64664,24.149456,3
5061,66000,387130000C,(04)23274275,(04)23288582,2025,8,14,8,0,臺中市,南屯區,0,0,0,7,,,50,,,,,,,,,,,,,,,,,,,A11,,,1,,1,,,49,49,1,6,4,120.615792,24.151819,4
5062,66000,387130000C,(04)23274275,(04)23288582,2025,8,14,8,0,臺中市,神岡區,0,0,0,7,,,60,,,,,,,,,,,,,,13,,,,,A02,,,1,,1,,,84,84,1,12,4,120.69486,24.232787,3
5063,66000,387130000C,(04)23274275,(04)23288582,2025,8,14,8,2,臺中市,清水區,0,0,0,7,,,50,,,,,,,,,,,,,,,,,,,B03,,,1,,1,,,51,51,1,12,4,120.561389,24.280028,3
5064,66000,387130000C,(04)23274275,(04)23288582,2025,8,14,8,3,臺中市,西區,0,1,0,7,2,6,40,13,8,1,5,4,6,6,4,4,5,4,4,2,17,2,9,1,1,C03,7,9,1,10,2,11,,7,7,1,13,4,120.658839,24.140149,2
5065,66000,387130000C,(04)23274275,(04)23288582,2025,8,14,8,8,臺中市,南區,0,0,0,7,,,50,,,,,,,,,,,,,,,,,,,C03,,,1,,2,,,84,84,1,6,4,120.66228,24.120862,3
5066,66000,387130000C,(04)23274275,(04)23288582,2025,8,14,8,10,臺中市,南屯區,0,1,0,7,2,6,50,4,2,1,5,4,6,6,2,1,7,4,4,2,17,2,9,2,1,C03,7,9,1,10,1,11,,39,39,1,12,4,120.638508,24.143757,2
5067,66000,387130000C,(04)23274275,(04)23288582,2025,8,14,8,10,臺中市,北屯區,0,0,0,7,,,50,,,,,,,,,,,,,,14,,,,,B03,,,1,,1,,,49,49,1,12,4,120.676762,24.177013,3
5068,66000,387130000C,(04)23274275,(04)23288582,2025,8,14,8,14,臺中市,大肚區,0,0,0,7,,,70,,,,,,,,,,,,,,,,,,,B03,,,,,2,,,40,40,1,6,4,120.54867,24.141826,3
5069,66000,387130000C,(04)23274275,(04)23288582,2025,8,14,8,14,臺中市,豐原區,0,2,0,7,3,6,50,13,7,1,5,4,6,6,4,4,1,4,4,1,13,3,10,5,4,B12,7,9,1,8,2,1,,7,7,1,12,4,120.737208,24.261449,2
5070,66000,387130000C,(04)23274275,(04)23288582,2025,8,14,8,16,臺中市,南屯區,0,0,0,7,,,50,,,,,,,,,,,,,,12,,,,,C03,,,5,,1,,,43,43,1,13,4,120.638924,24.142128,3
5071,66000,387130000C,(04)23274275,(04)23288582,2025,8,14,8,17,臺中市,大雅區,0,0,0,7,3,6,70,13,9,1,5,4,6,6,4,4,,2,5,1,17,3,10,3,1,B12,7,9,1,8,6,1,,53,53,1,12,4,120.641784,24.229406,3
5072,66000,387130000C,(04)23274275,(04)23288582,2025,8,14,8,18,臺中市,北區,0,1,0,7,2,6,50,4,1,1,5,4,6,6,4,4,10,5,5,2,15,3,10,3,1,B03,7,9,1,8,2,5,,12,12,1,12,4,120.665573,24.164415,2
5073,66000,387130000C,(04)23274275,(04)23288582,2025,8,14,8,20,臺中市,西屯區,0,0,0,7,,3,80,,,,,,,,,,,,,,35,,,,,B03,,,1,,1,,,87,87,1,12,4,120.655419,24.199396,3
5074,66000,387130000C,(04)23274275,(04)23288582,2025,8,14,8,20,臺中市,豐原區,0,1,0,7,2,6,30,3,1,1,5,4,5,6,4,4,10,5,5,2,16,2,9,1,1,F03,7,5,7,21,2,11,,14,14,1,13,4,120.719924,24.244713,2
5075,66000,387130000C,(04)23274275,(04)23288582,2025,8,14,8,22,臺中市,西屯區,0,1,0,7,2,6,50,4,1,1,5,4,6,6,1,1,10,5,5,2,12,2,9,1,4,C03,7,9,1,10,2,14,,8,8,1,13,4,120.63456,24.179401,2
5076,66000,387130000C,(04)23274275,(04)23288582,2025,8,14,8,25,臺中市,北屯區,0,1,0,7,2,6,50,13,9,1,5,4,6,6,4,4,1,4,5,2,13,3,10,3,1,B12,7,9,1,8,2,1,,7,7,1,13,4,120.721993,24.16246,2
5077,66000,387130000C,(04)23274275,(04)23288582,2025,8,14,8,26,臺中市,北屯區,0,0,0,7,,,30,,,,,,,,,,,,,,14,,,,,B03,,,1,,1,,,49,49,1,12,4,120.669496,24.187727,3
5078,66000,387130000C,(04)23274275,(04)23288582,2025,8,14,8,26,臺中市,太平區,0,1,0,7,2,6,50,3,1,1,5,4,6,6,4,4,10,5,5,2,16,3,10,3,1,B03,7,6,1,8,1,1,,14,14,1,12,4,120.715822,24.113846,2
5079,66000,387130000C,(04)23274275,(04)23288582,2025,8,14,8,28,臺中市,東區,0,2,0,7,2,6,50,4,1,1,5,4,6,6,2,1,10,5,5,2,18,2,9,1,1,C03,7,9,1,10,2,11,,84,84,1,12,4,120.686046,24.140205,2
5080,66000,387130000C,(04)23274275,(04)23288582,2025,8,14,8,30,臺中市,新社區,0,1,0,7,2,6,30,4,1,1,5,4,6,6,4,4,10,5,5,2,15,2,9,5,4,C03,7,9,3,19,1,11,,15,15,1,13,4,120.812688,24.210874,2
5081,66000,387130000C,(04)23274275,(04)23288582,2025,8,14,8,35,臺中市,中區,0,3,0,7,2,6,50,4,1,1,5,4,6,6,1,1,10,5,5,2,17,2,9,2,1,C03,7,15,3,19,2,13,,42,42,1,12,4,120.680603,24.141401,2
5082,66000,387130000C,(04)23274275,(04)23288582,2025,8,14,8,35,臺中市,西屯區,0,0,0,7,,,50,,,,,,,,,,,,,,13,,,,,B03,,,1,,1,,,7,7,1,13,4,120.657587,24.163267,3
5083,66000,387130000C,(04)23274275,(04)23288582,2025,8,14,8,40,臺中市,西區,0,2,0,7,2,6,50,13,9,1,5,4,6,6,4,4,5,4,5,2,17,2,9,1,1,C03,7,9,1,10,2,13,,7,7,1,12,4,120.675528,24.140483,2
5084,66000,387130000C,(04)23274275,(04)23288582,2025,8,14,8,40,臺中市,大里區,0,1,0,7,3,6,30,13,9,1,5,4,6,6,4,4,10,5,5,2,10,2,9,1,1,C03,7,9,1,10,2,11,,84,84,1,12,4,120.696614,24.081648,2
5085,66000,387130000C,(04)23274275,(04)23288582,2025,8,14,8,43,臺中市,北屯區,0,0,0,7,,,50,,,,,,,,,,,,,,,,,,,B03,,,1,,1,,,43,43,1,12,4,120.679272,24.183339,3
5086,66000,387130000C,(04)23274275,(04)23288582,2025,8,14,8,44,臺中市,烏日區,0,2,0,7,3,6,40,3,1,1,5,4,6,6,4,4,5,5,4,1,16,2,9,1,1,C03,7,6,1,10,2,12,11,48,48,1,6,4,120.651185,24.093887,2
5087,66000,387130000C,(04)23274275,(04)23288582,2025,8,14,8,45,臺中市,大安區,0,0,0,7,,,50,,,,,,,,,,,,,,13,,,,,B03,,,1,,2,,,84,84,1,6,4,120.579742,24.350124,3
5088,66000,387130000C,(04)23274275,(04)23288582,2025,8,14,8,46,臺中市,太平區,0,2,0,7,3,6,50,3,1,1,5,4,6,6,4,4,5,5,5,1,16,3,10,2,1,C03,7,4,1,10,2,12,,1,1,1,12,4,120.720874,24.128264,2
5089,66000,387130000C,(04)23274275,(04)23288582,2025,8,14,8,47,臺中市,北區,0,0,0,7,,,50,,,,,,,,,,,,,,13,,,,,B03,,,1,,1,,,7,7,1,13,4,120.670986,24.160516,3
5090,66000,387130000C,(04)23274275,(04)23288582,2025,8,14,8,47,臺中市,沙鹿區,0,0,0,7,,,60,,,,,,,,,,,,,,,,,,,B03,,,1,,2,,,7,7,1,6,4,120.576922,24.225951,3
5091,66000,387130000C,(04)23274275,(04)23288582,2025,8,14,8,50,臺中市,南屯區,0,1,0,7,2,6,50,13,7,1,5,4,6,6,4,4,4,3,4,2,11,3,10,2,4,C03,7,6,1,10,1,12,,85,85,1,13,4,120.634229,24.157279,2
5092,66000,387130000C,(04)23274275,(04)23288582,2025,8,14,8,51,臺中市,西屯區,0,2,0,7,2,6,30,3,1,1,5,4,6,6,4,4,10,5,5,2,16,2,9,1,1,C03,7,6,1,10,2,11,,14,14,1,13,4,120.646343,24.181124,2
5093,66000,387130000C,(04)23274275,(04)23288582,2025,8,14,8,55,臺中市,西屯區,0,1,0,7,2,6,50,3,1,1,5,4,6,6,1,1,10,5,5,2,16,2,9,5,4,C03,7,6,1,10,2,11,14,48,48,1,12,4,120.654872,24.200395,2
5094,66000,387130000C,(04)23274275,(04)23288582,2025,8,14,9,0,臺中市,北屯區,0,1,0,7,2,6,50,13,9,1,5,4,6,6,4,4,1,4,5,2,13,3,10,2,1,C03,7,9,1,10,2,11,,7,7,1,12,4,120.692509,24.171571,2
5095,66000,387130000C,(04)23274275,(04)23288582,2025,8,14,9,6,臺中市,南屯區,0,1,0,7,2,6,50,3,2,1,5,4,6,6,3,1,1,3,5,2,16,3,10,5,4,B03,7,5,1,8,2,2,,11,11,1,13,4,120.624081,24.152099,2
5096,66000,387130000C,(04)23274275,(04)23288582,2025,8,14,9,12,臺中市,烏日區,0,1,0,7,2,6,50,13,7,1,5,4,6,6,4,4,5,5,4,1,13,3,10,2,1,C03,7,9,1,10,2,11,,7,7,1,6,4,120.618483,24.106498,2
5097,66000,387130000C,(04)23274275,(04)23288582,2025,8,14,9,13,臺中市,西區,0,0,0,7,,,50,,,,,,,,,,,,,,17,,,,,B03,,,1,,2,,,8,8,1,12,4,120.658864,24.135146,3