序號,縣市別代碼,機關代碼,市話,傳真,年,月,日,時,分,縣市,區,死亡數量,受傷數量,2-30,天候,道路照明設備,道路類別,道路速限,道路型態,事故位置,路面鋪裝,路面狀態,路面缺陷,障礙物,視距,號誌種類,號誌動作,分向設施,快車道或一般車道間,快慢車道間,路面邊線,事故類型及型態,受傷程度,主要傷處,保護裝備,行動電話或功能裝置,當事者區分(類別),車輛用途,當事者行動狀態,駕照狀態,駕照種類,飲酒情形,車輛撞擊部位最初,車輛撞擊部位其他,肇事因素個別,肇事因素主要,肇事逃逸,職業,共享經濟或外送平台,GPS座標X,GPS座標Y,事故類別
5098,66000,387130000C,(04)23274275,(04)23288582,2025,8,14,9,15,臺中市,西區,0,0,0,7,,,50,,,,,,,,,,,,,,,,,,,B03,,,1,,2,,,35,35,1,12,4,120.657374,24.145755,3
5099,66000,387130000C,(04)23274275,(04)23288582,2025,8,14,9,19,臺中市,清水區,0,0,0,7,,,60,,,,,,,,,,,,,,,,,,,B03,,,1,,1,,,8,8,1,12,4,120.561914,24.27223,3
5100,66000,387130000C,(04)23274275,(04)23288582,2025,8,14,9,20,臺中市,烏日區,0,2,0,7,3,6,40,13,12,1,5,4,6,6,4,4,9,5,4,1,16,2,7,1,1,C03,7,6,1,9,2,12,13,48,48,1,6,4,120.661569,24.096676,2
5101,66000,387130000C,(04)23274275,(04)23288582,2025,8,14,9,21,臺中市,南區,0,0,0,7,,,50,,,,,,,,,,,,,,,,,,,C03,,,1,,2,,,21,21,1,6,4,120.677303,24.130575,3
5102,66000,387130000C,(04)23274275,(04)23288582,2025,8,14,9,24,臺中市,北屯區,0,0,0,7,,,50,,,,,,,,,,,,,,13,,,,,B03,,,1,,1,,,59,59,1,12,4,120.694368,24.165298,4
5103,66000,387130000C,(04)23274275,(04)23288582,2025,8,14,9,25,臺中市,北屯區,0,0,0,7,,,,,,,,,,,,,,,,,17,,,,,,,,,,,,,87,87,1,,,120.669459,24.185039,3
5104,66000,387130000C,(04)23274275,(04)23288582,2025,8,14,9,25,臺中市,大里區,0,1,0,7,2,6,50,13,9,1,5,4,6,6,4,4,9,4,4,2,17,2,9,2,1,C03,7,8,1,10,2,11,,43,43,1,12,4,120.669961,24.103069,2
5105,66000,387130000C,(04)23274275,(04)23288582,2025,8,14,9,25,臺中市,太平區,0,2,0,7,2,6,30,3,1,1,5,4,6,6,4,4,10,5,5,2,8,2,8,1,1,F03,7,5,7,21,2,11,14,84,84,1,12,4,120.726555,24.149853,2
5106,66000,387130000C,(04)23274275,(04)23288582,2025,8,14,9,30,臺中市,東區,0,0,0,7,,,50,,,,,,,,,,,,,,14,,,,,B03,,,1,,1,,,49,49,1,12,4,120.710369,24.148448,3
5107,66000,387130000C,(04)23274275,(04)23288582,2025,8,14,9,33,臺中市,南區,0,1,0,7,3,6,50,4,9,1,5,4,6,6,1,1,3,5,5,2,13,2,9,5,4,C03,7,9,1,10,2,11,,7,7,1,6,4,120.670073,24.117162,2
5108,66000,387130000C,(04)23274275,(04)23288582,2025,8,14,9,40,臺中市,南屯區,0,0,0,7,,,50,,,,,,,,,,,,,,,,,,,B03,,,1,,1,,,7,7,1,6,4,120.628804,24.140399,3
5109,66000,387130000C,(04)23274275,(04)23288582,2025,8,14,9,40,臺中市,烏日區,0,0,0,7,,,30,,,,,,,,,,,,,,15,,,,,B03,,,1,,2,,,58,58,1,6,4,120.640966,24.078753,3
5110,66000,387130000C,(04)23274275,(04)23288582,2025,8,14,9,42,臺中市,北區,0,2,0,7,2,6,50,4,1,1,5,4,6,6,4,4,5,4,5,2,15,2,8,1,1,C03,7,9,1,10,2,11,,15,15,1,12,4,120.680996,24.153491,2
5111,66000,387130000C,(04)23274275,(04)23288582,2025,8,14,9,47,臺中市,西區,0,0,0,7,,,50,,,,,,,,,,,,,,,,,,,C03,,,1,,2,,,14,14,1,13,4,120.67023,24.153805,3
5112,66000,387130000C,(04)23274275,(04)23288582,2025,8,14,9,49,臺中市,南區,0,0,0,7,,,50,,,,,,,,,,,,,,,,,,,B03,,,1,,2,,,57,57,1,6,4,120.6622,24.120571,3
5113,66000,387130000C,(04)23274275,(04)23288582,2025,8,14,9,55,臺中市,北屯區,0,0,0,7,,,50,,,,,,,,,,,,,,,,,,,C03,,,1,,1,,,84,84,1,12,4,120.690379,24.178316,3
5114,66000,387130000C,(04)23274275,(04)23288582,2025,8,14,9,58,臺中市,北屯區,0,1,0,7,2,6,50,13,9,1,5,4,6,6,4,4,1,4,5,2,12,3,10,3,1,B03,7,9,1,8,2,5,,84,84,1,12,4,120.681622,24.179613,2
5115,66000,387130000C,(04)23274275,(04)23288582,2025,8,14,9,58,臺中市,霧峰區,0,1,0,7,3,6,30,13,9,1,5,4,6,6,4,4,10,5,5,2,19,2,9,1,1,C03,7,9,1,10,2,16,,84,84,1,12,4,120.689216,24.034039,2
5116,66000,387130000C,(04)23274275,(04)23288582,2025,8,14,10,0,臺中市,西屯區,0,0,0,7,,,50,,,,,,,,,,,,,,14,,,,,B03,,,1,,2,,,49,49,1,13,4,120.653567,24.157406,3
5117,66000,387130000C,(04)23274275,(04)23288582,2025,8,14,10,1,臺中市,太平區,0,0,0,7,,,50,,,,,,,,,,,,,,13,,,,,C03,,,1,,1,,,84,84,1,12,4,120.710682,24.150275,3
5118,66000,387130000C,(04)23274275,(04)23288582,2025,8,14,10,19,臺中市,潭子區,0,0,0,7,,,60,,,,,,,,,,,,,,,,,,,B13,,,1,,2,,,49,49,1,13,4,120.705988,24.218121,3
5119,66000,387130000C,(04)23274275,(04)23288582,2025,8,14,10,20,臺中市,烏日區,0,0,0,7,,,40,,,,,,,,,,,,,,14,,,,,B03,,,1,,9,,,7,7,1,6,4,120.612925,24.103099,3
5120,66000,387130000C,(04)23274275,(04)23288582,2025,8,14,10,20,臺中市,清水區,0,0,0,7,,,50,,,,,,,,,,,,,,17,,,,,B03,,,1,,2,,,7,7,1,12,4,120.632461,24.291703,3
5121,66000,387130000C,(04)23274275,(04)23288582,2025,8,14,10,21,臺中市,南區,0,1,0,7,3,6,50,13,9,1,5,4,6,6,4,4,3,5,5,2,18,2,9,5,4,F02,7,9,7,21,2,15,,84,84,1,6,4,120.646663,24.110379,2
5122,66000,387130000C,(04)23274275,(04)23288582,2025,8,14,10,23,臺中市,南區,0,0,0,7,,,40,,,,,,,,,,,,,,14,,,,,B03,,,1,,2,,,49,49,1,6,4,120.661679,24.117007,3
5123,66000,387130000C,(04)23274275,(04)23288582,2025,8,14,10,30,臺中市,北區,0,0,0,7,,,50,,,,,,,,,,,,,,,,,,,,,,,,,,,119,119,1,,,120.670894,24.164164,3
5124,66000,387130000C,(04)23274275,(04)23288582,2025,8,14,10,30,臺中市,沙鹿區,0,0,0,7,,,50,,,,,,,,,,,,,,14,,,,,B12,,,1,,2,,,49,49,1,6,4,120.560539,24.216712,3
5125,66000,387130000C,(04)23274275,(04)23288582,2025,8,14,10,31,臺中市,北區,0,0,0,7,,,50,,,,,,,,,,,,,,,,,,,B03,,,1,,1,,,49,49,1,12,4,120.686975,24.155771,3
5126,66000,387130000C,(04)23274275,(04)23288582,2025,8,14,10,35,臺中市,中區,0,2,0,7,2,6,30,4,1,1,5,4,6,6,4,4,10,5,5,2,17,2,9,2,1,C03,7,9,1,10,2,12,,15,15,1,12,4,120.680896,24.144625,2
5127,66000,387130000C,(04)23274275,(04)23288582,2025,8,14,10,35,臺中市,太平區,0,0,0,7,2,6,80,,,,,,,,,,,,,,,,,,,A11,,,1,,2,4,,84,84,1,12,4,120.708814,24.132733,3
5128,66000,387130000C,(04)23274275,(04)23288582,2025,8,14,10,36,臺中市,潭子區,0,1,0,7,2,6,50,3,1,1,5,4,6,6,3,1,10,5,5,2,16,3,10,1,1,C03,7,1,1,10,2,14,,51,51,1,13,4,120.704205,24.209892,2
5129,66000,387130000C,(04)23274275,(04)23288582,2025,8,14,10,47,臺中市,北區,0,1,0,7,2,6,50,5,2,1,5,4,6,6,2,1,10,5,5,2,12,2,9,2,1,C03,7,9,1,10,2,14,,1,1,1,13,4,120.685258,24.165403,2
5130,66000,387130000C,(04)23274275,(04)23288582,2025,8,14,10,48,臺中市,西區,0,0,0,7,,,50,,,,,,,,,,,,,,,,,,,B13,,,1,,2,,,47,47,1,12,4,120.666869,24.139883,3
5131,66000,387130000C,(04)23274275,(04)23288582,2025,8,14,10,50,臺中市,東區,0,0,0,7,,,50,,,,,,,,,,,,,,14,,,,,B03,,,1,,1,,,49,49,1,12,4,120.693751,24.147225,3
5132,66000,387130000C,(04)23274275,(04)23288582,2025,8,14,10,50,臺中市,清水區,0,0,0,7,,,50,,,,,,,,,,,,,,,,,,,A11,,,1,,2,,,58,58,1,12,4,120.577107,24.269194,3
5133,66000,387130000C,(04)23274275,(04)23288582,2025,8,14,10,52,臺中市,霧峰區,0,0,0,7,,,50,,,,,,,,,,,,,,13,,,,,B03,,,1,,2,,,84,84,1,12,4,120.662676,24.071788,3
5134,66000,387130000C,(04)23274275,(04)23288582,2025,8,14,10,54,臺中市,北屯區,0,0,0,6,,,50,,,,,,,,,,,,,,13,,,,,B12,,,1,,1,,,58,58,1,12,4,120.700523,24.164919,3
5135,66000,387130000C,(04)23274275,(04)23288582,2025,8,14,10,55,臺中市,潭子區,0,0,0,7,,,60,,,,,,,,,,,,,,,,,,,B12,,,1,,2,,,8,8,1,13,4,120.705139,24.208399,3
5136,66000,387130000C,(04)23274275,(04)23288582,2025,8,14,10,58,臺中市,龍井區,0,1,0,7,2,6,30,4,1,1,5,4,6,6,4,4,10,5,5,2,15,2,9,2,1,C03,7,9,1,10,2,12,,15,15,1,6,4,120.528288,24.192898,2
5137,66000,387130000C,(04)23274275,(04)23288582,2025,8,14,10,59,臺中市,北區,0,0,0,7,2,6,50,13,9,1,5,4,6,6,4,4,10,5,5,2,17,3,10,3,1,B03,7,3,1,8,2,2,,50,50,1,12,4,120.670817,24.157534,3
5138,66000,387130000C,(04)23274275,(04)23288582,2025,8,14,11,0,臺中市,南屯區,0,0,0,7,,,50,,,,,,,,,,,,,,,,,,,B03,,,1,,1,,,49,49,1,12,4,120.653109,24.156204,3
5139,66000,387130000C,(04)23274275,(04)23288582,2025,8,14,11,1,臺中市,梧棲區,0,0,0,7,,,50,,,,,,,,,,,,,,14,,,,,B03,,,1,,1,,,49,49,1,6,4,120.534128,24.246545,3
5140,66000,387130000C,(04)23274275,(04)23288582,2025,8,14,11,6,臺中市,龍井區,0,0,0,7,,,40,,,,,,,,,,,,,,,,,,,B03,,,1,,2,,,49,49,1,6,4,120.551478,24.212932,3
5141,66000,387130000C,(04)23274275,(04)23288582,2025,8,14,11,7,臺中市,南屯區,0,0,0,7,,,50,,,,,,,,,,,,,,13,,,,,B03,,,1,,1,,,7,7,1,13,4,120.632322,24.14358,3
5142,66000,387130000C,(04)23274275,(04)23288582,2025,8,14,11,9,臺中市,西區,0,0,0,7,,,50,,,,,,,,,,,,,,,,,,,A11,,,1,,1,,,84,84,1,13,4,120.653958,24.150401,3
5143,66000,387130000C,(04)23274275,(04)23288582,2025,8,14,11,10,臺中市,西區,0,0,0,7,,,50,,,,,,,,,,,,,,,,,,,B03,,,1,,1,,,84,84,1,12,4,120.658864,24.156019,3
5144,66000,387130000C,(04)23274275,(04)23288582,2025,8,14,11,15,臺中市,大里區,0,1,0,7,3,6,50,3,2,1,5,4,6,6,3,1,5,4,5,1,16,3,10,1,1,C03,7,6,1,10,2,13,,11,11,1,13,4,120.687075,24.09918,2
5145,66000,387130000C,(04)23274275,(04)23288582,2025,8,14,11,15,臺中市,清水區,0,0,0,7,,,70,,,,,,,,,,,,,,17,,,,,B03,,,1,,9,,,40,40,1,12,4,120.574697,24.300073,3
5146,66000,387130000C,(04)23274275,(04)23288582,2025,8,14,11,27,臺中市,西屯區,0,1,0,7,2,6,50,4,1,1,5,4,6,6,4,4,10,5,5,2,15,3,10,3,1,B03,7,9,1,8,2,5,,15,15,1,13,4,120.658039,24.169073,2
5147,66000,387130000C,(04)23274275,(04)23288582,2025,8,14,11,30,臺中市,南區,0,1,0,7,1,6,50,4,1,1,5,4,6,6,1,1,10,5,5,2,17,3,10,3,1,B03,7,5,1,8,2,2,,11,11,1,12,4,120.656736,24.11387,2
5148,66000,387130000C,(04)23274275,(04)23288582,2025,8,14,11,40,臺中市,北區,0,0,0,7,,,30,,,,,,,,,,,,,,17,,,,,B01,,,1,,9,,,8,8,2,13,4,120.667351,24.168814,3
5149,66000,387130000C,(04)23274275,(04)23288582,2025,8,14,11,40,臺中市,清水區,0,0,0,7,,,50,,,,,,,,,,,,,,,,,,,B03,,,1,,2,,,84,84,1,12,4,120.578286,24.268911,3
5150,66000,387130000C,(04)23274275,(04)23288582,2025,8,14,11,41,臺中市,北屯區,0,0,0,7,,,50,,,,,,,,,,,,,,12,,,,,B03,,,1,,1,,,8,8,1,12,4,120.688988,24.182291,3
5151,66000,387130000C,(04)23274275,(04)23288582,2025,8,14,11,45,臺中市,西屯區,0,1,0,7,2,6,50,13,7,1,5,4,6,6,1,1,5,5,4,2,13,2,9,5,4,C03,7,9,1,10,1,11,,88,88,1,12,4,120.647873,24.169797,2
5152,66000,387130000C,(04)23274275,(04)23288582,2025,8,14,11,46,臺中市,霧峰區,0,1,0,7,2,6,30,3,1,1,5,4,6,6,3,1,10,5,5,2,16,3,10,3,1,B12,7,5,1,8,2,8,,11,11,1,6,4,120.664341,24.079727,2
5153,66000,387130000C,(04)23274275,(04)23288582,2025,8,14,11,47,臺中市,大肚區,0,1,0,7,2,6,50,4,1,1,5,4,6,6,4,4,10,5,5,2,15,3,10,3,1,B03,7,9,1,8,2,6,,12,12,1,6,4,120.540821,24.155376,2
5154,66000,387130000C,(04)23274275,(04)23288582,2025,8,14,11,48,臺中市,西屯區,0,0,0,7,,,40,,,,,,,,,,,,,,,,,,,B03,,,1,6,1,,,56,56,1,12,4,120.623935,24.178475,3
5155,66000,387130000C,(04)23274275,(04)23288582,2025,8,14,11,51,臺中市,沙鹿區,0,1,0,7,2,6,30,13,9,1,5,4,6,6,4,4,9,5,5,2,30,2,9,1,1,C03,7,9,1,10,2,14,,87,87,1,13,4,120.568787,24.250737,2
5156,66000,387130000C,(04)23274275,(04)23288582,2025,8,14,11,54,臺中市,北屯區,0,0,0,7,,,50,,,,,,,,,,,,,,,,,,,C03,,,1,,1,,,84,84,1,12,4,120.717779,24.182371,3
5157,66000,387130000C,(04)23274275,(04)23288582,2025,8,14,11,55,臺中市,北屯區,0,1,0,7,2,6,50,4,2,1,5,4,6,6,2,1,10,5,5,2,12,3,10,3,1,B12,7,6,1,8,2,8,,84,84,1,12,4,120.668625,24.178349,2
5158,66000,387130000C,(04)23274275,(04)23288582,2025,8,14,11,55,臺中市,清水區,0,1,0,7,3,6,30,11,9,1,5,2,6,6,4,4,10,5,5,2,18,2,9,2,1,F03,7,9,7,21,2,16,,84,84,1,12,4,120.586916,24.275658,2
5159,66000,387130000C,(04)23274275,(04)23288582,2025,8,14,11,56,臺中市,北區,0,1,0,7,3,6,50,4,2,1,5,4,6,6,1,1,5,4,5,2,16,2,9,5,4,C03,7,6,1,10,2,14,,11,11,1,13,4,120.667379,24.164722,2
5160,66000,387130000C,(04)23274275,(04)23288582,2025,8,14,11,57,臺中市,北屯區,0,1,0,7,2,6,50,4,1,1,5,4,6,6,4,4,5,5,5,2,15,2,8,2,1,C03,7,9,1,10,2,11,,15,15,1,12,4,120.717185,24.170868,2
5161,66000,387130000C,(04)23274275,(04)23288582,2025,8,14,11,57,臺中市,大里區,0,2,0,7,2,6,50,13,7,1,5,4,6,6,3,1,5,2,4,2,16,2,9,1,1,C03,7,1,1,10,2,11,,51,51,1,13,4,120.689603,24.117242,2
5162,66000,387130000C,(04)23274275,(04)23288582,2025,8,14,11,58,臺中市,龍井區,0,0,0,7,,,50,,,,,,,,,,,,,,12,,,,,B03,,,1,,2,,,8,8,1,6,4,120.584683,24.182006,3
5163,66000,387130000C,(04)23274275,(04)23288582,2025,8,14,12,2,臺中市,北屯區,0,2,0,7,1,6,50,4,2,1,5,4,6,6,1,1,5,4,5,2,12,2,5,1,1,C03,7,9,1,8,2,12,,4,4,1,13,4,120.696538,24.179477,2
5164,66000,387130000C,(04)23274275,(04)23288582,2025,8,14,12,4,臺中市,南屯區,0,0,0,7,,,50,,,,,,,,,,,,,,16,,,,,B03,,,1,,1,,,11,11,1,13,4,120.624651,24.152194,3
5165,66000,387130000C,(04)23274275,(04)23288582,2025,8,14,12,5,臺中市,沙鹿區,0,0,0,7,,,50,,,,,,,,,,,,,,,,,,,B03,,,,,1,4,,59,59,1,6,4,120.558579,24.227847,3
5166,66000,387130000C,(04)23274275,(04)23288582,2025,8,14,12,6,臺中市,大里區,0,1,0,7,3,6,50,13,7,1,5,4,6,6,4,4,5,5,4,2,13,2,8,1,1,F03,7,9,7,21,2,11,,7,7,1,6,4,120.710073,24.10317,2
5167,66000,387130000C,(04)23274275,(04)23288582,2025,8,14,12,15,臺中市,北屯區,0,1,0,7,3,6,50,5,1,1,5,4,6,6,2,1,5,5,5,2,15,3,10,3,1,B03,7,9,1,8,2,6,,84,84,1,6,4,120.686754,24.200912,2
5168,66000,387130000C,(04)23274275,(04)23288582,2025,8,14,12,16,臺中市,北區,0,0,0,7,,,50,,,,,,,,,,,,,,,,,,,F01,,,7,,2,,,84,84,1,12,4,120.691386,24.158585,4
5169,66000,387130000C,(04)23274275,(04)23288582,2025,8,14,12,25,臺中市,太平區,0,1,0,7,2,6,50,3,2,1,5,4,6,6,4,4,5,2,5,2,25,2,9,4,4,F01,7,5,7,21,2,11,12,84,84,1,12,4,120.709763,24.151294,2
5170,66000,387130000C,(04)23274275,(04)23288582,2025,8,14,12,27,臺中市,太平區,0,1,0,7,3,6,40,3,1,1,5,4,6,6,4,4,10,5,5,2,17,2,9,1,1,F03,7,9,7,21,1,11,,43,43,1,12,4,120.725646,24.149887,2
5171,66000,387130000C,(04)23274275,(04)23288582,2025,8,14,12,28,臺中市,北屯區,0,0,0,7,,,50,,,,,,,,,,,,,,12,,,,,B03,,,1,,1,,,8,8,1,12,4,120.688666,24.174998,3
5172,66000,387130000C,(04)23274275,(04)23288582,2025,8,14,12,30,臺中市,北屯區,0,1,0,7,2,6,50,11,9,1,5,4,6,6,4,4,5,5,5,2,13,2,7,2,1,C03,7,9,1,10,2,11,,7,7,1,12,4,120.785903,24.20206,2
5173,66000,387130000C,(04)23274275,(04)23288582,2025,8,14,12,37,臺中市,南區,0,2,0,7,3,6,50,13,9,1,5,4,6,6,4,4,5,5,5,2,17,2,9,5,4,C03,7,15,1,10,2,13,,84,84,1,6,4,120.682255,24.131095,2
5174,66000,387130000C,(04)23274275,(04)23288582,2025,8,14,12,38,臺中市,北區,0,1,0,7,2,6,50,13,9,1,5,4,6,6,4,4,9,5,5,2,9,3,10,3,1,B01,7,9,1,1,2,5,,84,84,1,12,4,120.68155,24.153709,2
5175,66000,387130000C,(04)23274275,(04)23288582,2025,8,14,12,40,臺中市,南區,0,1,0,7,3,6,30,4,1,1,5,4,6,6,3,1,10,5,5,2,15,2,9,1,1,C03,7,9,1,10,2,11,,24,24,1,6,4,120.657467,24.121062,2
5176,66000,387130000C,(04)23274275,(04)23288582,2025,8,14,12,40,臺中市,西屯區,0,0,0,7,,,50,,,,,,,,,,,,,,16,,,,,B01,,,1,4,1,,,45,45,1,12,4,120.650301,24.175752,3
5177,66000,387130000C,(04)23274275,(04)23288582,2025,8,14,12,41,臺中市,北區,0,1,0,7,3,6,50,5,2,1,5,4,6,6,1,1,5,4,3,2,16,3,10,5,4,B03,7,5,1,8,2,2,,11,11,1,13,4,120.685106,24.160738,2
5178,66000,387130000C,(04)23274275,(04)23288582,2025,8,14,12,47,臺中市,太平區,0,0,0,7,,,30,,,,,,,,,,,,,,15,,,,,B03,,,1,,2,,,12,12,1,12,4,120.706616,24.154125,3
5179,66000,387130000C,(04)23274275,(04)23288582,2025,8,14,12,50,臺中市,大雅區,0,0,0,7,,,70,,,,,,,,,,,,,,,,,,,B03,,,1,,1,,,40,40,1,13,4,120.629981,24.240934,3
5180,66000,387130000C,(04)23274275,(04)23288582,2025,8,14,12,50,臺中市,沙鹿區,0,0,0,7,,,50,,,,,,,,,,,,,,17,,,,,B03,,,1,,2,,,84,84,1,6,4,120.562082,24.216977,3
5181,66000,387130000C,(04)23274275,(04)23288582,2025,8,14,12,54,臺中市,南屯區,0,0,0,7,,,40,,,,,,,,,,,,,,,,,,,B03,,,1,,9,,,84,84,1,12,4,120.63595,24.147705,3
5182,66000,387130000C,(04)23274275,(04)23288582,2025,8,14,12,55,臺中市,中區,0,0,0,7,,,50,,,,,,,,,,,,,,,,,,,B03,,,1,,1,,,7,7,1,12,4,120.684916,24.137577,3
5183,66000,387130000C,(04)23274275,(04)23288582,2025,8,14,13,4,臺中市,北屯區,0,0,0,7,,,50,,,,,,,,,,,,,,,,,,,B03,,,1,,9,,,84,84,1,13,4,120.694024,24.171704,3
5184,66000,387130000C,(04)23274275,(04)23288582,2025,8,14,13,7,臺中市,東區,0,0,0,7,,,50,,,,,,,,,,,,,,17,,,,,B03,,,1,,1,,,85,85,1,12,4,120.688484,24.135263,4
5185,66000,387130000C,(04)23274275,(04)23288582,2025,8,14,13,8,臺中市,大肚區,0,2,0,7,2,6,50,13,7,1,5,4,6,6,2,1,5,4,4,2,13,2,9,1,1,C03,7,9,1,10,2,13,,7,7,1,5,4,120.540742,24.159632,2
5186,66000,387130000C,(04)23274275,(04)23288582,2025,8,14,13,10,臺中市,太平區,0,0,0,7,,,50,,,,,,,,,,,,,,12,,,,,A12,,,1,,2,,,40,40,1,6,4,120.714143,24.135644,3
5187,66000,387130000C,(04)23274275,(04)23288582,2025,8,14,13,12,臺中市,北屯區,0,0,0,7,,3,40,,,,,,,,,,,,,,13,,,,,B03,,,1,,1,,,59,59,1,12,4,120.666265,24.20114,4
5188,66000,387130000C,(04)23274275,(04)23288582,2025,8,14,13,15,臺中市,西區,0,2,0,7,3,6,50,5,1,1,5,4,6,6,1,1,10,5,5,2,16,2,9,2,1,C03,7,6,1,10,2,14,,48,48,1,12,4,120.66563,24.135209,2
5189,66000,387130000C,(04)23274275,(04)23288582,2025,8,14,13,19,臺中市,南屯區,0,0,0,7,,,50,,,,,,,,,,,,,,,,,,,A12,,,1,,9,,,59,59,1,12,4,120.640867,24.143924,3
5190,66000,387130000C,(04)23274275,(04)23288582,2025,8,14,13,20,臺中市,北屯區,0,2,0,7,2,6,50,13,7,1,5,4,6,6,4,4,1,4,4,2,13,2,9,1,1,C03,7,9,1,10,2,11,,84,84,1,13,4,120.714349,24.164193,2
5191,66000,387130000C,(04)23274275,(04)23288582,2025,8,14,13,23,臺中市,霧峰區,0,0,0,7,,,30,,,,,,,,,,,,,,,,,,,B03,,,1,,2,,,15,15,1,6,4,120.717038,24.073657,3
5192,66000,387130000C,(04)23274275,(04)23288582,2025,8,14,13,28,臺中市,豐原區,0,0,0,7,,,50,,,,,,,,,,,,,,13,,,,,B03,,,1,,2,,,84,84,1,13,4,120.752088,24.271642,3
5193,66000,387130000C,(04)23274275,(04)23288582,2025,8,14,13,30,臺中市,西屯區,0,2,0,7,2,6,30,13,9,1,5,4,6,6,4,4,10,5,5,2,11,2,9,2,1,C03,7,9,1,10,2,11,,8,8,1,13,4,120.631389,24.172153,2
5194,66000,387130000C,(04)23274275,(04)23288582,2025,8,14,13,30,臺中市,太平區,0,1,0,7,2,6,50,3,2,1,5,4,6,6,1,1,5,2,4,1,16,2,9,2,1,C03,7,9,1,10,2,11,12,84,84,1,12,4,120.712551,24.149755,2
5195,66000,387130000C,(04)23274275,(04)23288582,2025,8,14,13,31,臺中市,西屯區,0,0,0,7,,,30,,,,,,,,,,,,,,,,,,,B03,,,1,,9,,,8,8,1,12,4,120.65643,24.161679,3
5196,66000,387130000C,(04)23274275,(04)23288582,2025,8,14,13,33,臺中市,西屯區,0,1,0,7,2,6,50,5,1,1,5,4,6,6,4,4,10,5,5,2,16,3,10,5,4,B03,7,5,1,8,2,2,,47,47,1,12,4,120.660102,24.164309,2
5197,66000,387130000C,(04)23274275,(04)23288582,2025,8,14,13,35,臺中市,龍井區,0,0,0,7,,,50,,,,,,,,,,,,,,14,,,,,B03,,,1,,1,,,49,49,1,6,4,120.583352,24.179648,3
5198,66000,387130000C,(04)23274275,(04)23288582,2025,8,14,13,40,臺中市,南屯區,0,0,0,7,,,40,,,,,,,,,,,,,,,,,,,,,,,,,,,116,116,1,,,120.589178,24.159886,3
5199,66000,387130000C,(04)23274275,(04)23288582,2025,8,14,13,42,臺中市,北區,0,1,0,7,2,6,50,4,1,1,5,4,6,6,1,1,5,4,5,2,16,3,10,3,1,B03,7,6,1,8,2,6,,11,11,1,12,4,120.677938,24.16704,2
5200,66000,387130000C,(04)23274275,(04)23288582,2025,8,14,13,45,臺中市,南區,0,0,0,7,1,6,50,13,7,1,5,4,6,6,1,1,5,4,5,2,13,3,10,3,1,B03,7,9,1,8,2,1,,84,84,1,12,4,120.652498,24.122127,3
5201,66000,387130000C,(04)23274275,(04)23288582,2025,8,14,13,45,臺中市,霧峰區,0,2,0,7,3,6,25,4,1,1,5,4,6,6,4,4,10,5,5,1,15,2,9,1,1,C03,7,9,1,10,2,11,,12,12,1,5,4,120.689662,24.062151,2
5202,66000,387130000C,(04)23274275,(04)23288582,2025,8,14,13,50,臺中市,大里區,0,0,0,7,,,50,,,,,,,,,,,,,,,,,,,A12,,,1,,2,,,49,49,1,12,4,120.698191,24.122734,3
5203,66000,387130000C,(04)23274275,(04)23288582,2025,8,14,13,55,臺中市,東區,0,2,0,7,3,6,50,4,1,1,5,4,6,6,1,1,5,5,5,2,12,2,9,2,1,C03,7,9,1,10,2,12,,7,7,1,13,4,120.690157,24.131731,2
5204,66000,387130000C,(04)23274275,(04)23288582,2025,8,14,13,58,臺中市,大雅區,0,1,0,7,2,6,0,3,1,1,5,4,6,6,1,1,10,4,5,1,17,3,10,1,1,C03,7,15,1,10,2,11,,84,84,1,12,4,120.650266,24.2095,2
5205,66000,387130000C,(04)23274275,(04)23288582,2025,8,14,13,59,臺中市,潭子區,0,1,0,7,3,6,50,4,1,1,5,4,6,6,1,1,1,4,4,1,17,2,8,2,1,C03,7,1,1,10,2,12,,84,84,1,13,4,120.70515,24.215575,2
5206,66000,387130000C,(04)23274275,(04)23288582,2025,8,14,13,59,臺中市,東區,0,1,0,7,3,6,50,4,1,1,5,4,6,6,1,1,10,5,5,2,16,2,9,1,1,C03,7,6,1,10,2,14,,11,11,1,6,4,120.697296,24.147958,2
5207,66000,387130000C,(04)23274275,(04)23288582,2025,8,14,14,3,臺中市,霧峰區,0,0,0,7,,,30,,,,,,,,,,,,,,,,,,,B11,,,1,,2,,,49,49,1,6,4,120.699505,24.063238,3
5208,66000,387130000C,(04)23274275,(04)23288582,2025,8,14,14,7,臺中市,北區,0,0,0,7,,,50,,,,,,,,,,,,,,17,,,,,,,,,,,,,86,86,1,,,120.679853,24.161049,3
5209,66000,387130000C,(04)23274275,(04)23288582,2025,8,14,14,10,臺中市,大里區,0,0,0,7,2,6,50,3,1,1,5,4,6,6,1,1,5,5,5,2,3,3,10,3,1,B03,7,6,1,8,2,8,,10,10,1,13,4,120.689713,24.113916,3
5210,66000,387130000C,(04)23274275,(04)23288582,2025,8,14,14,16,臺中市,東區,0,1,0,7,3,6,50,4,9,1,5,4,6,6,4,4,5,5,5,2,15,3,10,5,4,B13,7,9,1,7,2,4,,12,12,1,6,4,120.706016,24.142145,2
5211,66000,387130000C,(04)23274275,(04)23288582,2025,8,14,14,20,臺中市,北區,0,0,0,7,,,50,,,,,,,,,,,,,,,,,,,B03,,,1,,11,,,87,87,1,13,4,120.687956,24.15399,3