序號,縣市別代碼,機關代碼,市話,傳真,年,月,日,時,分,縣市,區,死亡數量,受傷數量,2-30,天候,道路照明設備,道路類別,道路速限,道路型態,事故位置,路面鋪裝,路面狀態,路面缺陷,障礙物,視距,號誌種類,號誌動作,分向設施,快車道或一般車道間,快慢車道間,路面邊線,事故類型及型態,受傷程度,主要傷處,保護裝備,行動電話或功能裝置,當事者區分(類別),車輛用途,當事者行動狀態,駕照狀態,駕照種類,飲酒情形,車輛撞擊部位最初,車輛撞擊部位其他,肇事因素個別,肇事因素主要,肇事逃逸,職業,共享經濟或外送平台,GPS座標X,GPS座標Y,事故類別
5212,66000,387130000C,(04)23274275,(04)23288582,2025,8,14,14,21,臺中市,霧峰區,0,0,0,7,,,30,,,,,,,,,,,,,,17,,,,,B03,,,1,,2,,,50,50,1,12,4,120.720375,24.078498,3
5213,66000,387130000C,(04)23274275,(04)23288582,2025,8,14,14,28,臺中市,大雅區,0,1,0,7,2,6,30,4,1,1,5,4,6,6,4,4,5,5,5,2,15,3,10,3,1,B03,7,9,1,8,2,5,,12,12,1,13,4,120.661937,24.218059,2
5214,66000,387130000C,(04)23274275,(04)23288582,2025,8,14,14,32,臺中市,北區,0,2,0,7,2,6,50,4,1,1,5,4,6,6,1,1,10,5,5,2,13,2,9,5,4,C03,7,9,4,10,2,14,,7,7,1,13,4,120.664018,24.161733,2
5215,66000,387130000C,(04)23274275,(04)23288582,2025,8,14,14,35,臺中市,外埔區,0,0,0,7,3,6,40,13,9,1,5,4,6,6,4,4,10,5,5,1,30,,,,,,,9,,,,,,119,119,1,,,120.660689,24.333692,3
5216,66000,387130000C,(04)23274275,(04)23288582,2025,8,14,14,38,臺中市,梧棲區,0,0,0,7,,,30,,,,,,,,,,,,,,15,,,,,B12,,,1,,2,,,15,15,1,12,4,120.532543,24.238488,3
5217,66000,387130000C,(04)23274275,(04)23288582,2025,8,14,14,39,臺中市,北區,0,0,0,7,,,50,,,,,,,,,,,,,,11,,,,,B01,,,1,,2,,,84,84,1,13,4,120.679895,24.157993,3
5218,66000,387130000C,(04)23274275,(04)23288582,2025,8,14,14,40,臺中市,南屯區,0,0,0,7,,,50,,,,,,,,,,,,,,12,,,,,B03,,,1,,2,,,50,50,1,13,4,120.637167,24.137826,3
5219,66000,387130000C,(04)23274275,(04)23288582,2025,8,14,14,45,臺中市,北屯區,0,1,0,7,2,6,50,13,9,1,5,4,6,6,4,4,5,5,5,2,18,2,8,2,1,C03,7,9,1,10,2,11,,59,59,1,12,4,120.714349,24.164537,2
5220,66000,387130000C,(04)23274275,(04)23288582,2025,8,14,14,45,臺中市,西屯區,0,0,0,7,,,30,,,,,,,,,,,,,,17,,,,,B03,,,1,,1,,,77,77,1,12,4,120.650093,24.167951,3
5221,66000,387130000C,(04)23274275,(04)23288582,2025,8,14,14,47,臺中市,潭子區,0,1,0,7,3,6,40,13,9,1,5,4,6,6,4,4,10,5,5,2,11,3,10,2,1,C03,7,9,1,10,2,12,,41,41,1,13,4,120.694418,24.218635,2
5222,66000,387130000C,(04)23274275,(04)23288582,2025,8,14,14,49,臺中市,烏日區,0,1,0,7,2,6,40,13,8,1,5,4,6,6,4,4,1,4,1,1,13,2,9,2,1,C03,7,9,1,10,2,11,,58,58,1,6,4,120.647987,24.085791,2
5223,66000,387130000C,(04)23274275,(04)23288582,2025,8,14,14,50,臺中市,西屯區,0,1,0,7,2,6,50,13,7,1,5,4,6,6,4,4,5,5,4,2,16,3,10,2,1,C03,7,9,1,10,2,15,,7,7,1,12,4,120.647183,24.166178,2
5224,66000,387130000C,(04)23274275,(04)23288582,2025,8,14,14,51,臺中市,大里區,0,1,0,7,2,6,50,3,1,1,5,4,6,6,4,4,10,4,5,2,12,2,9,2,1,C03,7,9,1,10,2,14,,8,8,1,12,4,120.681527,24.100502,2
5225,66000,387130000C,(04)23274275,(04)23288582,2025,8,14,14,56,臺中市,西區,0,0,0,7,,,50,,,,,,,,,,,,,,,,,,,B03,,,1,,1,,,51,51,1,12,4,120.66189,24.151538,3
5226,66000,387130000C,(04)23274275,(04)23288582,2025,8,14,14,57,臺中市,神岡區,0,0,0,7,,,60,,,,,,,,,,,,,,13,,,,,B03,,,1,,1,,,84,84,1,12,4,120.680942,24.245308,3
5227,66000,387130000C,(04)23274275,(04)23288582,2025,8,14,14,59,臺中市,大里區,0,2,0,7,2,6,30,4,1,1,5,4,6,6,4,4,10,5,5,2,16,2,8,1,1,C03,7,9,1,10,2,11,,7,7,1,6,4,120.698267,24.087378,2
5228,66000,387130000C,(04)23274275,(04)23288582,2025,8,14,15,6,臺中市,西區,0,1,0,7,2,6,50,3,1,1,5,4,6,6,4,4,10,5,5,2,17,3,10,2,1,C03,7,1,1,10,2,11,,51,51,1,12,4,120.666979,24.135612,2
5229,66000,387130000C,(04)23274275,(04)23288582,2025,8,14,15,7,臺中市,北屯區,0,2,0,7,2,6,50,13,9,1,5,4,6,6,4,4,9,5,5,2,12,2,9,1,1,C03,7,1,1,10,2,11,,51,51,1,5,4,120.692087,24.179512,2
5230,66000,387130000C,(04)23274275,(04)23288582,2025,8,14,15,8,臺中市,西屯區,0,0,0,7,,,50,,,,,,,,,,,,,,12,,,,,C03,,,1,,1,,,8,8,1,13,4,120.645494,24.172417,4
5231,66000,387130000C,(04)23274275,(04)23288582,2025,8,14,15,10,臺中市,西區,0,1,0,6,2,6,50,4,1,1,5,4,6,6,1,1,10,5,5,2,17,3,10,3,1,B03,7,6,1,8,2,5,,11,11,1,13,4,120.665783,24.150717,2
5232,66000,387130000C,(04)23274275,(04)23288582,2025,8,14,15,10,臺中市,西屯區,0,0,0,7,,,30,,,,,,,,,,,,,,,,,,,B03,,,1,,1,,,8,8,1,12,4,120.637975,24.171137,3
5233,66000,387130000C,(04)23274275,(04)23288582,2025,8,14,15,11,臺中市,南屯區,0,0,0,7,,,50,,,,,,,,,,,,,,,,,,,B12,,,1,,1,,,85,85,1,13,4,120.627051,24.113271,3
5234,66000,387130000C,(04)23274275,(04)23288582,2025,8,14,15,12,臺中市,太平區,0,0,0,7,,,50,,,,,,,,,,,,,,12,,,,,B13,,,1,,2,,,45,45,1,6,4,120.717762,24.131377,3
5235,66000,387130000C,(04)23274275,(04)23288582,2025,8,14,15,15,臺中市,南區,0,0,0,7,,,50,,,,,,,,,,,,,,17,,,,,C03,,,1,,2,,,84,84,1,12,4,120.652148,24.112883,4
5236,66000,387130000C,(04)23274275,(04)23288582,2025,8,14,15,16,臺中市,中區,0,2,0,7,3,6,50,4,1,1,5,4,6,6,4,4,10,5,5,2,15,2,9,2,1,C03,7,9,1,10,2,11,,12,12,1,12,4,120.677819,24.145231,2
5237,66000,387130000C,(04)23274275,(04)23288582,2025,8,14,15,17,臺中市,北區,0,2,0,7,2,6,50,4,1,1,5,4,6,6,1,1,10,5,5,2,13,3,10,5,4,C03,7,12,1,10,2,11,,7,7,1,13,4,120.672032,24.170219,2
5238,66000,387130000C,(04)23274275,(04)23288582,2025,8,14,15,18,臺中市,西區,0,2,0,7,2,6,30,4,1,1,5,4,6,6,4,4,10,5,5,2,15,2,9,5,4,C03,7,9,1,10,2,11,,15,15,1,12,4,120.656596,24.15433,2
5239,66000,387130000C,(04)23274275,(04)23288582,2025,8,14,15,19,臺中市,西屯區,0,1,0,7,2,6,0,13,21,1,5,4,6,6,4,4,10,5,5,2,17,3,10,5,4,B03,7,5,1,8,2,5,,20,20,1,13,4,120.645887,24.156249,2
5240,66000,387130000C,(04)23274275,(04)23288582,2025,8,14,15,19,臺中市,西屯區,0,1,0,7,2,6,50,3,1,1,5,4,6,6,4,4,10,5,5,2,16,3,10,3,1,B02,7,6,1,8,2,1,,12,12,1,13,4,120.630994,24.164975,2
5241,66000,387130000C,(04)23274275,(04)23288582,2025,8,14,15,20,臺中市,北屯區,0,1,0,7,2,6,50,4,1,1,5,4,6,6,2,1,10,5,5,2,13,2,8,1,1,C03,7,6,1,10,2,13,,48,48,1,6,4,120.70396,24.182162,2
5242,66000,387130000C,(04)23274275,(04)23288582,2025,8,14,15,25,臺中市,北屯區,0,1,0,7,3,6,50,4,1,1,5,4,6,6,4,4,10,5,5,2,15,3,10,3,1,B03,7,9,1,8,2,2,,12,12,1,12,4,120.723538,24.171629,2
5243,66000,387130000C,(04)23274275,(04)23288582,2025,8,14,15,28,臺中市,神岡區,0,1,0,7,1,6,50,11,9,1,5,4,6,6,1,1,1,5,5,1,13,2,8,5,4,B12,7,9,1,8,4,1,,59,59,1,12,4,120.662825,24.271754,2
5244,66000,387130000C,(04)23274275,(04)23288582,2025,8,14,15,30,臺中市,南屯區,0,0,0,7,3,6,50,13,8,1,5,4,6,6,4,4,1,4,1,2,13,,,,,B03,,,1,,1,,,84,84,1,12,4,120.624011,24.151617,3
5245,66000,387130000C,(04)23274275,(04)23288582,2025,8,14,15,30,臺中市,北屯區,0,0,0,7,,,50,,,,,,,,,,,,,,16,,,,,A12,,,1,,1,,,11,11,1,6,4,120.676095,24.201286,3
5246,66000,387130000C,(04)23274275,(04)23288582,2025,8,14,15,30,臺中市,西屯區,0,0,0,7,,,50,,,,,,,,,,,,,,14,,,,,B12,,,1,,1,,,49,49,1,12,4,120.647183,24.166178,3
5247,66000,387130000C,(04)23274275,(04)23288582,2025,8,14,15,32,臺中市,西區,0,0,0,7,,,50,,,,,,,,,,,,,,,,,,,B03,,,1,,2,,,49,49,1,12,4,120.669663,24.135673,3
5248,66000,387130000C,(04)23274275,(04)23288582,2025,8,14,15,35,臺中市,南屯區,0,0,0,7,,,50,,,,,,,,,,,,,,,,,,,C03,,,1,,1,,,51,51,1,12,4,120.613269,24.139701,3
5249,66000,387130000C,(04)23274275,(04)23288582,2025,8,14,15,37,臺中市,東區,0,1,0,7,2,6,50,4,1,1,5,4,6,6,1,1,9,4,5,2,17,2,9,1,1,C03,7,9,1,10,2,16,,7,7,1,12,4,120.692172,24.140002,2
5250,66000,387130000C,(04)23274275,(04)23288582,2025,8,14,15,42,臺中市,北區,0,0,0,7,,,50,,,,,,,,,,,,,,14,,,,,B12,,,1,,1,,,49,49,1,13,4,120.692035,24.160334,3
5251,66000,387130000C,(04)23274275,(04)23288582,2025,8,14,15,52,臺中市,西區,0,2,0,7,2,6,50,13,11,1,5,4,6,6,1,1,3,2,5,2,17,2,9,2,1,C03,7,9,1,10,2,12,,84,84,1,12,4,120.665876,24.139928,2
5252,66000,387130000C,(04)23274275,(04)23288582,2025,8,14,15,53,臺中市,清水區,0,1,0,7,2,6,70,13,8,1,5,4,6,6,4,4,1,4,4,1,16,3,10,3,1,B03,7,5,1,8,1,2,,20,20,1,13,4,120.569718,24.274063,2
5253,66000,387130000C,(04)23274275,(04)23288582,2025,8,14,15,55,臺中市,西屯區,0,1,0,7,2,6,40,13,8,1,5,4,6,6,4,4,5,4,4,2,17,3,10,3,1,B03,7,1,1,8,9,16,,51,51,1,12,4,120.664447,24.166549,2
5254,66000,387130000C,(04)23274275,(04)23288582,2025,8,14,15,57,臺中市,北區,0,0,0,7,3,9,50,3,1,1,5,4,6,6,4,4,5,5,5,2,17,,,,,C03,,,1,,1,,,7,7,1,13,4,120.67458,24.159285,3
5255,66000,387130000C,(04)23274275,(04)23288582,2025,8,14,15,57,臺中市,豐原區,0,1,0,7,2,6,50,13,9,1,5,4,3,3,4,4,5,5,5,1,17,2,8,1,1,C03,7,9,1,10,2,14,,4,4,1,13,4,120.726103,24.245877,2
5256,66000,387130000C,(04)23274275,(04)23288582,2025,8,14,16,0,臺中市,西屯區,0,1,0,7,2,6,50,13,9,1,5,4,6,6,4,4,9,4,5,2,16,3,10,3,1,B03,7,6,1,8,2,1,,48,48,1,13,4,120.638968,24.160315,2
5257,66000,387130000C,(04)23274275,(04)23288582,2025,8,14,16,8,臺中市,清水區,0,0,0,7,,,70,,,,,,,,,,,,,,,,,,,B03,,,1,,2,,,7,7,1,12,4,120.566644,24.268223,3
5258,66000,387130000C,(04)23274275,(04)23288582,2025,8,14,16,9,臺中市,大雅區,0,2,0,7,2,6,60,13,7,1,5,4,6,6,4,4,1,3,4,1,12,4,11,3,4,B03,7,8,1,8,1,2,,40,40,1,13,4,120.673763,24.240018,2
5259,66000,387130000C,(04)23274275,(04)23288582,2025,8,14,16,9,臺中市,霧峰區,0,1,0,7,2,6,30,3,1,1,5,4,6,6,4,4,10,5,5,2,16,3,10,2,1,C03,7,6,1,10,2,14,,84,84,1,13,4,120.71252,24.078186,2
5260,66000,387130000C,(04)23274275,(04)23288582,2025,8,14,16,10,臺中市,西區,0,2,0,7,2,6,30,4,1,1,5,4,6,6,4,4,10,5,5,2,17,3,10,1,1,C03,7,9,1,10,2,11,,15,15,1,13,4,120.661127,24.135727,2
5261,66000,387130000C,(04)23274275,(04)23288582,2025,8,14,16,10,臺中市,北區,0,1,0,7,2,6,50,4,9,1,5,4,6,6,4,4,5,5,5,2,3,3,10,5,4,C03,7,9,1,10,2,11,,84,84,1,13,4,120.688639,24.161367,2
5262,66000,387130000C,(04)23274275,(04)23288582,2025,8,14,16,10,臺中市,沙鹿區,0,2,0,7,2,6,30,4,1,1,5,4,6,6,4,4,10,5,5,2,15,2,9,1,1,C03,7,9,1,10,2,12,,12,12,1,12,4,120.569522,24.230333,2
5263,66000,387130000C,(04)23274275,(04)23288582,2025,8,14,16,13,臺中市,北屯區,0,1,0,7,2,6,50,4,1,1,5,4,6,6,2,1,10,5,5,2,16,3,10,3,1,B03,7,5,1,8,2,2,,84,84,1,6,4,120.705738,24.1648,2
5264,66000,387130000C,(04)23274275,(04)23288582,2025,8,14,16,15,臺中市,清水區,0,0,0,7,,,50,,,,,,,,,,,,,,13,,,,,B12,,,1,,1,,,8,8,1,13,4,120.595474,24.300644,3
5265,66000,387130000C,(04)23274275,(04)23288582,2025,8,14,16,16,臺中市,北區,0,0,0,7,,,50,,,,,,,,,,,,,,14,,,,,B03,,,1,,2,,,49,49,1,12,4,120.683189,24.16721,3
5266,66000,387130000C,(04)23274275,(04)23288582,2025,8,14,16,20,臺中市,西區,0,0,0,7,,,40,,,,,,,,,,,,,,17,,,,,B03,,,1,,9,,,43,43,1,12,4,120.660162,24.157995,3
5267,66000,387130000C,(04)23274275,(04)23288582,2025,8,14,16,20,臺中市,南屯區,0,1,0,7,2,6,50,4,1,1,5,4,6,6,2,1,5,5,5,2,17,3,10,1,1,C03,7,11,1,10,2,11,,45,45,1,6,4,120.642632,24.148797,2
5268,66000,387130000C,(04)23274275,(04)23288582,2025,8,14,16,20,臺中市,東勢區,0,0,0,7,,,30,,,,,,,,,,,,,,17,,,,,A12,,,1,,2,,,75,75,1,13,4,120.835663,24.249168,3
5269,66000,387130000C,(04)23274275,(04)23288582,2025,8,14,16,22,臺中市,沙鹿區,0,1,0,7,2,6,50,13,9,1,5,4,6,6,4,4,3,4,4,2,17,2,9,1,1,C03,7,9,1,10,2,12,,83,83,1,13,4,120.573686,24.22608,2
5270,66000,387130000C,(04)23274275,(04)23288582,2025,8,14,16,23,臺中市,大里區,0,0,0,7,3,6,40,13,7,1,5,4,6,6,4,4,1,4,4,,12,,,,,B03,,,1,,2,,,51,51,1,12,4,120.686751,24.095063,3
5271,66000,387130000C,(04)23274275,(04)23288582,2025,8,14,16,28,臺中市,西屯區,0,0,0,7,,,50,,,,,,,,,,,,,,12,,,,,B03,,,1,,1,,,51,51,1,13,4,120.618598,24.183438,3
5272,66000,387130000C,(04)23274275,(04)23288582,2025,8,14,16,30,臺中市,西屯區,0,1,0,7,2,6,50,3,2,1,5,4,3,6,4,4,10,5,5,2,17,3,10,3,1,B01,7,8,1,4,2,16,,43,43,1,12,4,120.63817,24.170093,2
5273,66000,387130000C,(04)23274275,(04)23288582,2025,8,14,16,31,臺中市,豐原區,0,1,0,7,2,6,50,3,1,1,5,4,6,6,4,4,5,5,4,2,17,3,10,3,1,B03,7,11,1,8,2,4,,45,45,1,12,4,120.731443,24.255417,2
5274,66000,387130000C,(04)23274275,(04)23288582,2025,8,14,16,36,臺中市,大肚區,0,1,0,7,2,6,50,13,9,1,5,4,6,6,4,4,9,5,5,1,16,2,9,2,1,C03,7,9,1,10,2,11,,84,84,1,6,4,120.577288,24.165177,2
5275,66000,387130000C,(04)23274275,(04)23288582,2025,8,14,16,36,臺中市,豐原區,0,2,0,7,3,6,50,13,9,1,5,4,6,6,4,4,9,5,5,2,13,2,9,4,1,F01,7,11,7,21,2,14,,84,84,1,13,4,120.718714,24.247887,2
5276,66000,387130000C,(04)23274275,(04)23288582,2025,8,14,16,37,臺中市,北屯區,0,0,0,7,,,30,,,,,,,,,,,,,,12,,,,,B03,,,1,,9,,,8,8,2,6,4,120.683664,24.192799,3
5277,66000,387130000C,(04)23274275,(04)23288582,2025,8,14,16,38,臺中市,北屯區,0,1,0,7,1,6,50,4,2,1,5,4,6,6,1,1,5,4,4,2,12,3,10,3,1,B02,7,5,1,8,2,2,,11,11,1,13,4,120.704567,24.186493,2
5278,66000,387130000C,(04)23274275,(04)23288582,2025,8,14,16,40,臺中市,大里區,0,1,0,7,2,6,50,13,8,1,5,4,6,6,4,4,1,5,4,1,17,2,9,1,1,C03,7,9,1,10,2,11,,7,7,1,12,4,120.664059,24.08974,2
5279,66000,387130000C,(04)23274275,(04)23288582,2025,8,14,16,40,臺中市,大甲區,0,1,0,7,2,6,50,4,1,1,5,4,6,6,1,1,10,5,5,2,16,3,10,3,1,B03,7,5,1,8,2,2,,85,85,1,6,4,120.629618,24.345248,2
5280,66000,387130000C,(04)23274275,(04)23288582,2025,8,14,16,42,臺中市,大里區,0,0,0,7,,,50,,,,,,,,,,,,,,,,,,,B03,,,1,,2,,,7,7,1,13,4,120.697479,24.083532,3
5281,66000,387130000C,(04)23274275,(04)23288582,2025,8,14,16,43,臺中市,北區,0,0,0,7,,,50,,,,,,,,,,,,,,14,,,,,B03,,,1,,2,,,49,49,1,13,4,120.671533,24.162485,3
5282,66000,387130000C,(04)23274275,(04)23288582,2025,8,14,16,48,臺中市,南屯區,0,0,0,7,,,50,,,,,,,,,,,,,,,,,,,B12,,,1,,2,,,84,84,1,12,4,120.635574,24.136064,3
5283,66000,387130000C,(04)23274275,(04)23288582,2025,8,14,16,49,臺中市,太平區,0,1,0,7,3,6,50,4,1,1,5,4,6,6,4,4,10,5,5,2,16,3,10,3,1,B03,7,5,1,8,2,5,,11,11,1,6,4,120.721051,24.130396,2
5284,66000,387130000C,(04)23274275,(04)23288582,2025,8,14,16,52,臺中市,潭子區,0,0,0,7,3,6,50,3,1,1,5,4,6,6,2,1,5,4,5,2,17,3,10,3,1,B03,7,5,5,19,7,2,,26,26,1,13,4,120.708645,24.229909,3
5285,66000,387130000C,(04)23274275,(04)23288582,2025,8,14,16,55,臺中市,西區,0,1,0,7,2,6,50,4,1,1,5,4,6,6,1,1,10,5,5,2,17,3,10,5,4,B03,7,11,1,8,2,1,,45,45,1,12,4,120.661683,24.134253,2
5286,66000,387130000C,(04)23274275,(04)23288582,2025,8,14,16,56,臺中市,南屯區,0,0,0,7,,,0,,,,,,,,,,,,,,,,,,,C03,,,1,,9,,,50,50,1,12,4,120.650054,24.143353,3
5287,66000,387130000C,(04)23274275,(04)23288582,2025,8,14,16,56,臺中市,太平區,0,0,0,7,,,50,,,,,,,,,,,,,,13,,,,,B03,,,1,,1,,,7,7,1,6,4,120.709792,24.134973,3
5288,66000,387130000C,(04)23274275,(04)23288582,2025,8,14,16,57,臺中市,南區,0,1,0,7,2,6,50,13,9,1,5,4,6,6,4,4,1,4,5,2,12,3,10,3,1,B03,7,13,1,8,2,4,,76,76,1,12,4,120.657733,24.129472,2
5289,66000,387130000C,(04)23274275,(04)23288582,2025,8,14,16,59,臺中市,北屯區,0,2,0,7,3,6,50,4,2,1,5,4,6,6,2,1,10,5,5,2,13,2,9,2,1,C03,7,9,1,10,2,11,,84,84,1,6,4,120.685755,24.171821,2
5290,66000,387130000C,(04)23274275,(04)23288582,2025,8,14,17,0,臺中市,烏日區,0,1,0,7,3,6,50,3,1,1,5,4,6,6,2,1,1,4,3,1,16,3,10,3,1,B03,7,9,1,8,2,8,,21,21,1,6,4,120.609196,24.112872,2
5291,66000,387130000C,(04)23274275,(04)23288582,2025,8,14,17,3,臺中市,潭子區,0,2,0,7,2,6,50,13,7,1,5,4,6,6,4,4,5,5,4,2,17,2,9,3,1,B03,7,1,1,8,2,8,,51,51,1,13,4,120.704713,24.20842,2
5292,66000,387130000C,(04)23274275,(04)23288582,2025,8,14,17,6,臺中市,西屯區,0,0,0,7,,,30,,,,,,,,,,,,,,,,,,,B03,,,1,,1,,,15,15,1,13,4,120.616663,24.19002,3
5293,66000,387130000C,(04)23274275,(04)23288582,2025,8,14,17,6,臺中市,梧棲區,0,0,0,7,,,50,,,,,,,,,,,,,,12,,,,,A12,,,1,,1,,,84,84,1,12,4,120.553687,24.251436,3
5294,66000,387130000C,(04)23274275,(04)23288582,2025,8,14,17,7,臺中市,大甲區,0,0,0,7,,,50,,,,,,,,,,,,,,,,,,,B03,,,3,,2,,,1,1,1,6,4,120.6275,24.351746,3
5295,66000,387130000C,(04)23274275,(04)23288582,2025,8,14,17,9,臺中市,大里區,0,0,0,7,,,40,,,,,,,,,,,,,,13,,,,,C03,,,3,,2,,,7,7,1,13,4,120.699174,24.110238,3
5296,66000,387130000C,(04)23274275,(04)23288582,2025,8,14,17,10,臺中市,南區,0,0,0,7,1,6,50,4,1,1,5,4,6,6,1,1,10,4,5,2,17,3,10,1,1,C03,7,6,1,10,1,13,,11,11,1,12,4,120.680884,24.128279,3
5297,66000,387130000C,(04)23274275,(04)23288582,2025,8,14,17,11,臺中市,西屯區,0,2,0,7,2,6,50,4,1,1,5,4,6,6,2,1,1,4,5,2,17,2,9,5,4,C03,7,6,1,10,2,13,,42,42,1,13,4,120.651959,24.182,2
5298,66000,387130000C,(04)23274275,(04)23288582,2025,8,14,17,11,臺中市,大里區,0,2,0,7,3,6,0,3,2,1,5,4,6,6,4,4,10,5,5,2,9,2,8,6,5,H04,8,20,7,21,2,17,,98,98,1,12,5,120.686234,24.114774,2
5299,66000,387130000C,(04)23274275,(04)23288582,2025,8,14,17,12,臺中市,大雅區,0,0,0,7,,,30,,,,,,,,,,,,,,,,,,,B03,,,1,,1,,,51,51,1,13,4,120.637281,24.233044,3
5300,66000,387130000C,(04)23274275,(04)23288582,2025,8,14,17,12,臺中市,后里區,0,0,0,7,3,6,50,13,9,1,5,4,6,6,4,4,10,5,5,1,12,3,10,1,1,C03,7,4,1,10,7,12,,1,1,1,6,4,120.706308,24.301794,3
5301,66000,387130000C,(04)23274275,(04)23288582,2025,8,14,17,13,臺中市,北區,0,2,0,7,3,6,50,18,24,1,5,4,6,6,1,1,10,5,5,2,17,2,9,5,4,C03,7,11,1,10,2,12,,45,45,1,13,4,120.667259,24.155255,2
5302,66000,387130000C,(04)23274275,(04)23288582,2025,8,14,17,15,臺中市,西區,0,1,0,7,1,6,50,3,1,1,5,4,6,6,1,1,10,5,5,1,17,3,10,5,4,B03,7,9,1,8,2,1,,25,25,1,12,4,120.663831,24.140207,2
5303,66000,387130000C,(04)23274275,(04)23288582,2025,8,14,17,15,臺中市,南屯區,0,0,0,7,3,6,50,13,9,1,5,4,6,6,1,1,5,5,5,2,13,,,,,B03,,,1,,2,,,7,7,1,12,4,120.602639,24.139284,3
5304,66000,387130000C,(04)23274275,(04)23288582,2025,8,14,17,16,臺中市,大肚區,0,1,0,7,2,6,50,14,9,1,5,4,6,6,4,4,10,5,5,2,17,3,10,3,1,B03,7,10,1,8,2,8,,18,18,1,6,4,120.578515,24.111953,2
5305,66000,387130000C,(04)23274275,(04)23288582,2025,8,14,17,18,臺中市,梧棲區,0,1,0,7,3,6,70,4,1,1,5,4,6,6,1,1,10,5,5,2,16,3,10,3,1,B03,7,6,1,8,2,8,,23,23,1,6,4,120.55207,24.244147,2
5306,66000,387130000C,(04)23274275,(04)23288582,2025,8,14,17,20,臺中市,南屯區,0,1,0,7,2,6,30,13,9,1,5,4,6,6,4,4,10,5,5,2,17,3,10,3,1,B03,7,1,1,8,2,8,,51,51,1,6,4,120.651333,24.139464,2
5307,66000,387130000C,(04)23274275,(04)23288582,2025,8,14,17,20,臺中市,西屯區,0,1,0,7,2,6,50,3,2,1,5,4,6,6,4,4,10,5,5,2,12,2,9,1,1,C04,7,6,1,10,2,12,,8,8,1,12,4,120.589944,24.177875,2
5308,66000,387130000C,(04)23274275,(04)23288582,2025,8,14,17,22,臺中市,南屯區,0,0,0,7,,,50,,,,,,,,,,,,,,,,,,,B12,,,1,,2,,,8,8,1,13,4,120.646952,24.141604,3
5309,66000,387130000C,(04)23274275,(04)23288582,2025,8,14,17,22,臺中市,龍井區,0,0,0,7,,,30,,,,,,,,,,,,,,,,,,,C03,,,1,,2,,,15,15,1,6,4,120.530533,24.20148,3
5310,66000,387130000C,(04)23274275,(04)23288582,2025,8,14,17,23,臺中市,霧峰區,0,0,0,7,,,60,,,,,,,,,,,,,,,,,,,B03,,,1,,1,,,50,50,1,13,4,120.692147,24.045812,3
5311,66000,387130000C,(04)23274275,(04)23288582,2025,8,14,17,24,臺中市,東區,0,2,0,7,3,6,50,4,1,1,5,4,6,6,1,1,10,5,5,2,13,2,9,2,1,C03,7,9,1,10,2,11,,84,84,1,12,4,120.699122,24.147933,2
5312,66000,387130000C,(04)23274275,(04)23288582,2025,8,14,17,27,臺中市,大甲區,0,0,0,7,3,6,40,13,9,1,5,4,6,6,4,4,5,2,5,1,12,,,,,B03,,,1,,2,,,87,87,1,13,4,120.65381,24.381604,3
5313,66000,387130000C,(04)23274275,(04)23288582,2025,8,14,17,29,臺中市,大雅區,0,0,0,7,,,50,,,,,,,,,,,,,,,,,,,B12,,,1,,2,,,51,51,1,13,5,120.669244,24.214356,3
5314,66000,387130000C,(04)23274275,(04)23288582,2025,8,14,17,29,臺中市,北屯區,0,0,0,7,,,50,,,,,,,,,,,,,,13,,,,,B03,,,1,,1,,,7,7,1,12,4,120.677078,24.185695,3
5315,66000,387130000C,(04)23274275,(04)23288582,2025,8,14,17,30,臺中市,大雅區,0,1,0,7,3,6,60,4,1,1,5,4,6,6,1,1,1,3,5,1,17,3,10,1,4,C03,7,9,1,10,2,11,,21,21,1,13,4,120.657038,24.230526,2
5316,66000,387130000C,(04)23274275,(04)23288582,2025,8,14,17,30,臺中市,南區,0,0,0,7,,,50,,,,,,,,,,,,,,17,,,,,B03,,,1,,1,,,7,7,1,12,4,120.670273,24.113539,3
5317,66000,387130000C,(04)23274275,(04)23288582,2025,8,14,17,30,臺中市,北屯區,0,0,0,7,,,50,,,,,,,,,,,,,,,,,,,B03,,,1,,1,,,7,7,1,12,4,120.708496,24.16963,3
5318,66000,387130000C,(04)23274275,(04)23288582,2025,8,14,17,35,臺中市,西區,0,0,0,7,,,50,,,,,,,,,,,,,,,,,,,C04,,,1,,2,,,51,51,1,12,4,120.667757,24.150533,3
5319,66000,387130000C,(04)23274275,(04)23288582,2025,8,14,17,35,臺中市,南屯區,0,0,0,7,3,6,50,13,9,1,5,4,6,6,4,4,3,4,5,2,12,,,,,B03,,,1,,1,,,40,40,1,12,4,120.639229,24.141683,3
5320,66000,387130000C,(04)23274275,(04)23288582,2025,8,14,17,35,臺中市,大肚區,0,1,0,7,2,9,30,4,1,1,5,4,6,6,1,1,10,5,5,2,16,2,8,1,1,F03,7,1,7,21,2,14,,51,51,1,2,4,120.578848,24.120949,2
5321,66000,387130000C,(04)23274275,(04)23288582,2025,8,14,17,37,臺中市,豐原區,0,0,0,7,,,50,,,,,,,,,,,,,,13,,,,,C03,,,1,,2,,,7,7,1,13,4,120.727522,24.258929,3