序號,縣市別代碼,機關代碼,市話,傳真,年,月,日,時,分,縣市,區,死亡數量,受傷數量,2-30,天候,道路照明設備,道路類別,道路速限,道路型態,事故位置,路面鋪裝,路面狀態,路面缺陷,障礙物,視距,號誌種類,號誌動作,分向設施,快車道或一般車道間,快慢車道間,路面邊線,事故類型及型態,受傷程度,主要傷處,保護裝備,行動電話或功能裝置,當事者區分(類別),車輛用途,當事者行動狀態,駕照狀態,駕照種類,飲酒情形,車輛撞擊部位最初,車輛撞擊部位其他,肇事因素個別,肇事因素主要,肇事逃逸,職業,共享經濟或外送平台,GPS座標X,GPS座標Y,事故類別
5322,66000,387130000C,(04)23274275,(04)23288582,2025,8,14,17,38,臺中市,北屯區,0,2,0,7,3,6,50,4,1,1,5,4,6,6,2,1,5,5,5,2,13,2,9,2,1,C03,7,9,1,10,2,14,,57,57,1,6,4,120.727582,24.176712,2
5323,66000,387130000C,(04)23274275,(04)23288582,2025,8,14,17,38,臺中市,西屯區,0,2,0,7,2,6,50,3,2,1,5,4,6,6,1,1,5,2,4,2,13,2,9,5,4,C03,7,9,1,10,2,11,,7,7,1,13,4,120.610814,24.170564,2
5324,66000,387130000C,(04)23274275,(04)23288582,2025,8,14,17,38,臺中市,烏日區,0,1,0,7,2,6,40,13,9,1,5,4,6,6,4,4,10,5,5,1,14,3,10,3,1,B03,7,2,1,8,2,3,,49,49,1,6,4,120.612719,24.117847,2
5325,66000,387130000C,(04)23274275,(04)23288582,2025,8,14,17,40,臺中市,西區,0,0,0,7,,,50,,,,,,,,,,,,,,,,,,,B03,,,1,,2,,,84,84,1,12,4,120.669069,24.147442,3
5326,66000,387130000C,(04)23274275,(04)23288582,2025,8,14,17,40,臺中市,大里區,0,0,0,7,,,50,,,,,,,,,,,,,,17,,,,,C03,,,1,,2,,,8,8,1,12,4,120.677213,24.099036,3
5327,66000,387130000C,(04)23274275,(04)23288582,2025,8,14,17,40,臺中市,烏日區,0,0,0,7,,,50,,,,,,,,,,,,,,13,,,,,B03,,,1,,1,,,59,59,1,12,4,120.601761,24.107149,3
5328,66000,387130000C,(04)23274275,(04)23288582,2025,8,14,17,41,臺中市,大肚區,0,2,0,7,2,6,50,13,9,1,5,4,6,6,4,4,10,5,5,2,3,2,9,2,1,C03,7,9,1,10,2,11,,59,59,1,6,4,120.576902,24.171957,2
5329,66000,387130000C,(04)23274275,(04)23288582,2025,8,14,17,42,臺中市,東區,0,1,0,7,2,6,50,13,9,1,5,4,6,6,1,1,5,4,5,2,12,3,10,1,1,C03,7,9,5,10,5,12,14,84,84,1,12,4,120.687559,24.131933,2
5330,66000,387130000C,(04)23274275,(04)23288582,2025,8,14,17,44,臺中市,西屯區,0,1,0,7,2,6,50,4,2,1,5,4,6,6,2,1,4,3,4,2,13,3,10,5,4,C03,7,9,1,10,2,11,,7,7,1,13,4,120.6067,24.169135,2
5331,66000,387130000C,(04)23274275,(04)23288582,2025,8,14,17,45,臺中市,龍井區,0,0,0,7,,,50,,,,,,,,,,,,,,,,,,,B03,,,1,,2,,,40,40,1,6,4,120.543753,24.218198,3
5332,66000,387130000C,(04)23274275,(04)23288582,2025,8,14,17,47,臺中市,西屯區,0,0,0,7,,,50,,,,,,,,,,,,,,,,,,,B03,,,1,,1,,,7,7,1,13,4,120.658311,24.195146,3
5333,66000,387130000C,(04)23274275,(04)23288582,2025,8,14,17,48,臺中市,西屯區,0,0,0,7,,,0,,,,,,,,,,,,,,,,,,,C03,,,1,,1,,,84,84,1,12,4,120.656862,24.200937,3
5334,66000,387130000C,(04)23274275,(04)23288582,2025,8,14,17,49,臺中市,東區,0,2,0,7,2,6,50,4,1,1,5,4,6,6,3,1,10,5,5,2,15,2,9,1,1,C03,7,9,1,10,2,11,,24,24,1,12,4,120.699079,24.142117,2
5335,66000,387130000C,(04)23274275,(04)23288582,2025,8,14,17,50,臺中市,東區,0,2,0,7,1,6,50,13,7,1,5,4,6,6,4,4,5,4,5,2,17,2,9,1,1,C03,7,9,1,10,2,11,,84,84,1,12,4,120.684074,24.132853,2
5336,66000,387130000C,(04)23274275,(04)23288582,2025,8,14,17,50,臺中市,大里區,0,0,0,7,,,50,,,,,,,,,,,,,,17,,,,,C03,,,3,,1,,,8,8,1,12,4,120.677213,24.099036,3
5337,66000,387130000C,(04)23274275,(04)23288582,2025,8,14,17,50,臺中市,沙鹿區,0,0,0,7,,,50,,,,,,,,,,,,,,,,,,,B03,,,1,,2,,,45,45,1,12,4,120.579064,24.214895,3
5338,66000,387130000C,(04)23274275,(04)23288582,2025,8,14,17,52,臺中市,烏日區,0,2,0,7,2,6,50,13,9,1,5,4,6,6,4,4,5,5,5,2,13,2,9,2,1,C03,7,9,3,19,2,11,,7,7,1,6,4,120.641544,24.103159,2
5339,66000,387130000C,(04)23274275,(04)23288582,2025,8,14,17,55,臺中市,北區,0,0,0,7,,,50,,,,,,,,,,,,,,9,,,,,C03,,,1,,2,,,59,59,1,12,4,120.674178,24.163564,3
5340,66000,387130000C,(04)23274275,(04)23288582,2025,8,14,17,58,臺中市,南區,0,0,0,7,,,50,,,,,,,,,,,,,,13,,,,,B12,,,1,,1,,,84,84,1,12,4,120.66854,24.12938,3
5341,66000,387130000C,(04)23274275,(04)23288582,2025,8,14,18,0,臺中市,潭子區,0,0,0,7,,,50,,,,,,,,,,,,,,,,,,,C03,,,2,,2,,,84,84,1,13,4,120.691208,24.215976,3
5342,66000,387130000C,(04)23274275,(04)23288582,2025,8,14,18,2,臺中市,大里區,0,2,0,7,2,6,50,4,1,1,5,4,6,6,4,4,10,5,5,2,15,2,9,2,1,C03,7,9,1,10,2,11,,15,15,1,13,4,120.715482,24.095186,2
5343,66000,387130000C,(04)23274275,(04)23288582,2025,8,14,18,3,臺中市,北屯區,0,0,0,7,,,30,,,,,,,,,,,,,,12,,,,,B03,,,1,,2,,,43,43,1,6,4,120.689069,24.19889,3
5344,66000,387130000C,(04)23274275,(04)23288582,2025,8,14,18,3,臺中市,霧峰區,0,0,0,7,,,50,,,,,,,,,,,,,,,,,,,B03,,,1,,2,,,84,84,1,13,4,120.694772,24.044362,3
5345,66000,387130000C,(04)23274275,(04)23288582,2025,8,14,18,6,臺中市,東勢區,0,0,0,7,,,50,,,,,,,,,,,,,,17,,,,,C03,,,1,,2,,,51,51,1,13,4,120.831911,24.247729,3
5346,66000,387130000C,(04)23274275,(04)23288582,2025,8,14,18,9,臺中市,大里區,0,1,0,7,3,6,50,3,2,1,5,4,6,6,4,4,5,5,5,1,11,2,7,1,1,C03,7,5,1,10,7,14,,8,8,1,13,4,120.697222,24.105902,2
5347,66000,387130000C,(04)23274275,(04)23288582,2025,8,14,18,9,臺中市,龍井區,0,1,0,7,2,6,40,13,8,1,5,4,6,6,4,4,3,4,3,1,28,2,9,2,1,C03,7,9,1,10,2,11,,87,87,1,6,4,120.573957,24.179579,2
5348,66000,387130000C,(04)23274275,(04)23288582,2025,8,14,18,10,臺中市,沙鹿區,0,0,0,7,2,6,40,13,7,1,5,4,6,6,4,4,1,3,1,2,13,,,,,B03,,,1,,1,,,7,7,1,12,4,120.590986,24.250133,3
5349,66000,387130000C,(04)23274275,(04)23288582,2025,8,14,18,11,臺中市,北屯區,0,0,0,7,,,50,,,,,,,,,,,,,,,,,,,C03,,,1,,1,,,42,42,1,13,4,120.705738,24.1648,3
5350,66000,387130000C,(04)23274275,(04)23288582,2025,8,14,18,13,臺中市,南屯區,0,1,0,7,1,6,50,4,4,1,5,4,6,6,2,1,5,4,4,2,13,2,7,1,1,C03,7,9,1,10,2,12,,7,7,1,6,4,120.634842,24.153644,2
5351,66000,387130000C,(04)23274275,(04)23288582,2025,8,14,18,15,臺中市,烏日區,0,4,0,7,1,3,40,10,17,1,5,4,6,6,4,4,10,5,5,1,13,2,9,3,1,B03,7,12,1,8,2,1,,57,57,1,6,4,120.617413,24.118545,2
5352,66000,387130000C,(04)23274275,(04)23288582,2025,8,14,18,16,臺中市,北屯區,0,1,0,7,1,6,50,13,9,1,5,4,6,6,4,4,1,4,5,2,12,3,10,3,1,B03,7,5,1,8,2,2,,84,84,1,6,4,120.66193,24.189012,2
5353,66000,387130000C,(04)23274275,(04)23288582,2025,8,14,18,16,臺中市,西屯區,0,0,0,7,,,50,,,,,,,,,,,,,,30,,,,,B03,,,1,,2,,,59,59,1,13,4,120.654526,24.187357,3
5354,66000,387130000C,(04)23274275,(04)23288582,2025,8,14,18,17,臺中市,南屯區,0,1,0,7,2,6,50,13,9,1,5,4,6,6,4,4,5,5,5,2,18,2,9,1,1,C03,7,9,1,10,2,12,,84,84,1,13,4,120.65455,24.130232,2
5355,66000,387130000C,(04)23274275,(04)23288582,2025,8,14,18,21,臺中市,東區,0,1,0,7,1,6,50,4,1,1,5,4,6,6,1,1,3,4,4,2,9,3,10,6,5,H01,8,18,7,21,10,17,,95,95,1,12,5,120.696491,24.136959,2
5356,66000,387130000C,(04)23274275,(04)23288582,2025,8,14,18,22,臺中市,西屯區,0,0,0,6,,,30,,,,,,,,,,,,,,,,,,,B03,,,1,,1,,,7,7,1,13,4,120.62543,24.189603,3
5357,66000,387130000C,(04)23274275,(04)23288582,2025,8,14,18,23,臺中市,南區,0,0,0,7,,,30,,,,,,,,,,,,,,12,,,,,B03,,,1,,1,,,8,8,1,12,4,120.656363,24.131623,3
5358,66000,387130000C,(04)23274275,(04)23288582,2025,8,14,18,24,臺中市,北區,0,0,0,7,,,50,,,,,,,,,,,,,,17,,,,,C03,,,6,,1,,,85,85,1,13,4,120.674882,24.148568,4
5359,66000,387130000C,(04)23274275,(04)23288582,2025,8,14,18,24,臺中市,北屯區,0,0,0,7,,,50,,,,,,,,,,,,,,16,,,,,C03,,,1,,1,,,34,34,1,12,4,120.683286,24.19167,3
5360,66000,387130000C,(04)23274275,(04)23288582,2025,8,14,18,25,臺中市,北區,0,0,0,7,,,50,,,,,,,,,,,,,,16,,,,,C03,,,1,,2,,,20,20,1,12,4,120.682266,24.162001,3
5361,66000,387130000C,(04)23274275,(04)23288582,2025,8,14,18,26,臺中市,西屯區,0,1,0,7,1,6,50,4,1,1,5,4,6,6,4,4,5,5,5,2,16,3,10,3,1,B03,7,6,1,8,2,8,,14,14,1,12,4,120.659304,24.161514,2
5362,66000,387130000C,(04)23274275,(04)23288582,2025,8,14,18,28,臺中市,北區,0,1,0,7,1,6,50,5,9,1,5,4,6,6,1,1,1,4,5,2,17,2,9,5,4,C03,7,15,1,10,2,12,,7,7,1,13,4,120.68578,24.154152,2
5363,66000,387130000C,(04)23274275,(04)23288582,2025,8,14,18,30,臺中市,北區,0,2,0,7,1,9,50,4,1,1,5,4,6,6,4,4,10,5,5,2,17,2,8,5,4,C03,7,9,1,10,1,12,,15,15,1,13,4,120.695275,24.154565,2
5364,66000,387130000C,(04)23274275,(04)23288582,2025,8,14,18,30,臺中市,太平區,0,1,0,7,3,6,40,13,8,1,5,4,6,6,4,4,5,2,5,1,13,2,9,6,1,F01,7,9,7,21,2,11,,7,7,1,12,4,120.717651,24.133648,2
5365,66000,387130000C,(04)23274275,(04)23288582,2025,8,14,18,32,臺中市,北屯區,0,2,0,7,3,6,50,4,1,1,5,4,6,6,1,1,10,5,5,2,17,3,10,3,1,B03,7,5,1,8,2,5,,11,11,1,12,4,120.715149,24.164191,2
5366,66000,387130000C,(04)23274275,(04)23288582,2025,8,14,18,45,臺中市,南區,0,0,0,7,1,6,50,13,8,1,5,4,6,6,4,4,1,4,4,2,17,3,10,3,1,B03,7,2,1,8,1,5,,49,49,1,12,4,120.659312,24.111647,3
5367,66000,387130000C,(04)23274275,(04)23288582,2025,8,14,18,45,臺中市,西屯區,0,1,0,7,1,6,50,4,2,1,5,4,6,6,2,1,4,4,5,2,13,3,10,5,4,B03,7,9,1,8,1,8,,7,7,1,13,4,120.637283,24.173182,2
5368,66000,387130000C,(04)23274275,(04)23288582,2025,8,14,18,51,臺中市,大雅區,0,1,0,7,1,6,50,3,1,1,5,4,6,6,4,4,4,4,5,1,12,3,10,1,1,C03,7,9,1,10,2,12,,8,8,1,13,4,120.669957,24.236193,2
5369,66000,387130000C,(04)23274275,(04)23288582,2025,8,14,18,51,臺中市,北區,0,1,0,7,1,6,50,4,1,1,5,4,6,6,4,4,10,5,5,2,17,2,9,5,4,C03,7,5,1,10,2,14,,47,47,1,13,4,120.684417,24.152984,2
5370,66000,387130000C,(04)23274275,(04)23288582,2025,8,14,18,52,臺中市,西區,0,0,0,7,,,40,,,,,,,,,,,,,,,,,,,B03,,,1,,1,,,51,51,1,12,4,120.66546,24.136927,3
5371,66000,387130000C,(04)23274275,(04)23288582,2025,8,14,18,57,臺中市,西屯區,0,2,0,7,1,6,50,4,1,1,5,4,6,6,2,1,10,5,5,2,15,2,9,1,1,C03,7,9,1,10,2,11,,21,21,1,12,4,120.59884,24.204513,2
5372,66000,387130000C,(04)23274275,(04)23288582,2025,8,14,18,58,臺中市,太平區,0,1,0,7,3,6,50,4,1,1,5,4,6,6,4,4,5,5,5,2,16,3,10,3,1,B01,7,11,1,4,2,8,,45,45,1,6,4,120.713859,24.143409,2
5373,66000,387130000C,(04)23274275,(04)23288582,2025,8,14,19,3,臺中市,西區,0,1,0,7,1,6,50,13,7,1,5,4,6,6,4,4,9,5,4,2,13,2,9,1,1,C03,7,9,1,10,2,11,,7,7,1,12,4,120.65455,24.145149,2
5374,66000,387130000C,(04)23274275,(04)23288582,2025,8,14,19,5,臺中市,南屯區,0,1,0,7,1,6,40,4,2,1,5,4,6,6,4,4,5,5,4,2,17,2,9,2,1,C03,7,9,1,10,2,12,,85,85,1,12,4,120.631108,24.155756,2
5375,66000,387130000C,(04)23274275,(04)23288582,2025,8,14,19,5,臺中市,龍井區,0,2,0,7,1,6,30,4,1,1,5,4,6,6,4,4,10,5,5,1,15,3,10,2,1,C03,7,9,3,19,2,11,,12,12,1,6,4,120.529266,24.205608,2
5376,66000,387130000C,(04)23274275,(04)23288582,2025,8,14,19,10,臺中市,北屯區,0,1,0,7,1,3,80,13,9,1,5,4,6,6,4,4,1,4,5,1,13,2,8,3,1,B12,7,12,1,2,1,8,,7,7,1,6,4,120.671452,24.200831,2
5377,66000,387130000C,(04)23274275,(04)23288582,2025,8,14,19,11,臺中市,潭子區,0,1,0,7,1,6,40,13,7,1,5,4,6,6,4,4,9,5,4,2,13,3,10,3,1,B03,7,11,1,8,2,3,,45,45,1,13,4,120.688079,24.210615,2
5378,66000,387130000C,(04)23274275,(04)23288582,2025,8,14,19,15,臺中市,大甲區,0,1,0,7,1,6,50,4,1,1,5,4,6,6,4,4,5,5,5,1,16,3,10,3,1,B03,7,6,1,8,2,8,,14,14,1,6,4,120.620867,24.346117,2
5379,66000,387130000C,(04)23274275,(04)23288582,2025,8,14,19,20,臺中市,西屯區,0,0,0,7,,,50,,,,,,,,,,,,,,,,,,,C03,,,1,,9,,,50,50,1,12,4,120.614194,24.190608,3
5380,66000,387130000C,(04)23274275,(04)23288582,2025,8,14,19,37,臺中市,南區,0,1,0,7,1,6,50,3,9,1,5,4,6,6,1,1,3,4,5,2,17,3,10,3,1,B03,7,9,1,8,2,1,,7,7,1,12,4,120.648262,24.11412,2
5381,66000,387130000C,(04)23274275,(04)23288582,2025,8,14,19,37,臺中市,西屯區,0,0,0,7,,,50,,,,,,,,,,,,,,17,,,,,,,,,,,,,86,86,1,,,120.65283,24.159494,3
5382,66000,387130000C,(04)23274275,(04)23288582,2025,8,14,19,37,臺中市,大里區,0,0,0,6,1,6,50,13,7,1,5,4,6,6,4,4,9,5,4,2,13,,,,,B03,,,5,,2,,,7,7,1,12,4,120.684167,24.100754,3
5383,66000,387130000C,(04)23274275,(04)23288582,2025,8,14,19,40,臺中市,太平區,0,0,0,7,,,50,,,,,,,,,,,,,,13,,,,,B12,,,1,,2,,,58,58,1,6,4,120.718334,24.126531,3
5384,66000,387130000C,(04)23274275,(04)23288582,2025,8,14,19,41,臺中市,烏日區,0,0,0,6,1,6,50,13,14,1,5,4,6,6,4,4,5,4,5,1,12,3,10,3,1,B03,7,3,1,8,2,2,,50,50,1,6,4,120.627708,24.103688,3
5385,66000,387130000C,(04)23274275,(04)23288582,2025,8,14,19,43,臺中市,北屯區,0,1,0,7,1,6,50,3,2,1,5,4,6,6,4,4,5,4,5,2,16,2,9,1,1,C03,7,5,1,10,2,14,,14,14,1,13,4,120.668902,24.173892,2
5386,66000,387130000C,(04)23274275,(04)23288582,2025,8,14,19,52,臺中市,北屯區,0,0,0,7,,,50,,,,,,,,,,,,,,14,,,,,B03,,,1,,2,,,50,50,1,6,4,120.730303,24.158227,3
5387,66000,387130000C,(04)23274275,(04)23288582,2025,8,14,19,55,臺中市,北屯區,0,0,0,7,,,30,,,,,,,,,,,,,,35,,,,,B03,,,1,7,9,,,84,84,1,6,4,120.711142,24.173984,3
5388,66000,387130000C,(04)23274275,(04)23288582,2025,8,14,20,0,臺中市,南屯區,0,0,0,7,1,6,50,13,9,1,5,4,6,6,1,1,5,2,5,2,13,,,,,B03,,,1,,1,,,7,7,1,12,4,120.646684,24.134785,3
5389,66000,387130000C,(04)23274275,(04)23288582,2025,8,14,20,5,臺中市,北屯區,0,1,0,7,1,6,50,4,1,1,5,4,6,6,2,1,10,5,5,2,12,3,10,1,1,C03,7,9,1,10,2,14,,26,26,1,12,4,120.685498,24.172177,2
5390,66000,387130000C,(04)23274275,(04)23288582,2025,8,14,20,7,臺中市,北屯區,0,1,0,7,1,6,50,4,1,1,5,4,6,6,2,1,1,4,5,2,13,2,9,2,1,C03,7,9,1,10,2,14,,7,7,1,6,4,120.686306,24.186899,2
5391,66000,387130000C,(04)23274275,(04)23288582,2025,8,14,20,20,臺中市,西區,0,0,0,7,,,30,,,,,,,,,,,,,,15,,,,,C03,,,1,,1,,,15,15,1,12,4,120.660898,24.150182,3
5392,66000,387130000C,(04)23274275,(04)23288582,2025,8,14,20,23,臺中市,東區,0,0,0,7,,,30,,,,,,,,,,,,,,17,,,,,B03,,,1,,2,,,84,84,1,12,4,120.695704,24.151332,3
5393,66000,387130000C,(04)23274275,(04)23288582,2025,8,14,20,26,臺中市,北屯區,0,2,0,7,1,6,50,4,1,1,5,4,6,6,4,4,10,5,5,2,15,3,10,1,1,C03,7,9,1,10,2,12,,15,15,1,6,4,120.687759,24.172484,2
5394,66000,387130000C,(04)23274275,(04)23288582,2025,8,14,20,30,臺中市,太平區,0,0,0,7,,,50,,,,,,,,,,,,,,11,,,,,B12,,,3,,2,,,20,20,1,6,4,120.711631,24.151623,3
5395,66000,387130000C,(04)23274275,(04)23288582,2025,8,14,20,31,臺中市,南區,0,3,0,7,1,6,50,4,1,1,5,4,6,6,4,4,10,5,5,2,15,2,9,1,1,C03,7,9,1,10,2,12,,15,15,1,12,4,120.655721,24.126062,2
5396,66000,387130000C,(04)23274275,(04)23288582,2025,8,14,20,40,臺中市,大雅區,0,1,0,7,1,6,30,3,2,1,5,4,6,6,4,4,1,3,4,1,17,3,10,3,4,B02,7,5,1,8,2,8,,13,13,1,13,4,120.648969,24.221344,2
5397,66000,387130000C,(04)23274275,(04)23288582,2025,8,14,20,40,臺中市,西屯區,0,0,0,6,,,30,,,,,,,,,,,,,,,,,,,B03,,,1,,2,,,49,49,1,13,4,120.658261,24.159789,3
5398,66000,387130000C,(04)23274275,(04)23288582,2025,8,14,20,40,臺中市,神岡區,0,1,0,7,3,6,40,13,12,1,5,4,6,6,4,4,5,4,4,1,18,2,9,1,1,C03,7,9,1,10,2,11,,6,6,1,13,2,120.667091,24.257978,2
5399,66000,387130000C,(04)23274275,(04)23288582,2025,8,14,20,42,臺中市,北屯區,0,1,0,7,1,6,50,13,9,1,5,4,6,6,4,4,10,5,5,2,18,2,9,1,1,C03,7,9,1,10,2,11,,84,84,1,13,4,120.698007,24.169785,2
5400,66000,387130000C,(04)23274275,(04)23288582,2025,8,14,20,42,臺中市,北屯區,0,1,0,7,1,6,50,3,1,1,5,4,6,6,4,4,10,5,5,2,18,2,9,1,1,C03,7,15,1,10,2,14,,6,6,1,6,4,120.696362,24.181272,2
5401,66000,387130000C,(04)23274275,(04)23288582,2025,8,14,20,45,臺中市,北屯區,0,1,0,6,1,6,50,5,1,1,5,4,6,6,2,1,10,5,5,2,16,2,9,2,1,C03,7,9,2,19,2,12,,1,1,1,6,4,120.711881,24.182277,2
5402,66000,387130000C,(04)23274275,(04)23288582,2025,8,14,20,50,臺中市,太平區,0,1,0,7,2,6,50,11,9,1,5,4,6,6,4,4,5,5,5,1,13,2,9,2,1,C03,7,9,1,10,2,11,,7,7,1,12,4,120.733619,24.145777,2
5403,66000,387130000C,(04)23274275,(04)23288582,2025,8,14,20,51,臺中市,西屯區,0,0,0,7,,,,,,,,,,,,,,,,,,,,,,,,,,,,,,86,86,1,,,120.63805,24.180752,4
5404,66000,387130000C,(04)23274275,(04)23288582,2025,8,14,20,55,臺中市,太平區,0,0,0,7,,,,,,,,,,,,,,,,,,,,,,,,,,,,,,86,86,1,,,120.72132,24.154351,3
5405,66000,387130000C,(04)23274275,(04)23288582,2025,8,14,21,5,臺中市,南屯區,0,0,0,7,,,50,,,,,,,,,,,,,,16,,,,,C03,,,1,,2,,,48,48,1,6,4,120.652991,24.14384,3
5406,66000,387130000C,(04)23274275,(04)23288582,2025,8,14,21,7,臺中市,南屯區,0,1,0,7,1,6,50,4,1,1,5,4,6,6,2,1,1,4,5,2,16,3,10,3,1,B03,7,5,1,8,2,5,,11,11,1,12,4,120.623494,24.145206,2
5407,66000,387130000C,(04)23274275,(04)23288582,2025,8,14,21,11,臺中市,神岡區,0,1,0,7,1,6,50,4,1,1,5,4,6,6,4,4,10,5,5,1,16,2,9,1,1,C03,7,6,1,10,2,12,,11,11,1,12,4,120.710937,24.258447,2
5408,66000,387130000C,(04)23274275,(04)23288582,2025,8,14,21,13,臺中市,西區,0,0,0,7,,,60,,,,,,,,,,,,,,,,,,,B03,,,1,,2,,,84,84,1,6,4,120.673668,24.147719,3
5409,66000,387130000C,(04)23274275,(04)23288582,2025,8,14,21,14,臺中市,西區,0,2,0,7,1,6,50,4,1,1,5,4,6,6,1,1,9,4,5,2,15,2,9,1,1,C03,7,9,1,10,2,14,,21,21,1,12,4,120.67691,24.13505,2
5410,66000,387130000C,(04)23274275,(04)23288582,2025,8,14,21,28,臺中市,潭子區,0,1,0,7,1,6,50,11,9,1,5,4,6,6,4,4,5,5,5,1,18,2,9,2,1,C03,7,9,1,10,2,12,,84,84,1,13,4,120.710919,24.214375,2
5411,66000,387130000C,(04)23274275,(04)23288582,2025,8,14,21,34,臺中市,北屯區,0,1,0,7,1,6,50,5,2,1,5,4,6,6,4,4,1,4,5,2,13,3,10,3,1,B03,7,9,1,8,2,5,,59,59,1,12,4,120.686279,24.189041,2
5412,66000,387130000C,(04)23274275,(04)23288582,2025,8,14,21,40,臺中市,西區,0,0,0,7,,,50,,,,,,,,,,,,,,13,,,,,C03,,,1,,1,,,8,8,1,12,4,120.682215,24.135778,3
5413,66000,387130000C,(04)23274275,(04)23288582,2025,8,14,21,48,臺中市,潭子區,0,1,0,6,1,6,50,4,1,1,5,4,6,6,1,1,1,4,4,1,17,3,10,2,1,C03,7,15,1,10,2,12,,84,84,1,13,4,120.697587,24.216838,2
5414,66000,387130000C,(04)23274275,(04)23288582,2025,8,14,22,3,臺中市,西屯區,0,0,0,7,,,70,,,,,,,,,,,,,,13,,,,,B03,,,1,,1,,,59,59,1,13,4,120.615369,24.183119,4
5415,66000,387130000C,(04)23274275,(04)23288582,2025,8,14,22,4,臺中市,外埔區,0,0,0,7,1,7,50,3,1,1,5,4,6,6,1,1,5,2,4,1,15,,,,,B03,,,1,,9,,,21,21,1,6,4,120.639208,24.341259,3
5416,66000,387130000C,(04)23274275,(04)23288582,2025,8,14,22,12,臺中市,烏日區,0,0,0,7,,,50,,,,,,,,,,,,,,13,,,,,B03,,,1,,1,,,84,84,1,6,4,120.623381,24.104594,3
5417,66000,387130000C,(04)23274275,(04)23288582,2025,8,14,22,17,臺中市,西屯區,0,0,0,6,,,50,,,,,,,,,,,,,,,,,,,B03,,,3,,1,,,82,82,1,13,4,120.647847,24.196114,3
5418,66000,387130000C,(04)23274275,(04)23288582,2025,8,14,22,39,臺中市,南屯區,0,2,0,7,1,6,50,4,1,1,5,4,6,6,2,1,10,5,5,2,16,2,9,2,4,C03,7,6,3,19,2,14,,36,36,1,6,4,120.620854,24.13999,2
5419,66000,387130000C,(04)23274275,(04)23288582,2025,8,14,22,53,臺中市,潭子區,0,1,0,7,1,6,50,13,9,1,5,4,6,6,4,4,1,4,5,1,18,2,9,2,1,C03,7,9,1,10,2,16,,59,59,1,13,4,120.717819,24.19772,2
5420,66000,387130000C,(04)23274275,(04)23288582,2025,8,14,23,5,臺中市,西屯區,0,0,0,7,,,50,,,,,,,,,,,,,,16,,,,,B03,,,1,,2,,,11,11,1,12,4,120.606877,24.193803,3
5421,66000,387130000C,(04)23274275,(04)23288582,2025,8,14,23,12,臺中市,東區,0,0,0,7,1,6,50,4,1,1,5,4,6,6,4,4,10,5,5,2,17,,11,,,,,,,,,,,119,119,1,,,120.691665,24.132809,3
5422,66000,387130000C,(04)23274275,(04)23288582,2025,8,14,23,22,臺中市,西屯區,0,1,0,7,1,6,50,4,1,1,5,4,6,6,3,1,10,5,5,2,16,3,10,5,4,B03,7,5,1,8,2,7,,24,24,1,13,4,120.648857,24.194084,2
5423,66000,387130000C,(04)23274275,(04)23288582,2025,8,14,23,44,臺中市,西屯區,0,0,0,7,,,50,,,,,,,,,,,,,,,,,,,B03,,,1,,1,,,7,7,1,12,4,120.635879,24.181852,3
5424,66000,387130000C,(04)23274275,(04)23288582,2025,8,15,0,9,臺中市,西屯區,0,1,0,7,1,6,50,13,9,1,5,4,6,6,4,4,1,4,5,2,18,2,9,5,4,C03,7,9,1,10,2,12,,84,84,1,13,4,120.651954,24.180656,2
5425,66000,387130000C,(04)23274275,(04)23288582,2025,8,15,2,24,臺中市,西區,0,1,0,7,1,6,50,13,9,1,5,4,6,6,4,4,9,4,5,2,3,3,10,3,1,B03,7,9,1,8,2,8,,84,84,1,12,4,120.662194,24.150985,2
5426,66000,387130000C,(04)23274275,(04)23288582,2025,8,15,2,37,臺中市,潭子區,0,1,0,6,1,6,60,3,2,1,5,4,6,6,1,1,3,4,4,1,13,3,10,3,1,B12,7,9,5,19,2,1,,84,84,1,12,4,120.707375,24.22408,2
5427,66000,387130000C,(04)23274275,(04)23288582,2025,8,15,2,38,臺中市,西屯區,0,0,0,7,,,50,,,,,,,,,,,,,,17,,,,,B03,,,1,,1,,,51,51,1,13,4,120.645362,24.172617,3
5428,66000,387130000C,(04)23274275,(04)23288582,2025,8,15,3,16,臺中市,大里區,0,1,0,7,2,6,50,4,2,1,5,4,6,6,1,1,10,5,5,2,23,2,9,3,1,B03,7,9,5,19,6,8,,59,59,1,12,4,120.678953,24.114234,2
5429,66000,387130000C,(04)23274275,(04)23288582,2025,8,15,3,17,臺中市,南區,0,1,0,7,3,6,1,4,2,1,5,4,6,6,1,1,10,5,5,2,17,2,9,5,4,C03,7,15,3,19,8,15,,84,84,1,12,4,120.653763,24.116717,2
5430,66000,387130000C,(04)23274275,(04)23288582,2025,8,15,4,30,臺中市,西屯區,0,0,0,7,,,50,,,,,,,,,,,,,,,,,,,B03,,,1,,2,,,55,55,1,12,4,120.661746,24.170876,3
5431,66000,387130000C,(04)23274275,(04)23288582,2025,8,15,4,48,臺中市,北區,0,1,0,7,1,6,40,13,8,1,5,4,6,6,4,4,1,4,4,2,18,2,9,1,1,C03,7,1,1,10,2,16,,84,84,1,13,4,120.690478,24.147458,2
5432,66000,387130000C,(04)23274275,(04)23288582,2025,8,15,4,57,臺中市,北屯區,0,0,0,7,,,50,,,,,,,,,,,,,,27,,,,,B03,,,3,,2,,,82,82,1,6,4,120.703391,24.183772,3