序號,縣市別代碼,機關代碼,市話,傳真,年,月,日,時,分,縣市,區,死亡數量,受傷數量,2-30,天候,道路照明設備,道路類別,道路速限,道路型態,事故位置,路面鋪裝,路面狀態,路面缺陷,障礙物,視距,號誌種類,號誌動作,分向設施,快車道或一般車道間,快慢車道間,路面邊線,事故類型及型態,受傷程度,主要傷處,保護裝備,行動電話或功能裝置,當事者區分(類別),車輛用途,當事者行動狀態,駕照狀態,駕照種類,飲酒情形,車輛撞擊部位最初,車輛撞擊部位其他,肇事因素個別,肇事因素主要,肇事逃逸,職業,共享經濟或外送平台,GPS座標X,GPS座標Y,事故類別
5433,66000,387130000C,(04)23274275,(04)23288582,2025,8,15,5,19,臺中市,南區,0,1,0,7,1,6,50,4,1,1,5,4,6,6,1,1,10,5,5,2,17,3,10,1,1,C03,7,9,1,10,2,16,,21,21,1,12,4,120.676208,24.132644,2
5434,66000,387130000C,(04)23274275,(04)23288582,2025,8,15,5,36,臺中市,豐原區,0,1,0,7,2,6,50,13,7,1,5,4,6,6,1,1,5,5,4,2,13,2,9,5,4,C03,7,9,1,10,2,11,,7,7,1,12,4,120.70208,24.244461,2
5435,66000,387130000C,(04)23274275,(04)23288582,2025,8,15,5,41,臺中市,太平區,0,3,0,7,1,6,40,4,1,1,5,4,6,6,1,1,10,5,5,2,16,2,7,1,1,C03,7,6,3,19,2,11,,23,23,1,12,4,120.722378,24.112677,2
5436,66000,387130000C,(04)23274275,(04)23288582,2025,8,15,5,58,臺中市,北區,0,1,0,7,2,6,50,13,9,1,5,4,6,6,4,4,5,5,5,2,9,3,10,5,4,B01,7,9,1,4,2,2,,84,84,1,12,4,120.702004,24.159708,2
5437,66000,387130000C,(04)23274275,(04)23288582,2025,8,15,6,8,臺中市,南區,0,0,0,7,,,50,,,,,,,,,,,,,,30,,,,,A31,,,1,,2,,,84,84,1,12,4,120.648929,24.11894,3
5438,66000,387130000C,(04)23274275,(04)23288582,2025,8,15,6,13,臺中市,南屯區,0,0,0,7,,,30,,,,,,,,,,,,,,17,,,,,B03,,,1,,2,,,51,51,1,6,4,120.638883,24.140255,3
5439,66000,387130000C,(04)23274275,(04)23288582,2025,8,15,6,29,臺中市,太平區,0,1,0,7,1,6,50,13,9,1,5,4,6,6,4,4,5,5,5,1,12,3,10,3,1,B03,7,9,1,8,2,2,,84,84,1,12,4,120.724658,24.140529,2
5440,66000,387130000C,(04)23274275,(04)23288582,2025,8,15,6,35,臺中市,大雅區,0,1,0,7,3,6,30,13,9,1,5,4,6,6,4,4,10,5,5,2,28,2,9,2,1,C03,7,9,1,10,2,11,,84,84,1,12,4,120.630816,24.218819,2
5441,66000,387130000C,(04)23274275,(04)23288582,2025,8,15,6,36,臺中市,北屯區,0,0,0,7,,,50,,,,,,,,,,,,,,,,,,,B03,,,1,,9,,,51,51,1,12,4,120.720602,24.180135,3
5442,66000,387130000C,(04)23274275,(04)23288582,2025,8,15,6,39,臺中市,東區,0,0,0,7,,,50,,,,,,,,,,,,,,12,,,,,C03,,,1,,1,,,7,7,1,12,4,120.692395,24.139415,3
5443,66000,387130000C,(04)23274275,(04)23288582,2025,8,15,6,44,臺中市,大甲區,0,0,0,7,,,30,,,,,,,,,,,,,,,,,,,B03,,,1,,1,,,49,49,1,12,4,120.630735,24.343048,3
5444,66000,387130000C,(04)23274275,(04)23288582,2025,8,15,6,46,臺中市,神岡區,0,1,0,7,1,6,30,11,9,1,5,4,6,6,4,4,10,5,5,1,18,2,1,1,4,C03,7,5,1,10,2,11,,43,43,1,12,4,120.682199,24.27213,2
5445,66000,387130000C,(04)23274275,(04)23288582,2025,8,15,6,47,臺中市,北屯區,0,2,0,7,2,6,50,4,2,1,5,4,6,6,1,1,1,4,5,2,13,2,9,1,1,C03,7,9,1,10,2,11,,84,84,1,6,4,120.700136,24.164975,2
5446,66000,387130000C,(04)23274275,(04)23288582,2025,8,15,6,51,臺中市,中區,0,1,0,7,3,6,50,4,1,1,5,4,6,6,3,1,10,5,5,2,15,2,9,1,1,C03,7,9,1,10,5,11,,24,24,1,6,4,120.675795,24.142883,2
5447,66000,387130000C,(04)23274275,(04)23288582,2025,8,15,7,8,臺中市,西區,0,2,0,7,2,6,50,4,2,1,5,4,6,6,2,1,5,5,5,2,17,2,9,2,1,C02,7,9,1,9,2,11,14,7,7,1,12,4,120.66148,24.132476,2
5448,66000,387130000C,(04)23274275,(04)23288582,2025,8,15,7,12,臺中市,神岡區,0,2,0,7,2,6,50,4,1,1,5,4,6,6,2,1,10,5,5,1,15,2,9,5,4,C03,7,9,1,10,2,13,14,21,21,1,13,4,120.705446,24.275361,2
5449,66000,387130000C,(04)23274275,(04)23288582,2025,8,15,7,15,臺中市,梧棲區,0,0,0,7,,,30,,,,,,,,,,,,,,13,,,,,B03,,,1,,1,,,7,7,1,6,4,120.534814,24.250705,3
5450,66000,387130000C,(04)23274275,(04)23288582,2025,8,15,7,19,臺中市,北區,0,0,0,7,,,30,,,,,,,,,,,,,,17,,,,,,,,,,,,,119,119,1,,,120.662992,24.161737,3
5451,66000,387130000C,(04)23274275,(04)23288582,2025,8,15,7,27,臺中市,東區,0,1,0,7,1,6,30,4,1,1,5,4,6,6,4,4,10,5,5,2,17,3,10,5,4,C03,7,6,1,10,2,11,,14,14,1,13,4,120.698225,24.143245,2
5452,66000,387130000C,(04)23274275,(04)23288582,2025,8,15,7,28,臺中市,東區,0,1,0,7,3,6,50,4,1,1,5,4,6,6,1,1,5,5,5,2,13,2,8,2,1,C03,7,9,3,19,2,11,,84,84,1,6,4,120.70479,24.130659,2
5453,66000,387130000C,(04)23274275,(04)23288582,2025,8,15,7,29,臺中市,豐原區,0,0,0,7,,,30,,,,,,,,,,,,,,17,,,,,C03,,,3,,2,,,41,41,1,12,4,120.722744,24.263783,4
5454,66000,387130000C,(04)23274275,(04)23288582,2025,8,15,7,30,臺中市,北屯區,0,0,0,7,,,30,,,,,,,,,,,,,,17,,,,,A12,,,1,,2,,,8,8,1,6,4,120.693026,24.168739,3
5455,66000,387130000C,(04)23274275,(04)23288582,2025,8,15,7,34,臺中市,南屯區,0,0,0,7,,,50,,,,,,,,,,,,,,12,,,,,C03,,,1,,1,,,59,59,1,12,4,120.61223,24.14015,3
5456,66000,387130000C,(04)23274275,(04)23288582,2025,8,15,7,36,臺中市,南屯區,0,1,0,7,2,6,50,3,2,1,5,4,6,6,4,4,4,3,4,2,16,3,10,5,4,B03,7,6,1,8,2,8,,14,14,1,13,4,120.615063,24.146563,2
5457,66000,387130000C,(04)23274275,(04)23288582,2025,8,15,7,37,臺中市,沙鹿區,0,0,0,7,,,50,,,,,,,,,,,,,,,,,,,B03,,,1,,9,,,8,8,1,13,4,120.591859,24.245595,3
5458,66000,387130000C,(04)23274275,(04)23288582,2025,8,15,7,41,臺中市,北區,0,1,0,7,2,6,40,4,1,1,5,4,6,6,1,1,5,4,4,2,16,3,10,3,1,B01,7,6,1,4,2,8,,48,48,1,12,4,120.67687,24.169919,2
5459,66000,387130000C,(04)23274275,(04)23288582,2025,8,15,7,42,臺中市,大里區,0,1,0,7,2,6,30,4,1,1,5,4,6,6,4,4,10,5,5,2,17,3,10,5,4,C03,7,9,1,10,2,11,,84,84,1,13,4,120.703278,24.095194,2
5460,66000,387130000C,(04)23274275,(04)23288582,2025,8,15,7,45,臺中市,大里區,0,0,0,7,,,,,,,,,,,,,,,,,17,,,,,,,,,,,,,119,119,1,,,120.686082,24.082767,3
5461,66000,387130000C,(04)23274275,(04)23288582,2025,8,15,7,46,臺中市,外埔區,0,0,0,7,3,6,50,3,7,1,5,4,6,6,4,4,5,4,4,1,16,3,10,1,1,C03,7,8,1,10,2,14,,8,8,1,6,4,120.664697,24.322011,3
5462,66000,387130000C,(04)23274275,(04)23288582,2025,8,15,7,47,臺中市,西屯區,0,0,0,7,,,50,,,,,,,,,,,,,,13,,,,,C03,,,1,,1,,,8,8,1,12,4,120.593833,24.177404,3
5463,66000,387130000C,(04)23274275,(04)23288582,2025,8,15,7,48,臺中市,后里區,0,0,0,7,3,6,50,,2,1,5,4,6,6,4,1,,,,1,12,3,10,2,1,C03,,9,1,10,1,14,,39,39,1,6,4,120.6959,24.311294,3
5464,66000,387130000C,(04)23274275,(04)23288582,2025,8,15,7,50,臺中市,大雅區,0,1,0,7,1,6,0,13,9,1,5,4,6,6,4,4,10,5,5,2,17,3,10,1,1,C03,7,1,1,10,2,14,,51,51,1,13,4,120.661005,24.24249,2
5465,66000,387130000C,(04)23274275,(04)23288582,2025,8,15,7,50,臺中市,北區,0,1,0,7,3,6,50,4,9,1,5,4,6,6,4,4,5,5,5,2,17,3,10,5,4,B03,7,11,1,8,2,2,,26,26,1,13,4,120.689278,24.153931,2
5466,66000,387130000C,(04)23274275,(04)23288582,2025,8,15,7,50,臺中市,沙鹿區,0,3,0,7,2,6,50,13,7,1,5,4,6,6,4,4,1,4,4,2,17,2,8,1,1,C03,7,9,1,10,9,11,,7,7,1,6,4,120.558963,24.231891,2
5467,66000,387130000C,(04)23274275,(04)23288582,2025,8,15,7,50,臺中市,豐原區,0,2,0,7,1,6,50,4,1,1,5,4,6,6,1,1,5,4,4,2,17,2,9,1,1,C03,7,9,1,10,2,11,,85,85,1,6,4,120.717598,24.251878,2
5468,66000,387130000C,(04)23274275,(04)23288582,2025,8,15,7,52,臺中市,潭子區,0,1,0,7,3,6,50,3,1,1,5,4,6,6,4,4,5,5,5,2,17,2,8,2,1,F03,7,6,7,21,2,11,,13,13,1,13,4,120.70327,24.22752,2
5469,66000,387130000C,(04)23274275,(04)23288582,2025,8,15,7,53,臺中市,西區,0,0,0,7,,,50,,,,,,,,,,,,,,17,,,,,B03,,,1,,2,,,51,51,1,12,4,120.671263,24.149859,3
5470,66000,387130000C,(04)23274275,(04)23288582,2025,8,15,7,53,臺中市,烏日區,0,1,0,7,2,6,50,4,1,1,5,4,6,6,1,1,1,4,4,2,16,3,10,3,1,B03,7,5,1,1,2,2,,11,11,1,6,4,120.649129,24.093503,2
5471,66000,387130000C,(04)23274275,(04)23288582,2025,8,15,7,53,臺中市,清水區,0,2,0,7,3,6,30,4,2,1,5,4,6,6,4,4,10,5,5,2,17,2,9,2,1,C03,7,15,1,10,2,13,,12,12,1,12,4,120.636598,24.276861,2
5472,66000,387130000C,(04)23274275,(04)23288582,2025,8,15,7,54,臺中市,大里區,0,0,0,7,,,50,,,,,,,,,,,,,,17,,,,,B03,,,1,,1,,,84,84,1,12,4,120.702564,24.085301,3
5473,66000,387130000C,(04)23274275,(04)23288582,2025,8,15,7,57,臺中市,北屯區,0,1,0,7,2,6,30,3,1,1,5,4,6,6,4,4,10,5,5,2,3,3,10,3,1,B03,7,12,1,8,1,1,,84,84,1,12,4,120.693608,24.164237,2
5474,66000,387130000C,(04)23274275,(04)23288582,2025,8,15,8,0,臺中市,東區,0,1,0,7,3,6,30,3,1,1,5,4,6,6,4,4,10,5,5,2,17,3,10,1,1,C03,7,5,3,19,2,14,,84,84,1,7,4,120.685322,24.130979,2
5475,66000,387130000C,(04)23274275,(04)23288582,2025,8,15,8,0,臺中市,南屯區,0,1,0,7,1,6,50,5,1,1,5,4,6,6,2,1,10,5,5,2,13,3,10,1,1,C03,7,9,1,10,2,11,,7,7,1,6,4,120.633262,24.123785,2
5476,66000,387130000C,(04)23274275,(04)23288582,2025,8,15,8,0,臺中市,北屯區,0,0,0,7,,,50,,,,,,,,,,,,,,,,,,,C03,,,1,,1,,,7,7,1,12,4,120.697545,24.167085,3
5477,66000,387130000C,(04)23274275,(04)23288582,2025,8,15,8,1,臺中市,南屯區,0,0,0,7,,,50,,,,,,,,,,,,,,,,,,,B12,,,1,,1,,,84,84,1,12,4,120.645615,24.151132,3
5478,66000,387130000C,(04)23274275,(04)23288582,2025,8,15,8,1,臺中市,西屯區,0,1,0,7,2,6,50,13,9,1,5,4,6,6,4,4,1,4,5,2,16,3,10,3,1,B03,7,1,1,8,2,7,,51,51,1,12,4,120.645095,24.170875,2
5479,66000,387130000C,(04)23274275,(04)23288582,2025,8,15,8,1,臺中市,大里區,0,1,0,7,2,6,40,4,1,1,5,4,6,6,1,1,1,4,5,1,16,2,9,1,1,C03,7,9,1,10,2,11,,26,26,1,13,4,120.671411,24.102481,2
5480,66000,387130000C,(04)23274275,(04)23288582,2025,8,15,8,5,臺中市,大肚區,0,1,0,7,2,6,30,4,1,1,5,4,6,6,3,1,10,5,5,2,15,3,10,3,1,B03,7,9,1,8,2,1,,24,24,1,6,4,120.545149,24.148872,2
5481,66000,387130000C,(04)23274275,(04)23288582,2025,8,15,8,6,臺中市,南屯區,0,0,0,7,,,50,,,,,,,,,,,,,,13,,,,,C03,,,1,,1,,,7,7,1,12,4,120.612128,24.13702,3
5482,66000,387130000C,(04)23274275,(04)23288582,2025,8,15,8,8,臺中市,南屯區,0,0,0,7,,3,80,,,,,,,,,,,,,,13,,,,,B03,,,1,,1,,,7,7,1,13,4,120.61983,24.129348,3
5483,66000,387130000C,(04)23274275,(04)23288582,2025,8,15,8,10,臺中市,大里區,0,0,0,7,,,40,,,,,,,,,,,,,,12,,,,,B03,,,1,,2,,,8,8,1,6,4,120.699188,24.110216,3
5484,66000,387130000C,(04)23274275,(04)23288582,2025,8,15,8,10,臺中市,沙鹿區,0,1,0,7,2,6,60,11,8,1,5,4,6,6,4,4,1,4,4,2,17,3,10,4,1,B03,7,13,1,8,2,4,,76,76,1,6,4,120.567298,24.204838,2
5485,66000,387130000C,(04)23274275,(04)23288582,2025,8,15,8,11,臺中市,西屯區,0,0,0,7,,,40,,,,,,,,,,,,,,16,,,,,B02,,,1,,2,,,20,20,1,13,4,120.614192,24.184354,3
5486,66000,387130000C,(04)23274275,(04)23288582,2025,8,15,8,13,臺中市,東區,0,1,0,7,3,6,50,4,9,1,5,4,6,6,4,4,5,5,5,2,16,3,10,5,4,B03,7,5,1,8,2,4,,12,12,1,6,4,120.699854,24.126243,2
5487,66000,387130000C,(04)23274275,(04)23288582,2025,8,15,8,16,臺中市,南屯區,0,0,0,7,,,50,,,,,,,,,,,,,,,,,,,B03,,,1,,1,,,43,43,1,12,4,120.645456,24.149941,3
5488,66000,387130000C,(04)23274275,(04)23288582,2025,8,15,8,18,臺中市,北區,0,0,0,7,,,50,,,,,,,,,,,,,,17,,,,,C03,,,6,,2,,,85,85,1,13,4,120.681531,24.163315,4
5489,66000,387130000C,(04)23274275,(04)23288582,2025,8,15,8,19,臺中市,北區,0,0,0,7,2,6,50,3,2,1,5,4,6,6,4,4,3,4,4,2,13,,,,,B03,,,1,,1,,,7,7,1,12,4,120.678833,24.152067,3
5490,66000,387130000C,(04)23274275,(04)23288582,2025,8,15,8,19,臺中市,大里區,0,0,0,7,2,6,40,4,2,1,5,4,6,6,4,4,2,4,5,1,12,,,,,B03,,,1,,2,,,40,40,1,13,4,120.691895,24.101147,3
5491,66000,387130000C,(04)23274275,(04)23288582,2025,8,15,8,20,臺中市,烏日區,0,0,0,7,,,50,,,,,,,,,,,,,,13,,,,,B03,,,1,,1,,,59,59,1,5,4,120.647415,24.109983,3
5492,66000,387130000C,(04)23274275,(04)23288582,2025,8,15,8,23,臺中市,清水區,0,0,0,7,,,50,,,,,,,,,,,,,,,,,,,B03,,,1,,1,,,50,50,1,12,4,120.550238,24.261698,3
5493,66000,387130000C,(04)23274275,(04)23288582,2025,8,15,8,24,臺中市,西區,0,0,0,7,,,50,,,,,,,,,,,,,,,,,,,C03,,,1,,1,,,84,84,1,13,4,120.671319,24.14545,3
5494,66000,387130000C,(04)23274275,(04)23288582,2025,8,15,8,25,臺中市,烏日區,0,1,0,7,2,6,60,3,8,1,5,4,6,6,4,4,1,4,1,1,16,3,10,3,1,A12,7,6,1,7,2,2,,26,26,1,6,4,120.636669,24.094402,2
5495,66000,387130000C,(04)23274275,(04)23288582,2025,8,15,8,25,臺中市,豐原區,0,1,0,7,2,6,50,4,1,1,5,4,6,6,1,1,1,2,5,1,16,3,10,3,1,B03,7,6,1,8,2,5,,11,11,1,12,4,120.727503,24.248846,2
5496,66000,387130000C,(04)23274275,(04)23288582,2025,8,15,8,26,臺中市,梧棲區,0,0,0,7,,,50,,,,,,,,,,,,,,16,,,,,C03,,,1,,1,,,1,1,1,6,4,120.530153,24.253822,3
5497,66000,387130000C,(04)23274275,(04)23288582,2025,8,15,8,30,臺中市,南屯區,0,1,0,7,2,6,50,13,7,1,5,4,6,6,4,4,5,4,4,2,17,3,10,3,1,B12,7,6,1,8,2,5,,39,39,1,12,4,120.617442,24.158197,2
5498,66000,387130000C,(04)23274275,(04)23288582,2025,8,15,8,30,臺中市,梧棲區,0,1,0,7,2,6,50,4,1,1,5,4,6,6,4,4,10,5,5,2,15,2,9,1,1,C03,7,9,1,10,2,12,,15,15,1,12,4,120.540539,24.251892,2
5499,66000,387130000C,(04)23274275,(04)23288582,2025,8,15,8,31,臺中市,南區,0,1,0,7,1,6,50,4,1,1,5,4,6,6,2,1,10,5,5,2,17,3,10,5,4,B12,7,5,1,8,2,2,,11,11,1,13,4,120.668812,24.125845,2
5500,66000,387130000C,(04)23274275,(04)23288582,2025,8,15,8,32,臺中市,大雅區,0,1,0,7,3,6,40,4,2,1,5,4,6,6,4,4,5,2,4,1,17,2,9,1,1,C03,7,9,1,10,2,11,,7,7,1,12,4,120.64917,24.215871,2
5501,66000,387130000C,(04)23274275,(04)23288582,2025,8,15,8,33,臺中市,南區,0,0,0,7,,,50,,,,,,,,,,,,,,13,,,,,C03,,,1,,1,,,7,7,1,6,4,120.670119,24.125943,3
5502,66000,387130000C,(04)23274275,(04)23288582,2025,8,15,8,33,臺中市,烏日區,0,2,0,7,3,6,50,3,2,1,5,4,6,6,4,4,5,5,5,2,16,2,9,1,1,C03,7,6,1,10,2,11,14,39,39,1,9,4,120.595876,24.111266,2
5503,66000,387130000C,(04)23274275,(04)23288582,2025,8,15,8,35,臺中市,西區,0,0,0,7,,,50,,,,,,,,,,,,,,,,,,,C03,,,1,,1,,,84,84,1,12,4,120.655424,24.15101,3
5504,66000,387130000C,(04)23274275,(04)23288582,2025,8,15,8,38,臺中市,烏日區,0,1,0,7,2,6,50,3,2,1,5,4,6,6,1,1,1,4,4,2,13,3,10,3,1,B03,7,9,1,8,2,5,,84,84,1,6,4,120.641611,24.115441,2
5505,66000,387130000C,(04)23274275,(04)23288582,2025,8,15,8,42,臺中市,東區,0,1,0,7,3,6,50,3,1,1,5,4,6,5,4,4,5,5,5,2,17,2,9,2,1,C03,7,6,1,10,2,11,,12,12,1,6,4,120.69243,24.140719,2
5506,66000,387130000C,(04)23274275,(04)23288582,2025,8,15,8,42,臺中市,西屯區,0,0,0,7,,,50,,,,,,,,,,,,,,13,,,,,C03,,,1,,1,,,7,7,1,12,4,120.645151,24.170558,3
5507,66000,387130000C,(04)23274275,(04)23288582,2025,8,15,8,42,臺中市,清水區,0,0,0,7,,,30,,,,,,,,,,,,,,,,,,,B03,,,1,,1,,,42,42,1,12,4,120.576941,24.277532,3
5508,66000,387130000C,(04)23274275,(04)23288582,2025,8,15,8,47,臺中市,北區,0,0,0,7,2,6,50,3,2,1,5,4,6,6,4,4,5,4,5,2,16,3,10,3,1,B03,7,5,1,8,2,5,,20,20,1,12,4,120.693794,24.15944,3
5509,66000,387130000C,(04)23274275,(04)23288582,2025,8,15,8,52,臺中市,北區,0,1,0,7,3,6,50,3,2,1,5,4,6,6,4,4,5,4,5,2,16,3,10,5,4,C03,7,6,1,10,2,12,,14,14,1,13,4,120.672552,24.173554,2
5510,66000,387130000C,(04)23274275,(04)23288582,2025,8,15,8,53,臺中市,東區,0,1,0,7,3,6,50,4,9,1,5,4,6,6,1,1,5,5,5,2,17,2,9,5,4,C03,7,9,1,10,2,11,,87,87,1,6,4,120.697777,24.133211,2
5511,66000,387130000C,(04)23274275,(04)23288582,2025,8,15,8,58,臺中市,潭子區,0,0,0,7,,,50,,,,,,,,,,,,,,,,,,,B03,,,1,,2,,,84,84,1,13,4,120.698445,24.216674,3
5512,66000,387130000C,(04)23274275,(04)23288582,2025,8,15,8,59,臺中市,西屯區,0,0,0,7,,,50,,,,,,,,,,,,,,13,,,,,C03,,,1,,2,,,7,7,1,12,4,120.655311,24.200033,3
5513,66000,387130000C,(04)23274275,(04)23288582,2025,8,15,9,10,臺中市,南屯區,0,0,0,7,,,30,,,,,,,,,,,,,,,,,,,B03,,,1,,1,,,49,49,1,6,4,120.635631,24.141548,3
5514,66000,387130000C,(04)23274275,(04)23288582,2025,8,15,9,15,臺中市,豐原區,0,0,0,7,,,60,,,,,,,,,,,,,,17,,,,,B03,,,1,,2,,,7,7,1,6,4,120.720217,24.264003,3
5515,66000,387130000C,(04)23274275,(04)23288582,2025,8,15,9,17,臺中市,南屯區,0,1,0,7,2,6,50,13,8,1,5,4,6,6,1,1,1,2,1,2,12,2,9,1,1,C03,7,9,1,10,2,11,,84,84,1,12,4,120.629286,24.150923,2
5516,66000,387130000C,(04)23274275,(04)23288582,2025,8,15,9,20,臺中市,北屯區,0,0,0,7,,3,80,,,,,,,,,,,,,,17,,,,,D02,,,1,,2,,,40,40,1,10,4,120.694144,24.201018,3
5517,66000,387130000C,(04)23274275,(04)23288582,2025,8,15,9,22,臺中市,大里區,0,2,0,7,2,6,50,5,1,1,5,4,6,6,3,1,5,5,5,1,16,2,7,1,1,C03,7,6,1,10,2,14,12,11,11,1,6,4,120.680357,24.114977,2
5518,66000,387130000C,(04)23274275,(04)23288582,2025,8,15,9,22,臺中市,太平區,0,1,0,7,3,6,50,5,1,1,5,4,6,6,2,1,10,4,5,2,13,2,9,1,1,C03,7,9,1,10,2,11,,7,7,1,12,4,120.713163,24.143494,2
5519,66000,387130000C,(04)23274275,(04)23288582,2025,8,15,9,27,臺中市,大里區,0,1,0,7,3,6,50,4,1,1,5,4,6,6,1,1,5,4,5,1,3,3,10,5,4,B03,7,6,1,8,2,8,,10,10,1,13,4,120.701748,24.110928,2
5520,66000,387130000C,(04)23274275,(04)23288582,2025,8,15,9,29,臺中市,大雅區,0,0,0,7,,,50,,,,,,,,,,,,,,,,,,,C03,,,1,,2,,,1,1,1,12,4,120.651606,24.219149,3
5521,66000,387130000C,(04)23274275,(04)23288582,2025,8,15,9,30,臺中市,西屯區,0,1,0,7,2,6,50,13,9,1,5,4,6,6,4,4,10,4,5,2,12,3,10,5,4,B03,7,5,5,19,2,5,,20,20,1,12,4,120.662798,24.20154,2
5522,66000,387130000C,(04)23274275,(04)23288582,2025,8,15,9,30,臺中市,太平區,0,2,0,7,3,6,30,4,1,1,5,4,6,6,4,4,10,5,5,2,15,2,7,1,1,C03,7,9,1,10,2,11,,12,12,1,6,4,120.725699,24.142586,2
5523,66000,387130000C,(04)23274275,(04)23288582,2025,8,15,9,32,臺中市,北屯區,0,0,0,7,,,50,,,,,,,,,,,,,,,,,,,B03,,,1,,1,,,49,49,1,13,4,120.697298,24.166495,3
5524,66000,387130000C,(04)23274275,(04)23288582,2025,8,15,9,35,臺中市,西區,0,0,0,7,,,50,,,,,,,,,,,,,,17,,,,,B12,,,1,,1,,,84,84,1,12,4,120.664139,24.153114,3
5525,66000,387130000C,(04)23274275,(04)23288582,2025,8,15,9,37,臺中市,中區,0,1,0,7,2,6,50,4,1,1,5,4,1,6,1,1,10,5,5,2,30,2,9,1,1,C04,7,9,1,10,2,11,,7,7,1,13,4,120.682863,24.143654,2
5526,66000,387130000C,(04)23274275,(04)23288582,2025,8,15,9,42,臺中市,神岡區,0,0,0,7,,,60,,,,,,,,,,,,,,12,,,,,B03,,,1,,2,,,8,8,1,12,4,120.683212,24.246493,3
5527,66000,387130000C,(04)23274275,(04)23288582,2025,8,15,9,45,臺中市,沙鹿區,0,0,0,7,,,50,,,,,,,,,,,,,,17,,,,,A02,,,1,,1,,,8,8,1,6,4,120.569002,24.22278,3
5528,66000,387130000C,(04)23274275,(04)23288582,2025,8,15,9,51,臺中市,大里區,0,1,0,7,2,6,40,4,1,1,5,4,6,6,1,1,5,5,4,2,17,2,9,1,1,C03,7,15,1,10,2,14,,20,20,1,13,4,120.683375,24.100724,2
5529,66000,387130000C,(04)23274275,(04)23288582,2025,8,15,9,52,臺中市,南屯區,0,1,0,7,2,6,50,4,1,1,5,4,6,6,4,4,10,5,5,2,11,3,10,5,4,B12,7,6,1,8,2,1,,13,13,1,13,4,120.615888,24.151282,2
5530,66000,387130000C,(04)23274275,(04)23288582,2025,8,15,9,54,臺中市,北區,0,0,0,7,,,40,,,,,,,,,,,,,,17,,,,,B03,,,1,,2,,,59,59,1,12,4,120.663682,24.162106,3
5531,66000,387130000C,(04)23274275,(04)23288582,2025,8,15,9,56,臺中市,北區,0,0,0,7,,,0,,,,,,,,,,,,,,17,,,,,C03,,,1,,1,,,51,51,1,13,4,120.692347,24.158376,3
5532,66000,387130000C,(04)23274275,(04)23288582,2025,8,15,9,57,臺中市,西屯區,0,0,0,7,,,40,,,,,,,,,,,,,,15,,,,,B03,,,1,,1,,,23,23,1,12,4,120.634559,24.176245,3
5533,66000,387130000C,(04)23274275,(04)23288582,2025,8,15,9,59,臺中市,神岡區,0,1,0,7,2,6,50,13,9,1,5,4,6,6,4,4,5,5,5,2,3,2,9,6,5,H01,8,16,7,21,10,17,,95,95,1,13,5,120.684733,24.246162,2
5534,66000,387130000C,(04)23274275,(04)23288582,2025,8,15,10,1,臺中市,大雅區,0,0,0,7,,,30,,,,,,,,,,,,,,,,,,,B11,,,1,,1,,,49,49,1,12,4,120.649074,24.227568,3
5535,66000,387130000C,(04)23274275,(04)23288582,2025,8,15,10,5,臺中市,西屯區,0,0,0,7,,,50,,,,,,,,,,,,,,13,,,,,B03,,,1,,1,,,7,7,1,13,4,120.636528,24.170784,3
5536,66000,387130000C,(04)23274275,(04)23288582,2025,8,15,10,5,臺中市,豐原區,0,1,0,7,2,6,50,5,1,1,5,4,6,6,2,1,5,5,4,2,17,3,10,1,1,C03,7,5,1,10,2,12,,11,11,1,12,4,120.720298,24.249344,2
5537,66000,387130000C,(04)23274275,(04)23288582,2025,8,15,10,7,臺中市,西屯區,0,1,0,7,2,6,40,4,1,1,5,4,6,6,1,1,10,5,5,2,16,2,9,2,1,C03,7,6,1,10,2,13,,48,48,1,12,4,120.634613,24.164953,2
5538,66000,387130000C,(04)23274275,(04)23288582,2025,8,15,10,10,臺中市,大雅區,0,1,0,7,1,6,50,13,9,1,5,4,6,6,4,4,5,5,5,1,9,3,10,3,1,A02,7,3,1,2,2,16,,87,87,1,13,4,120.648555,24.21705,2
5539,66000,387130000C,(04)23274275,(04)23288582,2025,8,15,10,10,臺中市,北區,0,0,0,7,2,6,50,13,9,1,5,4,6,6,4,4,9,4,5,2,14,3,10,6,1,C03,7,2,1,21,1,13,,85,85,1,12,4,120.681978,24.161618,3
5540,66000,387130000C,(04)23274275,(04)23288582,2025,8,15,10,15,臺中市,南屯區,0,0,0,7,,,50,,,,,,,,,,,,,,,,,,,B03,,,1,,1,,,84,84,1,6,4,120.623141,24.145201,3
5541,66000,387130000C,(04)23274275,(04)23288582,2025,8,15,10,17,臺中市,外埔區,0,1,0,7,3,6,50,11,9,1,2,4,6,6,4,4,5,5,5,1,18,2,9,1,1,C03,7,9,1,10,2,16,,84,84,1,6,4,120.66464,24.340244,2
5542,66000,387130000C,(04)23274275,(04)23288582,2025,8,15,10,20,臺中市,西區,0,0,0,7,,,40,,,,,,,,,,,,,,,,,,,C02,,,1,,2,,,84,84,1,12,4,120.671263,24.149859,3
5543,66000,387130000C,(04)23274275,(04)23288582,2025,8,15,10,20,臺中市,北區,0,0,0,7,,,30,,,,,,,,,,,,,,,,,,,B03,,,1,,11,,,87,87,1,13,4,120.701206,24.158008,3
5544,66000,387130000C,(04)23274275,(04)23288582,2025,8,15,10,20,臺中市,西屯區,0,1,0,7,2,6,50,3,1,1,5,4,6,6,4,4,5,4,5,2,16,2,9,2,1,C03,7,9,1,10,2,12,,7,7,1,12,4,120.646573,24.165094,2