序號,縣市別代碼,機關代碼,市話,傳真,年,月,日,時,分,縣市,區,死亡數量,受傷數量,2-30,天候,道路照明設備,道路類別,道路速限,道路型態,事故位置,路面鋪裝,路面狀態,路面缺陷,障礙物,視距,號誌種類,號誌動作,分向設施,快車道或一般車道間,快慢車道間,路面邊線,事故類型及型態,受傷程度,主要傷處,保護裝備,行動電話或功能裝置,當事者區分(類別),車輛用途,當事者行動狀態,駕照狀態,駕照種類,飲酒情形,車輛撞擊部位最初,車輛撞擊部位其他,肇事因素個別,肇事因素主要,肇事逃逸,職業,共享經濟或外送平台,GPS座標X,GPS座標Y,事故類別
5771,66000,387130000C,(04)23274275,(04)23288582,2025,8,15,18,19,臺中市,西屯區,0,1,0,6,2,6,50,4,1,1,5,4,6,6,2,1,10,5,5,2,16,3,10,3,1,B03,7,6,1,7,2,6,,11,11,1,13,4,120.656466,24.190194,2
5772,66000,387130000C,(04)23274275,(04)23288582,2025,8,15,18,19,臺中市,太平區,0,0,0,7,,,30,,,,,,,,,,,,,,17,,,,,B03,,,1,,10,,,77,77,1,12,4,120.732654,24.149773,3
5773,66000,387130000C,(04)23274275,(04)23288582,2025,8,15,18,20,臺中市,北區,0,1,0,7,1,6,50,13,7,1,5,4,6,6,4,4,5,4,4,2,17,3,10,1,1,C03,7,1,1,10,2,11,,51,51,1,12,4,120.669055,24.15577,2
5774,66000,387130000C,(04)23274275,(04)23288582,2025,8,15,18,23,臺中市,北屯區,0,0,0,7,,,50,,,,,,,,,,,,,,,,,,,C03,,,1,,1,,,84,84,1,13,4,120.674738,24.202889,3
5775,66000,387130000C,(04)23274275,(04)23288582,2025,8,15,18,27,臺中市,烏日區,0,0,0,7,,,70,,,,,,,,,,,,,,13,,,,,B01,,,1,,1,,,7,7,1,6,4,120.60052,24.110757,3
5776,66000,387130000C,(04)23274275,(04)23288582,2025,8,15,18,29,臺中市,東區,0,0,0,7,,,50,,,,,,,,,,,,,,17,,,,,B03,,,1,,1,,,7,7,1,12,4,120.700277,24.127209,3
5777,66000,387130000C,(04)23274275,(04)23288582,2025,8,15,18,29,臺中市,太平區,0,0,0,7,,,40,,,,,,,,,,,,,,14,,,,,B03,,,1,,2,,,49,49,1,6,4,120.722154,24.131153,3
5778,66000,387130000C,(04)23274275,(04)23288582,2025,8,15,18,30,臺中市,南屯區,0,0,0,7,,,40,,,,,,,,,,,,,,,,,,,B03,,,1,,1,,,49,49,1,13,4,120.624925,24.151968,3
5779,66000,387130000C,(04)23274275,(04)23288582,2025,8,15,18,30,臺中市,后里區,0,1,0,7,2,6,30,3,9,1,5,4,6,6,4,4,10,5,5,2,15,3,10,3,1,B03,7,9,1,8,2,5,,15,15,1,6,4,120.721931,24.292091,2
5780,66000,387130000C,(04)23274275,(04)23288582,2025,8,15,18,31,臺中市,西屯區,0,0,0,7,,,50,,,,,,,,,,,,,,12,,,,,C03,,,1,,1,,,8,8,1,12,4,120.604084,24.193094,3
5781,66000,387130000C,(04)23274275,(04)23288582,2025,8,15,18,32,臺中市,南屯區,0,1,0,7,1,6,50,13,9,1,5,4,6,6,4,4,1,4,5,2,13,2,9,2,1,C03,7,9,1,10,2,11,,7,7,1,12,4,120.646842,24.14909,2
5782,66000,387130000C,(04)23274275,(04)23288582,2025,8,15,18,38,臺中市,太平區,0,0,0,7,,,30,,,,,,,,,,,,,,17,,,,,B12,,,1,,2,,,84,84,1,12,4,120.717251,24.145461,3
5783,66000,387130000C,(04)23274275,(04)23288582,2025,8,15,18,38,臺中市,豐原區,0,0,0,7,,,50,,,,,,,,,,,,,,,,,,,B03,,,1,,2,,,45,45,1,13,4,120.732663,24.255179,3
5784,66000,387130000C,(04)23274275,(04)23288582,2025,8,15,18,41,臺中市,北屯區,0,0,0,7,,,50,,,,,,,,,,,,,,,,,,,F01,,,7,,1,,,84,84,1,12,4,120.670779,24.178713,3
5785,66000,387130000C,(04)23274275,(04)23288582,2025,8,15,18,43,臺中市,東區,0,1,0,7,1,6,50,4,1,1,5,4,6,6,4,4,10,5,5,2,17,2,9,1,1,F01,7,6,7,21,1,11,,12,12,1,12,4,120.707569,24.134106,2
5786,66000,387130000C,(04)23274275,(04)23288582,2025,8,15,18,45,臺中市,北區,0,2,0,7,1,6,50,13,9,1,5,4,6,6,4,4,5,4,5,2,17,2,9,5,1,C03,7,9,1,10,2,11,,4,4,1,13,4,120.68122,24.166871,2
5787,66000,387130000C,(04)23274275,(04)23288582,2025,8,15,18,50,臺中市,西屯區,0,1,0,7,1,6,30,4,1,1,5,4,6,6,4,4,10,5,5,2,15,3,10,3,4,B03,7,9,1,8,1,1,,12,12,1,13,4,120.627807,24.159398,2
5788,66000,387130000C,(04)23274275,(04)23288582,2025,8,15,18,56,臺中市,大里區,0,1,0,7,3,6,50,4,1,1,5,4,6,6,2,1,3,4,4,1,16,3,10,5,4,B03,7,5,1,8,2,5,,11,11,1,13,4,120.688808,24.119805,2
5789,66000,387130000C,(04)23274275,(04)23288582,2025,8,15,19,2,臺中市,西區,0,0,0,7,,,50,,,,,,,,,,,,,,,,,,,B03,,,1,,2,,,8,8,1,6,4,120.665768,24.13927,3
5790,66000,387130000C,(04)23274275,(04)23288582,2025,8,15,19,6,臺中市,北屯區,0,0,0,7,,,50,,,,,,,,,,,,,,13,,,,,B03,,,1,,1,,,84,84,1,12,4,120.728779,24.160803,3
5791,66000,387130000C,(04)23274275,(04)23288582,2025,8,15,19,6,臺中市,大里區,0,2,0,7,1,6,50,4,1,1,5,4,6,6,4,4,10,5,5,2,17,2,9,1,1,C03,7,9,1,10,2,11,,12,12,1,12,4,120.687222,24.111966,2
5792,66000,387130000C,(04)23274275,(04)23288582,2025,8,15,19,7,臺中市,北區,0,0,0,7,,,50,,,,,,,,,,,,,,17,,,,,B03,,,1,,1,,,84,84,1,13,4,120.685119,24.165279,3
5793,66000,387130000C,(04)23274275,(04)23288582,2025,8,15,19,11,臺中市,大里區,0,0,0,6,1,6,50,13,14,1,5,4,6,6,4,4,1,4,5,1,12,,,,,B03,,,1,,2,,,84,84,1,12,4,120.681138,24.10405,3
5794,66000,387130000C,(04)23274275,(04)23288582,2025,8,15,19,12,臺中市,龍井區,0,2,0,7,1,6,30,13,9,1,5,4,6,6,4,4,10,5,5,1,12,2,9,2,1,C03,7,9,1,10,2,14,,85,85,1,6,4,120.537241,24.193743,2
5795,66000,387130000C,(04)23274275,(04)23288582,2025,8,15,19,18,臺中市,大雅區,0,1,0,7,1,6,50,3,1,1,5,4,6,6,3,1,10,5,5,2,17,3,10,3,1,B03,7,6,1,8,2,8,,48,48,1,12,4,120.673664,24.231721,2
5796,66000,387130000C,(04)23274275,(04)23288582,2025,8,15,19,18,臺中市,南屯區,0,0,0,7,,,50,,,,,,,,,,,,,,,,,,,B03,,,1,,1,,,40,40,1,12,4,120.622643,24.150214,3
5797,66000,387130000C,(04)23274275,(04)23288582,2025,8,15,19,18,臺中市,北屯區,0,0,0,7,,,50,,,,,,,,,,,,,,12,,,,,B03,,,1,,1,,,8,8,1,6,4,120.72472,24.176146,3
5798,66000,387130000C,(04)23274275,(04)23288582,2025,8,15,19,22,臺中市,北區,0,0,0,7,3,6,50,18,24,1,5,4,6,6,4,4,10,5,5,2,17,,,,,B03,,,1,,1,,,84,84,1,13,4,120.6892,24.158857,3
5799,66000,387130000C,(04)23274275,(04)23288582,2025,8,15,19,24,臺中市,西屯區,0,0,0,6,,,50,,,,,,,,,,,,,,,,,,,B03,,,1,,1,,,7,7,1,13,4,120.655902,24.169031,3
5800,66000,387130000C,(04)23274275,(04)23288582,2025,8,15,19,27,臺中市,大甲區,0,1,0,7,1,6,70,13,7,1,5,4,1,6,4,4,3,4,4,1,12,,,,,,,9,,,,,,86,86,2,,,120.650275,24.390418,2
5801,66000,387130000C,(04)23274275,(04)23288582,2025,8,15,19,33,臺中市,西區,0,1,0,7,1,6,50,13,8,1,5,4,6,6,4,4,1,4,1,2,13,3,10,2,1,C03,7,9,1,10,2,11,,7,7,1,12,4,120.657951,24.157821,2
5802,66000,387130000C,(04)23274275,(04)23288582,2025,8,15,19,35,臺中市,梧棲區,0,1,0,7,1,6,50,4,1,1,5,4,6,6,4,4,10,5,5,2,15,3,10,3,1,B12,7,9,1,8,2,7,,13,13,1,12,4,120.535568,24.252898,2
5803,66000,387130000C,(04)23274275,(04)23288582,2025,8,15,19,39,臺中市,梧棲區,0,0,0,7,,,50,,,,,,,,,,,,,,16,,,,,B03,,,1,,2,,,34,34,1,12,4,120.538241,24.259027,3
5804,66000,387130000C,(04)23274275,(04)23288582,2025,8,15,19,40,臺中市,大雅區,0,1,0,7,1,6,0,13,9,1,5,4,6,6,4,4,8,5,5,2,17,3,10,3,4,B03,7,1,1,8,2,8,,51,51,1,13,4,120.669875,24.22258,2
5805,66000,387130000C,(04)23274275,(04)23288582,2025,8,15,19,40,臺中市,北屯區,0,0,0,7,,,50,,,,,,,,,,,,,,,,,,,B03,,,1,,1,,,24,24,1,13,4,120.683326,24.197126,3
5806,66000,387130000C,(04)23274275,(04)23288582,2025,8,15,19,44,臺中市,東區,0,1,0,7,1,6,50,5,1,1,5,4,6,6,2,1,10,5,5,2,17,3,10,3,1,B03,7,6,1,8,2,16,,11,11,1,12,4,120.694485,24.142794,2
5807,66000,387130000C,(04)23274275,(04)23288582,2025,8,15,19,44,臺中市,西屯區,0,0,0,7,,,60,,,,,,,,,,,,,,12,,,,,B03,,,1,,1,,,40,40,1,12,4,120.653258,24.160817,3
5808,66000,387130000C,(04)23274275,(04)23288582,2025,8,15,19,47,臺中市,龍井區,0,1,0,7,1,6,50,3,1,1,5,4,6,6,4,4,5,5,5,2,17,3,10,2,1,C03,7,9,1,10,2,11,,7,7,1,6,4,120.579985,24.183809,2
5809,66000,387130000C,(04)23274275,(04)23288582,2025,8,15,19,50,臺中市,太平區,0,2,0,7,1,6,50,5,1,1,5,4,6,6,1,1,10,5,5,2,17,2,9,1,1,C03,7,6,1,10,2,12,,48,48,1,9,4,120.71828,24.125851,2
5810,66000,387130000C,(04)23274275,(04)23288582,2025,8,15,19,59,臺中市,大雅區,0,1,0,7,1,6,30,4,1,1,5,4,6,6,4,4,10,5,5,2,17,3,10,3,1,B03,7,6,1,8,2,4,,12,12,1,12,4,120.651999,24.225326,2
5811,66000,387130000C,(04)23274275,(04)23288582,2025,8,15,19,59,臺中市,西區,0,1,0,7,1,6,50,3,1,1,5,4,6,6,4,4,10,5,5,2,12,3,10,5,4,B03,7,6,1,8,2,8,,65,65,1,12,4,120.656758,24.146127,2
5812,66000,387130000C,(04)23274275,(04)23288582,2025,8,15,19,59,臺中市,西屯區,0,0,0,7,,,50,,,,,,,,,,,,,,13,,,,,B03,,,1,,2,,,7,7,1,12,4,120.656109,24.169599,3
5813,66000,387130000C,(04)23274275,(04)23288582,2025,8,15,20,3,臺中市,西屯區,0,1,0,6,1,6,30,13,9,1,5,4,6,6,4,4,10,5,5,2,14,3,10,3,1,B02,7,2,1,4,2,3,,49,49,1,13,4,120.641103,24.173546,2
5814,66000,387130000C,(04)23274275,(04)23288582,2025,8,15,20,13,臺中市,神岡區,0,0,0,7,,,40,,,,,,,,,,,,,,16,,,,,C03,,,1,,11,,,47,47,1,12,4,120.655871,24.250129,3
5815,66000,387130000C,(04)23274275,(04)23288582,2025,8,15,20,15,臺中市,西區,0,0,0,7,,,40,,,,,,,,,,,,,,,,,,,B03,,,1,,2,,,8,8,1,12,4,120.658998,24.155636,3
5816,66000,387130000C,(04)23274275,(04)23288582,2025,8,15,20,15,臺中市,北屯區,0,0,0,7,,,50,,,,,,,,,,,,,,,,,,,B03,,,1,,1,,,84,84,1,13,4,120.68506,24.171192,4
5817,66000,387130000C,(04)23274275,(04)23288582,2025,8,15,20,20,臺中市,西屯區,0,0,0,7,,,50,,,,,,,,,,,,,,16,,,,,B03,,,1,,2,,,47,47,1,12,4,120.652646,24.176464,3
5818,66000,387130000C,(04)23274275,(04)23288582,2025,8,15,20,22,臺中市,西屯區,0,0,0,7,,,50,,,,,,,,,,,,,,17,,,,,B03,,,1,,1,,,11,11,1,13,4,120.637283,24.173182,3
5819,66000,387130000C,(04)23274275,(04)23288582,2025,8,15,20,24,臺中市,北屯區,0,3,0,7,1,6,30,13,9,1,5,4,6,6,4,4,10,5,5,2,10,2,9,1,1,C03,7,9,1,10,2,11,,41,41,1,6,2,120.700742,24.170214,2
5820,66000,387130000C,(04)23274275,(04)23288582,2025,8,15,20,34,臺中市,北屯區,0,1,0,7,1,6,50,4,2,1,5,4,6,6,1,1,5,4,4,2,15,3,10,3,1,B03,7,9,1,8,2,4,,21,21,1,13,4,120.69041,24.186879,2
5821,66000,387130000C,(04)23274275,(04)23288582,2025,8,15,20,38,臺中市,北屯區,0,2,0,7,1,6,50,3,1,1,5,4,6,6,4,4,10,5,5,2,17,2,8,1,1,C03,7,6,1,10,2,11,,14,14,1,6,4,120.678914,24.17726,2
5822,66000,387130000C,(04)23274275,(04)23288582,2025,8,15,20,43,臺中市,西屯區,0,2,0,7,1,6,40,4,1,1,5,4,6,6,1,1,10,5,5,2,16,2,9,5,1,C03,7,1,1,10,2,13,,51,51,1,12,4,120.615369,24.183119,2
5823,66000,387130000C,(04)23274275,(04)23288582,2025,8,15,20,45,臺中市,大里區,0,0,0,7,,,50,,,,,,,,,,,,,,,,,,,B03,,,1,,2,,,49,49,1,12,4,120.702183,24.086515,3
5824,66000,387130000C,(04)23274275,(04)23288582,2025,8,15,20,57,臺中市,東區,0,1,0,7,1,6,50,4,1,1,5,4,6,6,1,1,10,5,5,2,16,3,10,3,1,B03,7,6,1,8,2,5,,11,11,1,12,4,120.696522,24.138878,2
5825,66000,387130000C,(04)23274275,(04)23288582,2025,8,15,21,8,臺中市,西區,0,0,0,7,,,50,,,,,,,,,,,,,,13,,,,,B03,,,1,,1,,,84,84,1,12,4,120.667532,24.141802,3
5826,66000,387130000C,(04)23274275,(04)23288582,2025,8,15,21,8,臺中市,后里區,0,2,0,7,1,6,50,4,1,1,5,4,6,6,1,1,5,4,4,1,17,3,10,3,1,B03,7,6,1,8,2,6,,11,11,1,6,4,120.729681,24.331922,2
5827,66000,387130000C,(04)23274275,(04)23288582,2025,8,15,21,15,臺中市,大里區,0,0,0,7,,,50,,,,,,,,,,,,,,17,,,,,B03,,,1,,2,,,49,49,1,12,4,120.69204,24.113846,3
5828,66000,387130000C,(04)23274275,(04)23288582,2025,8,15,21,16,臺中市,東區,0,1,0,7,1,6,50,4,1,1,5,4,6,6,4,4,9,4,5,2,15,3,10,1,1,C03,7,9,1,10,2,12,,20,20,1,12,4,120.696462,24.149734,2
5829,66000,387130000C,(04)23274275,(04)23288582,2025,8,15,21,19,臺中市,大雅區,0,1,0,7,1,6,40,3,8,1,5,4,6,6,4,4,1,4,4,1,17,3,10,3,1,B03,7,5,1,8,2,7,,13,13,1,12,4,120.625255,24.242192,2
5830,66000,387130000C,(04)23274275,(04)23288582,2025,8,15,21,21,臺中市,南區,0,0,0,7,,,50,,,,,,,,,,,,,,17,,,,,B13,,,1,,2,,,50,50,1,12,4,120.658951,24.126409,3
5831,66000,387130000C,(04)23274275,(04)23288582,2025,8,15,21,24,臺中市,大肚區,0,1,0,7,1,6,50,3,1,1,4,4,6,6,4,4,5,5,5,1,17,2,9,2,1,C03,7,5,1,10,2,12,,59,59,1,6,4,120.57243,24.160453,2
5832,66000,387130000C,(04)23274275,(04)23288582,2025,8,15,21,30,臺中市,大里區,0,0,0,6,1,6,50,13,7,1,5,4,6,6,1,1,3,4,4,2,13,3,10,1,1,C03,7,9,5,19,9,11,,84,84,1,12,4,120.697455,24.111096,3
5833,66000,387130000C,(04)23274275,(04)23288582,2025,8,15,21,34,臺中市,南屯區,0,0,0,7,,,30,,,,,,,,,,,,,,25,,,,,B02,,,1,,2,,,8,8,1,6,4,120.615955,24.153214,3
5834,66000,387130000C,(04)23274275,(04)23288582,2025,8,15,21,39,臺中市,北區,0,2,0,7,1,6,30,4,1,1,5,4,6,6,4,4,10,5,5,2,17,2,9,5,1,C03,7,6,3,19,2,11,,14,14,1,13,4,120.688496,24.158586,2
5835,66000,387130000C,(04)23274275,(04)23288582,2025,8,15,21,40,臺中市,南屯區,0,0,0,7,,,60,,,,,,,,,,,,,,13,,,,,C03,,,1,,1,,,84,84,1,7,4,120.611568,24.138461,3
5836,66000,387130000C,(04)23274275,(04)23288582,2025,8,15,21,45,臺中市,西屯區,0,3,0,7,1,6,50,5,1,1,5,4,6,6,2,1,10,5,5,2,15,2,9,1,1,C03,7,9,1,10,2,11,,21,21,1,12,4,120.656548,24.199828,2
5837,66000,387130000C,(04)23274275,(04)23288582,2025,8,15,21,51,臺中市,西屯區,0,0,0,7,,,50,,,,,,,,,,,,,,13,,,,,B03,,,1,,1,,,7,7,1,13,4,120.642655,24.170041,4
5838,66000,387130000C,(04)23274275,(04)23288582,2025,8,15,21,54,臺中市,太平區,0,0,0,7,,,50,,,,,,,,,,,,,,16,,,,,C03,,,1,,9,,,22,22,1,11,4,120.718163,24.125702,3
5839,66000,387130000C,(04)23274275,(04)23288582,2025,8,15,21,54,臺中市,后里區,0,0,0,7,,,50,,,,,,,,,,,,,,13,,,,,B03,,,1,,1,,,84,84,1,13,4,120.706463,24.31149,3
5840,66000,387130000C,(04)23274275,(04)23288582,2025,8,15,22,5,臺中市,南屯區,0,1,0,7,1,6,50,4,1,1,5,4,6,6,2,1,10,5,5,2,13,3,10,5,4,B03,7,9,1,8,2,1,,59,59,1,6,4,120.611003,24.145837,2
5841,66000,387130000C,(04)23274275,(04)23288582,2025,8,15,22,10,臺中市,沙鹿區,0,0,0,6,,,40,,,,,,,,,,,,,,14,,,,,B03,,,1,,2,,,49,49,1,12,4,120.570177,24.243869,4
5842,66000,387130000C,(04)23274275,(04)23288582,2025,8,15,22,17,臺中市,北屯區,0,0,0,7,,,50,,,,,,,,,,,,,,,,,,,B03,,,1,,1,,,35,35,1,13,4,120.719187,24.162222,3
5843,66000,387130000C,(04)23274275,(04)23288582,2025,8,15,22,40,臺中市,梧棲區,0,1,0,7,1,6,50,13,9,1,5,4,6,6,4,4,9,5,5,2,13,2,9,1,1,F03,7,9,7,21,2,11,,7,7,1,6,4,120.532657,24.243537,2
5844,66000,387130000C,(04)23274275,(04)23288582,2025,8,15,22,42,臺中市,北屯區,0,0,0,7,,,50,,,,,,,,,,,,,,13,,,,,B12,,,1,,2,,,7,7,1,6,4,120.686823,24.201333,3
5845,66000,387130000C,(04)23274275,(04)23288582,2025,8,15,22,52,臺中市,北屯區,0,0,0,7,,,50,,,,,,,,,,,,,,,,,,,B03,,,1,,2,,,8,8,1,13,4,120.677052,24.177157,4
5846,66000,387130000C,(04)23274275,(04)23288582,2025,8,15,22,53,臺中市,清水區,0,0,0,7,1,6,50,4,2,1,5,4,6,6,4,4,8,3,4,2,12,,,,,B03,,,1,,9,,,8,8,1,12,4,120.567343,24.277009,3
5847,66000,387130000C,(04)23274275,(04)23288582,2025,8,15,22,57,臺中市,北屯區,0,0,0,7,,,30,,,,,,,,,,,,,,16,,,,,C02,,,3,,1,,,24,24,1,6,4,120.707385,24.174676,3
5848,66000,387130000C,(04)23274275,(04)23288582,2025,8,15,23,4,臺中市,神岡區,0,0,0,7,,,30,,,,,,,,,,,,,,14,,,,,B03,,,1,,1,,,49,49,1,12,4,120.663093,24.264719,3
5849,66000,387130000C,(04)23274275,(04)23288582,2025,8,15,23,8,臺中市,北區,0,0,0,7,,,50,,,,,,,,,,,,,,13,,,,,B03,,,1,,1,,,84,84,1,12,4,120.678054,24.149031,3
5850,66000,387130000C,(04)23274275,(04)23288582,2025,8,15,23,33,臺中市,烏日區,0,0,0,7,,,50,,,,,,,,,,,,,,12,,,,,B03,,,1,,1,,,40,40,1,13,4,120.651748,24.104895,3
5851,66000,387130000C,(04)23274275,(04)23288582,2025,8,16,0,7,臺中市,梧棲區,0,1,0,7,1,6,30,3,1,1,5,4,6,6,4,4,10,5,5,2,16,3,10,3,1,B03,7,6,1,8,2,2,,14,14,1,6,4,120.535793,24.227637,2
5852,66000,387130000C,(04)23274275,(04)23288582,2025,8,16,1,15,臺中市,清水區,0,1,0,7,1,6,70,13,7,1,5,4,6,6,3,1,8,4,4,1,23,2,9,3,1,B03,7,9,1,8,2,4,,84,84,1,12,4,120.583526,24.301966,2
5853,66000,387130000C,(04)23274275,(04)23288582,2025,8,16,1,18,臺中市,西屯區,0,0,0,7,,,50,,,,,,,,,,,,,,,,,,,B02,,,1,,2,,,55,55,1,12,4,120.641712,24.17826,3
5854,66000,387130000C,(04)23274275,(04)23288582,2025,8,16,1,19,臺中市,大里區,0,2,0,7,1,6,50,13,7,1,5,4,6,6,4,4,1,4,4,2,16,2,9,1,1,C03,7,8,1,10,2,14,,40,40,1,12,4,120.690094,24.122611,2
5855,66000,387130000C,(04)23274275,(04)23288582,2025,8,16,1,19,臺中市,大里區,0,0,0,7,,,30,,,,,,,,,,,,,,,,,,,B03,,,1,,2,,,50,50,1,12,4,120.681298,24.103635,3
5856,66000,387130000C,(04)23274275,(04)23288582,2025,8,16,2,45,臺中市,太平區,0,1,0,7,1,6,40,11,9,1,5,4,6,6,4,4,5,5,5,1,18,2,9,1,1,C03,7,9,1,10,2,15,,84,84,1,12,4,120.77489,24.105335,2
5857,66000,387130000C,(04)23274275,(04)23288582,2025,8,16,4,43,臺中市,太平區,0,1,0,7,1,6,50,4,1,1,5,4,6,6,2,1,5,2,5,2,16,3,10,3,1,B03,7,5,1,8,2,2,,47,47,1,12,4,120.715623,24.135883,2
5858,66000,387130000C,(04)23274275,(04)23288582,2025,8,16,7,0,臺中市,梧棲區,0,1,0,7,2,6,30,3,1,1,5,4,6,6,4,4,10,5,5,2,12,2,9,1,1,C03,7,4,1,10,2,11,,7,7,1,6,4,120.534633,24.228019,2
5859,66000,387130000C,(04)23274275,(04)23288582,2025,8,16,7,2,臺中市,大雅區,0,1,0,7,3,6,30,4,2,1,5,4,6,6,4,4,10,5,5,2,15,3,10,1,1,C03,7,9,1,10,2,11,,15,15,1,13,4,120.65499,24.215844,2
5860,66000,387130000C,(04)23274275,(04)23288582,2025,8,16,7,8,臺中市,北屯區,0,0,0,7,,,50,,,,,,,,,,,,,,13,,,,,B12,,,1,,1,,,7,7,1,12,4,120.725336,24.172061,3
5861,66000,387130000C,(04)23274275,(04)23288582,2025,8,16,7,10,臺中市,大雅區,0,1,0,7,1,6,40,13,12,1,5,4,6,6,4,4,1,4,4,1,18,2,9,2,1,C03,7,9,1,16,2,12,,84,84,1,12,4,120.629691,24.226159,2
5862,66000,387130000C,(04)23274275,(04)23288582,2025,8,16,7,13,臺中市,北屯區,0,1,0,7,2,6,50,4,1,1,5,4,6,6,2,1,10,5,5,2,23,2,9,2,1,C03,7,9,1,10,2,11,12,84,84,1,6,4,120.670966,24.175004,2
5863,66000,387130000C,(04)23274275,(04)23288582,2025,8,16,7,15,臺中市,東區,0,0,0,7,,,50,,,,,,,,,,,,,,,,,,,C03,,,1,,2,,,7,7,1,13,4,120.689747,24.143128,3
5864,66000,387130000C,(04)23274275,(04)23288582,2025,8,16,7,17,臺中市,中區,0,1,0,7,2,6,50,4,1,1,5,4,6,6,2,1,1,4,5,1,16,3,10,3,1,B03,7,6,1,8,2,6,,11,11,1,13,4,120.685608,24.138424,2
5865,66000,387130000C,(04)23274275,(04)23288582,2025,8,16,7,18,臺中市,大里區,0,1,0,7,1,6,30,4,1,1,5,4,6,6,1,1,5,5,5,2,16,3,10,3,1,B12,7,5,1,8,2,2,,11,11,1,6,4,120.671873,24.085803,2
5866,66000,387130000C,(04)23274275,(04)23288582,2025,8,16,7,22,臺中市,太平區,0,0,0,7,,,50,,,,,,,,,,,,,,14,,,,,B12,,,1,,1,,,49,49,1,13,4,120.71255,24.141267,3
5867,66000,387130000C,(04)23274275,(04)23288582,2025,8,16,7,25,臺中市,清水區,0,1,0,7,3,6,40,4,1,1,5,4,6,6,1,1,1,4,4,1,16,2,9,2,1,F01,7,9,7,21,2,12,,21,21,1,12,4,120.588555,24.292984,2
5868,66000,387130000C,(04)23274275,(04)23288582,2025,8,16,7,28,臺中市,龍井區,0,1,0,7,2,6,50,4,1,1,5,4,6,6,2,1,10,5,5,2,16,3,10,3,1,B03,7,6,1,8,2,8,,11,11,1,6,4,120.573422,24.185409,2
5869,66000,387130000C,(04)23274275,(04)23288582,2025,8,16,7,43,臺中市,西屯區,0,2,0,7,2,6,30,4,1,1,5,4,6,6,4,4,10,5,5,2,15,2,8,5,4,C03,7,9,1,10,2,12,,15,15,1,12,4,120.587514,24.176713,2
5870,66000,387130000C,(04)23274275,(04)23288582,2025,8,16,7,43,臺中市,西屯區,0,0,0,7,2,6,60,4,2,1,5,4,6,6,2,1,1,4,1,2,13,,,,,B03,,,1,,1,,,7,7,1,12,4,120.624383,24.178531,3
5871,66000,387130000C,(04)23274275,(04)23288582,2025,8,16,7,46,臺中市,大甲區,0,2,0,7,3,6,50,4,1,1,5,4,6,6,1,1,10,5,5,2,17,2,9,1,1,F01,7,6,7,21,2,14,,48,48,1,6,4,120.627748,24.346823,2
5872,66000,387130000C,(04)23274275,(04)23288582,2025,8,16,7,48,臺中市,東區,0,2,0,7,1,6,50,4,1,1,5,4,6,6,4,4,10,5,5,2,15,2,9,5,4,C03,7,9,1,10,2,11,,12,12,1,13,4,120.690342,24.127046,2
5873,66000,387130000C,(04)23274275,(04)23288582,2025,8,16,7,49,臺中市,北屯區,0,1,0,7,2,6,50,4,1,1,5,4,6,6,4,4,9,4,5,1,3,3,10,3,1,B03,7,9,5,19,2,8,,59,59,1,12,4,120.665239,24.182703,2
5874,66000,387130000C,(04)23274275,(04)23288582,2025,8,16,7,50,臺中市,潭子區,0,0,0,7,,,50,,,,,,,,,,,,,,,,,,,B12,,,1,,2,,,49,49,1,13,4,120.705527,24.227408,3
5875,66000,387130000C,(04)23274275,(04)23288582,2025,8,16,7,51,臺中市,西屯區,0,1,0,7,2,6,50,11,9,1,5,4,6,6,4,4,5,4,5,2,18,2,7,3,1,B12,7,8,1,8,2,2,,40,40,1,13,4,120.601079,24.162842,2
5876,66000,387130000C,(04)23274275,(04)23288582,2025,8,16,8,0,臺中市,北屯區,0,0,0,7,,,,,,,,,,,,,,,,,17,,,,,,,,,,,,,86,86,1,,,120.685503,24.174581,3
5877,66000,387130000C,(04)23274275,(04)23288582,2025,8,16,8,2,臺中市,潭子區,0,0,0,7,,,50,,,,,,,,,,,,,,,,,,,B12,,,1,,2,,,21,21,1,12,4,120.693148,24.216023,3
5878,66000,387130000C,(04)23274275,(04)23288582,2025,8,16,8,2,臺中市,霧峰區,0,0,0,7,,,30,,,,,,,,,,,,,,14,,,,,A11,,,1,,1,,,49,49,1,12,4,120.676319,24.048292,3
5879,66000,387130000C,(04)23274275,(04)23288582,2025,8,16,8,4,臺中市,太平區,0,1,0,7,2,6,50,4,1,1,5,4,6,6,4,4,10,5,5,2,15,3,10,5,1,B03,7,9,1,4,2,5,1,12,12,1,12,4,120.728734,24.155157,2
5880,66000,387130000C,(04)23274275,(04)23288582,2025,8,16,8,10,臺中市,豐原區,0,0,0,7,,,50,,,,,,,,,,,,,,14,,,,,B03,,,1,,1,,,49,49,1,12,4,120.716517,24.240597,3
5881,66000,387130000C,(04)23274275,(04)23288582,2025,8,16,8,14,臺中市,新社區,0,1,0,7,1,6,50,13,9,1,5,4,6,6,4,4,9,5,5,1,17,3,10,5,4,B03,7,1,1,8,2,7,,51,51,1,13,4,120.808131,24.252325,2
5882,66000,387130000C,(04)23274275,(04)23288582,2025,8,16,8,20,臺中市,梧棲區,0,3,0,7,2,6,50,4,1,1,5,4,6,6,4,4,10,5,5,2,16,2,1,3,1,B03,7,6,1,8,2,4,,14,14,1,6,4,120.547778,24.243262,2