序號,縣市別代碼,機關代碼,市話,傳真,年,月,日,時,分,縣市,區,死亡數量,受傷數量,2-30,天候,道路照明設備,道路類別,道路速限,道路型態,事故位置,路面鋪裝,路面狀態,路面缺陷,障礙物,視距,號誌種類,號誌動作,分向設施,快車道或一般車道間,快慢車道間,路面邊線,事故類型及型態,受傷程度,主要傷處,保護裝備,行動電話或功能裝置,當事者區分(類別),車輛用途,當事者行動狀態,駕照狀態,駕照種類,飲酒情形,車輛撞擊部位最初,車輛撞擊部位其他,肇事因素個別,肇事因素主要,肇事逃逸,職業,共享經濟或外送平台,GPS座標X,GPS座標Y,事故類別
5883,66000,387130000C,(04)23274275,(04)23288582,2025,8,16,8,24,臺中市,北屯區,0,1,0,7,2,6,50,13,7,1,5,4,6,6,4,4,1,4,4,1,13,3,10,3,1,B12,7,9,1,8,2,1,,84,84,1,6,4,120.709919,24.164772,2
5884,66000,387130000C,(04)23274275,(04)23288582,2025,8,16,8,25,臺中市,南屯區,0,0,0,7,,,50,,,,,,,,,,,,,,,,,,,C03,,,1,,2,,,84,84,1,13,4,120.622269,24.14031,4
5885,66000,387130000C,(04)23274275,(04)23288582,2025,8,16,8,26,臺中市,大雅區,0,1,0,7,2,6,30,4,1,1,5,4,6,6,4,4,10,5,5,2,15,2,9,1,1,C03,7,9,1,10,2,11,,15,15,1,13,4,120.666856,24.237748,2
5886,66000,387130000C,(04)23274275,(04)23288582,2025,8,16,8,27,臺中市,大里區,0,1,0,7,3,6,30,3,1,1,5,4,6,6,4,4,10,5,5,2,16,3,10,1,1,C03,7,6,1,10,2,11,,14,14,1,13,4,120.676176,24.099091,2
5887,66000,387130000C,(04)23274275,(04)23288582,2025,8,16,8,30,臺中市,太平區,0,0,0,7,,,50,,,,,,,,,,,,,,17,,,,,B12,,,1,,2,,,84,84,1,13,4,120.714539,24.124841,3
5888,66000,387130000C,(04)23274275,(04)23288582,2025,8,16,8,35,臺中市,大里區,0,2,0,7,2,6,50,4,1,1,5,4,6,6,4,4,5,5,5,2,15,2,9,1,1,C03,7,9,2,19,2,11,14,15,15,1,6,4,120.700401,24.109018,2
5889,66000,387130000C,(04)23274275,(04)23288582,2025,8,16,8,35,臺中市,外埔區,0,2,0,7,2,6,50,13,7,1,5,4,6,6,4,4,5,4,4,1,17,2,9,1,1,C04,7,11,1,11,2,11,,39,39,1,12,4,120.654756,24.330224,2
5890,66000,387130000C,(04)23274275,(04)23288582,2025,8,16,8,36,臺中市,豐原區,0,2,0,7,2,8,15,18,24,1,5,4,6,6,4,4,10,5,5,2,11,2,7,4,1,F02,7,9,7,21,2,11,,41,41,1,12,4,120.740315,24.27185,2
5891,66000,387130000C,(04)23274275,(04)23288582,2025,8,16,8,37,臺中市,清水區,0,1,0,7,3,6,50,13,8,1,5,4,6,6,4,4,5,5,4,2,16,3,10,3,1,B03,7,5,1,8,2,2,,20,20,1,12,4,120.595773,24.301108,2
5892,66000,387130000C,(04)23274275,(04)23288582,2025,8,16,8,37,臺中市,神岡區,0,1,0,7,3,6,50,4,2,1,5,4,6,6,4,4,9,4,4,2,9,3,10,5,4,C03,7,9,1,10,2,11,,59,59,1,12,4,120.659412,24.257081,2
5893,66000,387130000C,(04)23274275,(04)23288582,2025,8,16,8,38,臺中市,豐原區,0,2,0,7,3,6,50,3,24,1,5,4,6,6,3,1,1,5,5,1,13,2,9,1,4,C03,7,9,1,10,2,12,,7,7,1,12,4,120.729683,24.275735,2
5894,66000,387130000C,(04)23274275,(04)23288582,2025,8,16,8,39,臺中市,大雅區,0,1,0,7,1,6,50,4,1,1,5,4,6,6,1,1,1,4,5,2,13,2,7,2,1,C03,7,9,1,10,2,11,,7,7,1,12,4,120.662241,24.219428,2
5895,66000,387130000C,(04)23274275,(04)23288582,2025,8,16,8,48,臺中市,東區,0,1,0,7,3,6,50,4,1,1,5,4,6,6,4,4,5,5,5,2,12,3,10,3,1,B03,7,6,1,8,2,4,,65,65,1,13,4,120.703438,24.141069,2
5896,66000,387130000C,(04)23274275,(04)23288582,2025,8,16,8,48,臺中市,南屯區,0,2,0,7,2,6,50,3,1,1,5,4,6,6,4,4,10,5,5,2,13,2,9,1,1,C03,7,9,1,10,8,11,,53,53,1,12,4,120.627316,24.117349,2
5897,66000,387130000C,(04)23274275,(04)23288582,2025,8,16,8,50,臺中市,北區,0,0,0,7,,,30,,,,,,,,,,,,,,17,,,,,C03,,,1,,2,,,11,11,1,13,4,120.671927,24.153725,3
5898,66000,387130000C,(04)23274275,(04)23288582,2025,8,16,8,50,臺中市,大里區,0,0,0,7,,,30,,,,,,,,,,,,,,16,,,,,C03,,,1,,2,,,14,14,1,13,4,120.680234,24.102963,3
5899,66000,387130000C,(04)23274275,(04)23288582,2025,8,16,9,0,臺中市,東區,0,1,0,7,1,6,50,4,1,1,5,4,6,6,4,4,10,5,5,2,17,3,10,3,1,B03,7,5,1,8,2,2,,11,11,1,12,4,120.699357,24.14797,2
5900,66000,387130000C,(04)23274275,(04)23288582,2025,8,16,9,0,臺中市,梧棲區,0,2,0,7,2,6,70,4,1,1,5,4,6,6,1,1,10,5,5,2,16,2,9,1,1,C03,7,6,1,10,2,14,,23,23,1,12,4,120.549504,24.239344,2
5901,66000,387130000C,(04)23274275,(04)23288582,2025,8,16,9,5,臺中市,大雅區,0,1,0,7,3,6,60,13,9,1,5,4,6,6,4,4,4,4,5,1,13,2,9,1,1,C03,7,9,1,10,2,11,,59,59,1,13,4,120.655893,24.23,2
5902,66000,387130000C,(04)23274275,(04)23288582,2025,8,16,9,9,臺中市,大里區,0,2,0,7,2,6,50,4,1,1,5,4,6,6,2,1,10,5,5,2,17,2,8,5,4,C03,7,6,3,19,2,12,,84,84,1,13,4,120.69577,24.087915,2
5903,66000,387130000C,(04)23274275,(04)23288582,2025,8,16,9,10,臺中市,大肚區,0,2,0,7,2,6,30,4,1,1,5,4,6,6,4,4,10,5,5,2,15,2,9,1,1,C03,7,9,1,10,2,11,,15,15,1,6,4,120.535322,24.172938,2
5904,66000,387130000C,(04)23274275,(04)23288582,2025,8,16,9,12,臺中市,大雅區,0,0,0,7,,,30,,,,,,,,,,,,,,11,,,,,B12,,,1,,1,,,8,8,1,12,4,120.624225,24.235339,3
5905,66000,387130000C,(04)23274275,(04)23288582,2025,8,16,9,18,臺中市,北區,0,0,0,7,2,6,30,,9,1,5,4,6,6,4,4,10,5,5,2,14,3,10,3,1,B03,7,2,1,8,1,6,,49,49,1,12,4,120.680517,24.150097,3
5906,66000,387130000C,(04)23274275,(04)23288582,2025,8,16,9,20,臺中市,北區,0,1,0,7,2,6,50,3,1,1,5,4,6,6,4,4,10,5,5,2,12,3,10,3,1,B03,7,5,1,8,2,2,,14,14,1,13,4,120.67473,24.159369,2
5907,66000,387130000C,(04)23274275,(04)23288582,2025,8,16,9,21,臺中市,北屯區,0,0,0,7,,,50,,,,,,,,,,,,,,17,,,,,B03,,,1,,11,,,8,8,1,12,4,120.687766,24.189799,4
5908,66000,387130000C,(04)23274275,(04)23288582,2025,8,16,9,21,臺中市,大甲區,0,1,0,7,2,6,40,4,9,1,5,4,6,6,4,4,6,4,5,2,9,2,8,1,1,C03,7,6,1,10,2,12,,87,87,1,12,4,120.625878,24.347026,2
5909,66000,387130000C,(04)23274275,(04)23288582,2025,8,16,9,25,臺中市,太平區,0,1,0,7,2,6,50,14,9,1,5,4,6,6,4,4,10,5,5,2,11,2,8,1,1,C03,7,9,1,9,2,11,12,4,4,1,12,4,120.716161,24.146348,2
5910,66000,387130000C,(04)23274275,(04)23288582,2025,8,16,9,25,臺中市,沙鹿區,0,0,0,7,,,50,,,,,,,,,,,,,,,,,,,B03,,,1,,2,,,58,58,1,13,4,120.559784,24.234263,3
5911,66000,387130000C,(04)23274275,(04)23288582,2025,8,16,9,26,臺中市,北屯區,0,0,0,7,,,50,,,,,,,,,,,,,,17,,,,,B03,,,1,,1,,,8,8,1,12,4,120.664763,24.185873,3
5912,66000,387130000C,(04)23274275,(04)23288582,2025,8,16,9,27,臺中市,北區,0,2,0,7,2,6,50,3,1,1,5,4,6,6,4,4,5,4,5,2,17,2,8,1,1,C03,7,1,1,10,2,11,,51,51,1,12,4,120.670007,24.166839,2
5913,66000,387130000C,(04)23274275,(04)23288582,2025,8,16,9,27,臺中市,北屯區,0,0,0,7,,,50,,,,,,,,,,,,,,17,,,,,B03,,,1,,2,,,5,5,1,12,4,120.769902,24.19705,3
5914,66000,387130000C,(04)23274275,(04)23288582,2025,8,16,9,27,臺中市,梧棲區,0,0,0,7,,,50,,,,,,,,,,,,,,17,,,,,B03,,,1,,1,,,50,50,1,6,4,120.529601,24.250028,3
5915,66000,387130000C,(04)23274275,(04)23288582,2025,8,16,9,35,臺中市,沙鹿區,0,0,0,7,,,40,,,,,,,,,,,,,,17,,,,,B03,,,1,,1,,,8,8,1,6,4,120.567258,24.20505,3
5916,66000,387130000C,(04)23274275,(04)23288582,2025,8,16,9,37,臺中市,北屯區,0,1,0,7,2,6,50,4,1,1,5,4,6,6,2,1,10,5,5,2,17,2,9,2,1,C03,7,1,1,10,2,11,,51,51,1,6,4,120.690629,24.172802,2
5917,66000,387130000C,(04)23274275,(04)23288582,2025,8,16,9,38,臺中市,潭子區,0,1,0,7,3,6,50,4,1,1,5,4,6,6,4,4,1,5,5,2,1,3,10,3,1,B03,7,5,1,8,2,4,,41,41,1,13,4,120.712186,24.199091,2
5918,66000,387130000C,(04)23274275,(04)23288582,2025,8,16,9,40,臺中市,西屯區,0,0,0,7,,,50,,,,,,,,,,,,,,13,,,,,B03,,,1,,1,,,59,59,1,12,4,120.653261,24.203548,3
5919,66000,387130000C,(04)23274275,(04)23288582,2025,8,16,9,43,臺中市,北屯區,0,0,0,7,,,50,,,,,,,,,,,,,,12,,,,,C03,,,1,,1,,,8,8,1,12,4,120.679857,24.17292,3
5920,66000,387130000C,(04)23274275,(04)23288582,2025,8,16,9,45,臺中市,大肚區,0,1,0,7,2,6,30,13,9,1,5,4,6,6,4,4,10,5,5,2,17,2,9,1,1,C03,7,1,1,10,2,14,,51,51,1,12,4,120.535309,24.141248,2
5921,66000,387130000C,(04)23274275,(04)23288582,2025,8,16,9,53,臺中市,太平區,0,1,0,7,2,6,50,3,1,1,5,4,6,6,4,4,10,5,5,2,18,2,9,2,1,C03,7,9,1,10,2,14,,84,84,1,13,4,120.728739,24.126233,2
5922,66000,387130000C,(04)23274275,(04)23288582,2025,8,16,9,55,臺中市,大甲區,0,0,0,7,,,50,,,,,,,,,,,,,,,,,,,B03,,,1,,2,,,84,84,1,6,4,120.620479,24.351691,3
5923,66000,387130000C,(04)23274275,(04)23288582,2025,8,16,9,56,臺中市,豐原區,0,1,0,7,2,6,30,3,1,1,5,4,6,3,4,4,10,5,5,2,17,3,10,5,4,B03,7,9,1,8,2,1,,6,6,1,12,4,120.713397,24.263378,2
5924,66000,387130000C,(04)23274275,(04)23288582,2025,8,16,10,7,臺中市,東區,0,0,0,7,,,50,,,,,,,,,,,,,,16,,,,,B03,,,1,,2,,,45,45,1,6,4,120.701312,24.142461,3
5925,66000,387130000C,(04)23274275,(04)23288582,2025,8,16,10,7,臺中市,西屯區,0,0,0,7,,,60,,,,,,,,,,,,,,12,,,,,B03,,,1,,1,,,39,39,1,12,4,120.62904,24.163157,3
5926,66000,387130000C,(04)23274275,(04)23288582,2025,8,16,10,10,臺中市,清水區,0,0,0,7,,,70,,,,,,,,,,,,,,17,,,,,B03,,,1,,2,,,7,7,1,12,4,120.552289,24.293688,3
5927,66000,387130000C,(04)23274275,(04)23288582,2025,8,16,10,11,臺中市,沙鹿區,0,2,0,7,2,6,50,3,2,1,5,4,6,6,1,1,3,3,3,1,17,2,9,5,4,C03,7,9,1,10,2,11,,59,59,1,13,4,120.570394,24.217284,2
5928,66000,387130000C,(04)23274275,(04)23288582,2025,8,16,10,13,臺中市,沙鹿區,0,1,0,7,2,6,50,4,1,1,5,4,6,6,4,4,10,5,5,2,17,3,10,3,1,B03,7,9,1,8,2,2,,15,15,1,13,4,120.568533,24.252936,2
5929,66000,387130000C,(04)23274275,(04)23288582,2025,8,16,10,18,臺中市,中區,0,0,0,7,,,50,,,,,,,,,,,,,,,,,,,B03,,,1,,1,,,84,84,1,12,4,120.677832,24.14645,3
5930,66000,387130000C,(04)23274275,(04)23288582,2025,8,16,10,24,臺中市,南屯區,0,0,0,7,,,50,,,,,,,,,,,,,,14,,,,,B03,,,1,,9,,,49,49,1,12,4,120.645241,24.151724,3
5931,66000,387130000C,(04)23274275,(04)23288582,2025,8,16,10,27,臺中市,大雅區,0,1,0,7,2,6,30,4,2,1,5,4,6,6,4,4,10,5,5,2,15,3,10,3,1,B03,7,9,1,8,2,1,,6,6,1,13,4,120.650959,24.226028,2
5932,66000,387130000C,(04)23274275,(04)23288582,2025,8,16,10,29,臺中市,霧峰區,0,2,0,7,3,6,30,4,1,1,5,4,6,6,4,4,10,5,5,2,15,2,7,1,1,C03,7,9,1,10,2,11,,12,12,1,12,4,120.697517,24.062672,2
5933,66000,387130000C,(04)23274275,(04)23288582,2025,8,16,10,33,臺中市,北屯區,0,1,0,7,3,6,30,4,1,1,5,4,6,6,4,4,10,5,5,2,16,2,9,2,1,C03,7,6,1,10,2,12,,12,12,1,6,4,120.682276,24.170278,2
5934,66000,387130000C,(04)23274275,(04)23288582,2025,8,16,10,33,臺中市,西屯區,0,0,0,7,,,30,,,,,,,,,,,,,,14,,,,,A12,,,1,,2,,,8,8,1,12,4,120.656381,24.168922,3
5935,66000,387130000C,(04)23274275,(04)23288582,2025,8,16,10,34,臺中市,東區,0,0,0,7,,,50,,,,,,,,,,,,,,,,,,,C03,,,1,,1,,,7,7,1,13,4,120.69572,24.14492,3
5936,66000,387130000C,(04)23274275,(04)23288582,2025,8,16,10,34,臺中市,西屯區,0,2,0,7,2,6,50,13,9,1,5,4,6,6,4,4,9,5,5,2,17,3,10,5,4,C03,7,9,3,19,2,16,,68,68,1,13,4,120.656436,24.170659,2
5937,66000,387130000C,(04)23274275,(04)23288582,2025,8,16,10,35,臺中市,北屯區,0,1,0,7,2,6,30,4,1,1,5,4,6,6,4,4,10,5,5,2,15,3,10,1,1,C03,7,9,1,10,2,12,,15,15,1,13,4,120.66223,24.193846,2
5938,66000,387130000C,(04)23274275,(04)23288582,2025,8,16,10,36,臺中市,北屯區,0,0,0,7,,,50,,,,,,,,,,,,,,17,,,,,B03,,,1,,1,,,8,8,1,12,4,120.690371,24.176874,3
5939,66000,387130000C,(04)23274275,(04)23288582,2025,8,16,10,38,臺中市,大里區,0,0,0,7,,,50,,,,,,,,,,,,,,17,,,,,C03,,,3,11,2,,,84,84,1,13,4,120.697738,24.082553,3
5940,66000,387130000C,(04)23274275,(04)23288582,2025,8,16,10,39,臺中市,北區,0,2,0,7,2,6,50,13,9,1,5,4,6,6,4,4,1,4,5,2,13,2,9,1,1,C03,7,5,1,10,2,13,,84,84,1,13,4,120.68601,24.144475,2
5941,66000,387130000C,(04)23274275,(04)23288582,2025,8,16,10,40,臺中市,北屯區,0,1,0,7,2,6,50,3,1,1,5,4,6,6,4,4,10,5,5,2,17,3,10,1,1,C03,7,4,1,10,2,13,,1,1,1,12,4,120.69787,24.164111,2
5942,66000,387130000C,(04)23274275,(04)23288582,2025,8,16,10,45,臺中市,沙鹿區,0,0,0,7,,,0,,,,,,,,,,,,,,14,,,,,B03,,,1,,9,,,49,49,1,7,4,120.571352,24.204592,3
5943,66000,387130000C,(04)23274275,(04)23288582,2025,8,16,10,48,臺中市,南區,0,2,0,7,1,6,50,3,1,1,5,4,6,6,2,1,10,5,5,2,13,2,9,5,4,C03,7,9,1,10,2,11,,84,84,1,13,4,120.658014,24.112669,2
5944,66000,387130000C,(04)23274275,(04)23288582,2025,8,16,10,49,臺中市,南區,0,0,0,7,,,50,,,,,,,,,,,,,,,,,,,,,,,,,,,86,86,1,,,120.656975,24.117121,3
5945,66000,387130000C,(04)23274275,(04)23288582,2025,8,16,10,54,臺中市,北屯區,0,0,0,7,,,50,,,,,,,,,,,,,,,,,,,B03,,,1,,1,,,8,8,1,6,4,120.690855,24.176705,3
5946,66000,387130000C,(04)23274275,(04)23288582,2025,8,16,10,55,臺中市,大安區,0,2,0,7,2,6,50,4,1,1,5,4,6,6,4,4,10,5,5,2,15,3,10,3,1,B03,7,9,1,8,2,1,,15,15,1,6,4,120.620697,24.37619,2
5947,66000,387130000C,(04)23274275,(04)23288582,2025,8,16,11,3,臺中市,南屯區,0,0,0,7,,,50,,,,,,,,,,,,,,13,,,,,B11,,,1,,2,,,84,84,1,13,4,120.612098,24.149815,3
5948,66000,387130000C,(04)23274275,(04)23288582,2025,8,16,11,4,臺中市,北屯區,0,1,0,7,2,6,50,13,9,1,5,4,6,6,4,4,5,4,5,2,17,3,10,3,1,B03,7,11,1,8,2,1,,45,45,1,12,4,120.719347,24.18346,2
5949,66000,387130000C,(04)23274275,(04)23288582,2025,8,16,11,6,臺中市,南屯區,0,0,0,7,3,6,50,13,9,1,5,4,6,6,4,4,5,5,5,2,12,,,,,C03,,,1,,1,,,8,8,1,12,4,120.649524,24.155473,3
5950,66000,387130000C,(04)23274275,(04)23288582,2025,8,16,11,9,臺中市,大甲區,0,2,0,7,3,6,50,4,1,1,5,4,6,6,1,1,10,5,5,2,17,2,9,1,1,C03,7,6,3,19,2,11,,48,48,1,6,4,120.619369,24.340624,2
5951,66000,387130000C,(04)23274275,(04)23288582,2025,8,16,11,13,臺中市,南屯區,0,0,0,7,,,50,,,,,,,,,,,,,,,,,,,B03,,,1,,2,,,59,59,1,13,4,120.622643,24.150214,3
5952,66000,387130000C,(04)23274275,(04)23288582,2025,8,16,11,15,臺中市,北屯區,0,0,0,7,,,50,,,,,,,,,,,,,,17,,,,,B03,,,1,,1,,,51,51,1,6,4,120.708346,24.189599,3
5953,66000,387130000C,(04)23274275,(04)23288582,2025,8,16,11,18,臺中市,南屯區,0,0,0,7,,,50,,,,,,,,,,,,,,12,,,,,C03,,,1,,1,,,84,84,1,12,4,120.612558,24.13844,3
5954,66000,387130000C,(04)23274275,(04)23288582,2025,8,16,11,19,臺中市,外埔區,0,1,0,7,2,6,30,4,1,1,5,4,6,6,4,4,5,5,5,1,16,3,10,3,1,B12,7,6,1,8,2,2,,84,84,1,12,4,120.649588,24.32539,2
5955,66000,387130000C,(04)23274275,(04)23288582,2025,8,16,11,20,臺中市,豐原區,0,2,0,7,3,6,50,4,1,1,5,4,6,6,4,4,5,5,4,2,16,2,9,1,4,C03,7,6,1,10,2,12,,14,14,1,12,4,120.725089,24.24651,2
5956,66000,387130000C,(04)23274275,(04)23288582,2025,8,16,11,24,臺中市,西區,0,0,0,7,,,30,,,,,,,,,,,,,,17,,,,,B03,,,1,,11,,,84,84,1,12,4,120.661633,24.159189,3
5957,66000,387130000C,(04)23274275,(04)23288582,2025,8,16,11,24,臺中市,西屯區,0,0,0,7,,3,80,,,,,,,,,,,,,,13,,,,,B03,,,1,,1,,,59,59,1,12,4,120.630042,24.165389,3
5958,66000,387130000C,(04)23274275,(04)23288582,2025,8,16,11,25,臺中市,新社區,0,2,0,7,1,6,50,13,7,1,5,4,6,6,4,4,5,4,4,1,12,2,9,5,4,C03,7,4,1,10,2,12,,8,8,1,13,4,120.807392,24.239728,2
5959,66000,387130000C,(04)23274275,(04)23288582,2025,8,16,11,26,臺中市,烏日區,0,1,0,7,2,6,50,3,1,1,5,4,6,6,4,4,10,5,5,2,17,3,10,5,4,B03,7,11,1,8,2,4,,45,45,1,6,4,120.599509,24.109907,2
5960,66000,387130000C,(04)23274275,(04)23288582,2025,8,16,11,28,臺中市,北屯區,0,1,0,7,2,6,50,4,1,1,5,4,6,6,2,1,10,5,5,2,17,2,9,1,1,C03,7,6,1,10,2,11,,36,36,1,13,4,120.690547,24.185571,2
5961,66000,387130000C,(04)23274275,(04)23288582,2025,8,16,11,29,臺中市,大里區,0,1,0,7,2,6,50,3,1,1,5,4,6,6,4,4,5,5,4,2,17,2,8,1,1,C03,7,1,1,10,2,11,14,51,51,1,6,4,120.687764,24.105958,2
5962,66000,387130000C,(04)23274275,(04)23288582,2025,8,16,11,30,臺中市,西區,0,0,0,7,,,50,,,,,,,,,,,,,,,,,,,B03,,,1,,1,,,39,39,1,6,4,120.678519,24.138977,3
5963,66000,387130000C,(04)23274275,(04)23288582,2025,8,16,11,30,臺中市,西屯區,0,0,0,7,,,50,,,,,,,,,,,,,,17,,,,,B03,,,1,,2,,,85,85,1,12,4,120.60339,24.185623,3
5964,66000,387130000C,(04)23274275,(04)23288582,2025,8,16,11,40,臺中市,大雅區,0,1,0,7,3,6,30,4,1,1,5,4,6,6,4,4,10,5,5,2,9,3,10,1,4,C03,7,9,1,10,2,11,,58,58,1,13,4,120.648773,24.223918,2
5965,66000,387130000C,(04)23274275,(04)23288582,2025,8,16,11,40,臺中市,西屯區,0,0,0,7,,,50,,,,,,,,,,,,,,12,,,,,B03,,,1,,2,,,50,50,1,13,4,120.647602,24.170219,3
5966,66000,387130000C,(04)23274275,(04)23288582,2025,8,16,11,47,臺中市,南屯區,0,0,0,7,,,50,,,,,,,,,,,,,,12,,,,,B12,,,1,,2,,,8,8,1,13,4,120.627164,24.148413,3
5967,66000,387130000C,(04)23274275,(04)23288582,2025,8,16,11,47,臺中市,龍井區,0,0,0,7,,,30,,,,,,,,,,,,,,17,,,,,B12,,,1,,2,,,49,49,1,6,4,120.594706,24.186878,3
5968,66000,387130000C,(04)23274275,(04)23288582,2025,8,16,11,48,臺中市,大雅區,0,0,0,7,,,50,,,,,,,,,,,,,,,,,,,B03,,,1,,2,,,8,8,1,13,4,120.628505,24.24071,3
5969,66000,387130000C,(04)23274275,(04)23288582,2025,8,16,11,49,臺中市,太平區,0,1,0,7,3,6,50,3,2,1,5,4,6,6,4,4,5,4,5,1,18,2,9,1,1,C03,7,9,1,10,2,14,,84,84,1,6,4,120.711053,24.151646,2
5970,66000,387130000C,(04)23274275,(04)23288582,2025,8,16,11,50,臺中市,豐原區,0,2,0,7,2,6,50,4,1,1,5,4,6,6,2,1,1,4,5,2,16,2,7,1,1,C03,7,5,1,11,2,12,,84,84,1,12,4,120.72102,24.251935,2
5971,66000,387130000C,(04)23274275,(04)23288582,2025,8,16,11,54,臺中市,北區,0,1,0,7,2,6,50,13,9,1,5,4,6,6,4,4,9,4,5,2,16,3,10,3,1,B03,7,5,1,8,2,5,,20,20,1,12,4,120.669046,24.155274,2
5972,66000,387130000C,(04)23274275,(04)23288582,2025,8,16,11,55,臺中市,北屯區,0,0,0,7,,,50,,,,,,,,,,,,,,17,,,,,B03,,,1,,2,,,40,40,1,12,4,120.717779,24.182371,3
5973,66000,387130000C,(04)23274275,(04)23288582,2025,8,16,12,0,臺中市,南區,0,0,0,7,,,50,,,,,,,,,,,,,,12,,,,,B03,,,1,,1,,,20,20,1,6,4,120.666937,24.127793,3
5974,66000,387130000C,(04)23274275,(04)23288582,2025,8,16,12,0,臺中市,南屯區,0,0,0,7,3,6,50,13,7,1,5,4,5,6,1,1,1,4,4,2,12,,,,,B03,,,1,,1,,,40,40,1,12,4,120.619759,24.130763,3
5975,66000,387130000C,(04)23274275,(04)23288582,2025,8,16,12,3,臺中市,西區,0,1,0,7,3,6,50,4,1,1,5,4,6,6,4,4,10,5,5,2,16,3,10,1,1,C03,7,9,1,10,1,12,,84,84,1,12,4,120.660197,24.149434,2
5976,66000,387130000C,(04)23274275,(04)23288582,2025,8,16,12,5,臺中市,大雅區,0,0,0,7,,,0,,,,,,,,,,,,,,,,,,,B12,,,1,,2,,,49,49,1,13,4,120.666091,24.217254,3
5977,66000,387130000C,(04)23274275,(04)23288582,2025,8,16,12,5,臺中市,豐原區,0,1,0,7,2,6,50,5,1,1,5,4,6,6,2,1,5,4,4,2,17,2,8,1,1,C03,7,6,1,9,2,14,,11,11,1,12,4,120.723497,24.252079,2
5978,66000,387130000C,(04)23274275,(04)23288582,2025,8,16,12,9,臺中市,龍井區,0,0,0,7,,,60,,,,,,,,,,,,,,13,,,,,B01,,,1,,1,,,84,84,1,6,4,120.582015,24.187583,3
5979,66000,387130000C,(04)23274275,(04)23288582,2025,8,16,12,10,臺中市,北區,0,1,0,7,2,6,30,13,9,1,5,4,6,6,2,1,1,4,5,1,13,3,10,1,1,C03,7,9,1,10,2,11,,59,59,1,12,4,120.667275,24.157941,2
5980,66000,387130000C,(04)23274275,(04)23288582,2025,8,16,12,11,臺中市,西屯區,0,2,0,7,2,6,50,13,9,1,5,4,3,3,4,4,5,5,5,2,17,2,9,1,1,C03,7,1,1,10,2,14,,51,51,1,12,4,120.65888,24.161581,2
5981,66000,387130000C,(04)23274275,(04)23288582,2025,8,16,12,18,臺中市,中區,0,0,0,7,,,50,,,,,,,,,,,,,,13,,,,,C03,,,1,,1,,,59,59,1,13,4,120.679497,24.142426,3
5982,66000,387130000C,(04)23274275,(04)23288582,2025,8,16,12,22,臺中市,潭子區,0,0,0,7,,,40,,,,,,,,,,,,,,,,,,,B03,,,1,,11,,,41,41,1,13,4,120.699072,24.205918,3
5983,66000,387130000C,(04)23274275,(04)23288582,2025,8,16,12,24,臺中市,北屯區,0,0,0,7,,,50,,,,,,,,,,,,,,,,,,,B03,,,1,,1,,,40,40,1,12,4,120.685474,24.17416,3
5984,66000,387130000C,(04)23274275,(04)23288582,2025,8,16,12,28,臺中市,太平區,0,0,0,7,2,6,50,,,,,,,,,,,,,,,,,,,B03,,,1,,1,2,,50,50,1,12,4,120.715991,24.159604,3
5985,66000,387130000C,(04)23274275,(04)23288582,2025,8,16,12,30,臺中市,龍井區,0,0,0,7,,,50,,,,,,,,,,,,,,,,,,,B11,,,1,,2,,,7,7,1,12,4,120.542378,24.2182,3
5986,66000,387130000C,(04)23274275,(04)23288582,2025,8,16,12,35,臺中市,南區,0,0,0,7,,,30,,,,,,,,,,,,,,,,,,,B03,,,1,,9,,,49,49,1,13,4,120.667809,24.113113,3
5987,66000,387130000C,(04)23274275,(04)23288582,2025,8,16,12,36,臺中市,南屯區,0,0,0,7,,,50,,,,,,,,,,,,,,,,,,,B03,,,1,,2,,,51,51,1,13,4,120.615013,24.147096,3
5988,66000,387130000C,(04)23274275,(04)23288582,2025,8,16,12,36,臺中市,烏日區,0,0,0,7,,,50,,,,,,,,,,,,,,13,,,,,B03,,,1,,1,,,7,7,1,6,4,120.602033,24.106972,3
5989,66000,387130000C,(04)23274275,(04)23288582,2025,8,16,12,39,臺中市,西屯區,0,0,0,7,,,50,,,,,,,,,,,,,,17,,,,,B03,,,1,,2,,,8,8,1,12,4,120.661622,24.169908,3
5990,66000,387130000C,(04)23274275,(04)23288582,2025,8,16,12,41,臺中市,西屯區,0,0,0,7,2,6,50,4,2,1,5,4,6,6,4,4,9,4,5,2,13,,,,,B02,,,1,,1,,,7,7,1,13,4,120.616043,24.188831,3
5991,66000,387130000C,(04)23274275,(04)23288582,2025,8,16,12,42,臺中市,北屯區,0,0,0,7,,,50,,,,,,,,,,,,,,17,,,,,B03,,,1,,1,,,40,40,1,12,4,120.66065,24.191436,3
5992,66000,387130000C,(04)23274275,(04)23288582,2025,8,16,12,48,臺中市,大雅區,0,0,0,7,,,30,,,,,,,,,,,,,,,,,,,B03,,,1,,1,,,8,8,1,12,4,120.598518,24.218083,3
5993,66000,387130000C,(04)23274275,(04)23288582,2025,8,16,12,50,臺中市,梧棲區,0,0,0,7,,,70,,,,,,,,,,,,,,14,,,,,B03,,,1,,7,,,49,49,1,6,4,120.555788,24.251113,3
5994,66000,387130000C,(04)23274275,(04)23288582,2025,8,16,12,56,臺中市,南屯區,0,0,0,7,,,50,,,,,,,,,,,,,,13,,,,,B01,,,1,,1,,,7,7,1,12,4,120.647306,24.123999,3