序號,縣市別代碼,機關代碼,市話,傳真,年,月,日,時,分,縣市,區,死亡數量,受傷數量,2-30,天候,道路照明設備,道路類別,道路速限,道路型態,事故位置,路面鋪裝,路面狀態,路面缺陷,障礙物,視距,號誌種類,號誌動作,分向設施,快車道或一般車道間,快慢車道間,路面邊線,事故類型及型態,受傷程度,主要傷處,保護裝備,行動電話或功能裝置,當事者區分(類別),車輛用途,當事者行動狀態,駕照狀態,駕照種類,飲酒情形,車輛撞擊部位最初,車輛撞擊部位其他,肇事因素個別,肇事因素主要,肇事逃逸,職業,共享經濟或外送平台,GPS座標X,GPS座標Y,事故類別
5995,66000,387130000C,(04)23274275,(04)23288582,2025,8,16,12,58,臺中市,大雅區,0,1,0,7,3,6,50,13,7,1,5,4,6,6,4,4,1,5,4,2,30,2,9,1,4,C03,7,9,1,10,2,14,,59,59,1,12,4,120.669074,24.215808,2
5996,66000,387130000C,(04)23274275,(04)23288582,2025,8,16,12,58,臺中市,南屯區,0,1,0,7,2,6,50,13,7,1,5,4,6,6,4,4,1,3,4,2,12,3,10,5,4,B03,7,7,1,8,1,6,,40,40,1,13,4,120.649296,24.150933,2
5997,66000,387130000C,(04)23274275,(04)23288582,2025,8,16,12,59,臺中市,龍井區,0,0,0,7,,,50,,,,,,,,,,,,,,12,,,,,B03,,,1,,1,,,8,8,1,6,4,120.5238,24.207358,4
5998,66000,387130000C,(04)23274275,(04)23288582,2025,8,16,13,0,臺中市,北區,0,0,0,7,2,6,30,4,9,1,5,4,6,6,1,1,5,5,5,2,17,3,10,6,1,B03,7,13,1,8,1,4,,76,76,1,12,4,120.700617,24.153995,3
5999,66000,387130000C,(04)23274275,(04)23288582,2025,8,16,13,0,臺中市,沙鹿區,0,0,0,7,,,40,,,,,,,,,,,,,,17,,,,,,,,,,,,,119,119,1,,,120.579122,24.223868,3
6000,66000,387130000C,(04)23274275,(04)23288582,2025,8,16,13,10,臺中市,西區,0,0,0,7,,,40,,,,,,,,,,,,,,,,,,,B03,,,1,,2,,,51,51,1,12,4,120.661444,24.137438,3
6001,66000,387130000C,(04)23274275,(04)23288582,2025,8,16,13,13,臺中市,北屯區,0,0,0,7,,,50,,,,,,,,,,,,,,13,,,,,B03,,,1,,1,,,84,84,1,12,4,120.720804,24.176097,3
6002,66000,387130000C,(04)23274275,(04)23288582,2025,8,16,13,14,臺中市,北屯區,0,0,0,7,,,50,,,,,,,,,,,,,,,,,,,B03,,,1,,1,,,84,84,1,13,4,120.698115,24.171518,3
6003,66000,387130000C,(04)23274275,(04)23288582,2025,8,16,13,15,臺中市,潭子區,0,0,0,7,,,50,,,,,,,,,,,,,,,,,,,B03,,,1,,2,,,7,7,1,13,4,120.705618,24.200399,3
6004,66000,387130000C,(04)23274275,(04)23288582,2025,8,16,13,15,臺中市,大雅區,0,0,0,7,,,50,,,,,,,,,,,,,,,,,,,C03,,,1,,2,,,84,84,1,13,4,120.648431,24.223373,3
6005,66000,387130000C,(04)23274275,(04)23288582,2025,8,16,13,20,臺中市,大雅區,0,0,0,7,,,50,,,,,,,,,,,,,,,,,,,B03,,,1,,1,,,8,8,1,13,4,120.648944,24.222984,3
6006,66000,387130000C,(04)23274275,(04)23288582,2025,8,16,13,20,臺中市,南區,0,0,0,7,,,50,,,,,,,,,,,,,,,,,,,B03,,,1,,1,,,40,40,1,5,4,120.658228,24.117583,3
6007,66000,387130000C,(04)23274275,(04)23288582,2025,8,16,13,23,臺中市,南屯區,0,0,0,7,,,30,,,,,,,,,,,,,,13,,,,,C03,,,1,,1,,,7,7,1,12,4,120.585375,24.166733,3
6008,66000,387130000C,(04)23274275,(04)23288582,2025,8,16,13,25,臺中市,潭子區,0,0,0,7,,,30,,,,,,,,,,,,,,,,,,,B03,,,1,,2,,,49,49,1,12,4,120.726797,24.205025,3
6009,66000,387130000C,(04)23274275,(04)23288582,2025,8,16,13,25,臺中市,霧峰區,0,0,0,7,2,6,50,18,21,1,5,4,6,6,4,4,10,5,5,2,13,,,,,B03,,,1,,1,,,59,59,1,6,4,120.69599,24.053802,3
6010,66000,387130000C,(04)23274275,(04)23288582,2025,8,16,13,30,臺中市,梧棲區,0,0,0,7,,,30,,,,,,,,,,,,,,15,,,,,B03,,,1,,2,,,14,14,1,12,4,120.531277,24.257857,3
6011,66000,387130000C,(04)23274275,(04)23288582,2025,8,16,13,40,臺中市,西區,0,0,0,7,,,50,,,,,,,,,,,,,,,,,,,B03,,,1,8,2,,,50,50,1,13,4,120.666727,24.132091,3
6012,66000,387130000C,(04)23274275,(04)23288582,2025,8,16,13,41,臺中市,太平區,0,1,0,7,2,6,30,11,9,1,5,4,6,6,4,4,10,5,5,1,13,2,9,2,1,C03,7,9,1,10,2,11,12,7,7,1,12,4,120.757284,24.123624,2
6013,66000,387130000C,(04)23274275,(04)23288582,2025,8,16,13,48,臺中市,西屯區,0,0,0,7,,,40,,,,,,,,,,,,,,12,,,,,B03,,,1,,1,,,39,39,1,12,4,120.628755,24.163006,3
6014,66000,387130000C,(04)23274275,(04)23288582,2025,8,16,13,49,臺中市,南屯區,0,0,0,7,,,50,,,,,,,,,,,,,,,,,,,B13,,,1,,1,,,40,40,1,13,4,120.64264,24.146834,3
6015,66000,387130000C,(04)23274275,(04)23288582,2025,8,16,13,50,臺中市,北屯區,0,1,0,7,2,6,50,13,7,1,5,4,6,6,4,4,9,4,4,2,17,3,10,3,1,B03,7,1,1,8,2,8,,51,51,1,12,4,120.681805,24.169569,2
6016,66000,387130000C,(04)23274275,(04)23288582,2025,8,16,13,53,臺中市,西區,0,0,0,7,,,50,,,,,,,,,,,,,,,,,,,B03,,,1,,1,,,84,84,1,6,4,120.6594,24.141087,3
6017,66000,387130000C,(04)23274275,(04)23288582,2025,8,16,13,55,臺中市,東區,0,0,0,7,,,,,,,,,,,,,,,,,,,,,,,,,,,,,,85,85,1,,,120.697296,24.147958,3
6018,66000,387130000C,(04)23274275,(04)23288582,2025,8,16,13,58,臺中市,北屯區,0,0,0,7,,,50,,,,,,,,,,,,,,,,,,,A12,,,1,,1,,,84,84,1,12,4,120.682939,24.174945,3
6019,66000,387130000C,(04)23274275,(04)23288582,2025,8,16,13,59,臺中市,大里區,0,0,0,7,,,60,,,,,,,,,,,,,,13,,,,,B03,,,1,,2,,,84,84,1,6,4,120.682821,24.104651,3
6020,66000,387130000C,(04)23274275,(04)23288582,2025,8,16,14,5,臺中市,北屯區,0,1,0,7,2,6,50,13,8,1,5,4,6,6,4,4,1,4,4,2,17,3,10,3,1,B03,7,7,5,19,7,6,,40,40,1,12,4,120.715336,24.182191,2
6021,66000,387130000C,(04)23274275,(04)23288582,2025,8,16,14,13,臺中市,沙鹿區,0,1,0,7,3,6,50,3,1,1,5,4,6,6,4,4,10,5,5,2,16,3,10,3,1,B03,7,11,1,8,2,4,,45,45,1,12,4,120.568763,24.236967,2
6022,66000,387130000C,(04)23274275,(04)23288582,2025,8,16,14,15,臺中市,西區,0,1,0,7,3,6,50,13,9,1,5,4,6,6,4,4,5,5,5,2,13,2,9,1,1,C03,7,9,1,10,1,11,,7,7,1,12,4,120.664133,24.14895,2
6023,66000,387130000C,(04)23274275,(04)23288582,2025,8,16,14,16,臺中市,南屯區,0,1,0,7,2,6,50,3,1,1,5,4,6,6,4,4,9,5,5,2,17,3,10,3,1,B03,7,6,1,8,2,4,,14,14,1,12,4,120.644878,24.131662,2
6024,66000,387130000C,(04)23274275,(04)23288582,2025,8,16,14,16,臺中市,霧峰區,0,0,0,7,,,50,,,,,,,,,,,,,,17,,,,,B02,,,1,,2,,,39,39,1,12,4,120.695899,24.064108,3
6025,66000,387130000C,(04)23274275,(04)23288582,2025,8,16,14,17,臺中市,西區,0,1,0,7,2,6,50,13,9,1,5,4,6,6,4,4,5,5,5,1,16,2,9,2,1,C03,7,1,1,10,2,12,,51,51,1,13,4,120.670596,24.140215,2
6026,66000,387130000C,(04)23274275,(04)23288582,2025,8,16,14,18,臺中市,東區,0,0,0,7,,,50,,,,,,,,,,,,,,12,,,,,B03,,,1,,2,,,8,8,1,6,4,120.686157,24.134791,3
6027,66000,387130000C,(04)23274275,(04)23288582,2025,8,16,14,19,臺中市,東區,0,2,0,7,3,6,50,4,1,1,5,4,6,6,1,1,5,5,5,2,13,2,9,2,1,C03,7,9,1,10,2,11,,84,84,1,13,4,120.708692,24.142722,2
6028,66000,387130000C,(04)23274275,(04)23288582,2025,8,16,14,22,臺中市,神岡區,0,0,0,7,,,50,,,,,,,,,,,,,,13,,,,,C03,,,1,,2,,,7,7,1,12,4,120.652466,24.289256,3
6029,66000,387130000C,(04)23274275,(04)23288582,2025,8,16,14,23,臺中市,太平區,0,2,0,7,3,6,50,4,1,1,5,4,6,6,1,1,10,5,5,2,15,2,8,1,1,C03,7,9,1,10,2,11,,21,21,1,5,4,120.710065,24.134817,2
6030,66000,387130000C,(04)23274275,(04)23288582,2025,8,16,14,25,臺中市,烏日區,0,0,0,7,,,50,,,,,,,,,,,,,,,,,,,B03,,,1,,2,,,50,50,1,13,4,120.605451,24.106224,3
6031,66000,387130000C,(04)23274275,(04)23288582,2025,8,16,14,26,臺中市,大里區,0,1,0,7,2,6,30,4,1,1,5,4,6,6,4,4,5,5,5,2,15,3,10,1,1,C03,7,9,1,10,2,11,14,12,12,1,6,4,120.683647,24.105966,2
6032,66000,387130000C,(04)23274275,(04)23288582,2025,8,16,14,28,臺中市,太平區,0,2,0,7,2,6,30,11,9,1,5,4,6,6,4,4,10,5,5,2,16,3,10,3,1,B03,7,6,1,8,2,8,,41,41,1,13,4,120.721655,24.124499,2
6033,66000,387130000C,(04)23274275,(04)23288582,2025,8,16,14,32,臺中市,大里區,0,0,0,7,,,50,,,,,,,,,,,,,,17,,,,,B03,,,1,7,9,,,84,84,1,13,4,120.693835,24.091473,3
6034,66000,387130000C,(04)23274275,(04)23288582,2025,8,16,14,35,臺中市,大里區,0,1,0,7,3,6,30,4,1,1,5,4,6,6,4,4,10,5,5,2,15,3,10,3,1,B03,7,9,1,8,4,5,,20,20,1,13,4,120.69109,24.101545,2
6035,66000,387130000C,(04)23274275,(04)23288582,2025,8,16,14,37,臺中市,西屯區,0,0,0,7,,,60,,,,,,,,,,,,,,13,,,,,B03,,,1,,2,,,7,7,1,13,4,120.651619,24.16206,3
6036,66000,387130000C,(04)23274275,(04)23288582,2025,8,16,14,43,臺中市,南區,0,0,0,7,,,50,,,,,,,,,,,,,,,,,,,C03,,,1,,1,,,58,58,1,6,4,120.661927,24.128757,4
6037,66000,387130000C,(04)23274275,(04)23288582,2025,8,16,14,45,臺中市,南屯區,0,1,0,7,2,6,50,13,9,1,5,4,6,6,4,4,9,5,5,1,16,3,10,3,1,B02,7,1,1,8,2,8,,51,51,1,13,4,120.606466,24.135143,2
6038,66000,387130000C,(04)23274275,(04)23288582,2025,8,16,14,45,臺中市,霧峰區,0,0,0,7,2,6,30,13,9,1,5,4,6,6,4,4,10,5,5,2,27,,,,,B03,,,1,,2,,,56,56,1,6,4,120.68206,24.053687,3
6039,66000,387130000C,(04)23274275,(04)23288582,2025,8,16,14,52,臺中市,后里區,0,0,0,7,2,6,50,13,9,1,5,4,6,6,4,1,5,4,5,2,12,3,10,1,1,C03,7,8,1,10,2,14,,40,40,1,12,4,120.705239,24.311749,3
6040,66000,387130000C,(04)23274275,(04)23288582,2025,8,16,14,55,臺中市,沙鹿區,0,1,0,7,3,6,50,3,1,1,5,4,6,6,4,4,10,5,5,2,13,3,10,3,1,B12,7,9,1,8,2,5,,7,7,1,6,4,120.56006,24.238393,2
6041,66000,387130000C,(04)23274275,(04)23288582,2025,8,16,15,0,臺中市,霧峰區,0,0,0,7,,,,,,,,,,,,,,,,,17,,,,,,,,,,,,,119,119,1,,,120.701725,24.060979,3
6042,66000,387130000C,(04)23274275,(04)23288582,2025,8,16,15,1,臺中市,大雅區,0,1,0,7,3,6,30,13,9,1,5,4,6,6,4,4,10,5,5,2,28,2,9,2,1,C03,7,9,1,10,2,11,,5,5,1,12,4,120.656873,24.242616,2
6043,66000,387130000C,(04)23274275,(04)23288582,2025,8,16,15,3,臺中市,北屯區,0,0,0,7,,,50,,,,,,,,,,,,,,17,,,,,B03,,,1,,2,,,47,47,1,12,4,120.692949,24.172531,4
6044,66000,387130000C,(04)23274275,(04)23288582,2025,8,16,15,6,臺中市,北屯區,0,1,0,7,2,6,50,3,1,1,5,4,6,6,4,4,10,5,5,2,16,3,10,3,1,B03,7,5,1,8,2,5,,84,84,1,6,4,120.74107,24.179966,2
6045,66000,387130000C,(04)23274275,(04)23288582,2025,8,16,15,10,臺中市,東區,0,0,0,7,,,30,,,,,,,,,,,,,,17,,,,,B03,,,1,,2,,,43,43,1,13,4,120.706724,24.132704,3
6046,66000,387130000C,(04)23274275,(04)23288582,2025,8,16,15,10,臺中市,南屯區,0,0,0,7,,,50,,,,,,,,,,,,,,13,,,,,B03,,,1,,1,,,7,7,1,12,4,120.647266,24.124644,3
6047,66000,387130000C,(04)23274275,(04)23288582,2025,8,16,15,17,臺中市,后里區,0,0,0,7,,,40,,,,,,,,,,,,,,9,,,,,B03,,,1,,10,,,86,86,1,12,4,120.711282,24.309263,3
6048,66000,387130000C,(04)23274275,(04)23288582,2025,8,16,15,19,臺中市,太平區,0,0,0,7,2,3,80,,,,,,,,,,,,,,,,,,,A12,,,1,,2,1,,84,84,1,12,4,120.716172,24.154021,3
6049,66000,387130000C,(04)23274275,(04)23288582,2025,8,16,15,24,臺中市,西區,0,0,0,7,,,50,,,,,,,,,,,,,,,,,,,B03,,,1,,1,,,7,7,1,12,4,120.658131,24.157756,3
6050,66000,387130000C,(04)23274275,(04)23288582,2025,8,16,15,24,臺中市,烏日區,0,0,0,7,,,50,,,,,,,,,,,,,,,,,,,B03,,,1,,9,,,76,76,1,6,4,120.611291,24.109159,3
6051,66000,387130000C,(04)23274275,(04)23288582,2025,8,16,15,25,臺中市,北屯區,0,0,0,7,,,50,,,,,,,,,,,,,,9,,,,,C03,,,1,,9,,,50,50,1,6,4,120.690156,24.177081,3
6052,66000,387130000C,(04)23274275,(04)23288582,2025,8,16,15,30,臺中市,清水區,0,0,0,7,,,60,,,,,,,,,,,,,,,,,,,B03,,,1,,9,,,85,85,1,12,4,120.552866,24.296064,3
6053,66000,387130000C,(04)23274275,(04)23288582,2025,8,16,15,30,臺中市,大甲區,0,2,0,7,2,6,40,13,9,1,5,4,6,6,4,4,6,5,5,1,12,2,9,1,1,C03,7,1,3,19,1,14,,51,51,1,12,4,120.621587,24.346548,2
6054,66000,387130000C,(04)23274275,(04)23288582,2025,8,16,15,36,臺中市,潭子區,0,1,0,7,3,6,60,13,7,1,5,4,6,6,4,4,3,4,4,1,12,,,,,,,21,,,,,,86,86,2,,,120.705217,24.210861,2
6055,66000,387130000C,(04)23274275,(04)23288582,2025,8,16,15,45,臺中市,大雅區,0,1,0,7,3,6,30,3,2,1,5,4,6,6,4,4,10,5,5,1,17,3,10,5,4,B12,7,6,1,8,2,5,,84,84,1,13,4,120.641839,24.208351,2
6056,66000,387130000C,(04)23274275,(04)23288582,2025,8,16,15,49,臺中市,霧峰區,0,0,0,7,,,50,,,,,,,,,,,,,,,,,,,B12,,,1,,2,,,49,49,1,6,4,120.699752,24.070998,3
6057,66000,387130000C,(04)23274275,(04)23288582,2025,8,16,15,49,臺中市,霧峰區,0,0,0,7,,,30,,,,,,,,,,,,,,,,,,,B03,,,1,,2,,,8,8,1,6,4,120.68431,24.058171,3
6058,66000,387130000C,(04)23274275,(04)23288582,2025,8,16,15,56,臺中市,南屯區,0,0,0,7,,,50,,,,,,,,,,,,,,,,,,,B03,,,1,,1,,,11,11,1,12,4,120.6357,24.148511,3
6059,66000,387130000C,(04)23274275,(04)23288582,2025,8,16,15,58,臺中市,大里區,0,0,0,7,,,50,,,,,,,,,,,,,,17,,,,,B03,,,1,,1,,,49,49,1,6,4,120.696968,24.080259,3
6060,66000,387130000C,(04)23274275,(04)23288582,2025,8,16,16,0,臺中市,西屯區,0,1,0,7,2,6,50,13,9,1,5,4,6,6,4,4,1,4,5,2,16,3,10,3,1,B03,7,5,1,4,2,5,,47,47,1,12,4,120.660049,24.171543,2
6061,66000,387130000C,(04)23274275,(04)23288582,2025,8,16,16,2,臺中市,西屯區,0,1,0,7,1,6,50,4,1,1,5,4,6,6,1,1,10,5,5,2,17,3,10,5,4,B03,7,6,1,8,2,8,,11,11,1,12,4,120.652407,24.159681,2
6062,66000,387130000C,(04)23274275,(04)23288582,2025,8,16,16,3,臺中市,外埔區,0,2,0,7,2,6,30,4,1,1,5,4,6,6,4,4,5,5,5,1,15,2,9,6,1,F01,7,9,7,21,1,12,,15,15,1,12,4,120.655131,24.329173,2
6063,66000,387130000C,(04)23274275,(04)23288582,2025,8,16,16,4,臺中市,龍井區,0,1,0,7,2,6,50,4,1,1,5,4,6,6,2,1,5,5,5,2,15,3,10,2,1,C03,7,9,1,10,2,11,,21,21,1,6,4,120.576945,24.17704,2
6064,66000,387130000C,(04)23274275,(04)23288582,2025,8,16,16,9,臺中市,北屯區,0,0,0,7,,,50,,,,,,,,,,,,,,13,,,,,B03,,,1,,1,,,59,59,1,6,4,120.70774,24.182337,3
6065,66000,387130000C,(04)23274275,(04)23288582,2025,8,16,16,16,臺中市,太平區,0,1,0,7,3,6,50,4,1,1,5,4,6,6,4,4,10,5,5,2,16,3,10,1,1,C03,7,11,1,10,2,11,12,45,45,1,6,4,120.719142,24.11584,2
6066,66000,387130000C,(04)23274275,(04)23288582,2025,8,16,16,18,臺中市,潭子區,0,0,0,7,,,0,,,,,,,,,,,,,,,,,,,C03,,,1,,2,,,51,51,1,13,4,120.705165,24.210735,3
6067,66000,387130000C,(04)23274275,(04)23288582,2025,8,16,16,18,臺中市,大雅區,0,1,0,7,3,6,50,13,9,1,5,4,6,6,4,4,5,5,5,1,17,2,9,2,1,C03,7,4,1,10,2,12,,7,7,1,12,4,120.65332,24.228714,2
6068,66000,387130000C,(04)23274275,(04)23288582,2025,8,16,16,20,臺中市,北屯區,0,0,0,7,,,50,,,,,,,,,,,,,,13,,,,,B03,,,1,,2,,,7,7,1,12,4,120.702558,24.18647,3
6069,66000,387130000C,(04)23274275,(04)23288582,2025,8,16,16,26,臺中市,西屯區,0,2,0,7,3,6,50,3,1,1,5,4,6,6,4,4,10,5,5,2,16,2,9,5,4,C03,7,11,1,10,2,11,,45,45,1,13,4,120.660561,24.173174,2
6070,66000,387130000C,(04)23274275,(04)23288582,2025,8,16,16,28,臺中市,南屯區,0,0,0,7,,,50,,,,,,,,,,,,,,,,,,,C03,,,5,,1,,,59,59,1,12,4,120.637003,24.135573,3
6071,66000,387130000C,(04)23274275,(04)23288582,2025,8,16,16,29,臺中市,北屯區,0,2,0,7,3,6,50,4,1,1,5,4,6,6,4,4,10,5,5,2,17,2,9,1,1,C03,7,9,1,10,2,13,,6,6,1,12,4,120.690136,24.164087,2
6072,66000,387130000C,(04)23274275,(04)23288582,2025,8,16,16,30,臺中市,東區,0,0,0,7,,,30,,,,,,,,,,,,,,14,,,,,B03,,,1,,1,,,49,49,1,12,4,120.693813,24.143499,3
6073,66000,387130000C,(04)23274275,(04)23288582,2025,8,16,16,34,臺中市,太平區,0,1,0,7,2,3,80,10,16,1,5,4,6,6,4,4,1,4,5,1,12,3,10,5,4,B03,7,7,1,8,11,1,,58,58,2,12,4,120.71527,24.152767,2
6074,66000,387130000C,(04)23274275,(04)23288582,2025,8,16,16,35,臺中市,大雅區,0,0,0,7,,,50,,,,,,,,,,,,,,,,,,,B03,,,1,,2,,,20,20,1,13,4,120.649996,24.216291,3
6075,66000,387130000C,(04)23274275,(04)23288582,2025,8,16,16,35,臺中市,神岡區,0,0,0,7,,,50,,,,,,,,,,,,,,16,,,,,B03,,,1,,2,,,47,47,1,12,4,120.673964,24.261213,3
6076,66000,387130000C,(04)23274275,(04)23288582,2025,8,16,16,36,臺中市,西屯區,0,0,0,7,,,40,,,,,,,,,,,,,,13,,,,,B03,,,1,,1,,,7,7,1,12,4,120.648107,24.196683,3
6077,66000,387130000C,(04)23274275,(04)23288582,2025,8,16,16,37,臺中市,東區,0,1,0,7,3,6,50,3,1,1,5,4,6,6,4,4,10,5,5,2,17,3,10,3,1,B03,7,14,1,8,2,2,,76,76,1,12,4,120.710255,24.14444,2
6078,66000,387130000C,(04)23274275,(04)23288582,2025,8,16,16,37,臺中市,霧峰區,0,0,0,7,,,50,,,,,,,,,,,,,,17,,,,,F01,,,1,,1,,,7,7,1,3,4,120.695092,24.065883,3
6079,66000,387130000C,(04)23274275,(04)23288582,2025,8,16,16,38,臺中市,中區,0,1,0,7,2,6,50,4,1,1,5,4,6,6,4,4,10,5,5,2,3,2,8,1,1,C03,7,5,1,10,2,11,,84,84,1,13,4,120.675429,24.143961,2
6080,66000,387130000C,(04)23274275,(04)23288582,2025,8,16,16,40,臺中市,沙鹿區,0,1,0,7,2,6,50,4,1,1,5,4,6,6,4,4,10,5,5,2,15,2,1,1,1,C03,7,9,1,10,2,11,,12,12,1,6,4,120.570262,24.230251,2
6081,66000,387130000C,(04)23274275,(04)23288582,2025,8,16,16,42,臺中市,東區,0,1,0,7,2,6,50,4,1,1,5,4,6,6,1,1,9,4,4,2,17,3,10,3,1,B03,7,6,1,8,2,2,,48,48,1,12,4,120.689059,24.143198,2
6082,66000,387130000C,(04)23274275,(04)23288582,2025,8,16,16,42,臺中市,西屯區,0,0,0,7,,,50,,,,,,,,,,,,,,12,,,,,B03,,,1,,2,,,40,40,1,12,4,120.646454,24.164454,3
6083,66000,387130000C,(04)23274275,(04)23288582,2025,8,16,16,44,臺中市,北屯區,0,1,0,7,2,6,50,13,7,1,5,4,6,6,4,4,5,5,4,2,17,2,9,1,1,C03,7,12,1,10,2,14,,5,5,1,6,4,120.691301,24.175047,2
6084,66000,387130000C,(04)23274275,(04)23288582,2025,8,16,16,45,臺中市,西區,0,0,0,7,,,50,,,,,,,,,,,,,,,,,,,B03,,,1,,1,,,84,84,1,6,4,120.653199,24.150651,3
6085,66000,387130000C,(04)23274275,(04)23288582,2025,8,16,16,45,臺中市,梧棲區,0,1,0,7,2,6,70,4,1,1,5,4,6,6,1,1,1,4,3,1,16,3,10,3,1,B03,7,5,1,8,2,5,,38,38,1,12,4,120.528235,24.261768,2
6086,66000,387130000C,(04)23274275,(04)23288582,2025,8,16,16,46,臺中市,北屯區,0,0,0,7,,,50,,,,,,,,,,,,,,12,,,,,C03,,,1,,9,,,40,40,2,6,4,120.705456,24.167343,3
6087,66000,387130000C,(04)23274275,(04)23288582,2025,8,16,16,50,臺中市,大雅區,0,0,0,7,,,70,,,,,,,,,,,,,,,,,,,B03,,,1,,2,,,84,84,1,12,4,120.63608,24.23505,3
6088,66000,387130000C,(04)23274275,(04)23288582,2025,8,16,16,54,臺中市,北區,0,0,0,7,,,50,,,,,,,,,,,,,,30,,,,,B03,,,1,,2,,,84,84,1,13,4,120.686252,24.145631,3
6089,66000,387130000C,(04)23274275,(04)23288582,2025,8,16,16,55,臺中市,大里區,0,0,0,7,3,3,80,13,7,1,5,4,6,6,4,4,3,4,5,2,12,,,,,A11,,,1,,2,,,40,40,1,12,4,120.692691,24.102609,3
6090,66000,387130000C,(04)23274275,(04)23288582,2025,8,16,16,56,臺中市,西屯區,0,0,0,7,,,50,,,,,,,,,,,,,,12,,,,,B03,,,1,,1,,,85,85,1,12,4,120.654306,24.158677,3
6091,66000,387130000C,(04)23274275,(04)23288582,2025,8,16,16,57,臺中市,北區,0,2,0,7,2,6,50,13,9,1,5,4,6,6,4,4,5,4,5,2,13,2,9,1,1,C03,7,9,1,10,2,11,,7,7,1,12,4,120.687819,24.150234,2
6092,66000,387130000C,(04)23274275,(04)23288582,2025,8,16,16,58,臺中市,南區,0,0,0,7,,,50,,,,,,,,,,,,,,,,,,,B03,,,1,,1,,,51,51,1,6,4,120.658041,24.117042,4
6093,66000,387130000C,(04)23274275,(04)23288582,2025,8,16,17,0,臺中市,北屯區,0,1,0,7,2,6,50,4,1,1,5,4,6,6,2,1,10,5,5,2,16,2,9,1,1,C03,7,6,1,10,2,14,,42,42,1,12,4,120.720724,24.172608,2
6094,66000,387130000C,(04)23274275,(04)23288582,2025,8,16,17,7,臺中市,太平區,0,2,0,7,3,6,30,4,1,1,5,4,6,6,4,4,10,5,5,2,15,2,9,1,1,C03,7,9,3,19,1,12,,15,15,2,12,4,120.721997,24.151505,2
6095,66000,387130000C,(04)23274275,(04)23288582,2025,8,16,17,10,臺中市,北屯區,0,0,0,7,,,50,,,,,,,,,,,,,,13,,,,,B03,,,1,,1,,,7,7,1,6,4,120.695099,24.178567,3
6096,66000,387130000C,(04)23274275,(04)23288582,2025,8,16,17,10,臺中市,沙鹿區,0,1,0,7,2,6,50,3,2,1,5,4,6,6,4,4,5,5,5,1,9,3,10,3,1,A12,7,2,1,7,2,6,,49,49,1,12,4,120.559694,24.240353,2
6097,66000,387130000C,(04)23274275,(04)23288582,2025,8,16,17,12,臺中市,西區,0,0,0,7,,,50,,,,,,,,,,,,,,,,,,,B03,,,1,,1,,,84,84,1,12,4,120.665124,24.154018,3
6098,66000,387130000C,(04)23274275,(04)23288582,2025,8,16,17,16,臺中市,北屯區,0,0,0,7,,,50,,,,,,,,,,,,,,,,,,,C03,,,1,,2,,,8,8,1,12,4,120.695653,24.170439,3
6099,66000,387130000C,(04)23274275,(04)23288582,2025,8,16,17,17,臺中市,西區,0,0,0,7,2,6,50,13,7,1,5,4,6,6,4,4,10,5,4,2,13,,,5,4,B03,7,9,1,8,1,1,,56,56,1,13,4,120.667589,24.137359,3
6100,66000,387130000C,(04)23274275,(04)23288582,2025,8,16,17,17,臺中市,大甲區,0,0,0,7,,,50,,,,,,,,,,,,,,,,,,,C03,,,1,,2,,,21,21,1,6,4,120.655584,24.381735,3
6101,66000,387130000C,(04)23274275,(04)23288582,2025,8,16,17,19,臺中市,北區,0,1,0,7,3,6,50,4,1,1,5,4,6,6,1,1,5,5,4,2,17,3,10,3,1,B03,7,6,1,8,2,1,,11,11,1,12,4,120.683439,24.148286,2
6102,66000,387130000C,(04)23274275,(04)23288582,2025,8,16,17,19,臺中市,東區,0,1,0,7,2,6,50,13,8,1,5,4,6,6,4,4,9,4,4,2,16,3,10,3,1,B03,7,5,1,8,2,5,,20,20,1,13,4,120.684469,24.131418,2
6103,66000,387130000C,(04)23274275,(04)23288582,2025,8,16,17,22,臺中市,北區,0,2,0,7,2,6,50,4,1,1,5,4,6,6,1,1,5,5,5,2,16,2,9,1,1,C03,7,9,1,10,2,11,,39,39,1,12,4,120.676326,24.160416,2
6104,66000,387130000C,(04)23274275,(04)23288582,2025,8,16,17,22,臺中市,梧棲區,0,0,0,7,,,40,,,,,,,,,,,,,,12,,,,,B03,,,1,,1,,,40,40,1,12,4,120.542592,24.247447,3
6105,66000,387130000C,(04)23274275,(04)23288582,2025,8,16,17,27,臺中市,清水區,0,1,0,7,2,6,50,4,1,1,5,4,6,6,1,1,8,3,4,1,17,3,10,3,1,B03,7,9,1,8,2,4,,21,21,1,12,4,120.573547,24.262344,2
6106,66000,387130000C,(04)23274275,(04)23288582,2025,8,16,17,29,臺中市,西區,0,3,0,7,3,6,50,4,1,1,5,4,6,3,4,4,10,5,5,2,15,2,9,1,1,C03,7,9,1,10,2,11,,15,15,1,6,4,120.659525,24.147865,2
6107,66000,387130000C,(04)23274275,(04)23288582,2025,8,16,17,30,臺中市,清水區,0,0,0,7,,,40,,,,,,,,,,,,,,,,,,,B03,,,1,,2,,,7,7,1,12,4,120.596476,24.305598,3
6108,66000,387130000C,(04)23274275,(04)23288582,2025,8,16,17,32,臺中市,后里區,0,0,0,7,2,6,50,3,2,1,5,4,6,6,1,1,1,4,4,1,13,3,10,3,1,B12,7,9,1,8,2,1,,7,7,1,12,4,120.722121,24.303441,3