序號,縣市別代碼,機關代碼,市話,傳真,年,月,日,時,分,縣市,區,死亡數量,受傷數量,2-30,天候,道路照明設備,道路類別,道路速限,道路型態,事故位置,路面鋪裝,路面狀態,路面缺陷,障礙物,視距,號誌種類,號誌動作,分向設施,快車道或一般車道間,快慢車道間,路面邊線,事故類型及型態,受傷程度,主要傷處,保護裝備,行動電話或功能裝置,當事者區分(類別),車輛用途,當事者行動狀態,駕照狀態,駕照種類,飲酒情形,車輛撞擊部位最初,車輛撞擊部位其他,肇事因素個別,肇事因素主要,肇事逃逸,職業,共享經濟或外送平台,GPS座標X,GPS座標Y,事故類別
6109,66000,387130000C,(04)23274275,(04)23288582,2025,8,16,17,35,臺中市,西區,0,0,0,7,,,50,,,,,,,,,,,,,,17,,,,,B03,,,1,,1,,,8,8,1,12,4,120.676313,24.133519,3
6110,66000,387130000C,(04)23274275,(04)23288582,2025,8,16,17,36,臺中市,太平區,0,1,0,7,2,6,50,3,2,1,5,4,6,6,4,4,5,5,5,2,17,2,8,2,1,C03,7,9,1,10,2,14,,84,84,1,12,4,120.731637,24.139768,2
6111,66000,387130000C,(04)23274275,(04)23288582,2025,8,16,17,39,臺中市,西區,0,0,0,7,,,50,,,,,,,,,,,,,,,,,,,B03,,,1,,1,,,84,84,1,12,4,120.661693,24.140362,3
6112,66000,387130000C,(04)23274275,(04)23288582,2025,8,16,17,39,臺中市,大里區,0,0,0,7,,,50,,,,,,,,,,,,,,17,,,,,B03,,,1,,1,,,8,8,1,12,4,120.688544,24.110077,3
6113,66000,387130000C,(04)23274275,(04)23288582,2025,8,16,17,39,臺中市,烏日區,0,1,0,7,2,6,50,3,1,1,5,4,6,6,4,4,10,5,5,2,17,3,10,5,4,B03,7,5,3,19,2,6,,14,14,1,6,4,120.615258,24.106049,2
6114,66000,387130000C,(04)23274275,(04)23288582,2025,8,16,17,41,臺中市,潭子區,0,1,0,6,3,6,60,13,7,1,5,4,6,6,4,4,1,4,4,1,17,3,10,2,1,C03,7,7,1,10,2,14,13,40,40,1,13,4,120.689967,24.225861,2
6115,66000,387130000C,(04)23274275,(04)23288582,2025,8,16,17,42,臺中市,大雅區,0,1,0,7,3,6,50,4,19,1,5,4,6,6,4,4,10,5,5,2,9,3,10,3,1,B03,7,6,1,8,2,1,,10,10,1,12,4,120.650096,24.221441,2
6116,66000,387130000C,(04)23274275,(04)23288582,2025,8,16,17,47,臺中市,北屯區,0,0,0,7,,,50,,,,,,,,,,,,,,,,,,,B01,,,1,,2,,,51,51,1,13,4,120.69028,24.182434,3
6117,66000,387130000C,(04)23274275,(04)23288582,2025,8,16,17,47,臺中市,西屯區,0,1,0,7,1,6,50,13,9,1,5,4,6,6,4,4,1,4,5,2,17,2,9,5,4,B03,7,15,1,8,2,5,,59,59,1,12,4,120.622302,24.183397,2
6118,66000,387130000C,(04)23274275,(04)23288582,2025,8,16,17,47,臺中市,霧峰區,0,1,0,7,3,6,25,13,9,1,5,4,6,6,4,4,10,5,5,2,12,3,10,3,1,B12,7,9,1,8,11,15,,8,8,1,6,4,120.700575,24.06345,2
6119,66000,387130000C,(04)23274275,(04)23288582,2025,8,16,17,49,臺中市,東區,0,0,0,7,,,50,,,,,,,,,,,,,,12,,,,,B03,,,1,,1,,,84,84,1,12,4,120.703487,24.13518,3
6120,66000,387130000C,(04)23274275,(04)23288582,2025,8,16,17,49,臺中市,北屯區,0,1,0,7,2,6,50,3,1,1,5,4,6,6,4,4,10,5,5,2,12,3,10,3,1,B03,7,11,1,8,2,8,,45,45,1,6,4,120.681195,24.191694,2
6121,66000,387130000C,(04)23274275,(04)23288582,2025,8,16,17,56,臺中市,西屯區,0,0,0,7,,,50,,,,,,,,,,,,,,17,,,,,C03,,,1,,10,,,77,77,1,12,4,120.638671,24.169983,3
6122,66000,387130000C,(04)23274275,(04)23288582,2025,8,16,17,59,臺中市,南區,0,1,0,7,3,6,50,3,1,1,5,4,6,6,4,4,10,5,5,2,16,3,10,3,1,B03,7,5,1,8,2,5,,65,65,1,12,4,120.659542,24.126268,2
6123,66000,387130000C,(04)23274275,(04)23288582,2025,8,16,18,1,臺中市,沙鹿區,0,0,0,7,,,50,,,,,,,,,,,,,,16,,,,,B03,,,1,,2,,,87,87,1,6,4,120.568814,24.223568,3
6124,66000,387130000C,(04)23274275,(04)23288582,2025,8,16,18,4,臺中市,北屯區,0,1,0,7,3,6,50,13,9,1,5,4,6,6,4,4,5,4,5,2,2,3,10,3,1,B02,7,9,1,8,9,2,,8,8,1,6,4,120.710601,24.172019,2
6125,66000,387130000C,(04)23274275,(04)23288582,2025,8,16,18,11,臺中市,南屯區,0,2,0,7,2,6,50,3,2,1,5,4,6,6,4,4,1,4,5,2,16,3,10,3,1,B03,7,5,1,8,2,5,,84,84,1,13,4,120.64623,24.127912,2
6126,66000,387130000C,(04)23274275,(04)23288582,2025,8,16,18,15,臺中市,大雅區,0,0,0,7,,,30,,,,,,,,,,,,,,,,,,,B03,,,1,,1,,,49,49,1,13,4,120.672787,24.231241,3
6127,66000,387130000C,(04)23274275,(04)23288582,2025,8,16,18,17,臺中市,西屯區,0,0,0,7,,,30,,,,,,,,,,,,,,17,,,,,B03,,,3,,2,,,59,59,1,13,4,120.645618,24.180429,3
6128,66000,387130000C,(04)23274275,(04)23288582,2025,8,16,18,26,臺中市,后里區,0,1,0,7,2,6,40,3,1,1,5,4,6,6,4,4,1,5,5,2,16,3,10,3,1,B03,7,6,1,8,2,5,,14,14,1,12,4,120.672858,24.307427,2
6129,66000,387130000C,(04)23274275,(04)23288582,2025,8,16,18,28,臺中市,北屯區,0,2,0,7,3,6,50,4,1,1,5,4,6,6,4,4,10,5,5,2,17,2,9,1,1,C03,7,9,1,10,2,12,,15,15,1,12,4,120.691212,24.175669,2
6130,66000,387130000C,(04)23274275,(04)23288582,2025,8,16,18,29,臺中市,北屯區,0,0,0,7,,,50,,,,,,,,,,,,,,17,,,,,C03,,,1,10,1,,,84,84,1,12,4,120.693671,24.163865,3
6131,66000,387130000C,(04)23274275,(04)23288582,2025,8,16,18,29,臺中市,西屯區,0,1,0,7,2,6,50,4,1,1,5,4,6,6,1,1,1,4,5,2,16,2,9,2,1,C03,7,9,1,10,2,14,,7,7,1,5,4,120.637666,24.163226,2
6132,66000,387130000C,(04)23274275,(04)23288582,2025,8,16,18,29,臺中市,大甲區,0,2,0,7,1,6,40,4,9,1,5,4,6,6,1,1,6,4,5,1,12,2,9,1,1,C03,7,1,1,10,2,11,,51,51,1,12,4,120.619369,24.340624,2
6133,66000,387130000C,(04)23274275,(04)23288582,2025,8,16,18,30,臺中市,南屯區,0,0,0,7,,,50,,,,,,,,,,,,,,,,,,,B03,,,1,,1,,,7,7,1,12,4,120.633946,24.146191,3
6134,66000,387130000C,(04)23274275,(04)23288582,2025,8,16,18,33,臺中市,北區,0,0,0,7,,,50,,,,,,,,,,,,,,17,,,,,B02,,,1,,9,,,8,8,2,13,4,120.675075,24.152075,3
6135,66000,387130000C,(04)23274275,(04)23288582,2025,8,16,18,35,臺中市,北區,0,2,0,7,2,6,50,13,9,1,5,4,6,6,4,4,5,5,5,2,17,2,9,5,1,C03,7,1,1,10,2,14,,51,51,1,13,4,120.682652,24.152269,2
6136,66000,387130000C,(04)23274275,(04)23288582,2025,8,16,18,36,臺中市,東區,0,1,0,7,2,6,50,4,1,1,5,4,6,6,1,1,9,4,5,2,17,3,10,3,1,B03,7,6,1,8,2,8,,48,48,1,12,4,120.701372,24.125132,2
6137,66000,387130000C,(04)23274275,(04)23288582,2025,8,16,18,40,臺中市,西屯區,0,0,0,7,,,40,,,,,,,,,,,,,,13,,,,,B03,,,1,,1,,,84,84,1,12,4,120.62904,24.163157,3
6138,66000,387130000C,(04)23274275,(04)23288582,2025,8,16,18,41,臺中市,東區,0,2,0,7,1,6,40,13,8,1,5,4,3,6,4,4,3,4,4,2,2,2,9,2,1,C03,7,9,1,10,2,11,,84,84,1,6,4,120.692289,24.147663,2
6139,66000,387130000C,(04)23274275,(04)23288582,2025,8,16,18,50,臺中市,南屯區,0,0,0,7,,,50,,,,,,,,,,,,,,12,,,,,C03,,,1,,1,,,7,7,1,12,4,120.646495,24.130489,3
6140,66000,387130000C,(04)23274275,(04)23288582,2025,8,16,18,50,臺中市,龍井區,0,0,0,7,,,40,,,,,,,,,,,,,,17,,,,,B12,,,1,,11,,,8,8,1,6,4,120.546006,24.19357,3
6141,66000,387130000C,(04)23274275,(04)23288582,2025,8,16,18,54,臺中市,北屯區,0,1,0,7,1,6,50,3,1,1,5,4,6,6,4,4,10,5,5,2,16,3,10,3,1,B03,7,5,1,8,2,1,,14,14,1,6,4,120.70977,24.18233,2
6142,66000,387130000C,(04)23274275,(04)23288582,2025,8,16,18,55,臺中市,大雅區,0,1,0,7,1,6,60,13,9,1,5,4,6,6,4,4,1,3,5,1,17,2,8,5,4,C03,7,9,1,10,2,12,,59,59,1,12,2,120.668213,24.236206,2
6143,66000,387130000C,(04)23274275,(04)23288582,2025,8,16,18,57,臺中市,北屯區,0,1,0,7,1,6,50,4,2,1,5,4,6,6,1,1,5,4,5,2,12,3,10,3,1,B03,7,5,1,8,2,2,,84,84,1,13,4,120.685375,24.173562,2
6144,66000,387130000C,(04)23274275,(04)23288582,2025,8,16,18,57,臺中市,西屯區,0,0,0,7,,,50,,,,,,,,,,,,,,13,,,,,B03,,,1,,1,,,8,8,1,12,4,120.650436,24.167138,4
6145,66000,387130000C,(04)23274275,(04)23288582,2025,8,16,19,0,臺中市,西區,0,0,0,7,,,50,,,,,,,,,,,,,,,,,,,C03,,,1,,2,,,84,84,1,13,4,120.656511,24.151025,3
6146,66000,387130000C,(04)23274275,(04)23288582,2025,8,16,19,3,臺中市,東區,0,0,0,7,,,50,,,,,,,,,,,,,,13,,,,,C02,,,1,,1,,,7,7,1,13,4,120.703064,24.131336,3
6147,66000,387130000C,(04)23274275,(04)23288582,2025,8,16,19,7,臺中市,北屯區,0,0,0,7,,,50,,,,,,,,,,,,,,12,,,,,B03,,,1,,1,,,1,1,1,12,4,120.667188,24.180456,4
6148,66000,387130000C,(04)23274275,(04)23288582,2025,8,16,19,19,臺中市,北區,0,0,0,7,,,50,,,,,,,,,,,,,,,,,,,B03,,,1,,2,,,51,51,1,12,4,120.685562,24.14797,3
6149,66000,387130000C,(04)23274275,(04)23288582,2025,8,16,19,20,臺中市,北屯區,0,2,0,7,3,6,50,3,2,1,5,4,6,6,4,4,5,5,4,2,17,2,9,2,1,C03,7,9,1,10,2,11,,7,7,1,6,4,120.691632,24.180403,2
6150,66000,387130000C,(04)23274275,(04)23288582,2025,8,16,19,22,臺中市,南屯區,0,2,0,7,2,6,50,13,8,1,5,4,6,6,4,4,1,4,1,2,16,2,9,2,1,C03,7,7,1,10,2,13,,40,40,1,12,4,120.624129,24.132972,2
6151,66000,387130000C,(04)23274275,(04)23288582,2025,8,16,19,22,臺中市,太平區,0,2,0,7,1,6,50,4,1,1,5,4,6,6,3,1,10,5,5,2,15,2,9,1,1,C03,7,9,3,19,2,11,,24,24,1,6,4,120.718208,24.130827,2
6152,66000,387130000C,(04)23274275,(04)23288582,2025,8,16,19,25,臺中市,南屯區,0,1,0,7,1,6,50,13,9,1,5,4,6,6,4,4,5,4,4,2,17,3,10,1,1,C03,7,9,1,10,2,16,,75,75,1,12,4,120.619594,24.139752,2
6153,66000,387130000C,(04)23274275,(04)23288582,2025,8,16,19,28,臺中市,南屯區,0,1,0,7,1,6,50,3,2,1,5,4,6,6,4,4,10,5,5,2,17,3,10,3,1,B03,6,1,1,8,2,8,,51,51,1,12,4,120.64589,24.134843,2
6154,66000,387130000C,(04)23274275,(04)23288582,2025,8,16,19,31,臺中市,西屯區,0,0,0,7,,,40,,,,,,,,,,,,,,13,,,,,C03,,,1,,1,,,59,59,1,13,4,120.647036,24.171714,3
6155,66000,387130000C,(04)23274275,(04)23288582,2025,8,16,19,35,臺中市,東區,0,0,0,7,,,50,,,,,,,,,,,,,,17,,,,,C03,,,1,,1,,,40,40,1,12,4,120.697109,24.147975,3
6156,66000,387130000C,(04)23274275,(04)23288582,2025,8,16,19,36,臺中市,后里區,0,0,0,7,1,6,50,4,2,1,5,4,6,6,4,4,9,5,5,1,13,3,10,2,1,C03,7,9,1,10,2,11,,7,7,1,12,4,120.707445,24.314265,3
6157,66000,387130000C,(04)23274275,(04)23288582,2025,8,16,19,37,臺中市,西屯區,0,0,0,7,,,50,,,,,,,,,,,,,,13,,,,,C03,,,1,,1,,,7,7,1,12,4,120.645365,24.178095,4
6158,66000,387130000C,(04)23274275,(04)23288582,2025,8,16,19,42,臺中市,烏日區,0,0,0,7,,,50,,,,,,,,,,,,,,13,,,,,B03,,,1,,1,,,59,59,1,13,4,120.624288,24.102624,3
6159,66000,387130000C,(04)23274275,(04)23288582,2025,8,16,19,45,臺中市,大甲區,0,0,0,7,,,70,,,,,,,,,,,,,,13,,,,,B12,,,1,,2,,,7,7,1,6,4,120.613945,24.33306,3
6160,66000,387130000C,(04)23274275,(04)23288582,2025,8,16,19,52,臺中市,太平區,0,1,0,7,1,6,50,13,9,1,5,4,6,6,4,4,5,4,5,2,17,3,10,4,1,B03,7,13,1,8,2,4,,76,76,1,12,4,120.700716,24.146731,2
6161,66000,387130000C,(04)23274275,(04)23288582,2025,8,16,19,52,臺中市,太平區,0,0,0,7,,,40,,,,,,,,,,,,,,13,,,,,C03,,,1,,1,,,7,7,1,6,4,120.702455,24.147998,3
6162,66000,387130000C,(04)23274275,(04)23288582,2025,8,16,19,55,臺中市,南屯區,0,2,0,7,1,6,40,13,12,1,5,4,6,6,4,4,5,5,4,2,1,2,9,2,4,C03,7,9,1,10,2,11,,84,84,1,6,4,120.616223,24.152601,2
6163,66000,387130000C,(04)23274275,(04)23288582,2025,8,16,20,0,臺中市,沙鹿區,0,0,0,6,,,40,,,,,,,,,,,,,,14,,,,,B03,,,3,,1,,,79,79,1,12,4,120.59457,24.249908,3
6164,66000,387130000C,(04)23274275,(04)23288582,2025,8,16,20,6,臺中市,潭子區,0,0,0,6,,,60,,,,,,,,,,,,,,,,,,,C03,,,1,,2,,,84,84,1,13,4,120.702687,24.190266,3
6165,66000,387130000C,(04)23274275,(04)23288582,2025,8,16,20,10,臺中市,西區,0,0,0,7,,,50,,,,,,,,,,,,,,,,,,,B03,,,1,,2,,,84,84,1,6,4,120.654992,24.147414,3
6166,66000,387130000C,(04)23274275,(04)23288582,2025,8,16,20,13,臺中市,東區,0,0,0,7,,,50,,,,,,,,,,,,,,13,,,,,B03,,,1,,1,,,84,84,1,12,4,120.696008,24.134907,3
6167,66000,387130000C,(04)23274275,(04)23288582,2025,8,16,20,20,臺中市,西屯區,0,0,0,7,,,50,,,,,,,,,,,,,,12,,,,,B03,,,1,,1,,,20,20,1,13,4,120.659895,24.174405,3
6168,66000,387130000C,(04)23274275,(04)23288582,2025,8,16,20,27,臺中市,沙鹿區,0,1,0,7,1,6,30,3,2,1,5,4,6,6,4,4,3,4,4,1,17,3,10,3,1,B03,7,5,1,8,2,7,,13,13,1,6,4,120.574834,24.228452,2
6169,66000,387130000C,(04)23274275,(04)23288582,2025,8,16,20,30,臺中市,西區,0,0,0,7,,,50,,,,,,,,,,,,,,17,,,,,C03,,,1,,1,,,84,84,1,12,4,120.661503,24.15113,3
6170,66000,387130000C,(04)23274275,(04)23288582,2025,8,16,20,31,臺中市,西屯區,0,1,0,7,1,6,50,13,7,1,5,4,6,6,4,4,5,5,4,2,2,3,10,5,1,B03,7,9,1,8,2,5,,59,59,1,12,4,120.644801,24.175306,2
6171,66000,387130000C,(04)23274275,(04)23288582,2025,8,16,20,32,臺中市,北屯區,0,0,0,7,,,50,,,,,,,,,,,,,,17,,,,,B03,,,1,,1,,,50,50,1,12,4,120.683452,24.172712,3
6172,66000,387130000C,(04)23274275,(04)23288582,2025,8,16,20,37,臺中市,西屯區,0,0,0,7,,,50,,,,,,,,,,,,,,13,,,,,B03,,,1,,1,,,78,78,1,12,4,120.641233,24.168328,3
6173,66000,387130000C,(04)23274275,(04)23288582,2025,8,16,20,37,臺中市,西屯區,0,0,0,7,,,40,,,,,,,,,,,,,,16,,,,,C03,,,2,,1,,,11,11,1,13,4,120.624383,24.178531,4
6174,66000,387130000C,(04)23274275,(04)23288582,2025,8,16,20,40,臺中市,北區,0,0,0,7,,,50,,,,,,,,,,,,,,17,,,,,B03,,,1,,1,,,7,7,1,13,4,120.683911,24.163203,3
6175,66000,387130000C,(04)23274275,(04)23288582,2025,8,16,20,42,臺中市,后里區,0,1,0,7,1,6,50,4,1,1,5,4,6,6,1,1,5,5,5,1,15,3,10,2,1,C03,7,9,1,10,2,12,,21,21,1,12,4,120.710335,24.301118,2
6176,66000,387130000C,(04)23274275,(04)23288582,2025,8,16,20,44,臺中市,太平區,0,0,0,7,1,6,50,,,,,,,,,,,,,,,,,,,C03,,,1,,1,13,,45,45,1,12,4,120.714954,24.159063,3
6177,66000,387130000C,(04)23274275,(04)23288582,2025,8,16,20,47,臺中市,西屯區,0,0,0,7,,,50,,,,,,,,,,,,,,13,,,,,B03,,,1,,2,,,7,7,1,12,4,120.641076,24.167898,3
6178,66000,387130000C,(04)23274275,(04)23288582,2025,8,16,20,51,臺中市,大甲區,0,2,0,7,1,6,40,13,8,1,5,4,6,6,4,4,3,4,4,1,30,2,9,2,1,C03,7,9,1,10,2,13,12,90,90,1,6,4,120.648676,24.377134,2
6179,66000,387130000C,(04)23274275,(04)23288582,2025,8,16,21,3,臺中市,南屯區,0,2,0,7,1,6,30,4,1,1,5,4,6,6,4,4,9,5,5,1,15,2,8,1,1,C03,7,9,1,10,2,12,,15,15,1,12,4,120.645457,24.139593,2
6180,66000,387130000C,(04)23274275,(04)23288582,2025,8,16,21,4,臺中市,豐原區,0,2,0,7,2,6,50,3,2,1,5,4,6,6,4,4,1,3,4,1,16,3,10,3,1,B03,7,11,1,8,2,1,,20,20,1,12,4,120.734454,24.259825,2
6181,66000,387130000C,(04)23274275,(04)23288582,2025,8,16,21,5,臺中市,神岡區,0,0,0,7,,,1,,,,,,,,,,,,,,17,,,,,,,,,,,,,119,119,1,,,120.712105,24.258994,3
6182,66000,387130000C,(04)23274275,(04)23288582,2025,8,16,21,6,臺中市,北區,0,1,0,7,1,6,50,3,9,1,5,4,6,6,4,4,5,4,5,2,18,2,9,5,4,C03,7,12,1,10,2,12,,84,84,1,13,4,120.666529,24.167107,2
6183,66000,387130000C,(04)23274275,(04)23288582,2025,8,16,21,8,臺中市,沙鹿區,0,0,0,7,,,50,,,,,,,,,,,,,,13,,,,,B03,,,1,,2,,,7,7,1,6,4,120.568569,24.208352,3
6184,66000,387130000C,(04)23274275,(04)23288582,2025,8,16,21,14,臺中市,北屯區,0,0,0,7,,,50,,,,,,,,,,,,,,12,,,,,B03,,,1,,2,,,8,8,1,6,4,120.688028,24.181826,3
6185,66000,387130000C,(04)23274275,(04)23288582,2025,8,16,21,14,臺中市,西屯區,0,1,0,7,1,6,40,13,8,1,5,4,6,6,4,4,1,4,1,2,13,3,10,2,1,C03,7,9,1,10,2,11,,7,7,1,5,4,120.655009,24.160089,2
6186,66000,387130000C,(04)23274275,(04)23288582,2025,8,16,21,28,臺中市,東區,0,0,0,7,,,50,,,,,,,,,,,,,,13,,,,,B03,,,1,,1,,,87,87,1,13,4,120.689699,24.1328,3
6187,66000,387130000C,(04)23274275,(04)23288582,2025,8,16,21,30,臺中市,南區,0,0,0,7,,,30,,,,,,,,,,,,,,17,,,,,,,,,,,,,86,86,1,,,120.657358,24.125875,3
6188,66000,387130000C,(04)23274275,(04)23288582,2025,8,16,21,30,臺中市,南屯區,0,1,0,7,1,6,60,13,11,1,5,4,6,6,4,4,3,2,3,2,18,2,9,1,1,C03,7,9,3,19,2,11,,59,59,1,6,4,120.598422,24.155204,2
6189,66000,387130000C,(04)23274275,(04)23288582,2025,8,16,21,32,臺中市,烏日區,0,0,0,7,,,60,,,,,,,,,,,,,,28,,,,,B03,,,1,,2,,,59,59,1,13,4,120.649904,24.107312,3
6190,66000,387130000C,(04)23274275,(04)23288582,2025,8,16,21,36,臺中市,龍井區,0,0,0,7,1,6,50,3,2,1,5,4,6,6,4,4,,5,5,2,14,,,,,B03,,,1,,2,,,49,49,1,6,4,120.586336,24.179272,3
6191,66000,387130000C,(04)23274275,(04)23288582,2025,8,16,21,45,臺中市,西區,0,0,0,7,,,,,,,,,,,,,,,,,,,,,,,,,,,,,,119,119,1,,,120.662361,24.156408,3
6192,66000,387130000C,(04)23274275,(04)23288582,2025,8,16,21,47,臺中市,西區,0,2,0,7,1,6,40,5,1,1,5,4,6,6,1,1,10,5,5,2,16,2,9,2,1,C03,7,6,1,10,2,14,,48,48,1,12,4,120.668775,24.13206,2
6193,66000,387130000C,(04)23274275,(04)23288582,2025,8,16,21,47,臺中市,大里區,0,0,0,7,,,50,,,,,,,,,,,,,,17,,,,,C03,,,1,,2,,,7,7,1,12,4,120.687725,24.094825,3
6194,66000,387130000C,(04)23274275,(04)23288582,2025,8,16,21,48,臺中市,西屯區,0,1,0,7,1,6,50,5,1,1,5,4,6,6,1,1,10,5,5,2,17,3,10,3,1,B03,7,5,1,10,2,16,,47,47,1,12,4,120.646102,24.1718,2
6195,66000,387130000C,(04)23274275,(04)23288582,2025,8,16,21,49,臺中市,太平區,0,0,0,7,,,40,,,,,,,,,,,,,,17,,,,,B03,,,1,,1,,,84,84,1,6,4,120.726566,24.146019,3
6196,66000,387130000C,(04)23274275,(04)23288582,2025,8,16,21,55,臺中市,北區,0,0,0,7,,,50,,,,,,,,,,,,,,17,,,,,C03,,,1,,1,,,7,7,1,13,4,120.683349,24.148261,3
6197,66000,387130000C,(04)23274275,(04)23288582,2025,8,16,22,1,臺中市,后里區,0,2,0,7,1,6,40,3,2,1,5,4,6,6,4,4,4,5,4,1,17,3,10,2,1,C03,7,6,1,10,2,14,,48,48,1,12,4,120.716391,24.309888,2
6198,66000,387130000C,(04)23274275,(04)23288582,2025,8,16,22,19,臺中市,南屯區,0,1,0,7,1,6,40,13,9,1,5,4,6,6,4,4,9,3,5,1,17,2,8,1,1,C03,7,9,1,10,2,11,,41,41,1,12,2,120.641269,24.14383,2
6199,66000,387130000C,(04)23274275,(04)23288582,2025,8,16,22,20,臺中市,太平區,0,0,0,7,1,6,40,,,,,,,,,,,,,,,,,,,B03,,,5,,2,6,,8,8,1,12,4,120.714774,24.1221,3
6200,66000,387130000C,(04)23274275,(04)23288582,2025,8,16,22,24,臺中市,南區,0,2,0,7,1,6,50,13,9,1,5,4,6,6,4,4,1,4,5,2,18,2,9,2,1,C03,7,9,1,10,2,15,,84,84,1,12,4,120.679385,24.121652,2
6201,66000,387130000C,(04)23274275,(04)23288582,2025,8,16,22,34,臺中市,龍井區,0,0,0,7,,,60,,,,,,,,,,,,,,13,,,,,B03,,,1,,2,,,55,55,1,12,4,120.577093,24.17724,3
6202,66000,387130000C,(04)23274275,(04)23288582,2025,8,16,22,47,臺中市,西屯區,0,0,0,7,,,40,,,,,,,,,,,,,,12,,,,,C03,,,1,,1,,,85,85,1,12,4,120.653374,24.160768,3
6203,66000,387130000C,(04)23274275,(04)23288582,2025,8,16,22,50,臺中市,龍井區,1,0,0,7,3,6,70,4,1,1,5,4,6,6,2,1,10,5,5,2,16,3,10,3,1,B03,7,1,1,8,2,8,,51,51,1,6,4,120.544543,24.186315,1
6204,66000,387130000C,(04)23274275,(04)23288582,2025,8,16,22,53,臺中市,北區,0,0,0,7,,,50,,,,,,,,,,,,,,12,,,,,C03,,,3,,2,,,59,59,1,12,4,120.671377,24.173112,3
6205,66000,387130000C,(04)23274275,(04)23288582,2025,8,16,23,6,臺中市,南屯區,0,1,0,7,1,6,0,18,21,1,5,4,6,6,4,4,10,5,5,2,17,2,9,4,1,F01,7,9,7,21,2,16,,43,43,1,4,4,120.646789,24.146405,2
6206,66000,387130000C,(04)23274275,(04)23288582,2025,8,16,23,15,臺中市,南屯區,0,1,0,7,1,6,50,4,1,1,5,4,6,6,2,1,8,3,5,1,17,2,9,1,1,C03,7,5,1,10,2,12,,84,84,1,12,4,120.633946,24.146191,2
6207,66000,387130000C,(04)23274275,(04)23288582,2025,8,16,23,23,臺中市,大里區,0,2,0,7,1,6,50,4,2,1,5,4,6,6,1,1,10,5,5,1,16,2,9,4,1,F01,7,6,7,21,2,13,,48,48,1,4,4,120.688808,24.119805,2
6208,66000,387130000C,(04)23274275,(04)23288582,2025,8,16,23,34,臺中市,清水區,0,0,0,7,1,6,50,13,9,1,5,4,6,6,4,4,8,4,5,2,12,,,,,B03,,,1,,1,,,84,84,1,12,4,120.569349,24.271598,3
6209,66000,387130000C,(04)23274275,(04)23288582,2025,8,16,23,35,臺中市,南區,0,0,0,7,,,50,,,,,,,,,,,,,,,,,,,,,,,,,,,119,119,1,,,120.665198,24.115187,3
6210,66000,387130000C,(04)23274275,(04)23288582,2025,8,16,23,43,臺中市,西屯區,0,1,0,7,1,6,70,13,7,1,5,4,6,6,4,4,1,4,1,2,13,3,10,3,1,B03,7,9,5,19,2,1,,7,7,1,12,4,120.617249,24.182216,2
6211,66000,387130000C,(04)23274275,(04)23288582,2025,8,16,23,55,臺中市,東區,0,0,0,7,,,50,,,,,,,,,,,,,,11,,,,,B01,,,1,,2,,,8,8,1,12,4,120.68963,24.144361,3
6212,66000,387130000C,(04)23274275,(04)23288582,2025,8,17,0,4,臺中市,大里區,0,0,0,7,,,50,,,,,,,,,,,,,,,,,,,B03,,,1,,1,,,84,84,1,12,4,120.688114,24.094825,4
6213,66000,387130000C,(04)23274275,(04)23288582,2025,8,17,0,9,臺中市,太平區,0,1,0,7,1,6,50,13,9,1,5,4,6,6,4,4,9,4,5,2,17,2,9,2,4,C03,7,9,1,10,2,11,14,58,58,1,12,2,120.725365,24.15124,2
6214,66000,387130000C,(04)23274275,(04)23288582,2025,8,17,0,30,臺中市,東區,0,0,0,7,,,30,,,,,,,,,,,,,,17,,,,,B03,,,1,,9,,,49,49,1,6,4,120.700553,24.126222,3
6215,66000,387130000C,(04)23274275,(04)23288582,2025,8,17,0,35,臺中市,北屯區,0,1,0,7,1,6,50,3,1,1,5,4,6,6,4,4,10,5,5,2,16,2,9,1,1,C03,7,6,1,10,2,12,,39,39,1,5,4,120.722507,24.173399,2
6216,66000,387130000C,(04)23274275,(04)23288582,2025,8,17,0,41,臺中市,西屯區,0,1,0,7,1,6,50,3,4,1,5,4,6,6,1,1,5,5,5,2,13,3,10,3,1,B03,7,9,1,8,2,1,,59,59,1,12,4,120.661267,24.198314,2
6217,66000,387130000C,(04)23274275,(04)23288582,2025,8,17,0,42,臺中市,西區,0,0,0,7,,,30,,,,,,,,,,,,,,,,,,,B03,,,1,,1,,,84,84,1,12,4,120.662491,24.133356,3
6218,66000,387130000C,(04)23274275,(04)23288582,2025,8,17,0,44,臺中市,龍井區,0,0,0,7,,,50,,,,,,,,,,,,,,13,,,,,C03,,,1,,2,,,7,7,1,5,4,120.590691,24.181037,3
6219,66000,387130000C,(04)23274275,(04)23288582,2025,8,17,0,50,臺中市,北區,0,1,0,7,1,6,50,4,1,1,5,4,6,6,1,1,10,5,5,2,13,2,9,1,1,C03,7,9,1,10,2,11,,58,58,1,12,4,120.678279,24.14853,2
6220,66000,387130000C,(04)23274275,(04)23288582,2025,8,17,1,1,臺中市,西區,0,0,0,7,,,40,,,,,,,,,,,,,,17,,,,,C03,,,1,,9,,,84,84,1,12,4,120.67253,24.131787,3
6221,66000,387130000C,(04)23274275,(04)23288582,2025,8,17,1,5,臺中市,北屯區,0,0,0,7,,,50,,,,,,,,,,,,,,12,,,,,B03,,,1,,3,,,59,59,1,12,4,120.676153,24.198174,3