序號,縣市別代碼,機關代碼,市話,傳真,年,月,日,時,分,縣市,區,死亡數量,受傷數量,2-30,天候,道路照明設備,道路類別,道路速限,道路型態,事故位置,路面鋪裝,路面狀態,路面缺陷,障礙物,視距,號誌種類,號誌動作,分向設施,快車道或一般車道間,快慢車道間,路面邊線,事故類型及型態,受傷程度,主要傷處,保護裝備,行動電話或功能裝置,當事者區分(類別),車輛用途,當事者行動狀態,駕照狀態,駕照種類,飲酒情形,車輛撞擊部位最初,車輛撞擊部位其他,肇事因素個別,肇事因素主要,肇事逃逸,職業,共享經濟或外送平台,GPS座標X,GPS座標Y,事故類別
6222,66000,387130000C,(04)23274275,(04)23288582,2025,8,17,1,21,臺中市,北區,0,0,0,7,,,50,,,,,,,,,,,,,,13,,,,,B03,,,1,,2,,,7,7,1,12,4,120.677,24.151416,3
6223,66000,387130000C,(04)23274275,(04)23288582,2025,8,17,1,37,臺中市,北區,0,2,0,7,1,6,50,3,1,1,5,4,6,6,1,1,10,5,5,2,13,2,9,1,1,C03,7,9,1,10,2,11,,58,58,1,4,4,120.670542,24.166864,2
6224,66000,387130000C,(04)23274275,(04)23288582,2025,8,17,1,45,臺中市,西屯區,0,1,0,7,1,6,50,4,1,1,5,4,6,6,3,1,10,5,5,2,16,3,10,3,1,B01,7,6,1,4,2,2,,11,11,1,12,4,120.64036,24.16427,2
6225,66000,387130000C,(04)23274275,(04)23288582,2025,8,17,1,54,臺中市,沙鹿區,0,0,0,7,,,30,,,,,,,,,,,,,,16,,,,,C03,,,1,,2,,,85,85,1,6,4,120.574258,24.258958,4
6226,66000,387130000C,(04)23274275,(04)23288582,2025,8,17,2,20,臺中市,中區,0,0,0,7,,,50,,,,,,,,,,,,,,,,,,,B02,,,1,,2,,,8,8,1,12,4,120.683504,24.138422,3
6227,66000,387130000C,(04)23274275,(04)23288582,2025,8,17,2,43,臺中市,南區,0,0,0,7,,,50,,,,,,,,,,,,,,,,,,,B03,,,1,,1,,,7,7,1,12,4,120.665713,24.113921,3
6228,66000,387130000C,(04)23274275,(04)23288582,2025,8,17,3,3,臺中市,北屯區,0,0,0,7,,,50,,,,,,,,,,,,,,12,,,,,A11,,,1,,2,,,40,40,1,12,4,120.667783,24.179436,3
6229,66000,387130000C,(04)23274275,(04)23288582,2025,8,17,3,4,臺中市,沙鹿區,0,0,0,7,,,30,,,,,,,,,,,,,,17,,,,,B03,,,1,,1,,,85,85,1,6,4,120.559228,24.235036,4
6230,66000,387130000C,(04)23274275,(04)23288582,2025,8,17,3,10,臺中市,清水區,0,2,0,7,1,6,50,13,9,1,5,4,6,6,4,4,9,3,5,2,13,2,9,1,1,C03,7,9,1,10,2,11,,7,7,1,12,4,120.549317,24.308075,2
6231,66000,387130000C,(04)23274275,(04)23288582,2025,8,17,3,14,臺中市,北屯區,0,2,0,7,1,6,50,13,9,1,2,4,6,6,4,4,1,4,5,2,17,3,10,3,1,A12,7,9,1,7,2,16,,68,68,1,12,4,120.67264,24.174111,2
6232,66000,387130000C,(04)23274275,(04)23288582,2025,8,17,3,50,臺中市,中區,0,0,0,7,,,50,,,,,,,,,,,,,,,,,,,B03,,,1,,2,,,84,84,1,12,4,120.68357,24.139106,3
6233,66000,387130000C,(04)23274275,(04)23288582,2025,8,17,3,57,臺中市,北屯區,0,2,0,7,1,6,50,4,1,1,5,4,6,6,2,1,10,5,5,2,16,2,9,1,1,C03,7,5,1,10,2,12,,11,11,1,12,4,120.707809,24.182145,2
6234,66000,387130000C,(04)23274275,(04)23288582,2025,8,17,4,56,臺中市,豐原區,0,2,0,7,2,6,50,4,1,1,5,4,6,6,2,1,10,5,5,1,3,2,9,6,5,H01,8,16,7,21,10,17,,95,95,1,13,5,120.726977,24.238458,2
6235,66000,387130000C,(04)23274275,(04)23288582,2025,8,17,6,10,臺中市,西屯區,0,1,0,7,2,6,40,4,1,1,5,4,6,6,2,1,1,4,1,2,15,2,9,1,1,C03,7,9,1,10,2,11,,21,21,1,12,4,120.633761,24.161688,2
6236,66000,387130000C,(04)23274275,(04)23288582,2025,8,17,6,11,臺中市,清水區,0,2,0,7,1,6,50,4,1,1,5,4,6,6,1,1,8,3,4,2,1,2,9,6,5,H01,8,16,7,21,10,17,,96,96,1,12,5,120.575374,24.268685,2
6237,66000,387130000C,(04)23274275,(04)23288582,2025,8,17,6,44,臺中市,豐原區,0,1,0,7,2,6,50,4,1,1,5,4,6,6,1,1,5,5,4,2,15,3,10,1,1,C03,7,9,1,10,2,12,,21,21,1,12,4,120.718748,24.253417,2
6238,66000,387130000C,(04)23274275,(04)23288582,2025,8,17,6,46,臺中市,太平區,0,1,0,7,3,6,50,13,9,1,5,4,6,6,4,4,5,5,4,2,28,2,9,2,1,C03,7,9,1,8,2,14,,84,84,1,12,4,120.738429,24.157105,2
6239,66000,387130000C,(04)23274275,(04)23288582,2025,8,17,7,10,臺中市,豐原區,0,1,0,7,2,6,30,4,1,1,5,4,6,6,2,1,5,4,5,2,17,2,9,1,4,C03,7,9,1,10,2,11,,21,21,1,12,4,120.720855,24.228943,2
6240,66000,387130000C,(04)23274275,(04)23288582,2025,8,17,7,20,臺中市,和平區,0,0,0,7,,,30,,,,,,,,,,,,,,1,,,,,C03,,,1,,2,,,41,41,1,13,4,121.313491,24.338519,3
6241,66000,387130000C,(04)23274275,(04)23288582,2025,8,17,7,29,臺中市,沙鹿區,0,1,0,7,2,6,50,4,1,1,5,4,6,6,4,4,10,5,5,2,15,3,10,3,1,B03,7,9,1,8,2,8,,12,12,1,12,4,120.568746,24.25281,2
6242,66000,387130000C,(04)23274275,(04)23288582,2025,8,17,7,32,臺中市,北屯區,0,1,0,7,2,6,50,13,9,1,5,4,6,6,4,4,9,5,5,2,18,2,9,1,1,F01,7,9,7,21,2,15,,82,82,1,12,1,120.769914,24.171394,2
6243,66000,387130000C,(04)23274275,(04)23288582,2025,8,17,7,32,臺中市,梧棲區,0,1,0,7,3,6,30,3,2,1,5,4,6,6,4,4,10,5,5,2,11,3,10,1,1,C03,7,5,1,10,2,11,,85,85,1,6,4,120.527398,24.254725,2
6244,66000,387130000C,(04)23274275,(04)23288582,2025,8,17,7,34,臺中市,西屯區,0,1,0,7,2,6,50,4,19,1,5,4,6,6,2,1,10,4,4,2,3,3,10,5,4,B03,7,6,1,8,2,1,,10,10,1,6,4,120.609952,24.185993,2
6245,66000,387130000C,(04)23274275,(04)23288582,2025,8,17,7,35,臺中市,龍井區,0,1,0,7,3,6,50,4,1,1,5,4,6,6,4,4,10,5,5,2,16,3,10,3,1,B03,7,6,1,3,1,1,,20,20,1,6,4,120.546774,24.196617,2
6246,66000,387130000C,(04)23274275,(04)23288582,2025,8,17,7,40,臺中市,沙鹿區,0,2,0,7,2,6,50,4,9,1,5,4,6,6,4,4,4,4,5,2,15,2,9,2,1,C03,7,9,1,10,2,11,,12,12,1,12,4,120.572422,24.211394,2
6247,66000,387130000C,(04)23274275,(04)23288582,2025,8,17,7,54,臺中市,北屯區,0,1,0,7,2,6,50,4,1,1,5,4,6,6,2,1,10,5,5,2,15,3,10,3,1,B03,7,9,1,8,2,2,,85,85,1,6,4,120.719611,24.180137,2
6248,66000,387130000C,(04)23274275,(04)23288582,2025,8,17,8,0,臺中市,北區,0,2,0,7,2,6,50,4,2,1,5,4,6,6,2,1,10,5,5,2,3,2,9,6,5,H01,8,16,7,21,10,17,,95,95,1,13,5,120.66471,24.161402,2
6249,66000,387130000C,(04)23274275,(04)23288582,2025,8,17,8,0,臺中市,烏日區,0,1,0,7,2,6,40,4,1,1,5,4,6,6,1,1,1,4,4,2,13,3,10,1,1,C03,7,9,1,10,2,11,,7,7,1,6,4,120.599642,24.110249,2
6250,66000,387130000C,(04)23274275,(04)23288582,2025,8,17,8,5,臺中市,北屯區,0,0,0,7,,,50,,,,,,,,,,,,,,13,,,,,B03,,,1,,1,,,59,59,1,12,4,120.665781,24.182774,3
6251,66000,387130000C,(04)23274275,(04)23288582,2025,8,17,8,15,臺中市,大雅區,0,1,0,7,3,6,50,3,2,1,5,4,6,6,1,1,1,5,5,1,17,3,10,5,4,B03,7,5,1,8,2,5,,20,20,1,12,4,120.648913,24.218033,2
6252,66000,387130000C,(04)23274275,(04)23288582,2025,8,17,8,35,臺中市,南屯區,0,1,0,7,3,6,50,4,1,1,5,4,6,6,4,4,10,5,5,2,16,3,10,3,1,B03,7,6,1,8,2,4,,48,48,1,12,4,120.637471,24.140362,2
6253,66000,387130000C,(04)23274275,(04)23288582,2025,8,17,8,38,臺中市,西區,0,0,0,7,,,50,,,,,,,,,,,,,,,,,,,B03,,,1,,1,,,84,84,1,12,4,120.675763,24.138754,3
6254,66000,387130000C,(04)23274275,(04)23288582,2025,8,17,8,45,臺中市,豐原區,0,0,0,7,,,50,,,,,,,,,,,,,,12,,,,,B03,,,1,,2,,,8,8,1,12,4,120.718883,24.24804,4
6255,66000,387130000C,(04)23274275,(04)23288582,2025,8,17,8,48,臺中市,東區,0,0,0,7,,,30,,,,,,,,,,,,,,17,,,,,B03,,,1,,1,,,50,50,1,6,4,120.706605,24.14669,3
6256,66000,387130000C,(04)23274275,(04)23288582,2025,8,17,8,57,臺中市,潭子區,0,2,0,7,2,6,50,3,1,1,5,4,6,6,4,4,10,5,5,2,16,2,9,1,1,C03,7,6,1,10,3,14,,48,48,1,13,4,120.678039,24.214741,2
6257,66000,387130000C,(04)23274275,(04)23288582,2025,8,17,9,3,臺中市,西屯區,0,1,0,7,2,6,50,13,9,1,5,4,6,6,4,4,10,5,5,2,20,2,9,5,4,B03,7,9,1,8,6,1,,59,59,1,13,4,120.620455,24.19781,2
6258,66000,387130000C,(04)23274275,(04)23288582,2025,8,17,9,4,臺中市,南區,0,0,0,7,,,50,,,,,,,,,,,,,,,,,,,B01,,,1,,1,,,7,7,1,13,4,120.6685,24.129403,3
6259,66000,387130000C,(04)23274275,(04)23288582,2025,8,17,9,11,臺中市,沙鹿區,0,0,0,7,,,60,,,,,,,,,,,,,,,,,,,B03,,,1,,2,,,40,40,1,13,4,120.573297,24.230929,3
6260,66000,387130000C,(04)23274275,(04)23288582,2025,8,17,9,12,臺中市,外埔區,0,1,0,7,2,6,40,11,9,1,5,4,6,6,4,4,10,5,5,1,11,3,10,3,1,B03,7,9,1,8,2,4,,41,41,1,12,4,120.646692,24.354093,2
6261,66000,387130000C,(04)23274275,(04)23288582,2025,8,17,9,17,臺中市,新社區,0,1,0,7,2,6,50,4,1,1,5,4,6,6,4,4,10,5,5,2,13,2,9,1,1,C03,7,9,1,10,2,11,,84,84,1,12,4,120.808318,24.24424,2
6262,66000,387130000C,(04)23274275,(04)23288582,2025,8,17,9,20,臺中市,西屯區,0,2,0,7,2,6,50,3,3,1,5,4,6,6,2,1,1,4,5,2,12,2,7,5,4,C03,7,9,1,10,2,12,,59,59,1,12,4,120.658904,24.17134,2
6263,66000,387130000C,(04)23274275,(04)23288582,2025,8,17,9,24,臺中市,外埔區,0,2,0,7,2,6,50,3,1,1,5,4,6,6,4,4,4,4,4,1,16,3,10,3,1,B03,7,6,1,8,2,2,,14,14,1,12,4,120.63794,24.342317,2
6264,66000,387130000C,(04)23274275,(04)23288582,2025,8,17,9,29,臺中市,大里區,0,1,0,7,3,6,50,13,7,1,5,4,6,6,4,4,5,4,4,1,16,2,9,5,4,C03,7,9,1,10,2,11,,20,20,1,13,4,120.688055,24.11039,2
6265,66000,387130000C,(04)23274275,(04)23288582,2025,8,17,9,29,臺中市,外埔區,0,1,0,7,2,6,50,5,2,1,5,4,6,6,4,4,1,2,4,2,12,2,9,1,1,C03,7,8,3,19,2,14,,40,40,1,12,4,120.639916,24.340923,2
6266,66000,387130000C,(04)23274275,(04)23288582,2025,8,17,9,30,臺中市,潭子區,0,0,0,7,,,40,,,,,,,,,,,,,,13,,,,,B03,,,1,,2,,,84,84,1,12,4,120.718981,24.229072,3
6267,66000,387130000C,(04)23274275,(04)23288582,2025,8,17,9,30,臺中市,霧峰區,0,0,0,7,,,50,,,,,,,,,,,,,,13,,,,,B03,,,1,,2,,,56,56,1,13,4,120.662584,24.059859,3
6268,66000,387130000C,(04)23274275,(04)23288582,2025,8,17,9,37,臺中市,龍井區,0,1,0,7,3,6,50,13,9,1,5,4,6,6,4,4,7,4,5,1,12,2,9,1,1,C03,7,1,5,19,2,14,,20,20,1,12,4,120.530786,24.180047,2
6269,66000,387130000C,(04)23274275,(04)23288582,2025,8,17,9,40,臺中市,太平區,0,0,0,7,,,30,,,,,,,,,,,,,,,,,,,B03,,,1,,2,,,49,49,1,12,4,120.708977,24.15028,3
6270,66000,387130000C,(04)23274275,(04)23288582,2025,8,17,9,43,臺中市,南屯區,0,0,0,7,,,50,,,,,,,,,,,,,,,,,,,B03,,,1,,9,,,59,59,1,6,4,120.639036,24.140079,3
6271,66000,387130000C,(04)23274275,(04)23288582,2025,8,17,9,45,臺中市,潭子區,0,1,0,7,2,6,50,13,14,1,5,4,6,6,4,4,5,5,4,2,17,2,9,1,1,C03,7,9,1,10,2,11,,84,84,1,13,4,120.692298,24.22111,2
6272,66000,387130000C,(04)23274275,(04)23288582,2025,8,17,9,45,臺中市,沙鹿區,0,0,0,7,,,50,,,,,,,,,,,,,,14,,,,,B03,,,1,,1,,,49,49,1,12,4,120.560521,24.243766,4
6273,66000,387130000C,(04)23274275,(04)23288582,2025,8,17,9,47,臺中市,太平區,0,1,0,7,2,6,50,4,1,1,5,4,6,6,2,1,10,5,5,2,15,3,10,1,1,C03,7,9,1,10,2,12,,84,84,1,12,2,120.710124,24.134772,2
6274,66000,387130000C,(04)23274275,(04)23288582,2025,8,17,9,57,臺中市,南區,0,2,0,7,1,6,50,13,7,1,5,4,6,6,4,4,1,4,4,2,13,2,9,5,4,C03,7,9,1,10,2,11,,7,7,1,13,4,120.651989,24.119015,2
6275,66000,387130000C,(04)23274275,(04)23288582,2025,8,17,9,57,臺中市,豐原區,0,1,0,7,2,6,50,4,1,1,5,4,6,6,4,4,5,4,4,2,17,3,10,5,4,B03,7,1,1,8,2,1,,39,39,1,12,4,120.705603,24.253411,2
6276,66000,387130000C,(04)23274275,(04)23288582,2025,8,17,10,1,臺中市,烏日區,0,1,0,7,2,6,30,3,2,1,5,4,6,6,4,4,10,5,4,1,14,3,10,5,4,B02,7,2,1,4,2,6,,49,49,1,12,4,120.611732,24.11713,2
6277,66000,387130000C,(04)23274275,(04)23288582,2025,8,17,10,10,臺中市,北屯區,0,2,0,7,3,6,50,4,1,1,5,4,6,6,1,1,1,5,5,2,13,2,9,2,1,C03,7,9,1,10,1,11,,7,7,1,6,4,120.715149,24.164191,2
6278,66000,387130000C,(04)23274275,(04)23288582,2025,8,17,10,10,臺中市,烏日區,0,0,0,7,,,50,,,,,,,,,,,,,,9,,,,,F03,,,7,,2,,,51,51,1,6,4,120.638579,24.106502,3
6279,66000,387130000C,(04)23274275,(04)23288582,2025,8,17,10,10,臺中市,沙鹿區,0,2,0,7,2,6,30,13,9,1,5,4,6,6,4,4,10,5,5,2,11,2,9,1,1,C03,7,9,1,10,2,14,,8,8,1,5,4,120.597706,24.220908,2
6280,66000,387130000C,(04)23274275,(04)23288582,2025,8,17,10,11,臺中市,潭子區,0,2,0,7,2,6,60,13,8,1,5,4,6,6,4,4,1,4,4,1,12,2,9,2,1,C03,7,4,3,19,2,12,,8,8,1,12,4,120.702632,24.188884,2
6281,66000,387130000C,(04)23274275,(04)23288582,2025,8,17,10,20,臺中市,清水區,0,1,0,7,3,6,30,3,2,1,5,4,6,6,4,4,10,5,5,2,18,2,9,2,1,C03,7,5,1,10,2,12,,84,84,1,12,4,120.595052,24.268612,2
6282,66000,387130000C,(04)23274275,(04)23288582,2025,8,17,10,22,臺中市,大里區,0,1,0,7,2,6,50,4,1,1,5,4,6,6,2,1,5,5,4,1,15,3,10,3,1,B03,7,9,1,8,2,1,,21,21,1,6,4,120.676194,24.101691,2
6283,66000,387130000C,(04)23274275,(04)23288582,2025,8,17,10,25,臺中市,大甲區,0,0,0,7,,,40,,,,,,,,,,,,,,,,,,,B03,,,1,,1,,,51,51,2,12,4,120.627259,24.345823,3
6284,66000,387130000C,(04)23274275,(04)23288582,2025,8,17,10,30,臺中市,龍井區,0,0,0,7,,,70,,,,,,,,,,,,,,,,,,,B03,,,1,,2,,,7,7,1,12,4,120.536555,24.193983,3
6285,66000,387130000C,(04)23274275,(04)23288582,2025,8,17,10,36,臺中市,西區,0,0,0,7,,,0,,,,,,,,,,,,,,,,,,,C03,,,1,,1,,,78,78,1,12,4,120.658711,24.145306,3
6286,66000,387130000C,(04)23274275,(04)23288582,2025,8,17,10,40,臺中市,神岡區,0,1,0,7,2,6,15,13,13,1,5,4,6,6,4,4,9,5,5,2,18,2,9,5,1,F01,7,4,7,21,2,11,,84,84,1,6,4,120.645729,24.254886,2
6287,66000,387130000C,(04)23274275,(04)23288582,2025,8,17,10,41,臺中市,東區,0,1,0,7,3,6,50,4,1,1,5,4,5,5,4,4,5,4,4,2,17,3,10,3,1,B03,7,6,1,8,2,2,,14,14,1,13,4,120.699198,24.138891,2
6288,66000,387130000C,(04)23274275,(04)23288582,2025,8,17,10,52,臺中市,西屯區,0,1,0,7,2,6,50,13,9,1,5,4,6,6,2,1,5,4,5,2,13,3,10,5,4,B03,7,9,1,8,2,1,,59,59,1,12,4,120.604861,24.187762,2
6289,66000,387130000C,(04)23274275,(04)23288582,2025,8,17,10,53,臺中市,西屯區,0,1,0,7,2,6,40,13,8,1,5,4,6,6,4,4,1,4,1,2,16,3,10,5,4,B03,7,8,1,8,1,8,,40,40,1,13,4,120.641048,24.167041,2
6290,66000,387130000C,(04)23274275,(04)23288582,2025,8,17,10,54,臺中市,北區,0,1,0,7,2,6,40,13,8,1,5,4,6,6,4,4,3,4,4,2,17,3,10,3,1,B03,7,7,1,8,2,5,,40,40,1,12,4,120.672339,24.170855,2
6291,66000,387130000C,(04)23274275,(04)23288582,2025,8,17,10,54,臺中市,北屯區,0,1,0,7,2,6,50,4,1,1,5,4,6,6,1,1,10,5,5,2,17,3,10,3,1,B03,7,5,5,19,11,6,,47,47,1,12,4,120.678356,24.184126,2
6292,66000,387130000C,(04)23274275,(04)23288582,2025,8,17,10,55,臺中市,南區,0,1,0,7,2,6,50,5,1,1,5,4,6,6,1,1,10,5,5,2,17,3,10,2,1,C03,7,7,1,10,2,12,,40,40,1,5,4,120.663379,24.125384,2
6293,66000,387130000C,(04)23274275,(04)23288582,2025,8,17,10,58,臺中市,南屯區,0,0,0,7,,,50,,,,,,,,,,,,,,,,,,,C03,,,1,,1,,,7,7,1,13,4,120.642273,24.138522,3
6294,66000,387130000C,(04)23274275,(04)23288582,2025,8,17,10,59,臺中市,大里區,0,2,0,7,2,6,50,13,8,1,5,4,6,6,4,4,1,4,1,1,13,2,9,1,1,C03,7,9,1,10,2,11,,84,84,1,12,4,120.664137,24.079764,2
6295,66000,387130000C,(04)23274275,(04)23288582,2025,8,17,11,9,臺中市,東區,0,0,0,7,,,50,,,,,,,,,,,,,,,,,,,B03,,,1,,1,,,59,59,1,13,4,120.706049,24.144484,3
6296,66000,387130000C,(04)23274275,(04)23288582,2025,8,17,11,11,臺中市,北屯區,0,0,0,7,,,30,,,,,,,,,,,,,,,,,,,B03,,,1,,2,,,8,8,1,6,4,120.669433,24.178616,3
6297,66000,387130000C,(04)23274275,(04)23288582,2025,8,17,11,16,臺中市,梧棲區,0,0,0,7,,,50,,,,,,,,,,,,,,14,,,,,B12,,,1,,2,,,84,84,1,6,4,120.537591,24.245252,3
6298,66000,387130000C,(04)23274275,(04)23288582,2025,8,17,11,21,臺中市,西屯區,0,2,0,7,1,6,30,4,1,1,5,4,6,6,4,4,10,5,5,2,15,2,9,1,1,C03,7,9,1,10,2,14,,12,12,1,12,4,120.644169,24.180403,2
6299,66000,387130000C,(04)23274275,(04)23288582,2025,8,17,11,22,臺中市,西區,0,0,0,7,,,50,,,,,,,,,,,,,,,,,,,C02,,,1,9,1,,,85,85,1,13,4,120.657262,24.140026,3
6300,66000,387130000C,(04)23274275,(04)23288582,2025,8,17,11,23,臺中市,北屯區,0,0,0,7,,,50,,,,,,,,,,,,,,17,,,,,B03,,,1,,1,,,50,50,1,12,4,120.703555,24.169441,3
6301,66000,387130000C,(04)23274275,(04)23288582,2025,8,17,11,29,臺中市,北屯區,0,0,0,7,,,50,,,,,,,,,,,,,,13,,,,,C03,,,1,,2,,,7,7,1,12,4,120.71896,24.174885,4
6302,66000,387130000C,(04)23274275,(04)23288582,2025,8,17,11,30,臺中市,南區,0,0,0,7,,,50,,,,,,,,,,,,,,,,,,,B03,,,1,,2,,,8,8,1,13,4,120.653463,24.122717,3
6303,66000,387130000C,(04)23274275,(04)23288582,2025,8,17,11,30,臺中市,北屯區,0,0,0,7,,,50,,,,,,,,,,,,,,9,,,,,B03,,,1,,1,,,51,51,1,6,4,120.722731,24.167264,3
6304,66000,387130000C,(04)23274275,(04)23288582,2025,8,17,11,33,臺中市,北區,0,0,0,7,,,50,,,,,,,,,,,,,,13,,,,,B03,,,1,,2,,,7,7,1,12,4,120.668905,24.154844,3
6305,66000,387130000C,(04)23274275,(04)23288582,2025,8,17,11,35,臺中市,沙鹿區,0,1,0,7,2,6,50,5,9,1,5,4,6,6,1,1,1,3,4,2,15,3,10,3,1,B03,7,9,5,19,2,1,,21,21,1,12,4,120.553024,24.217214,2
6306,66000,387130000C,(04)23274275,(04)23288582,2025,8,17,11,45,臺中市,清水區,0,1,0,7,3,6,50,5,1,1,5,4,6,6,1,1,1,4,5,1,12,2,9,2,1,C03,7,8,1,10,2,12,,7,7,1,12,4,120.572297,24.263818,2
6307,66000,387130000C,(04)23274275,(04)23288582,2025,8,17,11,48,臺中市,大里區,0,3,0,7,3,6,50,4,1,1,5,4,6,6,1,1,5,4,5,1,16,2,9,5,4,C03,7,5,1,10,2,11,,20,20,1,13,4,120.700992,24.102708,2
6308,66000,387130000C,(04)23274275,(04)23288582,2025,8,17,11,50,臺中市,烏日區,0,0,0,7,,,50,,,,,,,,,,,,,,,,,,,C03,,,1,,1,,,49,49,1,13,4,120.63867,24.104765,3
6309,66000,387130000C,(04)23274275,(04)23288582,2025,8,17,11,57,臺中市,北屯區,0,0,0,7,,,50,,,,,,,,,,,,,,13,,,,,B03,,,1,,1,,,59,59,1,12,4,120.699599,24.1648,3
6310,66000,387130000C,(04)23274275,(04)23288582,2025,8,17,11,57,臺中市,神岡區,0,0,0,7,,,50,,,,,,,,,,,,,,14,,,,,B03,,,1,,2,,,49,49,1,12,4,120.68386,24.246802,4
6311,66000,387130000C,(04)23274275,(04)23288582,2025,8,17,12,0,臺中市,大里區,0,0,0,7,,,50,,,,,,,,,,,,,,12,,,,,B03,,,1,,2,,,8,8,1,6,4,120.6782,24.109477,3
6312,66000,387130000C,(04)23274275,(04)23288582,2025,8,17,12,1,臺中市,南屯區,0,0,0,7,,,50,,,,,,,,,,,,,,14,,,,,B03,,,1,,2,,,49,49,1,13,4,120.651659,24.134328,3
6313,66000,387130000C,(04)23274275,(04)23288582,2025,8,17,12,4,臺中市,沙鹿區,0,1,0,7,2,6,30,4,1,1,5,4,6,6,4,4,10,5,5,2,15,2,9,1,1,C03,7,9,1,10,2,12,,12,12,1,12,4,120.569522,24.230333,2
6314,66000,387130000C,(04)23274275,(04)23288582,2025,8,17,12,7,臺中市,中區,0,0,0,7,3,6,50,13,2,1,5,4,6,6,4,4,5,2,5,2,13,3,10,3,1,B03,7,9,3,19,2,5,,84,84,1,6,4,120.683607,24.141328,3
6315,66000,387130000C,(04)23274275,(04)23288582,2025,8,17,12,7,臺中市,西屯區,0,0,0,7,,,50,,,,,,,,,,,,,,17,,,,,B03,,,1,,2,,,50,50,1,12,4,120.658356,24.16833,3
6316,66000,387130000C,(04)23274275,(04)23288582,2025,8,17,12,8,臺中市,霧峰區,0,0,0,7,,,60,,,,,,,,,,,,,,13,,,,,B03,,,1,,1,,,59,59,1,13,4,120.696227,24.054533,3
6317,66000,387130000C,(04)23274275,(04)23288582,2025,8,17,12,9,臺中市,北屯區,0,0,0,7,,,50,,,,,,,,,,,,,,,,,,,B02,,,1,,1,,,39,39,1,6,4,120.67622,24.201272,3
6318,66000,387130000C,(04)23274275,(04)23288582,2025,8,17,12,10,臺中市,北屯區,0,1,0,7,2,6,50,4,1,1,5,4,6,6,2,1,5,5,4,2,13,3,10,2,1,C03,7,9,1,10,2,11,,59,59,1,12,4,120.711109,24.180117,2
6319,66000,387130000C,(04)23274275,(04)23288582,2025,8,17,12,10,臺中市,沙鹿區,0,0,0,7,,,40,,,,,,,,,,,,,,17,,,,,B03,,,1,,9,,,85,85,1,12,4,120.57023,24.237355,3
6320,66000,387130000C,(04)23274275,(04)23288582,2025,8,17,12,24,臺中市,烏日區,0,2,0,7,2,6,60,4,2,1,5,4,6,6,2,1,10,5,5,2,13,2,9,1,1,C03,7,9,1,10,2,11,,7,7,1,5,4,120.613603,24.106685,2
6321,66000,387130000C,(04)23274275,(04)23288582,2025,8,17,12,27,臺中市,東區,0,0,0,7,,,50,,,,,,,,,,,,,,,,,,,B03,,,1,,1,,,7,7,1,12,4,120.693024,24.134762,3
6322,66000,387130000C,(04)23274275,(04)23288582,2025,8,17,12,32,臺中市,西區,0,0,0,7,,,50,,,,,,,,,,,,,,,,,,,B03,,,1,,1,,,84,84,1,12,4,120.668365,24.129905,3
6323,66000,387130000C,(04)23274275,(04)23288582,2025,8,17,12,37,臺中市,西屯區,0,0,0,7,,,50,,,,,,,,,,,,,,14,,,,,B03,,,1,,2,,,49,49,1,12,4,120.63782,24.180582,3
6324,66000,387130000C,(04)23274275,(04)23288582,2025,8,17,12,41,臺中市,北屯區,0,3,0,7,3,6,50,4,1,1,5,4,6,6,1,1,10,5,5,2,15,2,9,2,1,C03,7,9,3,19,2,14,,21,21,1,6,4,120.689327,24.201289,2
6325,66000,387130000C,(04)23274275,(04)23288582,2025,8,17,12,42,臺中市,大里區,0,0,0,7,,,50,,,,,,,,,,,,,,14,,,,,B03,,,1,,2,,,49,49,1,13,4,120.682325,24.107978,3
6326,66000,387130000C,(04)23274275,(04)23288582,2025,8,17,12,45,臺中市,南屯區,0,0,0,7,3,6,50,13,9,1,5,4,6,6,1,1,1,2,1,2,11,,,,,B03,,,1,,1,,,25,25,1,12,4,120.623171,24.140214,3
6327,66000,387130000C,(04)23274275,(04)23288582,2025,8,17,12,51,臺中市,北屯區,0,1,0,7,2,6,50,13,9,1,5,4,6,6,4,4,9,5,5,2,17,2,9,1,1,C03,7,9,1,10,2,14,,59,59,1,12,4,120.684562,24.170313,2
6328,66000,387130000C,(04)23274275,(04)23288582,2025,8,17,12,58,臺中市,大甲區,0,1,0,7,2,6,50,13,9,1,5,4,6,3,4,4,9,5,5,1,16,2,8,2,1,C03,7,1,3,19,2,14,,51,51,1,6,4,120.619068,24.339711,2
6329,66000,387130000C,(04)23274275,(04)23288582,2025,8,17,13,1,臺中市,北區,0,0,0,7,,,50,,,,,,,,,,,,,,17,,,,,,,,,,,,,119,119,1,,,120.670677,24.162474,3
6330,66000,387130000C,(04)23274275,(04)23288582,2025,8,17,13,3,臺中市,梧棲區,0,0,0,7,,,60,,,,,,,,,,,,,,12,,,,,B03,,,1,,2,,,47,47,1,12,4,120.53706,24.252385,3
6331,66000,387130000C,(04)23274275,(04)23288582,2025,8,17,13,4,臺中市,烏日區,0,0,0,7,,,50,,,,,,,,,,,,,,12,,,,,B03,,,1,,1,,,26,26,1,6,4,120.614285,24.106782,3
6332,66000,387130000C,(04)23274275,(04)23288582,2025,8,17,13,10,臺中市,北屯區,0,1,0,7,2,6,50,4,1,1,5,4,6,6,2,1,10,5,5,2,16,3,10,3,1,B03,7,5,1,8,2,5,,84,84,1,6,4,120.685976,24.180221,2
6333,66000,387130000C,(04)23274275,(04)23288582,2025,8,17,13,10,臺中市,太平區,0,0,0,7,,,30,,,,,,,,,,,,,,,,,,,B03,,,1,,2,,,49,49,1,12,4,120.730955,24.154827,3