序號,縣市別代碼,機關代碼,市話,傳真,年,月,日,時,分,縣市,區,死亡數量,受傷數量,2-30,天候,道路照明設備,道路類別,道路速限,道路型態,事故位置,路面鋪裝,路面狀態,路面缺陷,障礙物,視距,號誌種類,號誌動作,分向設施,快車道或一般車道間,快慢車道間,路面邊線,事故類型及型態,受傷程度,主要傷處,保護裝備,行動電話或功能裝置,當事者區分(類別),車輛用途,當事者行動狀態,駕照狀態,駕照種類,飲酒情形,車輛撞擊部位最初,車輛撞擊部位其他,肇事因素個別,肇事因素主要,肇事逃逸,職業,共享經濟或外送平台,GPS座標X,GPS座標Y,事故類別
6334,66000,387130000C,(04)23274275,(04)23288582,2025,8,17,13,13,臺中市,南區,0,1,0,7,3,6,50,13,9,1,5,4,6,6,4,4,1,4,5,2,17,2,8,2,1,C04,7,14,1,10,2,16,,85,85,1,13,4,120.671594,24.127782,2
6335,66000,387130000C,(04)23274275,(04)23288582,2025,8,17,13,14,臺中市,西屯區,0,0,0,7,,,50,,,,,,,,,,,,,,13,,,,,B03,,,1,,1,,,59,59,1,12,4,120.653133,24.167213,3
6336,66000,387130000C,(04)23274275,(04)23288582,2025,8,17,13,15,臺中市,大肚區,0,0,0,7,,,30,,,,,,,,,,,,,,,,,,,A42,,,1,,2,,,87,87,1,6,4,120.566323,24.113278,3
6337,66000,387130000C,(04)23274275,(04)23288582,2025,8,17,13,31,臺中市,東區,0,3,0,7,1,6,30,4,1,1,5,4,6,6,4,4,10,5,5,2,15,2,9,5,4,C03,7,9,1,9,2,11,,15,15,1,13,4,120.695317,24.145549,2
6338,66000,387130000C,(04)23274275,(04)23288582,2025,8,17,13,33,臺中市,潭子區,0,0,0,7,,,30,,,,,,,,,,,,,,,,,,,,,,,,,,,86,86,1,,,120.695804,24.225653,3
6339,66000,387130000C,(04)23274275,(04)23288582,2025,8,17,13,45,臺中市,西屯區,0,2,0,5,1,6,50,4,1,1,4,4,6,6,4,4,10,5,5,2,18,2,9,1,1,C03,7,9,1,10,2,14,,59,59,1,12,4,120.646543,24.171315,2
6340,66000,387130000C,(04)23274275,(04)23288582,2025,8,17,13,46,臺中市,南屯區,0,0,0,7,,,50,,,,,,,,,,,,,,,,,,,C03,,,1,,9,,,59,59,1,6,4,120.648891,24.136026,4
6341,66000,387130000C,(04)23274275,(04)23288582,2025,8,17,13,50,臺中市,大肚區,0,1,0,7,2,6,40,13,8,1,5,4,6,6,4,4,1,4,4,1,18,2,9,1,1,F03,7,9,7,21,8,14,,84,84,1,6,4,120.559925,24.237877,2
6342,66000,387130000C,(04)23274275,(04)23288582,2025,8,17,13,55,臺中市,大甲區,0,1,0,7,3,6,30,13,9,1,5,4,6,6,4,4,10,5,5,2,17,2,9,1,1,C03,7,9,1,10,2,14,,59,59,1,6,4,120.646255,24.406459,2
6343,66000,387130000C,(04)23274275,(04)23288582,2025,8,17,13,57,臺中市,北屯區,0,0,0,7,,,50,,,,,,,,,,,,,,17,,,,,B02,,,1,,1,,,59,59,1,12,4,120.69894,24.185126,3
6344,66000,387130000C,(04)23274275,(04)23288582,2025,8,17,14,0,臺中市,烏日區,0,0,0,7,,,40,,,,,,,,,,,,,,9,,,,,C03,,,1,,2,,,50,50,1,6,4,120.613585,24.106343,3
6345,66000,387130000C,(04)23274275,(04)23288582,2025,8,17,14,4,臺中市,北區,0,0,0,7,,,30,,,,,,,,,,,,,,14,,,,,B03,,,1,,9,,,49,49,1,13,4,120.685587,24.15513,3
6346,66000,387130000C,(04)23274275,(04)23288582,2025,8,17,14,8,臺中市,大里區,0,0,0,7,,,50,,,,,,,,,,,,,,12,,,,,B03,,,3,,2,,,51,51,1,6,4,120.695172,24.099542,3
6347,66000,387130000C,(04)23274275,(04)23288582,2025,8,17,14,12,臺中市,南屯區,0,0,0,7,,,30,,,,,,,,,,,,,,13,,,,,B03,,,1,,1,,,7,7,1,12,4,120.636218,24.152796,3
6348,66000,387130000C,(04)23274275,(04)23288582,2025,8,17,14,20,臺中市,豐原區,0,0,0,7,,,50,,,,,,,,,,,,,,13,,,,,B03,,,1,,2,,,55,55,1,12,4,120.74483,24.265058,4
6349,66000,387130000C,(04)23274275,(04)23288582,2025,8,17,14,24,臺中市,大甲區,0,1,0,7,2,6,50,3,9,1,5,4,6,6,4,4,5,5,5,1,13,2,9,2,1,C03,7,9,1,10,2,11,,7,7,1,6,4,120.619528,24.341415,2
6350,66000,387130000C,(04)23274275,(04)23288582,2025,8,17,14,25,臺中市,大肚區,0,0,0,7,,,50,,,,,,,,,,,,,,13,,,,,B12,,,1,,2,,,84,84,1,6,4,120.548974,24.152105,3
6351,66000,387130000C,(04)23274275,(04)23288582,2025,8,17,14,28,臺中市,西區,0,0,0,7,,,50,,,,,,,,,,,,,,16,,,,,B03,,,1,,2,,,84,84,1,13,4,120.669806,24.146727,3
6352,66000,387130000C,(04)23274275,(04)23288582,2025,8,17,14,35,臺中市,豐原區,0,1,0,7,2,6,50,4,1,1,5,4,6,6,2,1,5,4,4,2,16,3,10,3,1,B03,7,5,1,8,2,5,,47,47,1,12,4,120.706859,24.24395,2
6353,66000,387130000C,(04)23274275,(04)23288582,2025,8,17,14,36,臺中市,豐原區,0,0,0,7,2,6,50,11,9,1,5,4,6,6,4,4,10,5,5,2,17,3,10,3,1,B03,7,5,1,8,2,1,,84,84,1,12,4,120.737084,24.233861,3
6354,66000,387130000C,(04)23274275,(04)23288582,2025,8,17,14,51,臺中市,西屯區,0,3,0,7,2,6,50,13,9,1,5,4,6,6,4,4,1,4,5,2,17,2,2,3,1,B03,7,1,1,8,2,8,,51,51,1,12,4,120.655519,24.168719,2
6355,66000,387130000C,(04)23274275,(04)23288582,2025,8,17,14,53,臺中市,西區,0,0,0,7,,,30,,,,,,,,,,,,,,,,,,,B03,,,1,,2,,,59,59,1,12,4,120.662433,24.152244,3
6356,66000,387130000C,(04)23274275,(04)23288582,2025,8,17,14,55,臺中市,南區,0,1,0,6,3,6,50,3,1,1,5,4,6,6,1,1,1,2,5,2,12,2,9,2,1,C03,7,6,1,10,2,14,,48,48,1,6,4,120.670023,24.120585,2
6357,66000,387130000C,(04)23274275,(04)23288582,2025,8,17,14,59,臺中市,中區,0,0,0,7,,,50,,,,,,,,,,,,,,35,,,,,B01,,,1,4,1,,,84,84,1,13,4,120.684478,24.138846,3
6358,66000,387130000C,(04)23274275,(04)23288582,2025,8,17,15,0,臺中市,東區,0,0,0,7,,,50,,,,,,,,,,,,,,12,,,,,C03,,,1,,1,,,51,51,1,13,4,120.684985,24.134776,3
6359,66000,387130000C,(04)23274275,(04)23288582,2025,8,17,15,9,臺中市,潭子區,0,1,0,7,3,6,30,13,9,1,5,4,6,6,4,4,10,5,5,2,17,3,10,3,1,B03,7,1,1,8,2,1,,51,51,1,13,4,120.701738,24.191578,2
6360,66000,387130000C,(04)23274275,(04)23288582,2025,8,17,15,10,臺中市,東區,0,0,0,7,,,50,,,,,,,,,,,,,,17,,,,,B03,,,1,,2,,,50,50,1,13,4,120.692459,24.147362,3
6361,66000,387130000C,(04)23274275,(04)23288582,2025,8,17,15,15,臺中市,北屯區,0,1,0,7,2,6,50,13,7,1,5,4,6,6,4,4,5,5,4,2,17,3,10,3,1,B03,7,1,1,8,2,8,,51,51,1,12,4,120.673753,24.181658,2
6362,66000,387130000C,(04)23274275,(04)23288582,2025,8,17,15,17,臺中市,中區,0,0,0,7,3,6,50,3,2,1,5,4,6,6,4,4,10,4,5,2,14,3,10,3,1,B03,7,2,1,8,2,8,,49,49,1,6,4,120.684268,24.13982,3
6363,66000,387130000C,(04)23274275,(04)23288582,2025,8,17,15,17,臺中市,南屯區,0,0,0,7,,,50,,,,,,,,,,,,,,13,,,,,B03,,,1,,1,,,7,7,1,12,4,120.646616,24.137364,3
6364,66000,387130000C,(04)23274275,(04)23288582,2025,8,17,15,20,臺中市,西區,0,0,0,7,,,50,,,,,,,,,,,,,,,,,,,C03,,,1,,1,,,84,84,1,12,4,120.669373,24.138795,3
6365,66000,387130000C,(04)23274275,(04)23288582,2025,8,17,15,21,臺中市,霧峰區,0,1,0,7,2,6,50,18,24,1,5,4,6,6,4,4,5,5,5,2,17,3,10,5,4,B03,7,15,1,8,2,4,,85,85,1,13,4,120.67288,24.064238,2
6366,66000,387130000C,(04)23274275,(04)23288582,2025,8,17,15,24,臺中市,南區,0,2,0,7,2,6,50,4,1,1,5,4,6,6,2,1,10,5,5,2,17,2,9,2,1,C03,7,15,1,10,2,12,,84,84,1,12,4,120.679406,24.123783,2
6367,66000,387130000C,(04)23274275,(04)23288582,2025,8,17,15,27,臺中市,中區,0,3,0,7,2,6,50,4,2,1,5,4,6,6,2,1,5,5,5,1,16,2,9,2,1,C03,7,4,1,10,2,12,,4,4,1,13,4,120.676921,24.141923,2
6368,66000,387130000C,(04)23274275,(04)23288582,2025,8,17,15,27,臺中市,大里區,0,0,0,7,,,50,,,,,,,,,,,,,,17,,,,,B03,,,1,,2,,,7,7,1,6,4,120.69038,24.092627,3
6369,66000,387130000C,(04)23274275,(04)23288582,2025,8,17,15,29,臺中市,外埔區,0,0,0,7,2,6,70,13,7,1,5,4,6,6,4,4,1,4,4,2,13,3,10,3,1,B03,7,14,1,8,2,8,,7,7,1,12,4,120.639933,24.340863,3
6370,66000,387130000C,(04)23274275,(04)23288582,2025,8,17,15,38,臺中市,北屯區,0,0,0,7,,,50,,,,,,,,,,,,,,13,,,,,B03,,,1,,1,,,59,59,1,12,4,120.718764,24.161356,3
6371,66000,387130000C,(04)23274275,(04)23288582,2025,8,17,15,40,臺中市,南屯區,0,1,0,7,2,6,40,13,8,1,5,4,6,6,4,4,9,4,4,2,18,2,9,1,1,F01,7,9,7,21,2,12,,84,84,1,12,4,120.602639,24.139284,2
6372,66000,387130000C,(04)23274275,(04)23288582,2025,8,17,15,41,臺中市,北區,0,0,0,7,,,50,,,,,,,,,,,,,,17,,,,,B03,,,1,,1,,,7,7,1,13,4,120.685259,24.159417,3
6373,66000,387130000C,(04)23274275,(04)23288582,2025,8,17,15,51,臺中市,霧峰區,0,1,0,7,3,6,30,11,9,1,5,4,6,6,4,4,10,5,5,1,18,2,9,1,1,C03,7,9,1,10,2,12,11,84,84,1,12,4,120.673343,24.037185,2
6374,66000,387130000C,(04)23274275,(04)23288582,2025,8,17,15,55,臺中市,西屯區,0,0,0,7,,,50,,,,,,,,,,,,,,13,,,,,B02,,,1,,1,,,59,59,1,12,4,120.631865,24.170688,3
6375,66000,387130000C,(04)23274275,(04)23288582,2025,8,17,15,56,臺中市,南屯區,0,2,0,7,2,6,50,13,9,1,5,4,6,6,4,4,10,5,5,2,13,2,9,1,1,C03,7,9,1,10,2,11,,7,7,1,6,4,120.613323,24.150713,2
6376,66000,387130000C,(04)23274275,(04)23288582,2025,8,17,15,57,臺中市,南屯區,0,0,0,7,,,50,,,,,,,,,,,,,,13,,,,,B03,,,1,,1,,,7,7,1,12,4,120.635711,24.143383,3
6377,66000,387130000C,(04)23274275,(04)23288582,2025,8,17,16,9,臺中市,烏日區,0,1,0,7,2,6,60,13,8,1,5,4,6,6,4,4,1,4,4,1,12,3,10,3,1,A04,7,7,1,2,2,2,,40,40,1,6,4,120.633576,24.106266,2
6378,66000,387130000C,(04)23274275,(04)23288582,2025,8,17,16,10,臺中市,西區,0,1,0,7,2,6,50,4,2,1,5,4,6,6,1,1,5,5,5,2,18,2,9,1,1,C03,7,9,1,10,2,12,,59,59,1,12,4,120.671925,24.151291,2
6379,66000,387130000C,(04)23274275,(04)23288582,2025,8,17,16,12,臺中市,龍井區,0,1,0,7,1,6,50,3,1,1,5,4,6,6,4,4,10,5,5,2,18,2,9,1,1,C03,7,9,1,10,2,11,,6,6,1,6,4,120.579258,24.18384,2
6380,66000,387130000C,(04)23274275,(04)23288582,2025,8,17,16,13,臺中市,南區,0,1,0,7,3,6,50,4,1,1,5,4,6,6,4,4,10,5,5,2,15,2,9,2,1,C03,7,9,1,10,2,11,,12,12,1,12,4,120.675096,24.129124,2
6381,66000,387130000C,(04)23274275,(04)23288582,2025,8,17,16,14,臺中市,北區,0,0,0,7,,,50,,,,,,,,,,,,,,12,,,,,B03,,,1,,1,,,58,58,1,13,4,120.684891,24.146079,3
6382,66000,387130000C,(04)23274275,(04)23288582,2025,8,17,16,14,臺中市,后里區,0,0,0,7,2,6,30,13,9,1,5,4,6,6,4,4,10,5,5,1,14,3,10,3,1,B13,7,2,1,8,2,6,,49,49,1,12,4,120.71188,24.292821,3
6383,66000,387130000C,(04)23274275,(04)23288582,2025,8,17,16,17,臺中市,中區,0,0,0,7,,,50,,,,,,,,,,,,,,16,,,,,B03,,,1,8,1,,,47,47,1,13,4,120.682212,24.135899,3
6384,66000,387130000C,(04)23274275,(04)23288582,2025,8,17,16,18,臺中市,北屯區,0,0,0,7,,,50,,,,,,,,,,,,,,12,,,,,B03,,,1,,1,,,8,8,1,6,4,120.734979,24.177525,4
6385,66000,387130000C,(04)23274275,(04)23288582,2025,8,17,16,18,臺中市,西屯區,0,0,0,7,,,50,,,,,,,,,,,,,,21,,,,,B03,,,1,,2,,,59,59,1,12,4,120.653735,24.194605,3
6386,66000,387130000C,(04)23274275,(04)23288582,2025,8,17,16,18,臺中市,大里區,0,2,0,7,3,6,60,4,2,1,5,4,6,6,1,1,1,4,4,2,13,2,9,1,1,C03,7,9,1,10,2,11,,7,7,1,13,4,120.669831,24.103636,2
6387,66000,387130000C,(04)23274275,(04)23288582,2025,8,17,16,20,臺中市,清水區,0,0,0,7,,,50,,,,,,,,,,,,,,17,,,,,B03,,,1,,2,,,84,84,1,12,4,120.574663,24.269755,3
6388,66000,387130000C,(04)23274275,(04)23288582,2025,8,17,16,20,臺中市,豐原區,0,0,0,7,,,50,,,,,,,,,,,,,,30,,,,,B12,,,1,,2,,,59,59,1,12,4,120.717922,24.250702,3
6389,66000,387130000C,(04)23274275,(04)23288582,2025,8,17,16,24,臺中市,西屯區,0,0,0,7,,,40,,,,,,,,,,,,,,14,,,,,B03,,,1,,1,,,50,50,1,12,4,120.649986,24.175776,3
6390,66000,387130000C,(04)23274275,(04)23288582,2025,8,17,16,29,臺中市,北區,0,1,0,7,2,6,50,3,1,1,5,4,6,6,1,1,10,5,5,2,16,3,10,3,1,B03,7,6,1,8,2,1,,11,11,1,13,4,120.689085,24.153595,2
6391,66000,387130000C,(04)23274275,(04)23288582,2025,8,17,16,29,臺中市,南屯區,0,0,0,7,,,50,,,,,,,,,,,,,,,,,,,B03,,,1,,1,,,7,7,1,13,4,120.63536,24.146209,3
6392,66000,387130000C,(04)23274275,(04)23288582,2025,8,17,16,29,臺中市,沙鹿區,0,1,0,7,2,6,50,13,9,1,5,4,6,6,4,4,8,3,5,1,18,2,9,5,4,C03,7,9,1,10,11,14,,84,84,1,13,4,120.550705,24.226595,2
6393,66000,387130000C,(04)23274275,(04)23288582,2025,8,17,16,30,臺中市,西屯區,0,0,0,6,,,40,,,,,,,,,,,,,,,,,,,B03,,,1,,1,,,59,59,1,12,4,120.644258,24.195156,3
6394,66000,387130000C,(04)23274275,(04)23288582,2025,8,17,16,32,臺中市,太平區,0,1,0,7,2,6,50,13,7,1,5,4,6,6,4,4,5,2,4,1,13,2,8,1,1,C03,7,9,1,10,2,11,,7,7,1,12,4,120.719435,24.148774,2
6395,66000,387130000C,(04)23274275,(04)23288582,2025,8,17,16,39,臺中市,西區,0,0,0,7,,,40,,,,,,,,,,,,,,,,,,,B01,,,1,,1,,,49,49,1,6,4,120.665847,24.137717,3
6396,66000,387130000C,(04)23274275,(04)23288582,2025,8,17,16,39,臺中市,大甲區,0,4,0,7,2,6,40,3,9,1,5,4,6,6,3,1,6,4,5,1,13,2,9,1,1,C03,7,5,3,19,2,13,,24,24,1,12,4,120.626025,24.3558,2
6397,66000,387130000C,(04)23274275,(04)23288582,2025,8,17,16,41,臺中市,大雅區,0,1,0,7,3,9,30,3,9,1,5,4,6,6,4,4,10,5,5,1,12,3,10,3,1,B03,7,5,1,8,2,2,,84,84,1,13,4,120.632258,24.228074,2
6398,66000,387130000C,(04)23274275,(04)23288582,2025,8,17,16,41,臺中市,大甲區,0,0,0,7,,,50,,,,,,,,,,,,,,,,,,,B03,,,1,,1,,,14,14,1,6,4,120.630177,24.348743,3
6399,66000,387130000C,(04)23274275,(04)23288582,2025,8,17,16,45,臺中市,南屯區,0,1,0,7,2,6,50,4,1,1,5,4,6,6,1,1,9,4,3,2,11,3,10,3,1,B03,7,6,1,8,2,2,,11,11,1,12,4,120.648711,24.15078,2
6400,66000,387130000C,(04)23274275,(04)23288582,2025,8,17,16,46,臺中市,大里區,0,0,0,7,,,50,,,,,,,,,,,,,,17,,,,,,,,,,,,,119,119,1,,,120.694062,24.08941,3
6401,66000,387130000C,(04)23274275,(04)23288582,2025,8,17,16,48,臺中市,潭子區,0,0,0,7,,,50,,,,,,,,,,,,,,,,,,,B03,,,1,,2,,,59,59,1,12,4,120.718719,24.204122,3
6402,66000,387130000C,(04)23274275,(04)23288582,2025,8,17,16,48,臺中市,南區,0,1,0,7,2,9,50,13,8,1,5,4,6,6,4,4,3,4,5,2,13,2,8,1,1,C03,7,9,1,10,2,11,,7,7,1,12,4,120.654299,24.116003,2
6403,66000,387130000C,(04)23274275,(04)23288582,2025,8,17,16,51,臺中市,北屯區,0,0,0,7,,,50,,,,,,,,,,,,,,,,,,,B03,,,1,,1,,,26,26,1,13,4,120.702997,24.18004,3
6404,66000,387130000C,(04)23274275,(04)23288582,2025,8,17,16,53,臺中市,北區,0,1,0,7,2,6,50,5,1,1,5,4,6,6,1,1,1,4,4,2,17,2,9,1,1,C03,7,15,1,10,2,11,,39,39,1,12,4,120.686043,24.154826,2
6405,66000,387130000C,(04)23274275,(04)23288582,2025,8,17,16,58,臺中市,中區,0,1,0,7,1,6,50,13,9,1,5,4,6,6,4,4,5,4,5,1,30,2,9,5,4,C03,7,9,1,10,2,11,,84,84,1,12,4,120.67988,24.137919,2
6406,66000,387130000C,(04)23274275,(04)23288582,2025,8,17,16,59,臺中市,西屯區,0,0,0,7,,,50,,,,,,,,,,,,,,13,,,,,B03,,,1,,1,,,56,56,1,12,4,120.663156,24.178052,3
6407,66000,387130000C,(04)23274275,(04)23288582,2025,8,17,17,0,臺中市,烏日區,0,0,0,7,,,0,,,,,,,,,,,,,,,,,,,C03,,,1,,2,,,8,8,1,13,4,120.617007,24.111687,4
6408,66000,387130000C,(04)23274275,(04)23288582,2025,8,17,17,1,臺中市,沙鹿區,0,1,0,7,2,6,40,13,8,1,5,4,6,6,4,4,1,5,5,1,18,2,9,2,1,C03,7,9,1,10,2,12,,59,59,1,6,4,120.584866,24.250193,2
6409,66000,387130000C,(04)23274275,(04)23288582,2025,8,17,17,3,臺中市,神岡區,0,0,0,7,,,40,,,,,,,,,,,,,,9,,,,,H04,,,7,,1,,,109,109,1,13,5,120.709511,24.25909,3
6410,66000,387130000C,(04)23274275,(04)23288582,2025,8,17,17,5,臺中市,南屯區,0,0,0,7,,,60,,,,,,,,,,,,,,13,,,,,B03,,,1,,1,,,7,7,1,12,4,120.612236,24.150473,3
6411,66000,387130000C,(04)23274275,(04)23288582,2025,8,17,17,9,臺中市,西屯區,0,0,0,7,,,50,,,,,,,,,,,,,,12,,,,,C03,,,1,,1,,,8,8,1,12,4,120.638328,24.175584,3
6412,66000,387130000C,(04)23274275,(04)23288582,2025,8,17,17,12,臺中市,豐原區,0,0,0,7,,,50,,,,,,,,,,,,,,17,,,,,B03,,,1,,2,,,40,40,1,13,4,120.739764,24.262675,3
6413,66000,387130000C,(04)23274275,(04)23288582,2025,8,17,17,14,臺中市,龍井區,0,0,0,7,,,60,,,,,,,,,,,,,,12,,,,,B01,,,1,,1,,,38,38,1,6,4,120.575809,24.18072,3
6414,66000,387130000C,(04)23274275,(04)23288582,2025,8,17,17,34,臺中市,西屯區,0,1,0,7,2,6,50,13,7,1,5,4,6,6,4,4,3,4,4,2,18,2,9,5,1,C03,7,9,1,10,2,14,,59,59,1,12,4,120.653518,24.20289,2
6415,66000,387130000C,(04)23274275,(04)23288582,2025,8,17,17,36,臺中市,北屯區,0,0,0,7,,,50,,,,,,,,,,,,,,14,,,,,B12,,,1,,1,,,49,49,1,13,4,120.704816,24.179986,3
6416,66000,387130000C,(04)23274275,(04)23288582,2025,8,17,17,36,臺中市,大里區,0,2,0,7,3,6,30,4,1,1,5,4,6,6,4,4,10,5,5,2,15,2,9,1,1,C03,7,9,1,10,2,11,,15,15,1,12,4,120.691176,24.101526,2
6417,66000,387130000C,(04)23274275,(04)23288582,2025,8,17,17,37,臺中市,西區,0,2,0,7,2,6,30,3,1,1,5,4,6,6,4,4,1,4,4,2,16,2,3,3,1,B03,7,5,1,8,2,8,,12,12,1,12,4,120.657511,24.153835,2
6418,66000,387130000C,(04)23274275,(04)23288582,2025,8,17,17,37,臺中市,東區,0,0,0,7,,,50,,,,,,,,,,,,,,17,,,,,B02,,,1,,1,,,84,84,1,13,4,120.688002,24.134988,3
6419,66000,387130000C,(04)23274275,(04)23288582,2025,8,17,17,41,臺中市,大雅區,0,0,0,7,,,30,,,,,,,,,,,,,,,,,,,C03,,,1,,2,,,58,58,1,13,4,120.670936,24.236923,3
6420,66000,387130000C,(04)23274275,(04)23288582,2025,8,17,17,49,臺中市,南屯區,0,1,0,7,2,6,50,13,8,1,5,4,6,6,4,4,9,4,4,2,17,3,10,3,1,B03,7,7,1,8,2,2,,40,40,1,6,4,120.637458,24.143794,2
6421,66000,387130000C,(04)23274275,(04)23288582,2025,8,17,17,56,臺中市,東勢區,0,0,0,7,,,50,,,,,,,,,,,,,,17,,,,,B03,,,1,,1,,,8,8,1,12,4,120.82973,24.253616,3
6422,66000,387130000C,(04)23274275,(04)23288582,2025,8,17,17,58,臺中市,梧棲區,0,0,0,7,,,50,,,,,,,,,,,,,,16,,,,,B03,,,1,,1,,,24,24,1,12,4,120.544597,24.24877,3
6423,66000,387130000C,(04)23274275,(04)23288582,2025,8,17,17,59,臺中市,潭子區,0,0,0,7,,3,40,,,,,,,,,,,,,,,,,,,B03,,,1,,2,,,8,8,1,13,4,120.709739,24.200514,3
6424,66000,387130000C,(04)23274275,(04)23288582,2025,8,17,18,2,臺中市,沙鹿區,0,1,0,7,2,6,60,3,1,1,5,4,6,6,1,1,10,5,5,2,16,3,10,3,1,B03,7,9,1,8,2,5,,21,21,1,6,4,120.575591,24.248018,2
6425,66000,387130000C,(04)23274275,(04)23288582,2025,8,17,18,5,臺中市,北區,0,0,0,7,,,50,,,,,,,,,,,,,,17,,,,,B03,,,1,,1,,,59,59,1,13,4,120.670727,24.162241,3
6426,66000,387130000C,(04)23274275,(04)23288582,2025,8,17,18,15,臺中市,西屯區,0,0,0,7,,,40,,,,,,,,,,,,,,16,,,,,B03,,,1,,1,,,20,20,1,12,4,120.615369,24.183119,3
6427,66000,387130000C,(04)23274275,(04)23288582,2025,8,17,18,25,臺中市,潭子區,0,0,0,7,,,50,,,,,,,,,,,,,,,,,,,B03,,,1,,2,,,59,59,1,12,4,120.721561,24.18202,3
6428,66000,387130000C,(04)23274275,(04)23288582,2025,8,17,18,30,臺中市,潭子區,0,1,0,7,2,6,40,4,1,1,5,4,6,6,4,4,10,5,5,2,16,2,9,1,1,C03,7,6,1,10,2,14,,14,14,1,12,4,120.699607,24.206264,2
6429,66000,387130000C,(04)23274275,(04)23288582,2025,8,17,18,33,臺中市,北屯區,0,0,0,7,,,50,,,,,,,,,,,,,,13,,,,,B12,,,1,,1,,,84,84,1,12,4,120.709638,24.174702,3
6430,66000,387130000C,(04)23274275,(04)23288582,2025,8,17,18,45,臺中市,西區,0,0,0,7,,,50,,,,,,,,,,,,,,,,,,,C03,,,1,10,1,,,78,78,1,13,4,120.658154,24.146979,3
6431,66000,387130000C,(04)23274275,(04)23288582,2025,8,17,18,51,臺中市,大里區,0,2,0,7,1,6,50,3,2,1,5,4,6,6,4,4,4,3,5,1,17,2,7,2,1,C03,7,5,1,10,2,12,,14,14,1,6,4,120.702193,24.088565,2
6432,66000,387130000C,(04)23274275,(04)23288582,2025,8,17,18,55,臺中市,南屯區,0,0,0,7,,,50,,,,,,,,,,,,,,13,,,,,C03,,,1,,1,,,7,7,1,12,4,120.636981,24.144141,3
6433,66000,387130000C,(04)23274275,(04)23288582,2025,8,17,18,57,臺中市,大里區,0,1,0,7,1,6,50,11,9,1,5,4,6,6,4,4,1,4,5,1,17,2,9,2,1,C03,7,9,2,19,2,12,,84,84,1,13,4,120.683715,24.097448,2
6434,66000,387130000C,(04)23274275,(04)23288582,2025,8,17,19,0,臺中市,東區,0,0,0,7,,,50,,,,,,,,,,,,,,17,,,,,B03,,,1,,10,,,85,85,1,12,4,120.709808,24.146732,3
6435,66000,387130000C,(04)23274275,(04)23288582,2025,8,17,19,4,臺中市,東區,0,0,0,7,,,50,,,,,,,,,,,,,,17,,,,,B03,,,1,,2,,,45,45,1,13,4,120.693597,24.140526,3
6436,66000,387130000C,(04)23274275,(04)23288582,2025,8,17,19,5,臺中市,西屯區,0,0,0,7,,,40,,,,,,,,,,,,,,13,,,,,B03,,,1,,1,,,59,59,1,12,4,120.62904,24.163157,3
6437,66000,387130000C,(04)23274275,(04)23288582,2025,8,17,19,7,臺中市,南屯區,0,0,0,7,,,50,,,,,,,,,,,,,,,,,,,B03,,,1,,1,,,84,84,1,12,4,120.624582,24.152289,3
6438,66000,387130000C,(04)23274275,(04)23288582,2025,8,17,19,10,臺中市,沙鹿區,0,0,0,7,,,40,,,,,,,,,,,,,,17,,,,,B03,,,1,,2,,,50,50,1,7,4,120.56603,24.234586,3
6439,66000,387130000C,(04)23274275,(04)23288582,2025,8,17,19,13,臺中市,西屯區,0,0,0,7,,,40,,,,,,,,,,,,,,12,,,,,B02,,,1,,1,,,8,8,1,12,4,120.657612,24.158051,3
6440,66000,387130000C,(04)23274275,(04)23288582,2025,8,17,19,15,臺中市,烏日區,0,1,0,7,1,3,40,13,8,1,5,4,6,6,4,4,3,4,3,1,23,2,9,5,3,C03,7,9,1,10,2,14,,84,84,1,12,4,120.611928,24.100921,2
6441,66000,387130000C,(04)23274275,(04)23288582,2025,8,17,19,24,臺中市,北區,0,1,0,7,1,6,50,4,2,1,5,4,6,6,1,1,1,4,5,2,13,2,9,1,1,C03,7,9,1,10,2,11,,7,7,1,13,4,120.682396,24.163118,2
6442,66000,387130000C,(04)23274275,(04)23288582,2025,8,17,19,25,臺中市,西區,0,1,0,7,1,6,50,3,1,1,5,4,6,6,1,1,10,5,5,2,16,3,10,3,1,B03,7,5,1,8,2,2,,11,11,1,6,4,120.657365,24.144335,2
6443,66000,387130000C,(04)23274275,(04)23288582,2025,8,17,19,30,臺中市,北區,0,0,0,7,,,40,,,,,,,,,,,,,,14,,,,,B03,,,1,,2,,,50,50,1,12,4,120.688191,24.153883,3
6444,66000,387130000C,(04)23274275,(04)23288582,2025,8,17,19,30,臺中市,北區,0,0,0,7,,,30,,,,,,,,,,,,,,17,,,,,C03,,,1,,1,,,87,87,1,13,4,120.684451,24.162538,3
6445,66000,387130000C,(04)23274275,(04)23288582,2025,8,17,19,40,臺中市,西區,0,1,0,7,1,6,50,13,8,1,5,4,6,6,4,4,5,2,4,2,16,2,9,2,1,C03,7,9,1,10,1,14,,84,84,1,12,4,120.667245,24.140632,2
6446,66000,387130000C,(04)23274275,(04)23288582,2025,8,17,19,55,臺中市,西屯區,0,1,0,7,1,6,50,13,9,1,5,4,6,6,1,1,5,4,5,2,13,3,10,2,1,C03,7,12,1,10,2,13,,84,84,1,12,4,120.637499,24.175756,2