序號,縣市別代碼,機關代碼,市話,傳真,年,月,日,時,分,縣市,區,死亡數量,受傷數量,2-30,天候,道路照明設備,道路類別,道路速限,道路型態,事故位置,路面鋪裝,路面狀態,路面缺陷,障礙物,視距,號誌種類,號誌動作,分向設施,快車道或一般車道間,快慢車道間,路面邊線,事故類型及型態,受傷程度,主要傷處,保護裝備,行動電話或功能裝置,當事者區分(類別),車輛用途,當事者行動狀態,駕照狀態,駕照種類,飲酒情形,車輛撞擊部位最初,車輛撞擊部位其他,肇事因素個別,肇事因素主要,肇事逃逸,職業,共享經濟或外送平台,GPS座標X,GPS座標Y,事故類別
6447,66000,387130000C,(04)23274275,(04)23288582,2025,8,17,20,4,臺中市,太平區,0,1,0,7,1,6,40,13,12,1,5,4,6,6,4,4,5,5,4,2,18,2,9,1,1,C03,7,9,1,9,2,14,,84,84,1,12,4,120.704635,24.148367,2
6448,66000,387130000C,(04)23274275,(04)23288582,2025,8,17,20,7,臺中市,東區,0,0,0,7,,,50,,,,,,,,,,,,,,13,,,,,C03,,,5,,1,,,84,84,1,12,4,120.687829,24.138123,3
6449,66000,387130000C,(04)23274275,(04)23288582,2025,8,17,20,21,臺中市,霧峰區,0,0,0,7,,,40,,,,,,,,,,,,,,11,,,,,C03,,,1,,2,,,48,48,1,12,4,120.709319,24.080695,3
6450,66000,387130000C,(04)23274275,(04)23288582,2025,8,17,20,28,臺中市,北屯區,0,0,0,7,,,50,,,,,,,,,,,,,,13,,,,,B03,,,1,,1,,,84,84,1,12,4,120.714307,24.170659,3
6451,66000,387130000C,(04)23274275,(04)23288582,2025,8,17,20,28,臺中市,太平區,0,1,0,7,1,6,50,4,1,1,5,4,6,6,4,4,10,5,5,2,16,3,10,1,1,C03,7,6,1,10,9,12,14,11,11,2,12,4,120.73324,24.142752,2
6452,66000,387130000C,(04)23274275,(04)23288582,2025,8,17,20,36,臺中市,南區,0,0,0,7,,,40,,,,,,,,,,,,,,14,,,,,A12,,,1,,2,,,49,49,1,13,4,120.655833,24.129845,3
6453,66000,387130000C,(04)23274275,(04)23288582,2025,8,17,20,40,臺中市,石岡區,0,0,0,7,,,50,,,,,,,,,,,,,,13,,,,,B01,,,1,,1,,,7,7,1,13,4,120.816303,24.259738,3
6454,66000,387130000C,(04)23274275,(04)23288582,2025,8,17,20,55,臺中市,大里區,0,0,0,6,1,6,50,13,9,1,5,4,6,6,4,4,5,5,5,2,14,,,,,B12,,,1,,2,,,84,84,1,12,4,120.676789,24.100348,3
6455,66000,387130000C,(04)23274275,(04)23288582,2025,8,17,21,10,臺中市,太平區,0,0,0,7,,,30,,,,,,,,,,,,,,,,,,,B03,,,1,,2,,,50,50,1,12,4,120.731129,24.139519,3
6456,66000,387130000C,(04)23274275,(04)23288582,2025,8,17,21,12,臺中市,南區,0,0,0,7,,,50,,,,,,,,,,,,,,17,,,,,B03,,,1,,1,,,7,7,2,13,4,120.670125,24.114259,3
6457,66000,387130000C,(04)23274275,(04)23288582,2025,8,17,21,14,臺中市,西屯區,0,1,0,7,1,6,50,4,1,1,5,4,6,6,1,1,10,5,5,2,17,3,10,1,1,C03,7,5,1,10,1,16,,47,47,1,12,2,120.615735,24.184641,2
6458,66000,387130000C,(04)23274275,(04)23288582,2025,8,17,21,20,臺中市,中區,0,0,0,7,,,50,,,,,,,,,,,,,,,,,,,B03,,,1,,1,,,51,51,1,6,4,120.675191,24.14215,3
6459,66000,387130000C,(04)23274275,(04)23288582,2025,8,17,21,26,臺中市,豐原區,0,1,0,7,1,6,50,13,9,1,5,4,6,6,4,4,1,5,4,2,28,2,9,1,1,C03,7,9,1,10,2,11,,84,84,1,6,4,120.727252,24.277057,2
6460,66000,387130000C,(04)23274275,(04)23288582,2025,8,17,21,27,臺中市,東區,0,1,0,7,1,6,50,4,1,1,5,4,6,6,1,1,10,5,5,2,3,3,10,3,1,B02,7,5,1,8,2,5,,10,10,1,12,4,120.685867,24.143359,2
6461,66000,387130000C,(04)23274275,(04)23288582,2025,8,17,21,27,臺中市,沙鹿區,0,1,0,7,1,6,50,3,1,1,5,4,6,6,1,1,10,5,5,2,3,2,9,6,5,H01,8,18,7,21,10,17,,96,96,1,5,5,120.580654,24.217064,2
6462,66000,387130000C,(04)23274275,(04)23288582,2025,8,17,21,30,臺中市,龍井區,0,1,0,7,1,6,40,13,8,1,5,4,6,6,4,4,5,5,4,2,12,2,8,2,1,C03,7,1,1,10,2,11,,51,51,1,6,4,120.561941,24.199697,2
6463,66000,387130000C,(04)23274275,(04)23288582,2025,8,17,21,30,臺中市,沙鹿區,0,1,0,7,3,6,50,3,2,1,5,4,6,6,4,4,10,5,5,2,20,2,8,2,1,C03,7,9,1,10,2,11,,59,59,1,6,2,120.548997,24.227056,2
6464,66000,387130000C,(04)23274275,(04)23288582,2025,8,17,21,37,臺中市,東區,0,1,0,7,1,6,50,3,2,1,5,4,6,6,4,4,10,4,5,2,13,3,10,3,1,B03,7,5,1,8,2,1,,7,7,1,13,4,120.686524,24.135964,2
6465,66000,387130000C,(04)23274275,(04)23288582,2025,8,17,21,53,臺中市,清水區,0,0,0,7,1,6,50,13,8,1,5,4,6,6,4,4,8,4,4,1,12,3,10,3,1,B03,7,9,1,8,2,5,,59,59,1,12,4,120.566346,24.267527,3
6466,66000,387130000C,(04)23274275,(04)23288582,2025,8,17,21,58,臺中市,烏日區,0,0,0,7,,,50,,,,,,,,,,,,,,28,,,,,B03,,,1,,2,,,59,59,1,13,4,120.633039,24.108275,3
6467,66000,387130000C,(04)23274275,(04)23288582,2025,8,17,22,2,臺中市,東區,0,1,0,7,1,6,50,13,7,1,5,4,6,6,1,1,5,5,4,2,17,3,10,3,1,B03,7,1,1,8,2,8,,51,51,1,12,4,120.699702,24.144338,2
6468,66000,387130000C,(04)23274275,(04)23288582,2025,8,17,22,5,臺中市,神岡區,0,0,0,7,,,30,,,,,,,,,,,,,,19,,,,,B03,,,1,,2,,,59,59,1,13,4,120.702304,24.256589,3
6469,66000,387130000C,(04)23274275,(04)23288582,2025,8,17,22,10,臺中市,太平區,0,0,0,7,,,50,,,,,,,,,,,,,,17,,,,,B12,,,1,,2,,,84,84,1,12,4,120.721797,24.133174,3
6470,66000,387130000C,(04)23274275,(04)23288582,2025,8,17,22,10,臺中市,太平區,0,0,0,7,,,50,,,,,,,,,,,,,,,,,,,B03,,,1,,1,,,84,84,1,12,4,120.712882,24.157108,3
6471,66000,387130000C,(04)23274275,(04)23288582,2025,8,17,22,24,臺中市,烏日區,0,0,0,7,,,50,,,,,,,,,,,,,,13,,,,,B03,,,1,,1,,,84,84,1,13,4,120.616377,24.11188,3
6472,66000,387130000C,(04)23274275,(04)23288582,2025,8,17,22,28,臺中市,沙鹿區,0,0,0,7,,,30,,,,,,,,,,,,,,17,,,,,C03,,,1,,2,,,85,85,1,6,4,120.595908,24.228154,4
6473,66000,387130000C,(04)23274275,(04)23288582,2025,8,17,22,52,臺中市,北屯區,0,0,0,7,,,50,,,,,,,,,,,,,,13,,,,,B03,,,3,,2,,,7,7,1,13,4,120.72713,24.173982,3
6474,66000,387130000C,(04)23274275,(04)23288582,2025,8,17,22,55,臺中市,北屯區,0,1,0,7,1,6,50,13,9,1,5,4,6,6,4,4,3,4,5,2,17,2,9,1,1,C03,7,9,1,10,2,12,,84,84,1,12,4,120.729951,24.175108,2
6475,66000,387130000C,(04)23274275,(04)23288582,2025,8,17,22,58,臺中市,大里區,2,0,0,7,1,6,50,4,2,1,5,4,6,6,2,1,10,5,5,1,26,1,9,1,1,C03,7,9,1,10,8,11,,53,53,1,12,4,120.687725,24.094825,1
6476,66000,387130000C,(04)23274275,(04)23288582,2025,8,17,23,45,臺中市,西屯區,0,1,0,7,1,6,50,4,1,1,5,4,6,6,1,1,10,5,5,2,16,2,9,5,4,C03,7,5,1,10,2,12,,11,11,1,12,4,120.656573,24.169656,2
6477,66000,387130000C,(04)23274275,(04)23288582,2025,8,18,0,20,臺中市,北屯區,0,1,0,7,1,6,50,4,1,1,5,4,6,6,2,1,10,5,5,2,14,3,10,3,1,B03,7,2,1,8,2,3,,49,49,1,12,4,120.685998,24.180226,2
6478,66000,387130000C,(04)23274275,(04)23288582,2025,8,18,4,8,臺中市,沙鹿區,0,1,0,7,1,6,50,13,9,1,5,4,6,6,4,4,5,5,5,2,18,2,9,2,4,C03,7,9,1,10,11,12,,82,82,1,12,4,120.570415,24.230955,2
6479,66000,387130000C,(04)23274275,(04)23288582,2025,8,18,6,25,臺中市,清水區,0,1,0,7,2,6,40,4,2,1,5,4,6,6,1,1,8,4,3,1,17,3,10,3,1,B03,7,7,1,8,2,16,,40,40,1,12,4,120.564483,24.271321,2
6480,66000,387130000C,(04)23274275,(04)23288582,2025,8,18,6,30,臺中市,北屯區,0,2,0,7,3,6,50,13,7,1,5,4,6,6,4,4,5,5,4,2,16,2,8,1,1,C03,7,11,1,8,2,12,,34,34,1,12,4,120.705163,24.172538,2
6481,66000,387130000C,(04)23274275,(04)23288582,2025,8,18,6,49,臺中市,后里區,0,2,0,7,2,6,50,3,9,1,5,4,6,6,3,1,5,5,5,1,2,2,9,2,1,C03,7,9,1,10,2,11,,84,84,1,12,4,120.718403,24.304996,2
6482,66000,387130000C,(04)23274275,(04)23288582,2025,8,18,6,50,臺中市,北屯區,0,1,0,7,2,6,50,13,7,1,5,4,6,6,4,4,1,4,4,2,16,2,9,1,1,C03,7,9,1,10,2,14,12,59,59,1,12,4,120.686938,24.197172,2
6483,66000,387130000C,(04)23274275,(04)23288582,2025,8,18,6,50,臺中市,清水區,0,2,0,7,3,6,50,13,9,1,5,4,6,6,4,4,1,4,4,2,16,2,9,2,1,C03,7,6,1,10,2,12,,20,20,1,12,4,120.578365,24.277852,2
6484,66000,387130000C,(04)23274275,(04)23288582,2025,8,18,6,50,臺中市,清水區,0,0,0,7,,,40,,,,,,,,,,,,,,17,,,,,B03,,,1,,2,,,49,49,1,12,4,120.540365,24.289011,3
6485,66000,387130000C,(04)23274275,(04)23288582,2025,8,18,6,51,臺中市,大雅區,0,1,0,7,3,6,30,3,1,1,5,4,6,6,4,4,10,5,5,2,17,2,8,2,1,C03,7,9,1,10,2,11,,84,84,1,12,4,120.630912,24.214939,2
6486,66000,387130000C,(04)23274275,(04)23288582,2025,8,18,6,55,臺中市,南屯區,0,1,0,7,1,6,50,4,1,1,5,4,6,6,4,4,5,4,4,2,15,2,9,5,4,C03,7,9,1,10,2,11,,13,13,1,13,4,120.632249,24.142134,2
6487,66000,387130000C,(04)23274275,(04)23288582,2025,8,18,7,1,臺中市,南區,0,2,0,7,2,6,50,4,1,1,5,4,6,6,2,1,10,5,5,2,15,2,9,1,1,C03,7,9,1,10,2,14,,21,21,1,12,4,120.679384,24.119162,2
6488,66000,387130000C,(04)23274275,(04)23288582,2025,8,18,7,5,臺中市,清水區,0,2,0,7,3,6,40,3,1,1,5,4,6,6,1,1,1,4,1,1,16,2,9,2,1,C03,7,10,2,19,2,11,,21,21,1,12,4,120.561806,24.272071,2
6489,66000,387130000C,(04)23274275,(04)23288582,2025,8,18,7,9,臺中市,西區,0,0,0,7,,,30,,,,,,,,,,,,,,,,,,,B12,,,1,,2,,,8,8,1,12,4,120.658119,24.14632,3
6490,66000,387130000C,(04)23274275,(04)23288582,2025,8,18,7,10,臺中市,西區,0,0,0,7,,,50,,,,,,,,,,,,,,,,,,,A11,,,1,,2,,,84,84,1,12,4,120.661573,24.158658,3
6491,66000,387130000C,(04)23274275,(04)23288582,2025,8,18,7,22,臺中市,龍井區,0,0,0,7,,,0,,,,,,,,,,,,,,14,,,,,B12,,,1,,1,,,49,49,1,6,4,120.525121,24.203,3
6492,66000,387130000C,(04)23274275,(04)23288582,2025,8,18,7,25,臺中市,北屯區,0,1,0,7,2,6,50,13,8,1,5,4,6,6,4,4,5,4,4,2,18,2,9,5,1,F01,7,9,7,21,2,14,,84,84,1,12,4,120.694511,24.165966,2
6493,66000,387130000C,(04)23274275,(04)23288582,2025,8,18,7,29,臺中市,西屯區,0,0,0,7,,,50,,,,,,,,,,,,,,12,,,,,B03,,,1,,1,,,8,8,1,12,4,120.64437,24.194641,3
6494,66000,387130000C,(04)23274275,(04)23288582,2025,8,18,7,31,臺中市,大里區,0,0,0,7,,,50,,,,,,,,,,,,,,14,,,,,B03,,,1,,11,,,49,49,1,13,4,120.70097,24.088554,3
6495,66000,387130000C,(04)23274275,(04)23288582,2025,8,18,7,32,臺中市,西屯區,0,2,0,7,2,6,50,8,9,1,5,4,6,6,4,4,3,4,5,2,12,2,9,2,4,C03,7,7,1,10,2,12,,40,40,1,13,4,120.627546,24.172248,2
6496,66000,387130000C,(04)23274275,(04)23288582,2025,8,18,7,33,臺中市,大里區,0,1,0,7,2,6,40,3,1,1,5,4,6,6,4,4,10,5,5,1,18,2,9,1,1,C03,7,9,1,10,2,14,,84,84,1,13,4,120.702047,24.099223,2
6497,66000,387130000C,(04)23274275,(04)23288582,2025,8,18,7,35,臺中市,大雅區,0,0,0,7,,,50,,,,,,,,,,,,,,,,,,,C03,,,1,,2,,,7,7,1,12,4,120.646582,24.222703,3
6498,66000,387130000C,(04)23274275,(04)23288582,2025,8,18,7,35,臺中市,南屯區,0,0,0,7,,,50,,,,,,,,,,,,,,13,,,,,B03,,,1,,1,,,59,59,1,12,4,120.628682,24.136579,3
6499,66000,387130000C,(04)23274275,(04)23288582,2025,8,18,7,38,臺中市,西屯區,0,3,0,7,2,6,50,4,9,1,5,4,6,6,1,1,5,4,5,2,13,2,7,5,4,C03,7,9,1,10,2,11,13,7,7,1,12,4,120.640319,24.186543,2
6500,66000,387130000C,(04)23274275,(04)23288582,2025,8,18,7,39,臺中市,新社區,0,1,0,7,2,6,50,13,5,1,5,4,6,6,4,4,10,5,5,2,17,3,10,3,1,B12,7,6,1,8,2,5,,20,20,1,12,4,120.808547,24.250196,2
6501,66000,387130000C,(04)23274275,(04)23288582,2025,8,18,7,40,臺中市,南屯區,0,0,0,7,3,6,30,13,9,1,5,4,6,6,4,4,10,5,5,2,12,,,,,C03,,,1,,1,,,51,51,1,12,4,120.614121,24.144857,3
6502,66000,387130000C,(04)23274275,(04)23288582,2025,8,18,7,40,臺中市,西屯區,0,1,0,7,2,6,50,13,9,1,5,4,6,6,4,4,9,5,5,2,16,3,10,5,4,B03,7,6,1,8,2,4,,42,42,1,12,4,120.596978,24.169662,2
6503,66000,387130000C,(04)23274275,(04)23288582,2025,8,18,7,41,臺中市,豐原區,0,0,0,7,,,50,,,,,,,,,,,,,,17,,,,,B03,,,1,,2,,,51,51,1,13,4,120.721262,24.25693,3
6504,66000,387130000C,(04)23274275,(04)23288582,2025,8,18,7,45,臺中市,大里區,0,1,0,7,2,6,30,4,1,1,5,4,6,6,4,4,10,5,5,1,16,3,10,3,1,B12,7,6,1,8,2,8,,14,14,1,13,4,120.701366,24.088734,2
6505,66000,387130000C,(04)23274275,(04)23288582,2025,8,18,7,46,臺中市,豐原區,0,0,0,7,,,30,,,,,,,,,,,,,,13,,,,,C03,,,1,,1,,,7,7,1,12,4,120.719022,24.264636,3
6506,66000,387130000C,(04)23274275,(04)23288582,2025,8,18,7,48,臺中市,南屯區,0,0,0,7,,,50,,,,,,,,,,,,,,13,,,,,C03,,,1,,1,,,7,7,1,13,4,120.646911,24.150903,3
6507,66000,387130000C,(04)23274275,(04)23288582,2025,8,18,7,50,臺中市,西區,0,1,0,7,2,6,50,4,1,1,5,4,6,6,2,1,5,4,5,1,18,2,9,2,1,C03,7,9,1,10,2,16,,87,87,1,13,4,120.670485,24.133675,2
6508,66000,387130000C,(04)23274275,(04)23288582,2025,8,18,7,50,臺中市,北區,0,0,0,7,,,50,,,,,,,,,,,,,,13,,,,,B03,,,1,,1,,,59,59,1,12,4,120.672565,24.168787,3
6509,66000,387130000C,(04)23274275,(04)23288582,2025,8,18,7,51,臺中市,潭子區,0,0,0,7,,,50,,,,,,,,,,,,,,14,,,,,B03,,,1,,1,,,50,50,1,13,4,120.706176,24.231383,3
6510,66000,387130000C,(04)23274275,(04)23288582,2025,8,18,7,52,臺中市,烏日區,0,0,0,7,,,50,,,,,,,,,,,,,,,,,,,B03,,,1,,2,,,84,84,1,12,4,120.629626,24.100928,3
6511,66000,387130000C,(04)23274275,(04)23288582,2025,8,18,7,53,臺中市,南屯區,0,0,0,7,,,30,,,,,,,,,,,,,,19,,,,,A11,,,1,,1,,,82,82,1,12,4,120.618689,24.146347,3
6512,66000,387130000C,(04)23274275,(04)23288582,2025,8,18,7,53,臺中市,北屯區,0,2,0,7,2,6,50,5,1,1,5,4,6,6,2,1,10,5,5,2,15,2,9,2,1,C03,7,9,1,10,1,11,,21,21,1,12,4,120.730261,24.17385,2
6513,66000,387130000C,(04)23274275,(04)23288582,2025,8,18,7,54,臺中市,西屯區,0,1,0,7,2,6,50,13,9,1,5,4,6,6,4,4,9,5,5,2,16,3,10,5,4,B12,7,11,1,8,2,8,,45,45,1,13,4,120.610809,24.159397,2
6514,66000,387130000C,(04)23274275,(04)23288582,2025,8,18,7,54,臺中市,西屯區,0,0,0,7,,,50,,,,,,,,,,,,,,15,,,,,F01,,,1,,1,,,11,11,1,12,4,120.650893,24.170869,3
6515,66000,387130000C,(04)23274275,(04)23288582,2025,8,18,7,54,臺中市,龍井區,0,0,0,7,,,50,,,,,,,,,,,,,,,,,,,C03,,,1,,2,,,7,7,1,12,4,120.592502,24.181474,3
6516,66000,387130000C,(04)23274275,(04)23288582,2025,8,18,7,55,臺中市,大肚區,0,2,0,7,2,6,30,4,1,1,5,4,6,6,4,4,10,5,5,2,15,2,7,1,1,C03,7,9,1,10,2,11,,15,15,1,6,4,120.539881,24.149419,2
6517,66000,387130000C,(04)23274275,(04)23288582,2025,8,18,7,55,臺中市,后里區,0,0,0,7,2,6,40,3,2,1,5,4,6,6,1,1,5,4,4,1,2,3,10,3,1,B03,7,13,1,8,1,4,,76,76,1,12,4,120.692311,24.313788,3
6518,66000,387130000C,(04)23274275,(04)23288582,2025,8,18,7,56,臺中市,北屯區,0,1,0,7,2,6,50,3,1,1,5,4,6,6,4,4,10,5,5,2,16,3,10,3,1,B03,7,6,1,8,2,5,,14,14,1,6,4,120.671279,24.187302,2
6519,66000,387130000C,(04)23274275,(04)23288582,2025,8,18,7,56,臺中市,西屯區,0,0,0,7,,,50,,,,,,,,,,,,,,14,,,,,B12,,,1,,1,,,49,49,1,12,4,120.635827,24.171128,3
6520,66000,387130000C,(04)23274275,(04)23288582,2025,8,18,7,58,臺中市,大里區,0,0,0,7,,,50,,,,,,,,,,,,,,13,,,,,B03,,,1,,2,,,7,7,1,6,4,120.670167,24.111198,3
6521,66000,387130000C,(04)23274275,(04)23288582,2025,8,18,7,58,臺中市,豐原區,0,0,0,7,,,50,,,,,,,,,,,,,,13,,,,,C03,,,1,,1,,,7,7,1,12,4,120.699346,24.24881,3
6522,66000,387130000C,(04)23274275,(04)23288582,2025,8,18,8,1,臺中市,南區,0,0,0,7,,,50,,,,,,,,,,,,,,13,,,,,B03,,,1,,1,,,83,83,1,6,4,120.683607,24.126256,3
6523,66000,387130000C,(04)23274275,(04)23288582,2025,8,18,8,2,臺中市,霧峰區,0,0,0,7,,,50,,,,,,,,,,,,,,17,,,,,B03,,,1,,2,,,51,51,1,13,4,120.663591,24.062247,3
6524,66000,387130000C,(04)23274275,(04)23288582,2025,8,18,8,4,臺中市,西屯區,0,2,0,7,2,6,40,8,9,1,5,4,6,6,4,4,3,5,5,2,13,2,9,2,4,C03,7,9,1,10,2,11,,7,7,1,13,4,120.63904,24.203333,2
6525,66000,387130000C,(04)23274275,(04)23288582,2025,8,18,8,5,臺中市,豐原區,0,0,0,7,,,60,,,,,,,,,,,,,,12,,,,,B02,,,1,,2,,,40,40,1,13,4,120.70324,24.23821,3
6526,66000,387130000C,(04)23274275,(04)23288582,2025,8,18,8,9,臺中市,大里區,0,1,0,7,3,6,30,3,1,1,5,4,6,6,4,4,10,5,5,2,16,3,10,3,1,B03,7,6,1,8,2,1,,14,14,1,6,4,120.682651,24.096104,2
6527,66000,387130000C,(04)23274275,(04)23288582,2025,8,18,8,11,臺中市,大雅區,0,1,0,7,3,6,50,13,9,1,5,4,6,6,4,4,5,2,5,1,17,2,9,1,1,C03,7,9,1,10,2,14,,84,84,1,12,4,120.60103,24.214708,2
6528,66000,387130000C,(04)23274275,(04)23288582,2025,8,18,8,11,臺中市,南區,0,1,0,7,3,6,50,4,2,1,5,4,6,6,2,1,5,4,4,2,17,3,10,3,1,B03,7,1,1,8,2,4,,51,51,1,13,4,120.655229,24.129412,2
6529,66000,387130000C,(04)23274275,(04)23288582,2025,8,18,8,19,臺中市,大里區,0,0,0,7,,,50,,,,,,,,,,,,,,12,,,,,B03,,,1,,2,,,8,8,1,6,4,120.687845,24.105605,3
6530,66000,387130000C,(04)23274275,(04)23288582,2025,8,18,8,20,臺中市,神岡區,0,2,0,7,3,6,30,3,1,1,5,4,6,6,4,4,10,5,5,2,16,2,9,1,1,C03,7,4,1,10,2,12,,41,41,1,13,4,120.652444,24.263666,2
6531,66000,387130000C,(04)23274275,(04)23288582,2025,8,18,8,22,臺中市,北區,0,1,0,7,2,6,50,4,2,1,5,4,6,6,1,1,10,5,5,2,12,3,10,3,1,B03,7,11,1,8,2,4,,45,45,1,13,4,120.683473,24.160246,2
6532,66000,387130000C,(04)23274275,(04)23288582,2025,8,18,8,22,臺中市,北區,0,1,0,7,2,9,50,4,2,1,5,4,6,6,2,1,10,5,5,2,12,3,10,3,1,B03,7,5,1,8,2,2,,20,20,1,13,4,120.677115,24.16334,2
6533,66000,387130000C,(04)23274275,(04)23288582,2025,8,18,8,22,臺中市,烏日區,0,0,0,7,,,50,,,,,,,,,,,,,,14,,,,,B03,,,1,,2,,,49,49,1,6,4,120.641465,24.108692,3
6534,66000,387130000C,(04)23274275,(04)23288582,2025,8,18,8,23,臺中市,潭子區,0,1,0,7,3,6,60,3,1,1,5,4,6,6,4,4,1,4,4,1,18,2,7,2,1,C03,7,12,1,9,2,14,,84,84,1,13,4,120.704753,24.205872,2
6535,66000,387130000C,(04)23274275,(04)23288582,2025,8,18,8,23,臺中市,北區,0,1,0,7,2,6,50,4,1,1,5,4,1,6,2,1,5,4,4,2,17,3,10,3,1,B03,7,5,1,8,1,15,,85,85,1,12,4,120.675845,24.159218,2
6536,66000,387130000C,(04)23274275,(04)23288582,2025,8,18,8,24,臺中市,北區,0,1,0,7,2,6,0,18,23,1,5,4,6,6,4,4,10,5,5,2,17,2,9,5,4,C03,7,15,3,19,9,14,,84,84,2,13,4,120.684914,24.16767,2
6537,66000,387130000C,(04)23274275,(04)23288582,2025,8,18,8,25,臺中市,南屯區,0,0,0,7,3,6,30,13,9,1,5,4,6,6,4,4,10,5,5,2,14,,,,,B03,,,1,,1,,,49,49,1,12,4,120.643209,24.137734,3
6538,66000,387130000C,(04)23274275,(04)23288582,2025,8,18,8,25,臺中市,清水區,0,0,0,7,,,60,,,,,,,,,,,,,,17,,,,,B12,,,1,,2,,,40,40,1,12,4,120.547288,24.27535,3
6539,66000,387130000C,(04)23274275,(04)23288582,2025,8,18,8,27,臺中市,龍井區,0,1,0,7,3,6,50,4,1,1,5,4,6,6,1,1,10,5,5,2,16,3,10,3,1,B03,7,11,1,7,2,5,,45,45,1,6,4,120.548826,24.206238,2
6540,66000,387130000C,(04)23274275,(04)23288582,2025,8,18,8,31,臺中市,大雅區,0,1,0,7,3,6,30,3,1,1,5,4,6,6,4,4,10,5,5,2,17,3,10,3,1,B12,7,5,1,8,2,2,,47,47,1,12,4,120.650266,24.2095,2
6541,66000,387130000C,(04)23274275,(04)23288582,2025,8,18,8,33,臺中市,潭子區,0,1,0,7,2,6,60,4,9,1,5,4,6,6,2,1,1,4,5,2,12,2,9,1,1,C03,7,9,1,10,2,14,,8,8,1,13,4,120.705374,24.209705,2
6542,66000,387130000C,(04)23274275,(04)23288582,2025,8,18,8,34,臺中市,西屯區,0,0,0,7,,,40,,,,,,,,,,,,,,13,,,,,B03,,,1,,1,,,7,7,1,12,4,120.615224,24.183317,3
6543,66000,387130000C,(04)23274275,(04)23288582,2025,8,18,8,37,臺中市,神岡區,0,1,0,7,2,6,30,13,9,1,5,4,6,6,4,4,10,5,5,2,18,2,9,2,1,C03,7,9,1,10,2,14,,84,84,1,6,4,120.691137,24.269914,2
6544,66000,387130000C,(04)23274275,(04)23288582,2025,8,18,8,38,臺中市,南屯區,0,2,0,7,3,6,50,3,1,1,5,4,6,6,4,4,10,5,5,2,13,2,8,2,1,C03,7,9,1,10,2,14,,7,7,1,12,4,120.638344,24.140887,2
6545,66000,387130000C,(04)23274275,(04)23288582,2025,8,18,8,38,臺中市,豐原區,0,1,0,7,2,6,60,3,1,1,5,4,6,6,4,4,1,4,5,2,17,3,10,5,4,B03,7,5,1,8,2,5,,14,14,1,12,4,120.710369,24.236651,2
6546,66000,387130000C,(04)23274275,(04)23288582,2025,8,18,8,39,臺中市,北屯區,0,2,0,7,2,6,30,4,1,1,5,4,6,6,2,3,5,4,5,2,15,2,9,2,1,C03,7,9,1,10,2,14,,13,13,1,12,4,120.72472,24.176146,2
6547,66000,387130000C,(04)23274275,(04)23288582,2025,8,18,8,39,臺中市,烏日區,0,1,0,7,2,6,50,3,1,1,5,4,6,6,1,1,10,5,5,2,17,3,10,5,4,B03,7,5,1,8,2,5,,11,11,1,12,4,120.645706,24.110071,2
6548,66000,387130000C,(04)23274275,(04)23288582,2025,8,18,8,43,臺中市,北區,0,2,0,7,2,6,50,3,2,1,5,4,6,6,4,4,10,5,5,2,13,2,9,2,1,C03,7,9,1,10,2,11,,7,7,1,13,4,120.667175,24.159373,2
6549,66000,387130000C,(04)23274275,(04)23288582,2025,8,18,8,43,臺中市,北屯區,0,0,0,7,,3,40,,,,,,,,,,,,,,17,,,,,B03,,,1,,1,,,59,59,1,6,4,120.722256,24.185426,3
6550,66000,387130000C,(04)23274275,(04)23288582,2025,8,18,8,44,臺中市,西屯區,0,0,0,7,,,50,,,,,,,,,,,,,,13,,,,,B02,,,1,,1,,,59,59,1,12,4,120.63336,24.17409,3
6551,66000,387130000C,(04)23274275,(04)23288582,2025,8,18,8,47,臺中市,西屯區,0,0,0,7,,,50,,,,,,,,,,,,,,12,,,,,B11,,,1,4,9,,,59,59,1,12,4,120.617416,24.175576,3
6552,66000,387130000C,(04)23274275,(04)23288582,2025,8,18,8,47,臺中市,霧峰區,0,1,0,7,2,6,40,4,1,1,5,4,6,6,4,4,10,5,5,1,17,2,9,1,1,C03,7,9,1,10,2,11,,84,84,1,13,4,120.696604,24.068601,2
6553,66000,387130000C,(04)23274275,(04)23288582,2025,8,18,8,49,臺中市,北區,0,1,0,7,2,6,50,4,2,1,5,4,6,6,2,1,10,5,5,2,12,3,10,2,1,C03,7,9,1,10,2,11,,8,8,1,13,4,120.674616,24.162533,2
6554,66000,387130000C,(04)23274275,(04)23288582,2025,8,18,8,50,臺中市,北區,0,0,0,7,,,50,,,,,,,,,,,,,,17,,,,,A11,,,1,,9,,,85,85,1,13,4,120.686573,24.16407,3
6555,66000,387130000C,(04)23274275,(04)23288582,2025,8,18,8,51,臺中市,南區,0,0,0,7,,,50,,,,,,,,,,,,,,,,,,,B03,,,1,,1,,,84,84,1,13,4,120.655457,24.115199,3
6556,66000,387130000C,(04)23274275,(04)23288582,2025,8,18,8,53,臺中市,豐原區,0,1,0,7,2,6,30,11,9,1,5,4,6,6,4,4,10,5,5,1,11,3,10,3,1,B03,7,9,1,8,2,8,,41,41,1,12,4,120.74827,24.25122,2
6557,66000,387130000C,(04)23274275,(04)23288582,2025,8,18,8,54,臺中市,大里區,0,2,0,7,2,6,50,3,1,1,5,4,6,6,4,4,10,5,5,2,16,2,3,3,1,B03,7,11,1,8,2,4,,45,45,1,13,4,120.703755,24.088056,2