序號,縣市別代碼,機關代碼,市話,傳真,年,月,日,時,分,縣市,區,死亡數量,受傷數量,2-30,天候,道路照明設備,道路類別,道路速限,道路型態,事故位置,路面鋪裝,路面狀態,路面缺陷,障礙物,視距,號誌種類,號誌動作,分向設施,快車道或一般車道間,快慢車道間,路面邊線,事故類型及型態,受傷程度,主要傷處,保護裝備,行動電話或功能裝置,當事者區分(類別),車輛用途,當事者行動狀態,駕照狀態,駕照種類,飲酒情形,車輛撞擊部位最初,車輛撞擊部位其他,肇事因素個別,肇事因素主要,肇事逃逸,職業,共享經濟或外送平台,GPS座標X,GPS座標Y,事故類別
6558,66000,387130000C,(04)23274275,(04)23288582,2025,8,18,8,55,臺中市,北屯區,0,1,0,7,2,6,50,4,1,1,5,4,6,6,2,1,10,5,5,2,13,3,10,3,1,B03,7,9,1,8,2,1,,84,84,1,12,4,120.676131,24.196633,2
6559,66000,387130000C,(04)23274275,(04)23288582,2025,8,18,9,0,臺中市,南屯區,0,0,0,7,3,6,50,13,9,1,5,4,6,6,1,1,1,4,5,2,12,,,,,B03,,,1,,1,,,84,84,1,12,4,120.646709,24.153847,3
6560,66000,387130000C,(04)23274275,(04)23288582,2025,8,18,9,0,臺中市,南屯區,0,1,0,7,3,6,50,4,1,1,5,4,6,6,1,1,5,5,4,2,16,3,10,3,1,B03,7,6,1,8,2,6,,11,11,1,12,4,120.641406,24.133392,2
6561,66000,387130000C,(04)23274275,(04)23288582,2025,8,18,9,2,臺中市,南屯區,0,1,0,7,3,6,50,13,9,1,5,4,6,6,4,4,1,5,5,1,22,2,3,3,1,B03,7,9,1,8,2,5,,58,58,1,12,4,120.623599,24.148781,2
6562,66000,387130000C,(04)23274275,(04)23288582,2025,8,18,9,8,臺中市,西區,0,0,0,7,,,50,,,,,,,,,,,,,,,,,,,B03,,,1,,1,,,51,51,1,12,4,120.676497,24.13441,3
6563,66000,387130000C,(04)23274275,(04)23288582,2025,8,18,9,11,臺中市,西區,0,1,0,7,1,6,50,4,1,1,5,4,6,6,4,4,10,5,5,1,17,3,10,5,4,B03,7,9,1,10,2,2,,20,20,1,12,4,120.668981,24.149558,2
6564,66000,387130000C,(04)23274275,(04)23288582,2025,8,18,9,17,臺中市,南區,0,1,0,7,2,6,50,13,9,1,5,4,6,6,4,4,9,5,5,2,17,3,10,1,1,C03,7,1,3,19,2,14,,51,51,1,12,4,120.663907,24.116359,2
6565,66000,387130000C,(04)23274275,(04)23288582,2025,8,18,9,17,臺中市,霧峰區,0,0,0,7,,,50,,,,,,,,,,,,,,17,,,,,B03,,,1,,2,,,7,7,1,13,4,120.677754,24.039523,3
6566,66000,387130000C,(04)23274275,(04)23288582,2025,8,18,9,18,臺中市,南區,0,1,0,7,2,6,40,13,8,1,5,4,6,6,4,4,1,4,4,2,17,2,9,2,1,C04,7,1,1,11,2,14,,51,51,1,12,4,120.652988,24.11345,2
6567,66000,387130000C,(04)23274275,(04)23288582,2025,8,18,9,19,臺中市,烏日區,0,1,0,7,2,6,30,4,2,1,5,4,6,6,4,4,10,5,5,1,17,2,9,1,1,C03,7,9,1,10,2,11,12,7,7,1,6,4,120.637458,24.078351,2
6568,66000,387130000C,(04)23274275,(04)23288582,2025,8,18,9,23,臺中市,太平區,0,0,0,7,,,50,,,,,,,,,,,,,,13,,,,,B03,,,1,,1,,,84,84,1,13,4,120.723523,24.14538,3
6569,66000,387130000C,(04)23274275,(04)23288582,2025,8,18,9,35,臺中市,西區,0,0,0,7,,,50,,,,,,,,,,,,,,14,,,,,B12,,,1,,1,,,50,50,1,13,4,120.66147,24.133235,3
6570,66000,387130000C,(04)23274275,(04)23288582,2025,8,18,9,45,臺中市,大里區,0,0,0,7,,,30,,,,,,,,,,,,,,12,,,,,B03,,,1,,2,,,8,8,1,13,4,120.668919,24.106377,3
6571,66000,387130000C,(04)23274275,(04)23288582,2025,8,18,9,45,臺中市,大里區,0,0,0,7,,,50,,,,,,,,,,,,,,13,,,,,B03,,,1,,2,,,7,7,1,13,4,120.688843,24.104389,3
6572,66000,387130000C,(04)23274275,(04)23288582,2025,8,18,9,49,臺中市,潭子區,0,0,0,7,,,60,,,,,,,,,,,,,,17,,,,,B03,,,1,,2,,,50,50,1,13,4,120.705796,24.217152,3
6573,66000,387130000C,(04)23274275,(04)23288582,2025,8,18,9,51,臺中市,沙鹿區,0,0,0,7,,,50,,,,,,,,,,,,,,,,,,,B03,,,1,,1,,,7,7,1,13,4,120.568569,24.208352,3
6574,66000,387130000C,(04)23274275,(04)23288582,2025,8,18,9,51,臺中市,大甲區,0,0,0,7,,,50,,,,,,,,,,,,,,,,,,,B12,,,1,,2,,,84,84,1,6,4,120.622827,24.342103,3
6575,66000,387130000C,(04)23274275,(04)23288582,2025,8,18,9,58,臺中市,西屯區,0,0,0,7,2,6,50,13,9,1,5,4,6,6,4,4,9,3,5,2,12,,,,,C03,,,1,,9,,,8,8,1,13,4,120.644935,24.172157,3
6576,66000,387130000C,(04)23274275,(04)23288582,2025,8,18,10,5,臺中市,北屯區,0,0,0,7,,3,80,,,,,,,,,,,,,,,,,,,B03,,,1,,1,,,40,40,1,12,4,120.681623,24.201149,3
6577,66000,387130000C,(04)23274275,(04)23288582,2025,8,18,10,5,臺中市,大肚區,0,0,0,7,,,50,,,,,,,,,,,,,,13,,,,,C03,,,1,,2,,,6,6,1,6,4,120.542759,24.150392,3
6578,66000,387130000C,(04)23274275,(04)23288582,2025,8,18,10,8,臺中市,北屯區,0,0,0,7,,,50,,,,,,,,,,,,,,17,,,,,B03,,,1,,1,,,50,50,1,12,4,120.67086,24.195411,3
6579,66000,387130000C,(04)23274275,(04)23288582,2025,8,18,10,8,臺中市,大里區,0,2,0,7,2,6,50,4,1,1,5,4,4,6,2,1,5,5,4,2,16,2,9,1,1,C03,7,9,1,10,2,11,,58,58,1,6,4,120.682909,24.106418,2
6580,66000,387130000C,(04)23274275,(04)23288582,2025,8,18,10,8,臺中市,大里區,0,0,0,7,,,50,,,,,,,,,,,,,,12,,,,,C03,,,3,,2,,,84,84,1,12,4,120.672586,24.089253,3
6581,66000,387130000C,(04)23274275,(04)23288582,2025,8,18,10,18,臺中市,豐原區,0,0,0,7,,,50,,,,,,,,,,,,,,13,,,,,B03,,,1,,2,,,84,84,1,13,4,120.716166,24.244101,3
6582,66000,387130000C,(04)23274275,(04)23288582,2025,8,18,10,19,臺中市,龍井區,0,0,0,7,,,60,,,,,,,,,,,,,,,,,,,B03,,,1,,1,,,84,84,1,12,4,120.580157,24.189864,3
6583,66000,387130000C,(04)23274275,(04)23288582,2025,8,18,10,29,臺中市,豐原區,0,0,0,7,,,50,,,,,,,,,,,,,,17,,,,,A05,,,1,,2,,,78,78,1,12,4,120.702423,24.243941,3
6584,66000,387130000C,(04)23274275,(04)23288582,2025,8,18,10,30,臺中市,南區,0,1,0,7,3,6,50,5,1,1,5,4,6,6,1,1,10,5,5,2,17,3,10,3,1,B03,7,11,1,8,2,2,,45,45,1,13,4,120.669995,24.124671,2
6585,66000,387130000C,(04)23274275,(04)23288582,2025,8,18,10,31,臺中市,太平區,0,1,0,7,3,6,30,3,1,1,5,4,6,6,4,4,10,5,5,2,14,2,7,2,1,F03,7,9,7,21,2,12,,84,84,1,12,4,120.724005,24.129729,2
6586,66000,387130000C,(04)23274275,(04)23288582,2025,8,18,10,31,臺中市,豐原區,0,2,0,7,2,6,50,13,7,1,5,4,6,6,4,4,5,4,4,2,12,3,10,1,1,C03,7,11,1,10,9,16,,45,45,1,12,4,120.713106,24.250733,2
6587,66000,387130000C,(04)23274275,(04)23288582,2025,8,18,10,33,臺中市,北屯區,0,0,0,7,,,40,,,,,,,,,,,,,,,,,,,B02,,,1,,2,,,8,8,1,6,4,120.665565,24.183454,3
6588,66000,387130000C,(04)23274275,(04)23288582,2025,8,18,10,35,臺中市,豐原區,0,0,0,7,,,50,,,,,,,,,,,,,,17,,,,,B03,,,1,,2,,,40,40,1,13,4,120.711049,24.239327,4
6589,66000,387130000C,(04)23274275,(04)23288582,2025,8,18,10,37,臺中市,大里區,0,0,0,7,,,60,,,,,,,,,,,,,,14,,,,,B12,,,1,,2,,,49,49,1,13,4,120.686504,24.10239,3
6590,66000,387130000C,(04)23274275,(04)23288582,2025,8,18,10,48,臺中市,北區,0,1,0,7,2,6,50,4,2,1,5,4,6,6,2,1,10,5,5,2,12,2,9,2,1,C03,7,1,1,10,2,14,,51,51,1,13,4,120.668488,24.17173,2
6591,66000,387130000C,(04)23274275,(04)23288582,2025,8,18,10,55,臺中市,西屯區,0,1,0,7,2,6,50,4,1,1,5,4,6,6,2,1,9,5,5,2,15,2,9,1,1,C03,7,9,1,10,2,12,,21,21,1,12,4,120.660451,24.164449,2
6592,66000,387130000C,(04)23274275,(04)23288582,2025,8,18,10,57,臺中市,沙鹿區,0,0,0,7,,,50,,,,,,,,,,,,,,,,,,,B03,,,1,,2,,,7,7,1,6,4,120.562433,24.233402,3
6593,66000,387130000C,(04)23274275,(04)23288582,2025,8,18,11,0,臺中市,龍井區,0,0,0,7,,,0,,,,,,,,,,,,,,14,,,,,B02,,,1,,2,,,49,49,1,6,4,120.505379,24.210437,3
6594,66000,387130000C,(04)23274275,(04)23288582,2025,8,18,11,5,臺中市,大雅區,0,0,0,7,,,50,,,,,,,,,,,,,,,,,,,A41,,,1,,2,,,40,40,1,13,4,120.614927,24.218457,3
6595,66000,387130000C,(04)23274275,(04)23288582,2025,8,18,11,7,臺中市,西屯區,0,0,0,7,,,40,,,,,,,,,,,,,,13,,,,,B03,,,1,,1,,,59,59,1,13,4,120.646048,24.164383,3
6596,66000,387130000C,(04)23274275,(04)23288582,2025,8,18,11,12,臺中市,大里區,0,0,0,7,,,30,,,,,,,,,,,,,,14,,,,,A12,,,1,,2,,,49,49,1,6,4,120.684712,24.118311,3
6597,66000,387130000C,(04)23274275,(04)23288582,2025,8,18,11,17,臺中市,豐原區,0,1,0,7,2,6,40,3,1,1,5,4,6,6,1,1,5,4,5,1,17,3,10,5,4,B03,7,6,1,8,2,1,,11,11,1,12,4,120.72435,24.230756,2
6598,66000,387130000C,(04)23274275,(04)23288582,2025,8,18,11,20,臺中市,大甲區,0,0,0,7,,,70,,,,,,,,,,,,,,,,,,,B03,,,1,,1,,,56,56,1,6,4,120.65211,24.383228,3
6599,66000,387130000C,(04)23274275,(04)23288582,2025,8,18,11,21,臺中市,東區,0,0,0,7,,,50,,,,,,,,,,,,,,17,,,,,C03,,,1,,1,,,51,51,1,12,4,120.709027,24.143908,3
6600,66000,387130000C,(04)23274275,(04)23288582,2025,8,18,11,21,臺中市,南區,0,3,0,7,1,6,50,4,1,1,5,4,6,6,2,1,10,5,5,2,9,2,7,5,4,B03,7,6,1,8,9,5,,10,10,1,13,4,120.653659,24.113755,2
6601,66000,387130000C,(04)23274275,(04)23288582,2025,8,18,11,22,臺中市,西屯區,0,0,0,7,,,50,,,,,,,,,,,,,,13,,,,,B03,,,1,,1,,,59,59,1,12,4,120.649292,24.162552,3
6602,66000,387130000C,(04)23274275,(04)23288582,2025,8,18,11,23,臺中市,中區,0,0,0,7,,,50,,,,,,,,,,,,,,13,,,,,C03,,,1,,1,,,84,84,1,12,4,120.685322,24.142574,3
6603,66000,387130000C,(04)23274275,(04)23288582,2025,8,18,11,36,臺中市,南屯區,0,0,0,7,,,50,,,,,,,,,,,,,,,,,,,B01,,,1,,1,,,8,8,1,13,4,120.646679,24.138636,3
6604,66000,387130000C,(04)23274275,(04)23288582,2025,8,18,11,40,臺中市,大甲區,0,0,0,7,,,40,,,,,,,,,,,,,,17,,,,,B03,,,1,,1,,,87,87,1,13,4,120.648241,24.376038,3
6605,66000,387130000C,(04)23274275,(04)23288582,2025,8,18,11,45,臺中市,大里區,0,1,0,7,3,6,60,4,1,1,5,4,6,6,1,1,10,5,5,2,16,3,10,3,1,B12,7,5,1,7,2,5,,39,39,1,6,4,120.665914,24.106319,2
6606,66000,387130000C,(04)23274275,(04)23288582,2025,8,18,11,45,臺中市,清水區,0,1,0,7,3,6,50,4,9,1,5,4,6,6,4,4,1,4,5,1,17,3,10,3,1,B03,7,5,1,10,2,3,,14,14,1,12,4,120.547526,24.266587,2
6607,66000,387130000C,(04)23274275,(04)23288582,2025,8,18,11,47,臺中市,南屯區,0,1,0,7,3,6,50,4,1,1,5,4,6,6,4,4,5,5,5,2,15,2,9,1,1,C03,7,9,1,10,2,12,,15,15,1,12,4,120.62875,24.116376,2
6608,66000,387130000C,(04)23274275,(04)23288582,2025,8,18,11,48,臺中市,神岡區,0,1,0,7,3,6,30,13,9,1,5,4,6,6,4,4,10,5,5,2,16,3,10,1,1,C03,7,1,1,10,2,11,,51,51,1,12,4,120.683041,24.245188,2
6609,66000,387130000C,(04)23274275,(04)23288582,2025,8,18,11,54,臺中市,南區,0,1,0,7,2,6,30,5,1,1,5,4,6,6,4,4,10,5,5,2,18,2,9,2,1,C03,7,9,1,10,2,12,,84,84,1,12,4,120.67098,24.125882,2
6610,66000,387130000C,(04)23274275,(04)23288582,2025,8,18,11,55,臺中市,南屯區,0,1,0,7,3,6,50,4,1,1,5,4,6,6,1,1,5,5,5,2,17,3,10,1,1,C03,7,6,1,10,2,16,,11,11,1,12,4,120.650628,24.149917,2
6611,66000,387130000C,(04)23274275,(04)23288582,2025,8,18,11,58,臺中市,北屯區,0,0,0,7,,,50,,,,,,,,,,,,,,,,,,,C03,,,1,,2,,,15,15,1,13,4,120.668579,24.179905,3
6612,66000,387130000C,(04)23274275,(04)23288582,2025,8,18,11,59,臺中市,西屯區,0,1,0,7,2,6,40,13,8,1,5,4,6,6,4,4,1,5,5,2,12,3,10,5,4,B03,7,1,1,8,2,7,,51,51,1,12,4,120.609033,24.184578,2
6613,66000,387130000C,(04)23274275,(04)23288582,2025,8,18,12,0,臺中市,南屯區,0,1,0,7,3,6,50,13,9,1,5,4,6,6,4,4,5,5,5,2,17,2,7,5,4,B03,7,15,1,8,1,16,,76,76,1,12,4,120.634972,24.146754,2
6614,66000,387130000C,(04)23274275,(04)23288582,2025,8,18,12,1,臺中市,外埔區,0,0,0,7,2,6,30,3,2,1,5,4,6,6,4,4,10,5,5,2,16,3,10,1,1,C03,7,1,1,10,2,14,,51,51,1,12,4,120.637604,24.342869,3
6615,66000,387130000C,(04)23274275,(04)23288582,2025,8,18,12,7,臺中市,西屯區,0,0,0,7,,,50,,,,,,,,,,,,,,13,,,,,C03,,,1,,1,,,7,7,1,12,4,120.588534,24.175358,3
6616,66000,387130000C,(04)23274275,(04)23288582,2025,8,18,12,9,臺中市,北區,0,1,0,7,2,6,50,4,1,1,5,4,6,6,2,1,5,5,5,2,17,3,10,3,1,B01,7,6,1,4,9,5,,85,85,1,12,4,120.671827,24.171652,2
6617,66000,387130000C,(04)23274275,(04)23288582,2025,8,18,12,10,臺中市,烏日區,0,0,0,7,,,50,,,,,,,,,,,,,,25,,,,,A11,,,1,,2,,,8,8,1,6,4,120.659837,24.096362,3
6618,66000,387130000C,(04)23274275,(04)23288582,2025,8,18,12,11,臺中市,神岡區,0,0,0,7,,,50,,,,,,,,,,,,,,13,,,,,B03,,,1,,2,,,57,57,1,6,4,120.693562,24.237029,3
6619,66000,387130000C,(04)23274275,(04)23288582,2025,8,18,12,15,臺中市,北屯區,0,1,0,7,2,6,50,3,1,1,5,4,6,6,4,4,10,5,5,2,16,3,10,3,1,B03,7,5,1,8,2,8,,12,12,1,12,4,120.696587,24.17077,2
6620,66000,387130000C,(04)23274275,(04)23288582,2025,8,18,12,17,臺中市,南屯區,0,0,0,7,,,50,,,,,,,,,,,,,,,,,,,B03,,,1,,1,,,49,49,1,13,4,120.628636,24.147622,3
6621,66000,387130000C,(04)23274275,(04)23288582,2025,8,18,12,18,臺中市,大里區,0,0,0,7,,,50,,,,,,,,,,,,,,13,,,,,C03,,,1,,2,,,7,7,1,6,4,120.685475,24.110162,3
6622,66000,387130000C,(04)23274275,(04)23288582,2025,8,18,12,20,臺中市,東區,0,1,0,7,3,6,50,5,1,1,5,4,6,6,2,1,10,5,5,2,13,2,8,2,1,C03,7,9,1,10,2,11,,7,7,1,13,4,120.705561,24.130363,2
6623,66000,387130000C,(04)23274275,(04)23288582,2025,8,18,12,24,臺中市,烏日區,0,1,0,7,2,6,50,4,2,1,5,4,6,6,4,4,10,5,5,1,11,2,9,1,1,C03,7,5,1,10,2,11,14,84,84,1,6,4,120.595617,24.110658,2
6624,66000,387130000C,(04)23274275,(04)23288582,2025,8,18,12,27,臺中市,太平區,0,0,0,7,,,50,,,,,,,,,,,,,,,,,,,B03,,,1,,1,,,57,57,1,12,4,120.705452,24.14843,3
6625,66000,387130000C,(04)23274275,(04)23288582,2025,8,18,12,32,臺中市,中區,0,1,0,7,2,6,50,4,2,1,5,4,6,6,1,1,5,5,5,2,13,2,8,1,1,C03,7,9,1,4,2,11,,84,84,1,13,4,120.685657,24.141644,2
6626,66000,387130000C,(04)23274275,(04)23288582,2025,8,18,12,35,臺中市,大雅區,0,0,0,7,,,50,,,,,,,,,,,,,,,,,,,B03,,,1,,2,,,8,8,1,12,4,120.651528,24.223556,3
6627,66000,387130000C,(04)23274275,(04)23288582,2025,8,18,12,36,臺中市,潭子區,0,0,0,7,,,50,,,,,,,,,,,,,,,,,,,B03,,,1,,2,,,8,8,1,13,4,120.701865,24.189438,3
6628,66000,387130000C,(04)23274275,(04)23288582,2025,8,18,12,40,臺中市,烏日區,0,0,0,7,,,50,,,,,,,,,,,,,,16,,,,,B03,,,1,,1,,,20,20,1,6,4,120.629719,24.104297,3
6629,66000,387130000C,(04)23274275,(04)23288582,2025,8,18,12,42,臺中市,西屯區,0,2,0,7,1,6,50,4,1,1,5,4,6,6,1,1,10,5,5,2,16,3,10,3,1,B03,7,6,1,8,1,2,,11,11,1,12,4,120.660712,24.172391,2
6630,66000,387130000C,(04)23274275,(04)23288582,2025,8,18,12,43,臺中市,南區,0,0,0,7,,,50,,,,,,,,,,,,,,,,,,,B03,,,1,,2,,,84,84,1,13,4,120.658257,24.121149,3
6631,66000,387130000C,(04)23274275,(04)23288582,2025,8,18,12,44,臺中市,西屯區,0,0,0,7,,,50,,,,,,,,,,,,,,14,,,,,A41,,,1,1,9,,,49,49,1,12,4,120.599346,24.174679,3
6632,66000,387130000C,(04)23274275,(04)23288582,2025,8,18,12,47,臺中市,潭子區,0,0,0,7,,,50,,,,,,,,,,,,,,13,,,,,B03,,,1,,2,,,7,7,1,13,4,120.710847,24.207331,3
6633,66000,387130000C,(04)23274275,(04)23288582,2025,8,18,12,52,臺中市,東區,0,1,0,7,2,6,50,13,9,1,5,4,6,6,4,4,5,5,5,2,13,2,9,1,1,C03,7,9,1,10,2,11,,7,7,1,12,4,120.684968,24.124492,2
6634,66000,387130000C,(04)23274275,(04)23288582,2025,8,18,12,55,臺中市,清水區,0,0,0,7,,,40,,,,,,,,,,,,,,17,,,,,B12,,,1,,1,,,49,49,1,12,4,120.571976,24.274811,3
6635,66000,387130000C,(04)23274275,(04)23288582,2025,8,18,13,10,臺中市,西屯區,0,2,0,7,2,6,50,5,1,1,5,4,6,6,1,1,10,5,5,2,17,2,9,5,4,C03,7,5,1,10,2,11,,22,22,1,12,4,120.645891,24.171823,2
6636,66000,387130000C,(04)23274275,(04)23288582,2025,8,18,13,13,臺中市,新社區,0,0,0,7,,,50,,,,,,,,,,,,,,,,,,,B03,,,1,,1,,,49,49,1,13,4,120.793889,24.20577,3
6637,66000,387130000C,(04)23274275,(04)23288582,2025,8,18,13,15,臺中市,南屯區,0,2,0,7,2,6,50,13,9,1,5,4,6,6,4,4,10,5,5,2,3,2,9,2,1,C03,7,9,1,10,2,11,,59,59,1,12,4,120.638535,24.139155,2
6638,66000,387130000C,(04)23274275,(04)23288582,2025,8,18,13,15,臺中市,北屯區,0,0,0,7,,,50,,,,,,,,,,,,,,15,,,,,C03,,,1,,2,,,21,21,1,6,4,120.686357,24.170719,4
6639,66000,387130000C,(04)23274275,(04)23288582,2025,8,18,13,18,臺中市,南屯區,0,0,0,7,,,50,,,,,,,,,,,,,,,,,,,C03,,,1,,2,,,84,84,1,6,4,120.637374,24.150503,3
6640,66000,387130000C,(04)23274275,(04)23288582,2025,8,18,13,19,臺中市,西屯區,0,0,0,7,,,50,,,,,,,,,,,,,,12,,,,,B02,,,1,,1,,,8,8,1,13,4,120.618004,24.188242,3
6641,66000,387130000C,(04)23274275,(04)23288582,2025,8,18,13,19,臺中市,西屯區,0,1,0,7,1,6,30,3,1,1,5,4,6,6,4,4,10,5,5,2,16,3,10,3,1,B03,7,6,1,8,2,1,,14,14,1,12,4,120.634268,24.199378,2
6642,66000,387130000C,(04)23274275,(04)23288582,2025,8,18,13,28,臺中市,北區,0,0,0,7,,,50,,,,,,,,,,,,,,13,,,,,B03,,,1,,1,,,7,7,1,13,4,120.676943,24.167184,3
6643,66000,387130000C,(04)23274275,(04)23288582,2025,8,18,13,32,臺中市,豐原區,0,1,0,7,2,6,50,4,1,1,5,4,6,6,2,1,1,2,4,2,12,2,9,1,1,C03,7,6,1,10,2,14,,84,84,1,12,4,120.729849,24.255105,2
6644,66000,387130000C,(04)23274275,(04)23288582,2025,8,18,13,40,臺中市,大里區,0,0,0,7,,,50,,,,,,,,,,,,,,,,,,,B03,,,1,,2,,,49,49,1,6,4,120.703545,24.092031,3
6645,66000,387130000C,(04)23274275,(04)23288582,2025,8,18,13,41,臺中市,西屯區,0,1,0,7,2,6,50,4,1,1,5,4,6,6,1,1,10,5,5,2,12,3,10,5,4,C03,7,9,1,10,2,13,,42,42,1,12,4,120.622105,24.174075,2
6646,66000,387130000C,(04)23274275,(04)23288582,2025,8,18,13,47,臺中市,西屯區,0,0,0,7,,,50,,,,,,,,,,,,,,13,,,,,B03,,,1,,1,,,59,59,1,12,4,120.632545,24.170095,3
6647,66000,387130000C,(04)23274275,(04)23288582,2025,8,18,13,48,臺中市,南屯區,0,0,0,7,,,50,,,,,,,,,,,,,,12,,,,,B03,,,1,,2,,,42,42,1,12,4,120.646417,24.143033,3
6648,66000,387130000C,(04)23274275,(04)23288582,2025,8,18,13,50,臺中市,北屯區,0,0,0,7,,,50,,,,,,,,,,,,,,,,,,,B03,,,1,,1,,,59,59,1,6,4,120.720983,24.175415,3
6649,66000,387130000C,(04)23274275,(04)23288582,2025,8,18,13,51,臺中市,神岡區,0,0,0,7,,,50,,,,,,,,,,,,,,17,,,,,B03,,,1,,1,,,59,59,1,13,4,120.684239,24.268865,4
6650,66000,387130000C,(04)23274275,(04)23288582,2025,8,18,13,59,臺中市,烏日區,0,0,0,7,,,50,,,,,,,,,,,,,,,,,,,B03,,,1,,2,,,85,85,1,13,4,120.646784,24.093103,3
6651,66000,387130000C,(04)23274275,(04)23288582,2025,8,18,14,1,臺中市,大里區,0,0,0,7,,,50,,,,,,,,,,,,,,14,,,,,B12,,,1,,2,,,49,49,1,6,4,120.678529,24.116539,3
6652,66000,387130000C,(04)23274275,(04)23288582,2025,8,18,14,6,臺中市,大里區,0,0,0,7,,,50,,,,,,,,,,,,,,12,,,,,B03,,,1,,2,,,8,8,1,12,4,120.682588,24.092961,3
6653,66000,387130000C,(04)23274275,(04)23288582,2025,8,18,14,10,臺中市,神岡區,0,0,0,7,,,30,,,,,,,,,,,,,,17,,,,,B12,,,1,,1,,,8,8,1,13,4,120.652713,24.274368,3
6654,66000,387130000C,(04)23274275,(04)23288582,2025,8,18,14,11,臺中市,西屯區,0,1,0,7,2,6,40,4,1,1,5,4,6,6,2,1,10,5,5,2,16,3,10,5,4,B03,7,5,1,8,2,2,,42,42,1,13,4,120.641018,24.167806,2
6655,66000,387130000C,(04)23274275,(04)23288582,2025,8,18,14,11,臺中市,西屯區,0,0,0,7,,,30,,,,,,,,,,,,,,13,,,,,C03,,,1,,1,,,61,61,1,12,4,120.615367,24.183989,3
6656,66000,387130000C,(04)23274275,(04)23288582,2025,8,18,14,17,臺中市,北區,0,0,0,7,,,50,,,,,,,,,,,,,,17,,,,,F01,,,7,,2,,,84,84,1,12,4,120.68528,24.155783,3
6657,66000,387130000C,(04)23274275,(04)23288582,2025,8,18,14,27,臺中市,西屯區,0,0,0,7,,,50,,,,,,,,,,,,,,17,,,,,H01,,,7,,1,,,112,112,1,12,4,120.604289,24.173463,3
6658,66000,387130000C,(04)23274275,(04)23288582,2025,8,18,14,28,臺中市,豐原區,0,0,0,7,,,50,,,,,,,,,,,,,,14,,,,,B12,,,1,,2,,,49,49,1,12,4,120.720337,24.257688,3
6659,66000,387130000C,(04)23274275,(04)23288582,2025,8,18,14,29,臺中市,南屯區,0,0,0,7,3,6,50,13,9,1,5,4,6,6,4,4,5,5,5,2,12,,,,,B12,,,1,,1,,,50,50,1,12,4,120.611607,24.136461,3
6660,66000,387130000C,(04)23274275,(04)23288582,2025,8,18,14,29,臺中市,大肚區,0,2,0,7,2,6,70,13,7,1,5,4,6,6,4,4,1,4,4,1,13,3,10,3,1,B03,7,9,1,8,2,1,,84,84,1,6,4,120.551496,24.137804,2
6661,66000,387130000C,(04)23274275,(04)23288582,2025,8,18,14,30,臺中市,中區,0,0,0,7,,,50,,,,,,,,,,,,,,,,,,,B01,,,1,,9,,,50,50,1,6,4,120.682626,24.13684,3
6662,66000,387130000C,(04)23274275,(04)23288582,2025,8,18,14,32,臺中市,潭子區,0,1,0,7,3,6,30,4,1,1,5,4,6,6,4,4,10,5,5,2,15,2,9,2,1,C03,7,9,1,10,2,11,,84,84,1,13,4,120.706767,24.2104,2
6663,66000,387130000C,(04)23274275,(04)23288582,2025,8,18,14,32,臺中市,西屯區,0,1,0,7,2,6,40,4,1,1,5,4,6,6,2,1,1,4,1,2,17,2,8,5,4,C03,7,9,1,10,2,11,,59,59,1,12,4,120.636439,24.160617,2
6664,66000,387130000C,(04)23274275,(04)23288582,2025,8,18,14,33,臺中市,烏日區,0,0,0,7,,,50,,,,,,,,,,,,,,9,,,,,B03,,,1,,1,,,45,45,1,6,4,120.61553,24.11295,3
6665,66000,387130000C,(04)23274275,(04)23288582,2025,8,18,14,34,臺中市,龍井區,0,1,0,7,3,3,70,13,7,1,5,4,6,6,4,4,1,4,5,1,20,3,10,3,1,B12,7,9,1,8,2,8,,59,59,1,6,4,120.508257,24.194333,2
6666,66000,387130000C,(04)23274275,(04)23288582,2025,8,18,14,40,臺中市,西屯區,0,0,0,7,,,50,,,,,,,,,,,,,,12,,,,,B12,,,1,,1,,,8,8,1,12,4,120.630011,24.183267,3
6667,66000,387130000C,(04)23274275,(04)23288582,2025,8,18,14,41,臺中市,大里區,0,1,0,7,2,6,50,3,1,1,5,4,6,6,4,4,5,5,4,2,16,2,9,1,1,C03,7,6,1,10,2,11,14,14,14,1,6,4,120.681376,24.112333,2
6668,66000,387130000C,(04)23274275,(04)23288582,2025,8,18,14,42,臺中市,大雅區,0,0,0,7,,,40,,,,,,,,,,,,,,,,,,,C03,,,1,,1,,,4,4,1,13,4,120.649942,24.221746,3
6669,66000,387130000C,(04)23274275,(04)23288582,2025,8,18,14,45,臺中市,西屯區,0,0,0,7,,,60,,,,,,,,,,,,,,16,,,,,B03,,,1,,1,,,8,8,1,13,4,120.646564,24.16437,3
6670,66000,387130000C,(04)23274275,(04)23288582,2025,8,18,14,53,臺中市,太平區,0,0,0,7,,,30,,,,,,,,,,,,,,,,,,,B03,,,1,,2,,,84,84,1,12,4,120.717491,24.150761,3
6671,66000,387130000C,(04)23274275,(04)23288582,2025,8,18,15,2,臺中市,太平區,0,1,0,7,2,6,50,13,9,1,5,4,6,6,4,4,1,4,5,2,30,2,9,2,1,C03,7,9,1,10,2,11,,84,84,1,13,4,120.721945,24.144927,2