序號,縣市別代碼,機關代碼,市話,傳真,年,月,日,時,分,縣市,區,死亡數量,受傷數量,2-30,天候,道路照明設備,道路類別,道路速限,道路型態,事故位置,路面鋪裝,路面狀態,路面缺陷,障礙物,視距,號誌種類,號誌動作,分向設施,快車道或一般車道間,快慢車道間,路面邊線,事故類型及型態,受傷程度,主要傷處,保護裝備,行動電話或功能裝置,當事者區分(類別),車輛用途,當事者行動狀態,駕照狀態,駕照種類,飲酒情形,車輛撞擊部位最初,車輛撞擊部位其他,肇事因素個別,肇事因素主要,肇事逃逸,職業,共享經濟或外送平台,GPS座標X,GPS座標Y,事故類別
6672,66000,387130000C,(04)23274275,(04)23288582,2025,8,18,15,2,臺中市,豐原區,0,2,0,7,2,6,50,13,9,1,5,4,6,6,4,4,1,2,5,1,12,3,10,5,4,B03,7,9,1,8,2,2,,8,8,1,13,4,120.722161,24.277029,2
6673,66000,387130000C,(04)23274275,(04)23288582,2025,8,18,15,5,臺中市,大肚區,0,1,0,7,2,6,50,13,9,1,5,4,6,6,4,4,9,5,5,1,17,3,10,3,1,B03,7,11,1,8,2,8,,45,45,1,6,4,120.53444,24.152344,2
6674,66000,387130000C,(04)23274275,(04)23288582,2025,8,18,15,6,臺中市,潭子區,0,0,0,7,,,50,,,,,,,,,,,,,,,,,,,B12,,,1,,2,,,40,40,1,12,4,120.684792,24.216293,3
6675,66000,387130000C,(04)23274275,(04)23288582,2025,8,18,15,11,臺中市,西屯區,0,0,0,7,,,50,,,,,,,,,,,,,,12,,,,,B03,,,1,,1,,,40,40,1,13,4,120.602388,24.183177,3
6676,66000,387130000C,(04)23274275,(04)23288582,2025,8,18,15,14,臺中市,大里區,0,0,0,7,2,6,50,5,1,1,5,4,6,6,1,1,5,4,5,1,16,,,,,C03,,,1,,2,,,36,36,1,13,4,120.689806,24.113049,3
6677,66000,387130000C,(04)23274275,(04)23288582,2025,8,18,15,15,臺中市,北屯區,0,1,0,7,3,6,30,13,9,1,5,4,6,6,4,4,10,5,5,2,17,3,10,3,1,B03,7,1,1,8,2,4,,51,51,1,13,4,120.663054,24.196413,2
6678,66000,387130000C,(04)23274275,(04)23288582,2025,8,18,15,15,臺中市,梧棲區,0,0,0,7,,,50,,,,,,,,,,,,,,14,,,,,B03,,,1,,1,,,49,49,1,12,4,120.533656,24.254991,3
6679,66000,387130000C,(04)23274275,(04)23288582,2025,8,18,15,16,臺中市,大雅區,0,0,0,7,,,50,,,,,,,,,,,,,,29,,,,,B03,,,1,,2,,,84,84,1,12,4,120.645139,24.229268,3
6680,66000,387130000C,(04)23274275,(04)23288582,2025,8,18,15,25,臺中市,北區,0,0,0,7,,,50,,,,,,,,,,,,,,15,,,,,B03,,,1,,2,,,12,12,1,12,4,120.680484,24.154655,3
6681,66000,387130000C,(04)23274275,(04)23288582,2025,8,18,15,32,臺中市,南屯區,0,0,0,7,,,50,,,,,,,,,,,,,,13,,,,,B03,,,1,,1,,,84,84,1,12,4,120.646892,24.153277,3
6682,66000,387130000C,(04)23274275,(04)23288582,2025,8,18,15,33,臺中市,霧峰區,0,2,0,7,2,6,50,3,1,1,5,4,6,6,4,4,10,5,5,2,16,2,9,1,1,C03,7,6,3,19,2,13,,48,48,1,12,4,120.694539,24.069007,2
6683,66000,387130000C,(04)23274275,(04)23288582,2025,8,18,15,34,臺中市,大里區,0,1,0,7,3,6,50,3,2,1,5,4,6,6,4,4,5,5,4,2,12,3,10,3,1,B03,7,1,1,8,2,8,,51,51,1,13,4,120.681431,24.112521,2
6684,66000,387130000C,(04)23274275,(04)23288582,2025,8,18,15,42,臺中市,大里區,0,0,0,7,,,50,,,,,,,,,,,,,,17,,,,,B12,,,1,1,2,,,84,84,1,13,4,120.714649,24.096755,3
6685,66000,387130000C,(04)23274275,(04)23288582,2025,8,18,15,43,臺中市,太平區,0,0,0,7,,,50,,,,,,,,,,,,,,17,,,,,B03,,,1,,1,,,51,51,1,13,4,120.713519,24.160695,3
6686,66000,387130000C,(04)23274275,(04)23288582,2025,8,18,15,44,臺中市,太平區,0,1,0,7,2,6,50,4,4,1,5,4,6,6,1,1,5,4,4,1,13,3,10,2,1,C03,7,9,1,10,2,11,,84,84,1,13,4,120.718348,24.153782,2
6687,66000,387130000C,(04)23274275,(04)23288582,2025,8,18,15,46,臺中市,南區,0,0,0,7,,,50,,,,,,,,,,,,,,17,,,,,B12,,,1,,1,,,40,40,1,12,4,120.660879,24.122674,3
6688,66000,387130000C,(04)23274275,(04)23288582,2025,8,18,15,47,臺中市,東區,0,1,0,7,2,6,50,4,1,1,5,4,6,6,1,1,3,4,5,2,15,3,10,2,1,C04,7,9,1,10,2,14,,21,21,1,13,4,120.683975,24.134812,2
6689,66000,387130000C,(04)23274275,(04)23288582,2025,8,18,15,48,臺中市,西區,0,0,0,7,,,50,,,,,,,,,,,,,,14,,,,,B03,,,1,8,1,,,49,49,1,13,4,120.6594,24.156591,3
6690,66000,387130000C,(04)23274275,(04)23288582,2025,8,18,15,49,臺中市,西區,0,2,0,7,2,6,50,4,4,1,5,4,6,6,2,1,5,4,5,2,13,2,9,2,1,C03,7,9,1,10,2,11,,56,56,1,12,4,120.651292,24.146749,2
6691,66000,387130000C,(04)23274275,(04)23288582,2025,8,18,15,56,臺中市,沙鹿區,0,0,0,7,,,1,,,,,,,,,,,,,,14,,,,,B12,,,1,,1,,,49,49,1,6,4,120.56842,24.207398,3
6692,66000,387130000C,(04)23274275,(04)23288582,2025,8,18,15,57,臺中市,大雅區,0,1,0,7,3,8,50,3,2,1,5,4,6,6,4,4,9,4,5,1,12,3,10,3,1,B03,7,9,1,8,2,4,,20,20,1,13,4,120.647811,24.223879,2
6693,66000,387130000C,(04)23274275,(04)23288582,2025,8,18,15,57,臺中市,太平區,0,2,0,7,3,6,50,3,7,1,5,4,6,6,1,1,5,5,4,1,16,2,9,1,1,C03,7,1,5,19,2,11,,51,51,1,12,4,120.726127,24.149791,2
6694,66000,387130000C,(04)23274275,(04)23288582,2025,8,18,16,0,臺中市,豐原區,0,0,0,7,,,50,,,,,,,,,,,,,,17,,,,,B12,,,1,,2,,,50,50,1,13,4,120.726064,24.246867,3
6695,66000,387130000C,(04)23274275,(04)23288582,2025,8,18,16,3,臺中市,潭子區,0,0,0,7,,,50,,,,,,,,,,,,,,,,,,,B12,,,1,,2,,,8,8,1,13,4,120.697993,24.195236,3
6696,66000,387130000C,(04)23274275,(04)23288582,2025,8,18,16,4,臺中市,北屯區,0,1,0,7,2,6,50,13,9,1,5,4,6,6,4,4,10,5,4,2,17,3,10,5,4,B03,7,11,1,8,2,2,,45,45,1,12,4,120.690137,24.172847,2
6697,66000,387130000C,(04)23274275,(04)23288582,2025,8,18,16,5,臺中市,沙鹿區,0,0,0,7,,,60,,,,,,,,,,,,,,,,,,,B03,,,1,,2,,,40,40,1,6,4,120.597591,24.249998,3
6698,66000,387130000C,(04)23274275,(04)23288582,2025,8,18,16,8,臺中市,西屯區,0,0,0,7,,,50,,,,,,,,,,,,,,14,,,,,B11,,,3,,9,,,49,49,1,12,4,120.645276,24.186426,3
6699,66000,387130000C,(04)23274275,(04)23288582,2025,8,18,16,10,臺中市,西屯區,0,0,0,7,,,50,,,,,,,,,,,,,,14,,,,,B03,,,1,,1,,,49,49,1,12,4,120.656585,24.157436,3
6700,66000,387130000C,(04)23274275,(04)23288582,2025,8,18,16,10,臺中市,西屯區,0,0,0,7,,,50,,,,,,,,,,,,,,12,,,,,B03,,,1,,2,,,50,50,1,12,4,120.665225,24.175563,3
6701,66000,387130000C,(04)23274275,(04)23288582,2025,8,18,16,12,臺中市,豐原區,0,2,0,7,2,6,50,13,9,1,5,4,6,6,4,4,1,5,5,1,13,2,3,5,4,C03,7,9,3,19,2,11,,7,7,1,13,4,120.740393,24.271635,2
6702,66000,387130000C,(04)23274275,(04)23288582,2025,8,18,16,15,臺中市,沙鹿區,0,1,0,7,2,6,50,4,1,1,5,4,6,6,1,1,10,5,5,2,17,2,9,2,1,C03,7,9,1,10,2,11,,59,59,1,5,4,120.566067,24.250599,2
6703,66000,387130000C,(04)23274275,(04)23288582,2025,8,18,16,16,臺中市,霧峰區,0,0,0,7,,,40,,,,,,,,,,,,,,,,,,,B03,,,1,,2,,,49,49,1,6,4,120.662181,24.071826,3
6704,66000,387130000C,(04)23274275,(04)23288582,2025,8,18,16,16,臺中市,大肚區,0,1,0,7,1,6,30,3,1,1,5,4,6,6,4,4,10,5,5,2,16,2,9,4,1,F01,7,6,7,21,2,11,,14,14,1,2,4,120.577867,24.167867,2
6705,66000,387130000C,(04)23274275,(04)23288582,2025,8,18,16,17,臺中市,霧峰區,0,0,0,7,,,50,,,,,,,,,,,,,,,,,,,B03,,,1,,2,,,8,8,1,12,4,120.662845,24.062236,4
6706,66000,387130000C,(04)23274275,(04)23288582,2025,8,18,16,18,臺中市,南屯區,0,0,0,7,,,50,,,,,,,,,,,,,,13,,,,,B03,,,1,,9,,,40,40,1,12,4,120.654569,24.135273,3
6707,66000,387130000C,(04)23274275,(04)23288582,2025,8,18,16,20,臺中市,北區,0,0,0,7,,,50,,,,,,,,,,,,,,17,,,,,A05,,,1,,9,,,8,8,1,13,4,120.6666,24.158645,3
6708,66000,387130000C,(04)23274275,(04)23288582,2025,8,18,16,20,臺中市,東區,0,0,0,7,,,50,,,,,,,,,,,,,,17,,,,,C03,,,1,,1,,,84,84,1,13,4,120.687221,24.135498,3
6709,66000,387130000C,(04)23274275,(04)23288582,2025,8,18,16,28,臺中市,西屯區,0,0,0,7,,,40,,,,,,,,,,,,,,,,,,,B03,,,1,,1,,,40,40,1,12,4,120.62904,24.163157,3
6710,66000,387130000C,(04)23274275,(04)23288582,2025,8,18,16,36,臺中市,北屯區,0,0,0,7,,,50,,,,,,,,,,,,,,12,,,,,B03,,,1,,1,,,76,76,1,12,4,120.679986,24.173752,3
6711,66000,387130000C,(04)23274275,(04)23288582,2025,8,18,16,37,臺中市,沙鹿區,0,0,0,7,,,50,,,,,,,,,,,,,,,,,,,C03,,,1,,1,,,37,37,1,6,4,120.599284,24.254417,3
6712,66000,387130000C,(04)23274275,(04)23288582,2025,8,18,16,38,臺中市,東區,0,0,0,7,,,50,,,,,,,,,,,,,,13,,,,,B12,,,1,,1,,,84,84,1,12,4,120.692328,24.143161,4
6713,66000,387130000C,(04)23274275,(04)23288582,2025,8,18,16,38,臺中市,沙鹿區,0,1,0,7,2,6,30,4,1,1,5,4,6,6,4,4,10,5,5,2,15,2,9,2,1,C03,7,9,1,10,2,14,,12,12,1,6,4,120.566138,24.242223,2
6714,66000,387130000C,(04)23274275,(04)23288582,2025,8,18,16,47,臺中市,北屯區,0,0,0,7,,,,,,,,,,,,,,,,,30,,,,,,,,,,,,,118,118,1,,,120.679272,24.197902,3
6715,66000,387130000C,(04)23274275,(04)23288582,2025,8,18,16,47,臺中市,豐原區,0,0,0,7,2,6,50,13,9,1,5,4,6,6,4,4,10,5,5,1,30,3,10,3,1,B03,7,9,1,8,2,5,,8,8,1,12,4,120.7406,24.256052,3
6716,66000,387130000C,(04)23274275,(04)23288582,2025,8,18,16,48,臺中市,西屯區,0,0,0,7,,,50,,,,,,,,,,,,,,13,,,,,B12,,,1,,1,,,34,34,1,12,4,120.593316,24.18282,3
6717,66000,387130000C,(04)23274275,(04)23288582,2025,8,18,16,49,臺中市,豐原區,0,0,0,7,,,50,,,,,,,,,,,,,,12,,,,,A11,,,1,,2,,,26,26,1,13,4,120.70308,24.249484,3
6718,66000,387130000C,(04)23274275,(04)23288582,2025,8,18,16,50,臺中市,西區,0,1,0,7,2,6,50,4,1,1,5,4,6,6,1,1,10,5,5,2,16,3,10,5,4,B03,7,5,1,7,2,2,,22,22,1,13,4,120.655083,24.140025,2
6719,66000,387130000C,(04)23274275,(04)23288582,2025,8,18,16,51,臺中市,南屯區,0,0,0,7,,,50,,,,,,,,,,,,,,,,,,,C03,,,1,,2,,,59,59,1,6,4,120.628448,24.145038,3
6720,66000,387130000C,(04)23274275,(04)23288582,2025,8,18,16,53,臺中市,北屯區,0,2,0,7,1,6,50,4,2,1,5,4,6,6,1,1,3,4,5,2,12,2,9,1,1,C03,7,9,1,10,2,11,,84,84,1,13,4,120.700136,24.164975,2
6721,66000,387130000C,(04)23274275,(04)23288582,2025,8,18,16,55,臺中市,南區,0,0,0,7,,,50,,,,,,,,,,,,,,9,,,,,C03,,,1,,2,,,45,45,1,13,4,120.652873,24.108827,4
6722,66000,387130000C,(04)23274275,(04)23288582,2025,8,18,16,55,臺中市,北屯區,0,0,0,7,,,50,,,,,,,,,,,,,,13,,,,,B03,,,1,8,1,,,84,84,1,6,4,120.719315,24.162113,3
6723,66000,387130000C,(04)23274275,(04)23288582,2025,8,18,16,57,臺中市,東區,0,0,0,7,,,50,,,,,,,,,,,,,,13,,,,,C03,,,3,,1,,,7,7,1,13,4,120.706096,24.12972,3
6724,66000,387130000C,(04)23274275,(04)23288582,2025,8,18,16,59,臺中市,北屯區,0,0,0,7,,,50,,,,,,,,,,,,,,,,,,,C03,,,1,,9,,,8,8,1,12,4,120.707669,24.182177,3
6725,66000,387130000C,(04)23274275,(04)23288582,2025,8,18,16,59,臺中市,西屯區,0,1,0,7,3,6,30,3,1,1,5,4,6,6,4,4,10,5,5,2,16,2,9,5,4,C03,7,6,1,10,2,11,,12,12,1,13,4,120.658671,24.175817,2
6726,66000,387130000C,(04)23274275,(04)23288582,2025,8,18,17,8,臺中市,大雅區,0,1,0,7,1,6,50,13,9,1,5,4,6,6,4,4,5,5,5,2,12,2,7,2,1,C03,7,9,1,10,2,11,,7,7,1,12,4,120.670048,24.224007,2
6727,66000,387130000C,(04)23274275,(04)23288582,2025,8,18,17,8,臺中市,西屯區,0,0,0,7,,,50,,,,,,,,,,,,,,13,,,,,B03,,,1,,1,,,84,84,1,13,4,120.646163,24.167897,3
6728,66000,387130000C,(04)23274275,(04)23288582,2025,8,18,17,8,臺中市,霧峰區,0,1,0,7,2,6,40,13,9,1,5,4,6,6,4,4,10,5,5,2,13,2,9,2,1,C03,7,9,1,10,2,11,,7,7,1,13,4,120.665233,24.07958,2
6729,66000,387130000C,(04)23274275,(04)23288582,2025,8,18,17,10,臺中市,北屯區,0,2,0,7,3,6,50,3,1,1,5,4,6,6,4,4,10,5,5,2,17,2,9,6,1,F01,7,5,7,21,2,14,,4,4,1,13,4,120.667111,24.178299,2
6730,66000,387130000C,(04)23274275,(04)23288582,2025,8,18,17,11,臺中市,東區,0,0,0,7,,,40,,,,,,,,,,,,,,17,,,,,B12,,,1,,1,,,76,76,1,12,4,120.696135,24.138723,3
6731,66000,387130000C,(04)23274275,(04)23288582,2025,8,18,17,14,臺中市,大里區,0,1,0,7,3,6,40,13,9,1,5,4,6,6,4,4,1,4,5,1,12,3,10,5,4,B03,7,9,1,8,2,2,,84,84,1,13,4,120.693236,24.105335,2
6732,66000,387130000C,(04)23274275,(04)23288582,2025,8,18,17,14,臺中市,神岡區,0,1,0,7,2,6,50,3,1,1,5,4,6,6,4,4,10,5,5,2,16,3,10,5,4,B03,7,6,1,8,2,1,,59,59,1,12,4,120.650365,24.274953,2
6733,66000,387130000C,(04)23274275,(04)23288582,2025,8,18,17,15,臺中市,后里區,0,1,0,7,2,6,50,3,1,1,5,4,6,6,1,1,1,2,5,1,13,3,10,3,1,B03,7,9,5,8,2,1,,7,7,1,12,4,120.723074,24.287771,2
6734,66000,387130000C,(04)23274275,(04)23288582,2025,8,18,17,16,臺中市,北區,0,0,0,7,,,50,,,,,,,,,,,,,,,,,,,B03,,,5,,1,,,84,84,1,12,4,120.674029,24.163669,3
6735,66000,387130000C,(04)23274275,(04)23288582,2025,8,18,17,18,臺中市,大里區,0,0,0,7,2,6,50,13,9,1,5,4,6,6,4,4,5,5,5,2,17,,,,,C03,,,3,,1,,,51,51,1,13,4,120.697182,24.10143,3
6736,66000,387130000C,(04)23274275,(04)23288582,2025,8,18,17,19,臺中市,豐原區,0,0,0,7,,,50,,,,,,,,,,,,,,13,,,,,B03,,,1,,2,,,7,7,1,12,4,120.742263,24.263754,3
6737,66000,387130000C,(04)23274275,(04)23288582,2025,8,18,17,20,臺中市,北屯區,0,2,0,7,2,6,50,3,1,1,5,4,6,6,4,4,10,5,5,2,16,2,9,1,1,C03,7,6,1,10,2,11,,20,20,1,12,4,120.720602,24.180135,2
6738,66000,387130000C,(04)23274275,(04)23288582,2025,8,18,17,21,臺中市,烏日區,0,0,0,7,,3,80,,,,,,,,,,,,,,17,,,,,B03,,,1,,9,,,7,7,1,6,4,120.61273,24.10265,3
6739,66000,387130000C,(04)23274275,(04)23288582,2025,8,18,17,25,臺中市,大甲區,0,0,0,7,,,40,,,,,,,,,,,,,,,,,,,C04,,,1,,2,,,8,8,1,12,4,120.617613,24.34663,3
6740,66000,387130000C,(04)23274275,(04)23288582,2025,8,18,17,28,臺中市,北屯區,0,0,0,7,,,40,,,,,,,,,,,,,,16,,,,,B01,,,1,,2,,,45,45,1,12,4,120.726408,24.166893,3
6741,66000,387130000C,(04)23274275,(04)23288582,2025,8,18,17,28,臺中市,神岡區,0,1,0,7,2,6,50,13,9,1,5,4,6,6,4,4,7,4,4,2,17,3,10,5,4,B03,7,6,1,8,2,5,,84,84,1,13,4,120.656248,24.262033,2
6742,66000,387130000C,(04)23274275,(04)23288582,2025,8,18,17,30,臺中市,清水區,0,0,0,7,,,50,,,,,,,,,,,,,,,,,,,C03,,,1,,1,,,21,21,1,12,4,120.561153,24.267324,3
6743,66000,387130000C,(04)23274275,(04)23288582,2025,8,18,17,32,臺中市,西屯區,0,0,0,7,,,50,,,,,,,,,,,,,,12,,,,,B03,,,1,,1,,,48,48,1,12,4,120.62904,24.163157,3
6744,66000,387130000C,(04)23274275,(04)23288582,2025,8,18,17,32,臺中市,西屯區,0,0,0,7,,,30,,,,,,,,,,,,,,14,,,,,B12,,,1,,1,,,49,49,1,12,4,120.636666,24.195538,3
6745,66000,387130000C,(04)23274275,(04)23288582,2025,8,18,17,32,臺中市,后里區,0,1,0,7,2,6,30,3,1,1,5,4,6,6,4,4,1,5,5,2,16,3,10,1,1,C03,7,6,1,10,2,13,,14,14,1,12,4,120.672889,24.308552,2
6746,66000,387130000C,(04)23274275,(04)23288582,2025,8,18,17,33,臺中市,沙鹿區,0,1,0,7,2,6,50,3,1,1,5,4,6,6,4,4,10,5,5,2,16,3,10,2,1,C03,7,6,3,19,2,11,,12,12,1,6,4,120.556819,24.232583,2
6747,66000,387130000C,(04)23274275,(04)23288582,2025,8,18,17,35,臺中市,中區,0,1,0,7,2,6,50,4,1,1,5,4,6,6,1,1,10,5,5,2,16,3,10,1,1,C04,7,9,1,10,2,14,,84,84,1,13,4,120.675547,24.141827,2
6748,66000,387130000C,(04)23274275,(04)23288582,2025,8,18,17,35,臺中市,烏日區,0,2,0,7,3,6,30,4,1,1,5,4,5,6,4,4,10,5,5,2,3,2,9,6,5,H01,8,18,7,21,10,17,,99,99,1,1,5,120.623629,24.103971,2
6749,66000,387130000C,(04)23274275,(04)23288582,2025,8,18,17,37,臺中市,南區,0,0,0,7,,,40,,,,,,,,,,,,,,12,,,,,C03,,,1,,2,,,84,84,1,13,4,120.677463,24.130845,3
6750,66000,387130000C,(04)23274275,(04)23288582,2025,8,18,17,39,臺中市,西屯區,0,0,0,7,,,50,,,,,,,,,,,,,,,,,,,B03,,,1,,2,,,49,49,1,12,4,120.621274,24.185666,3
6751,66000,387130000C,(04)23274275,(04)23288582,2025,8,18,17,39,臺中市,烏日區,0,2,0,7,2,6,50,13,7,1,5,4,6,6,4,4,9,5,4,2,17,2,9,5,4,C03,7,6,1,10,2,14,,84,84,1,12,4,120.62824,24.108285,2
6752,66000,387130000C,(04)23274275,(04)23288582,2025,8,18,17,40,臺中市,南屯區,0,0,0,7,,,50,,,,,,,,,,,,,,13,,,,,B03,,,1,,1,,,59,59,1,12,4,120.629177,24.139885,3
6753,66000,387130000C,(04)23274275,(04)23288582,2025,8,18,17,40,臺中市,南屯區,0,1,0,7,2,6,50,4,1,1,5,4,6,6,2,1,9,4,5,2,12,3,10,3,1,B03,7,5,1,8,1,2,,39,39,1,12,4,120.623141,24.145201,2
6754,66000,387130000C,(04)23274275,(04)23288582,2025,8,18,17,42,臺中市,北屯區,0,0,0,7,,,30,,,,,,,,,,,,,,15,,,,,B03,,,1,,1,,,15,15,1,12,4,120.701711,24.185843,3
6755,66000,387130000C,(04)23274275,(04)23288582,2025,8,18,17,42,臺中市,豐原區,0,1,0,7,2,6,60,4,1,1,5,4,6,6,1,1,1,2,4,1,13,2,8,1,1,C03,7,9,1,9,2,11,,84,84,1,13,4,120.710297,24.237039,2
6756,66000,387130000C,(04)23274275,(04)23288582,2025,8,18,17,43,臺中市,南屯區,0,0,0,7,,,50,,,,,,,,,,,,,,,,,,,B03,,,1,,2,,,49,49,1,6,4,120.612511,24.152286,3
6757,66000,387130000C,(04)23274275,(04)23288582,2025,8,18,17,43,臺中市,西屯區,0,0,0,7,,,50,,,,,,,,,,,,,,17,,,,,B02,,,1,,1,,,50,50,1,12,4,120.651625,24.167768,3
6758,66000,387130000C,(04)23274275,(04)23288582,2025,8,18,17,45,臺中市,大里區,0,0,0,7,,,50,,,,,,,,,,,,,,14,,,,,B03,,,1,,2,,,49,49,1,13,4,120.695125,24.100554,3
6759,66000,387130000C,(04)23274275,(04)23288582,2025,8,18,17,46,臺中市,南區,0,0,0,7,,,50,,,,,,,,,,,,,,12,,,,,B03,,,1,,1,,,40,40,1,13,4,120.658741,24.1172,3
6760,66000,387130000C,(04)23274275,(04)23288582,2025,8,18,17,47,臺中市,太平區,0,1,0,7,3,6,50,3,1,1,5,4,6,6,4,4,10,5,5,2,16,2,9,1,1,C03,7,9,1,10,2,11,,85,85,1,12,4,120.716902,24.155575,2
6761,66000,387130000C,(04)23274275,(04)23288582,2025,8,18,17,49,臺中市,西屯區,0,0,0,7,,,50,,,,,,,,,,,,,,14,,,,,B12,,,1,,1,,,49,49,1,12,4,120.643165,24.160058,3
6762,66000,387130000C,(04)23274275,(04)23288582,2025,8,18,17,49,臺中市,清水區,0,2,0,7,2,6,30,3,2,1,5,4,6,6,4,4,1,4,5,1,16,2,9,1,1,C03,7,5,1,10,2,14,,13,13,1,13,4,120.602362,24.31042,2
6763,66000,387130000C,(04)23274275,(04)23288582,2025,8,18,17,50,臺中市,南屯區,0,0,0,7,,,50,,,,,,,,,,,,,,12,,,,,B03,,,1,,1,,,47,47,1,12,4,120.652971,24.140127,3
6764,66000,387130000C,(04)23274275,(04)23288582,2025,8,18,17,50,臺中市,太平區,0,0,0,7,2,3,80,,,,,,,,,,,,,,,,,,,B12,,,1,,2,4,,40,40,1,12,4,120.715553,24.150648,3
6765,66000,387130000C,(04)23274275,(04)23288582,2025,8,18,17,52,臺中市,西屯區,0,0,0,7,,,50,,,,,,,,,,,,,,16,,,,,B03,,,1,,1,,,14,14,1,13,4,120.6543,24.161035,3
6766,66000,387130000C,(04)23274275,(04)23288582,2025,8,18,17,53,臺中市,北區,0,0,0,7,,,40,,,,,,,,,,,,,,18,,,,,C03,,,1,,2,,,84,84,1,12,4,120.672574,24.169181,4
6767,66000,387130000C,(04)23274275,(04)23288582,2025,8,18,17,54,臺中市,北屯區,0,0,0,7,,,50,,,,,,,,,,,,,,12,,,,,,,,,,,,,86,86,2,,,120.718811,24.185714,3
6768,66000,387130000C,(04)23274275,(04)23288582,2025,8,18,17,59,臺中市,西屯區,0,1,0,7,1,6,50,4,1,1,5,4,6,6,2,1,10,5,5,2,16,3,10,3,1,B03,7,6,1,8,2,5,,11,11,1,12,4,120.6261,24.184575,2
6769,66000,387130000C,(04)23274275,(04)23288582,2025,8,18,18,2,臺中市,南屯區,0,1,0,7,1,6,50,4,2,1,5,4,6,6,2,1,1,3,5,1,17,2,7,1,1,C03,7,9,1,10,2,12,,8,8,1,12,4,120.637555,24.151545,2
6770,66000,387130000C,(04)23274275,(04)23288582,2025,8,18,18,2,臺中市,西屯區,0,1,0,7,2,6,30,3,1,1,5,4,6,6,4,4,10,5,5,2,16,3,10,5,1,B03,7,6,1,8,2,8,,12,12,1,12,4,120.63882,24.172066,2
6771,66000,387130000C,(04)23274275,(04)23288582,2025,8,18,18,3,臺中市,南屯區,0,2,0,7,2,6,50,13,9,1,5,4,6,6,4,4,5,4,5,2,17,3,10,3,1,B03,7,14,1,8,2,16,,84,84,1,12,4,120.649968,24.133645,2
6772,66000,387130000C,(04)23274275,(04)23288582,2025,8,18,18,4,臺中市,南區,0,0,0,7,,,30,,,,,,,,,,,,,,17,,,,,C03,,,1,,1,,,84,84,1,12,4,120.674832,24.124958,4
6773,66000,387130000C,(04)23274275,(04)23288582,2025,8,18,18,7,臺中市,北屯區,0,2,0,7,1,6,50,13,9,1,5,4,6,6,4,4,5,4,5,2,13,2,9,1,1,C03,7,9,1,10,2,11,,84,84,1,13,4,120.709835,24.179848,2
6774,66000,387130000C,(04)23274275,(04)23288582,2025,8,18,18,7,臺中市,霧峰區,0,1,0,7,2,6,50,11,9,1,5,4,6,6,4,4,10,5,5,2,11,3,10,1,1,C03,7,9,1,10,2,14,,87,87,1,12,4,120.716523,24.072652,2
6775,66000,387130000C,(04)23274275,(04)23288582,2025,8,18,18,9,臺中市,西區,0,0,0,7,,,50,,,,,,,,,,,,,,13,,,,,B03,,,1,,1,,,7,7,1,12,4,120.670485,24.138057,3
6776,66000,387130000C,(04)23274275,(04)23288582,2025,8,18,18,11,臺中市,西區,0,0,0,7,,,50,,,,,,,,,,,,,,,,,,,C03,,,1,10,1,,,84,84,1,13,4,120.665268,24.146718,3
6777,66000,387130000C,(04)23274275,(04)23288582,2025,8,18,18,13,臺中市,南區,0,0,0,7,,,50,,,,,,,,,,,,,,15,,,,,B03,,,1,,2,,,15,15,1,12,4,120.647476,24.121103,3
6778,66000,387130000C,(04)23274275,(04)23288582,2025,8,18,18,14,臺中市,南區,0,0,0,7,,,50,,,,,,,,,,,,,,17,,,,,B03,,,1,,2,,,84,84,1,12,4,120.660449,24.113437,3
6779,66000,387130000C,(04)23274275,(04)23288582,2025,8,18,18,19,臺中市,烏日區,0,0,0,7,,,60,,,,,,,,,,,,,,2,,,,,B03,,,1,,2,,,35,35,1,6,4,120.618786,24.115063,3
6780,66000,387130000C,(04)23274275,(04)23288582,2025,8,18,18,19,臺中市,東勢區,0,0,0,7,,,50,,,,,,,,,,,,,,,,,,,B03,,,1,,2,,,50,50,1,12,4,120.830186,24.251466,4
6781,66000,387130000C,(04)23274275,(04)23288582,2025,8,18,18,20,臺中市,南區,0,1,0,7,2,6,40,3,1,1,5,4,6,6,2,1,2,2,2,2,13,3,10,3,1,B03,7,9,1,8,2,5,,84,84,1,13,4,120.659907,24.12476,2
6782,66000,387130000C,(04)23274275,(04)23288582,2025,8,18,18,21,臺中市,南區,0,0,0,7,,,50,,,,,,,,,,,,,,13,,,,,C03,,,1,,1,,,7,7,1,13,4,120.682929,24.134431,3
6783,66000,387130000C,(04)23274275,(04)23288582,2025,8,18,18,23,臺中市,南屯區,0,0,0,7,,,50,,,,,,,,,,,,,,,,,,,B11,,,1,,9,,,39,39,1,6,4,120.63475,24.131021,3
6784,66000,387130000C,(04)23274275,(04)23288582,2025,8,18,18,23,臺中市,北屯區,0,2,0,7,1,6,50,4,1,1,5,4,6,6,2,1,10,5,5,2,16,2,1,2,1,C03,7,5,1,10,2,12,,84,84,1,12,4,120.683537,24.1736,2
6785,66000,387130000C,(04)23274275,(04)23288582,2025,8,18,18,31,臺中市,南區,0,2,0,7,1,6,50,4,1,1,5,4,6,6,4,4,10,5,5,2,15,2,9,2,1,C03,7,9,1,10,2,11,,15,15,1,12,4,120.662581,24.121913,2