序號,縣市別代碼,機關代碼,市話,傳真,年,月,日,時,分,縣市,區,死亡數量,受傷數量,2-30,天候,道路照明設備,道路類別,道路速限,道路型態,事故位置,路面鋪裝,路面狀態,路面缺陷,障礙物,視距,號誌種類,號誌動作,分向設施,快車道或一般車道間,快慢車道間,路面邊線,事故類型及型態,受傷程度,主要傷處,保護裝備,行動電話或功能裝置,當事者區分(類別),車輛用途,當事者行動狀態,駕照狀態,駕照種類,飲酒情形,車輛撞擊部位最初,車輛撞擊部位其他,肇事因素個別,肇事因素主要,肇事逃逸,職業,共享經濟或外送平台,GPS座標X,GPS座標Y,事故類別
7011,66000,387130000C,(04)23274275,(04)23288582,2025,8,19,11,56,臺中市,西區,0,0,0,7,,,50,,,,,,,,,,,,,,,,,,,B03,,,1,,1,,,84,84,1,12,4,120.66762,24.13223,3
7012,66000,387130000C,(04)23274275,(04)23288582,2025,8,19,11,58,臺中市,北屯區,0,2,0,7,2,6,30,13,9,1,5,4,6,6,4,4,10,5,5,2,10,2,9,1,1,C03,7,9,1,10,1,11,,84,84,1,12,4,120.695136,24.164378,2
7013,66000,387130000C,(04)23274275,(04)23288582,2025,8,19,11,58,臺中市,烏日區,0,2,0,7,2,3,80,13,7,1,5,4,6,6,4,4,1,4,4,1,13,2,9,5,4,B03,7,12,1,8,2,1,,7,7,1,12,4,120.611796,24.101534,2
7014,66000,387130000C,(04)23274275,(04)23288582,2025,8,19,11,59,臺中市,南屯區,0,0,0,7,3,6,50,13,9,1,5,4,6,6,1,1,3,4,5,2,12,,,,,B03,,,1,,1,,,84,84,1,12,4,120.623198,24.149768,3
7015,66000,387130000C,(04)23274275,(04)23288582,2025,8,19,12,0,臺中市,南屯區,0,2,0,7,2,6,50,13,9,1,5,4,6,6,4,4,5,5,5,2,17,3,10,3,1,B03,7,1,1,8,2,1,,51,51,1,13,4,120.646041,24.141753,2
7016,66000,387130000C,(04)23274275,(04)23288582,2025,8,19,12,3,臺中市,豐原區,0,1,0,7,2,6,50,4,1,1,5,4,6,6,1,1,10,5,5,2,11,2,9,1,1,C03,7,1,3,19,2,11,,51,51,1,12,4,120.715278,24.256103,2
7017,66000,387130000C,(04)23274275,(04)23288582,2025,8,19,12,10,臺中市,西屯區,0,0,0,7,,,30,,,,,,,,,,,,,,17,,,,,A12,,,1,,2,,,8,8,1,13,4,120.602079,24.18354,3
7018,66000,387130000C,(04)23274275,(04)23288582,2025,8,19,12,11,臺中市,霧峰區,0,0,0,7,,,50,,,,,,,,,,,,,,17,,,,,C03,,,1,,1,,,84,84,1,13,4,120.662465,24.059504,3
7019,66000,387130000C,(04)23274275,(04)23288582,2025,8,19,12,14,臺中市,西區,0,1,0,7,1,6,50,4,1,1,5,4,6,6,4,4,10,5,5,1,17,3,10,5,4,C03,7,9,1,10,2,11,,84,84,1,12,4,120.659936,24.147939,2
7020,66000,387130000C,(04)23274275,(04)23288582,2025,8,19,12,14,臺中市,西屯區,0,2,0,7,2,6,40,3,2,1,5,4,6,6,4,4,5,5,4,2,14,2,8,5,4,C03,7,2,1,10,2,13,,49,49,1,13,4,120.639224,24.17258,2
7021,66000,387130000C,(04)23274275,(04)23288582,2025,8,19,12,20,臺中市,北區,0,2,0,7,2,6,0,11,9,1,5,4,6,6,4,4,10,5,5,2,17,2,8,5,4,C03,7,1,1,10,2,11,,51,51,1,13,4,120.688389,24.161513,2
7022,66000,387130000C,(04)23274275,(04)23288582,2025,8,19,12,20,臺中市,南屯區,0,0,0,7,,,50,,,,,,,,,,,,,,,,,,,B12,,,1,,9,,,49,49,1,12,4,120.611891,24.148728,3
7023,66000,387130000C,(04)23274275,(04)23288582,2025,8,19,12,21,臺中市,西屯區,0,0,0,7,,,50,,,,,,,,,,,,,,17,,,,,B03,,,1,,1,,,59,59,1,12,4,120.665848,24.168361,3
7024,66000,387130000C,(04)23274275,(04)23288582,2025,8,19,12,23,臺中市,南區,0,0,0,7,,,50,,,,,,,,,,,,,,17,,,,,B03,,,1,,2,,,84,84,1,13,4,120.650424,24.113085,3
7025,66000,387130000C,(04)23274275,(04)23288582,2025,8,19,12,24,臺中市,大雅區,0,1,0,7,1,6,30,3,1,1,5,4,6,6,4,4,10,5,5,1,16,3,10,4,1,G03,7,6,3,19,2,17,,14,14,1,12,4,120.645943,24.234303,2
7026,66000,387130000C,(04)23274275,(04)23288582,2025,8,19,12,26,臺中市,北區,0,1,0,7,2,6,50,3,2,1,5,4,6,6,4,4,2,4,5,2,17,3,10,3,1,B03,7,1,1,8,2,4,,51,51,1,13,4,120.684651,24.151407,2
7027,66000,387130000C,(04)23274275,(04)23288582,2025,8,19,12,28,臺中市,西屯區,0,0,0,7,,,30,,,,,,,,,,,,,,15,,,,,B03,,,1,,1,,,15,15,1,12,4,120.615719,24.188101,3
7028,66000,387130000C,(04)23274275,(04)23288582,2025,8,19,12,30,臺中市,烏日區,0,0,0,7,,,40,,,,,,,,,,,,,,,,,,,C03,,,3,,1,,,7,7,1,13,4,120.613391,24.103024,3
7029,66000,387130000C,(04)23274275,(04)23288582,2025,8,19,12,32,臺中市,中區,0,0,0,7,,,50,,,,,,,,,,,,,,,,,,,B03,,,1,8,1,,,51,51,1,13,4,120.677111,24.144534,3
7030,66000,387130000C,(04)23274275,(04)23288582,2025,8,19,12,34,臺中市,北區,0,0,0,7,,,50,,,,,,,,,,,,,,17,,,,,B03,,,1,,2,,,50,50,1,13,4,120.683626,24.167592,3
7031,66000,387130000C,(04)23274275,(04)23288582,2025,8,19,12,35,臺中市,大雅區,0,1,0,7,3,6,30,3,1,1,5,4,6,6,4,4,10,5,5,2,9,3,10,3,1,B03,7,9,1,8,9,4,,84,84,1,12,4,120.657105,24.228757,2
7032,66000,387130000C,(04)23274275,(04)23288582,2025,8,19,12,35,臺中市,沙鹿區,0,0,0,7,2,6,30,13,9,1,5,4,6,6,4,4,10,4,5,2,14,,,,,B03,,,1,,2,,,49,49,1,12,4,120.569006,24.21871,3
7033,66000,387130000C,(04)23274275,(04)23288582,2025,8,19,12,39,臺中市,北屯區,0,0,0,7,,,50,,,,,,,,,,,,,,13,,,,,B03,,,1,,1,,,84,84,1,12,4,120.694352,24.165783,3
7034,66000,387130000C,(04)23274275,(04)23288582,2025,8,19,12,40,臺中市,南屯區,0,0,0,7,3,6,50,13,9,1,5,4,6,6,4,4,5,4,5,2,13,,,,,C03,,,3,,1,,,7,7,1,12,4,120.653185,24.142946,3
7035,66000,387130000C,(04)23274275,(04)23288582,2025,8,19,12,41,臺中市,西屯區,0,0,0,7,,,50,,,,,,,,,,,,,,13,,,,,B03,,,1,,2,,,59,59,1,12,4,120.648197,24.160654,3
7036,66000,387130000C,(04)23274275,(04)23288582,2025,8,19,12,42,臺中市,潭子區,0,0,0,7,,,60,,,,,,,,,,,,,,,,,,,B03,,,3,,2,,,84,84,1,12,4,120.705212,24.209446,3
7037,66000,387130000C,(04)23274275,(04)23288582,2025,8,19,12,44,臺中市,西區,0,0,0,7,,,50,,,,,,,,,,,,,,13,,,,,B03,,,1,,1,,,84,84,1,12,4,120.657002,24.136929,3
7038,66000,387130000C,(04)23274275,(04)23288582,2025,8,19,12,45,臺中市,南屯區,0,0,0,7,,,50,,,,,,,,,,,,,,17,,,,,B03,,,1,,1,,,50,50,1,12,4,120.651414,24.132635,3
7039,66000,387130000C,(04)23274275,(04)23288582,2025,8,19,12,54,臺中市,大里區,0,1,0,7,2,6,50,4,1,1,5,4,6,6,1,1,10,5,5,1,17,3,10,1,1,C03,7,9,1,10,2,13,,21,21,1,12,4,120.696908,24.11159,2
7040,66000,387130000C,(04)23274275,(04)23288582,2025,8,19,12,58,臺中市,東區,0,1,0,7,2,6,40,13,7,1,5,4,6,6,4,4,9,5,4,2,14,3,10,3,1,B03,7,2,1,8,2,3,,49,49,1,12,4,120.705515,24.138131,2
7041,66000,387130000C,(04)23274275,(04)23288582,2025,8,19,13,4,臺中市,西屯區,0,1,0,7,2,6,50,13,7,1,5,4,6,6,4,4,9,4,4,2,12,2,9,5,4,C03,7,8,1,10,2,14,,40,40,1,13,4,120.620605,24.187614,2
7042,66000,387130000C,(04)23274275,(04)23288582,2025,8,19,13,7,臺中市,西區,0,0,0,7,,,50,,,,,,,,,,,,,,,,,,,C03,,,1,,2,,,84,84,1,12,4,120.673112,24.139687,3
7043,66000,387130000C,(04)23274275,(04)23288582,2025,8,19,13,9,臺中市,后里區,0,2,0,7,2,6,50,4,1,1,5,4,6,6,4,4,5,5,5,1,16,2,9,1,1,C03,7,6,1,10,2,14,,14,14,1,12,4,120.713139,24.307742,2
7044,66000,387130000C,(04)23274275,(04)23288582,2025,8,19,13,13,臺中市,西屯區,0,0,0,7,,,70,,,,,,,,,,,,,,12,,,,,A12,,,1,,9,,,8,8,1,12,4,120.616742,24.182424,3
7045,66000,387130000C,(04)23274275,(04)23288582,2025,8,19,13,14,臺中市,南屯區,0,0,0,7,,,50,,,,,,,,,,,,,,12,,,,,B03,,,1,,9,,,35,35,2,6,4,120.622643,24.150214,3
7046,66000,387130000C,(04)23274275,(04)23288582,2025,8,19,13,17,臺中市,西屯區,0,0,0,7,,,50,,,,,,,,,,,,,,14,,,,,B03,,,1,,2,,,49,49,1,13,4,120.613608,24.173429,3
7047,66000,387130000C,(04)23274275,(04)23288582,2025,8,19,13,19,臺中市,南區,0,1,0,7,3,6,50,3,1,1,5,4,6,6,3,1,10,5,5,2,15,2,8,2,1,C03,7,9,1,10,2,11,,24,24,1,12,4,120.650572,24.10793,2
7048,66000,387130000C,(04)23274275,(04)23288582,2025,8,19,13,20,臺中市,南區,0,1,0,7,2,6,50,13,9,1,5,4,6,6,4,4,5,5,5,2,17,3,10,3,1,B03,7,11,1,8,2,4,,45,45,1,6,4,120.667186,24.128239,2
7049,66000,387130000C,(04)23274275,(04)23288582,2025,8,19,13,21,臺中市,太平區,0,0,0,7,,,40,,,,,,,,,,,,,,17,,,,,A11,,,1,,2,,,84,84,1,12,4,120.716874,24.158766,3
7050,66000,387130000C,(04)23274275,(04)23288582,2025,8,19,13,22,臺中市,豐原區,0,2,0,7,2,6,60,4,1,1,5,4,6,6,1,1,1,4,4,1,13,2,9,2,1,C03,7,9,1,10,2,12,,58,58,1,13,4,120.712877,24.241794,2
7051,66000,387130000C,(04)23274275,(04)23288582,2025,8,19,13,23,臺中市,北區,0,2,0,7,2,6,50,4,9,1,5,4,6,6,2,1,5,4,5,2,12,2,9,1,1,C03,7,7,1,10,2,12,,42,42,1,13,4,120.676932,24.162998,2
7052,66000,387130000C,(04)23274275,(04)23288582,2025,8,19,13,24,臺中市,南屯區,0,0,0,7,,,50,,,,,,,,,,,,,,14,,,,,C03,,,1,,1,,,50,50,1,12,4,120.636142,24.152312,3
7053,66000,387130000C,(04)23274275,(04)23288582,2025,8,19,13,29,臺中市,太平區,0,0,0,7,2,6,30,3,9,1,5,4,6,6,1,1,10,5,5,2,17,3,10,3,1,B12,7,4,1,8,2,6,,1,1,1,6,4,120.701929,24.112426,3
7054,66000,387130000C,(04)23274275,(04)23288582,2025,8,19,13,31,臺中市,南屯區,0,1,0,7,2,6,50,4,2,1,5,4,6,6,2,1,1,4,5,2,13,3,10,3,1,B03,7,9,1,8,2,1,3,7,7,1,6,4,120.64655,24.133376,2
7055,66000,387130000C,(04)23274275,(04)23288582,2025,8,19,13,33,臺中市,西屯區,0,0,0,7,,,40,,,,,,,,,,,,,,12,,,,,C03,,,1,,1,,,47,47,1,13,4,120.634649,24.176252,3
7056,66000,387130000C,(04)23274275,(04)23288582,2025,8,19,13,35,臺中市,清水區,0,0,0,7,,,50,,,,,,,,,,,,,,13,,,,,C03,,,1,,1,,,58,58,1,13,4,120.57805,24.271733,3
7057,66000,387130000C,(04)23274275,(04)23288582,2025,8,19,13,36,臺中市,西屯區,0,0,0,7,,,50,,,,,,,,,,,,,,17,,,,,B03,,,1,,1,,,49,49,1,12,4,120.636332,24.164011,3
7058,66000,387130000C,(04)23274275,(04)23288582,2025,8,19,13,36,臺中市,大里區,0,1,0,7,3,3,80,10,14,1,5,4,6,6,4,4,1,3,5,1,13,3,10,3,1,A12,7,9,1,2,2,5,,59,59,1,6,4,120.682517,24.078147,2
7059,66000,387130000C,(04)23274275,(04)23288582,2025,8,19,13,39,臺中市,南屯區,0,0,0,7,,,50,,,,,,,,,,,,,,16,,,,,B03,,,1,,1,,,51,51,1,12,4,120.624911,24.147846,3
7060,66000,387130000C,(04)23274275,(04)23288582,2025,8,19,13,42,臺中市,大里區,0,0,0,7,,,50,,,,,,,,,,,,,,17,,,,,B03,,,6,,11,,,7,7,1,12,4,120.688738,24.101722,3
7061,66000,387130000C,(04)23274275,(04)23288582,2025,8,19,13,43,臺中市,北屯區,0,0,0,7,,,50,,,,,,,,,,,,,,12,,,,,B03,,,1,,1,,,85,85,1,6,4,120.681195,24.172939,3
7062,66000,387130000C,(04)23274275,(04)23288582,2025,8,19,13,44,臺中市,南區,0,0,0,7,,,50,,,,,,,,,,,,,,17,,,,,B03,,,1,,9,,,84,84,2,13,4,120.673652,24.129331,3
7063,66000,387130000C,(04)23274275,(04)23288582,2025,8,19,13,45,臺中市,沙鹿區,0,0,0,7,,,50,,,,,,,,,,,,,,17,,,,,B03,,,1,,1,,,50,50,1,12,4,120.558295,24.228324,3
7064,66000,387130000C,(04)23274275,(04)23288582,2025,8,19,13,55,臺中市,西屯區,0,2,0,7,2,6,50,4,1,1,5,4,6,6,4,4,9,5,5,2,15,2,9,5,4,C03,7,9,1,10,2,12,,13,13,1,13,4,120.590022,24.177042,2
7065,66000,387130000C,(04)23274275,(04)23288582,2025,8,19,13,58,臺中市,太平區,0,0,0,7,,,1,,,,,,,,,,,,,,17,,,,,B12,,,1,,2,,,51,51,1,12,4,120.717699,24.102803,3
7066,66000,387130000C,(04)23274275,(04)23288582,2025,8,19,14,3,臺中市,西屯區,0,0,0,7,,,50,,,,,,,,,,,,,,13,,,,,B03,,,1,,2,,,57,57,1,13,4,120.640124,24.165591,3
7067,66000,387130000C,(04)23274275,(04)23288582,2025,8,19,14,4,臺中市,北區,0,1,0,7,3,6,50,3,1,1,5,4,6,6,4,4,10,5,5,2,16,3,10,3,1,B01,7,5,1,4,2,2,,20,20,1,12,4,120.673004,24.167469,2
7068,66000,387130000C,(04)23274275,(04)23288582,2025,8,19,14,5,臺中市,清水區,0,1,0,7,3,6,50,3,2,1,5,4,6,6,4,4,5,5,5,2,17,2,9,2,1,C03,7,1,1,10,2,11,,51,51,1,12,4,120.573732,24.27042,2
7069,66000,387130000C,(04)23274275,(04)23288582,2025,8,19,14,8,臺中市,南屯區,0,0,0,7,,,50,,,,,,,,,,,,,,35,,,,,B03,,,1,,2,,,49,49,1,12,4,120.634815,24.147849,3
7070,66000,387130000C,(04)23274275,(04)23288582,2025,8,19,14,15,臺中市,南區,0,1,0,7,2,6,50,3,1,1,5,4,6,6,4,4,1,4,5,2,12,3,10,3,1,B01,7,5,1,4,2,4,,20,20,1,12,4,120.683465,24.119203,2
7071,66000,387130000C,(04)23274275,(04)23288582,2025,8,19,14,25,臺中市,霧峰區,0,2,0,7,2,6,30,4,1,1,5,4,6,6,4,4,10,5,5,2,15,2,8,2,1,C03,7,9,1,10,2,12,,15,15,1,13,4,120.713019,24.071515,2
7072,66000,387130000C,(04)23274275,(04)23288582,2025,8,19,14,30,臺中市,南屯區,0,2,0,7,2,6,40,13,8,1,5,3,6,6,4,4,5,5,4,2,17,2,7,2,1,C03,7,1,1,10,2,11,,51,51,1,12,4,120.64811,24.153737,2
7073,66000,387130000C,(04)23274275,(04)23288582,2025,8,19,14,30,臺中市,北屯區,0,0,0,7,,,50,,,,,,,,,,,,,,,,,,,B03,,,1,,1,,,84,84,1,12,4,120.685708,24.172661,4
7074,66000,387130000C,(04)23274275,(04)23288582,2025,8,19,14,30,臺中市,烏日區,0,0,0,7,,,50,,,,,,,,,,,,,,,,,,,B03,,,3,,9,,,57,57,1,6,4,120.638086,24.113367,3
7075,66000,387130000C,(04)23274275,(04)23288582,2025,8,19,14,36,臺中市,西屯區,0,3,0,7,2,6,40,13,8,1,5,4,6,6,4,4,1,4,1,2,13,2,8,5,4,C03,7,9,1,10,2,11,,7,7,1,13,4,120.643474,24.164767,2
7076,66000,387130000C,(04)23274275,(04)23288582,2025,8,19,14,40,臺中市,西區,0,0,0,7,,,50,,,,,,,,,,,,,,,,,,,B03,,,1,,2,,,40,40,1,12,4,120.660558,24.15692,3
7077,66000,387130000C,(04)23274275,(04)23288582,2025,8,19,14,40,臺中市,神岡區,0,0,0,7,,,50,,,,,,,,,,,,,,12,,,,,A12,,,1,,2,,,8,8,1,6,4,120.657946,24.266214,3
7078,66000,387130000C,(04)23274275,(04)23288582,2025,8,19,14,41,臺中市,北區,0,0,0,7,,,50,,,,,,,,,,,,,,17,,,,,B03,,,1,,1,,,51,51,1,13,4,120.676831,24.155681,3
7079,66000,387130000C,(04)23274275,(04)23288582,2025,8,19,14,49,臺中市,東區,0,2,0,7,2,6,50,5,1,1,5,4,6,6,2,1,10,5,5,2,12,2,8,2,1,C03,7,9,1,10,2,11,,7,7,1,6,4,120.694166,24.142668,2
7080,66000,387130000C,(04)23274275,(04)23288582,2025,8,19,14,52,臺中市,大里區,0,1,0,7,2,6,30,11,9,1,5,4,6,6,4,4,10,5,5,1,17,2,9,1,1,C03,7,9,1,10,2,11,,84,84,1,13,4,120.662966,24.098401,2
7081,66000,387130000C,(04)23274275,(04)23288582,2025,8,19,14,54,臺中市,太平區,0,1,0,7,2,6,50,13,9,1,5,4,6,6,4,4,5,4,5,2,17,2,9,1,1,C03,7,8,1,10,2,14,,40,40,1,6,4,120.734194,24.149827,2
7082,66000,387130000C,(04)23274275,(04)23288582,2025,8,19,14,55,臺中市,北區,0,0,0,7,,,0,,,,,,,,,,,,,,17,,,,,C03,,,6,,2,,,85,85,1,13,4,120.670335,24.156996,4
7083,66000,387130000C,(04)23274275,(04)23288582,2025,8,19,14,57,臺中市,北屯區,0,1,0,7,2,6,50,13,9,1,5,4,6,6,4,4,1,4,5,2,17,3,10,3,1,B03,7,5,1,8,2,5,,20,20,1,12,4,120.68506,24.171192,2
7084,66000,387130000C,(04)23274275,(04)23288582,2025,8,19,14,58,臺中市,沙鹿區,0,0,0,7,,,50,,,,,,,,,,,,,,,,,,,B13,,,1,,4,,,8,8,1,12,4,120.566886,24.20627,3
7085,66000,387130000C,(04)23274275,(04)23288582,2025,8,19,14,59,臺中市,潭子區,0,1,0,7,2,6,0,13,8,1,5,4,6,6,4,4,1,4,4,1,12,2,7,4,1,B12,7,13,1,8,2,4,,76,76,1,12,4,120.706366,24.219466,2
7086,66000,387130000C,(04)23274275,(04)23288582,2025,8,19,15,0,臺中市,東勢區,0,0,0,7,,,50,,,,,,,,,,,,,,13,,,,,C01,,,1,,2,,,59,59,1,6,4,120.861344,24.237367,3
7087,66000,387130000C,(04)23274275,(04)23288582,2025,8,19,15,8,臺中市,太平區,0,0,0,7,,,30,,,,,,,,,,,,,,17,,,,,B12,,,1,,2,,,49,49,1,12,4,120.707721,24.125108,3
7088,66000,387130000C,(04)23274275,(04)23288582,2025,8,19,15,12,臺中市,南屯區,0,0,0,7,,,0,,,,,,,,,,,,,,14,,,,,B03,,,1,,2,,,49,49,1,6,4,120.624166,24.141004,3
7089,66000,387130000C,(04)23274275,(04)23288582,2025,8,19,15,12,臺中市,豐原區,0,2,0,7,2,6,30,4,1,1,5,4,6,6,4,4,10,5,5,1,15,2,9,5,4,C03,7,9,1,10,2,11,,12,12,1,13,4,120.708551,24.239537,2
7090,66000,387130000C,(04)23274275,(04)23288582,2025,8,19,15,14,臺中市,梧棲區,0,0,0,7,,,50,,,,,,,,,,,,,,14,,,,,B03,,,1,,1,,,49,49,1,6,4,120.530034,24.257123,3
7091,66000,387130000C,(04)23274275,(04)23288582,2025,8,19,15,20,臺中市,龍井區,0,1,0,7,2,6,50,4,1,1,5,4,6,6,4,4,5,5,5,2,15,3,10,3,1,B03,7,9,1,8,2,1,2,12,12,1,6,4,120.593826,24.189602,2
7092,66000,387130000C,(04)23274275,(04)23288582,2025,8,19,15,21,臺中市,大里區,0,1,0,7,3,6,60,3,4,1,5,4,6,6,2,1,1,4,4,1,12,3,10,3,1,B03,7,9,1,8,2,2,,59,59,1,13,4,120.677865,24.103458,2
7093,66000,387130000C,(04)23274275,(04)23288582,2025,8,19,15,24,臺中市,西屯區,0,1,0,7,2,6,40,13,8,1,5,4,6,6,4,4,1,4,1,2,17,2,9,1,4,C03,7,9,5,19,2,14,,84,84,1,13,4,120.608547,24.18395,2
7094,66000,387130000C,(04)23274275,(04)23288582,2025,8,19,15,24,臺中市,太平區,0,2,0,7,2,6,50,4,4,1,5,4,6,6,2,1,5,4,5,2,13,2,8,1,1,C03,7,9,1,10,2,11,,7,7,1,6,4,120.734053,24.148577,2
7095,66000,387130000C,(04)23274275,(04)23288582,2025,8,19,15,31,臺中市,大里區,0,2,0,7,2,6,50,3,1,1,5,4,6,6,4,4,1,2,5,1,16,2,7,1,1,F03,7,5,7,21,2,12,,47,47,1,12,4,120.692072,24.091357,2
7096,66000,387130000C,(04)23274275,(04)23288582,2025,8,19,15,32,臺中市,北屯區,0,2,0,7,2,6,30,4,1,1,5,4,6,6,4,4,10,5,5,2,15,2,9,1,1,C03,7,9,1,10,2,11,,15,15,1,12,4,120.717408,24.177445,2
7097,66000,387130000C,(04)23274275,(04)23288582,2025,8,19,15,34,臺中市,西屯區,0,0,0,7,,,50,,,,,,,,,,,,,,13,,,,,C03,,,1,,1,,,87,87,1,13,4,120.649874,24.163262,4
7098,66000,387130000C,(04)23274275,(04)23288582,2025,8,19,15,37,臺中市,西屯區,0,0,0,7,,,50,,,,,,,,,,,,,,16,,,,,B03,,,1,,1,,,40,40,1,12,4,120.649155,24.167641,3
7099,66000,387130000C,(04)23274275,(04)23288582,2025,8,19,15,38,臺中市,霧峰區,0,0,0,7,,,0,,,,,,,,,,,,,,14,,,,,B12,,,1,,1,,,49,49,1,13,4,120.678019,24.064618,3
7100,66000,387130000C,(04)23274275,(04)23288582,2025,8,19,15,39,臺中市,南屯區,0,0,0,7,,,50,,,,,,,,,,,,,,12,,,,,B03,,,1,,2,,,84,84,1,12,4,120.627539,24.148176,3
7101,66000,387130000C,(04)23274275,(04)23288582,2025,8,19,15,42,臺中市,豐原區,0,0,0,7,,,30,,,,,,,,,,,,,,17,,,,,C03,,,1,,2,,,14,14,1,12,4,120.717904,24.242429,3
7102,66000,387130000C,(04)23274275,(04)23288582,2025,8,19,15,45,臺中市,大雅區,0,1,0,7,2,6,50,13,8,1,5,4,6,6,4,4,1,4,4,1,13,2,9,3,1,B03,7,9,1,8,2,5,,54,54,1,13,4,120.650709,24.221442,2
7103,66000,387130000C,(04)23274275,(04)23288582,2025,8,19,15,50,臺中市,大里區,0,0,0,7,,,30,,,,,,,,,,,,,,17,,,,,A12,,,1,,11,,,58,58,1,13,4,120.70592,24.092963,3
7104,66000,387130000C,(04)23274275,(04)23288582,2025,8,19,15,55,臺中市,南屯區,0,0,0,7,,,50,,,,,,,,,,,,,,,,,,,B03,,,1,,1,,,12,12,1,6,4,120.64189,24.147808,3
7105,66000,387130000C,(04)23274275,(04)23288582,2025,8,19,15,56,臺中市,烏日區,0,0,0,7,,,50,,,,,,,,,,,,,,,,,,,B03,,,1,,2,,,84,84,1,13,4,120.629273,24.10149,3
7106,66000,387130000C,(04)23274275,(04)23288582,2025,8,19,15,59,臺中市,東勢區,0,0,0,7,,,50,,,,,,,,,,,,,,,,,,,A12,,,1,,1,,,40,40,1,12,4,120.80092,24.294609,3
7107,66000,387130000C,(04)23274275,(04)23288582,2025,8,19,16,0,臺中市,北屯區,0,0,0,7,,,50,,,,,,,,,,,,,,12,,,,,B03,,,1,,2,,,85,85,1,13,4,120.686559,24.188444,3
7108,66000,387130000C,(04)23274275,(04)23288582,2025,8,19,16,2,臺中市,烏日區,0,0,0,7,,,50,,,,,,,,,,,,,,13,,,,,B03,,,1,,1,,,7,7,1,6,4,120.634013,24.106606,3
7109,66000,387130000C,(04)23274275,(04)23288582,2025,8,19,16,4,臺中市,西屯區,0,2,0,7,2,6,50,4,1,1,5,4,6,6,4,4,5,5,5,2,15,2,9,2,1,C03,7,9,1,10,2,11,,15,15,1,12,4,120.624262,24.185988,2
7110,66000,387130000C,(04)23274275,(04)23288582,2025,8,19,16,5,臺中市,豐原區,0,1,0,7,2,6,40,11,9,1,5,4,6,6,4,4,4,5,5,1,12,2,9,1,1,C03,7,4,1,10,2,12,,8,8,1,13,4,120.75304,24.259772,2
7111,66000,387130000C,(04)23274275,(04)23288582,2025,8,19,16,6,臺中市,霧峰區,0,0,0,7,,,50,,,,,,,,,,,,,,,,,,,B03,,,1,,1,,,8,8,1,12,4,120.699117,24.068332,3
7112,66000,387130000C,(04)23274275,(04)23288582,2025,8,19,16,6,臺中市,太平區,0,0,0,7,,3,80,,,,,,,,,,,,,,13,,,,,B12,,,1,,2,,,84,84,1,12,4,120.715392,24.151874,3
7113,66000,387130000C,(04)23274275,(04)23288582,2025,8,19,16,8,臺中市,大雅區,0,1,0,7,1,6,70,3,2,1,5,4,6,6,1,1,1,4,4,1,17,3,10,3,1,B02,7,7,1,8,2,16,,40,40,1,12,4,120.64136,24.230232,2
7114,66000,387130000C,(04)23274275,(04)23288582,2025,8,19,16,9,臺中市,南屯區,0,0,0,7,,,10,,,,,,,,,,,,,,14,,,,,B03,,,1,,1,,,49,49,1,12,4,120.646415,24.149204,3
7115,66000,387130000C,(04)23274275,(04)23288582,2025,8,19,16,13,臺中市,西屯區,0,1,0,7,1,6,50,4,1,1,5,4,6,6,1,1,10,5,5,2,16,2,9,1,1,C03,7,9,1,10,2,11,,21,21,1,12,4,120.632516,24.182843,2
7116,66000,387130000C,(04)23274275,(04)23288582,2025,8,19,16,15,臺中市,北屯區,0,0,0,7,,,50,,,,,,,,,,,,,,12,,,,,B03,,,1,,1,,,2,2,1,6,4,120.697745,24.170349,3
7117,66000,387130000C,(04)23274275,(04)23288582,2025,8,19,16,17,臺中市,東區,0,0,0,7,,,30,,,,,,,,,,,,,,15,,,,,B11,,,1,,2,,,15,15,1,13,4,120.710413,24.145024,3
7118,66000,387130000C,(04)23274275,(04)23288582,2025,8,19,16,18,臺中市,南區,0,0,0,7,,,50,,,,,,,,,,,,,,13,,,,,C03,,,1,,1,,,7,7,1,12,4,120.648524,24.122522,3
7119,66000,387130000C,(04)23274275,(04)23288582,2025,8,19,16,19,臺中市,西屯區,0,1,0,7,2,6,40,3,1,1,5,4,6,6,4,4,1,4,1,2,12,3,10,3,4,B12,7,5,1,4,2,6,,84,84,1,13,4,120.650964,24.162311,2
7120,66000,387130000C,(04)23274275,(04)23288582,2025,8,19,16,20,臺中市,大里區,0,0,0,7,,,30,,,,,,,,,,,,,,12,,,,,B12,,,1,,2,,,84,84,1,6,4,120.68647,24.120561,3
7121,66000,387130000C,(04)23274275,(04)23288582,2025,8,19,16,21,臺中市,新社區,0,0,0,7,,,30,,,,,,,,,,,,,,,,,,,B03,,,1,,1,,,49,49,1,13,4,120.815051,24.24073,3
7122,66000,387130000C,(04)23274275,(04)23288582,2025,8,19,16,22,臺中市,北區,0,0,0,7,,,1,,,,,,,,,,,,,,17,,,,,C03,,,1,,2,,,84,84,1,12,4,120.665888,24.163067,3
7123,66000,387130000C,(04)23274275,(04)23288582,2025,8,19,16,25,臺中市,大雅區,0,0,0,7,,,50,,,,,,,,,,,,,,16,,,,,C03,,,1,,1,,,11,11,1,13,4,120.669578,24.22248,3