序號,縣市別代碼,機關代碼,市話,傳真,年,月,日,時,分,縣市,區,死亡數量,受傷數量,2-30,天候,道路照明設備,道路類別,道路速限,道路型態,事故位置,路面鋪裝,路面狀態,路面缺陷,障礙物,視距,號誌種類,號誌動作,分向設施,快車道或一般車道間,快慢車道間,路面邊線,事故類型及型態,受傷程度,主要傷處,保護裝備,行動電話或功能裝置,當事者區分(類別),車輛用途,當事者行動狀態,駕照狀態,駕照種類,飲酒情形,車輛撞擊部位最初,車輛撞擊部位其他,肇事因素個別,肇事因素主要,肇事逃逸,職業,共享經濟或外送平台,GPS座標X,GPS座標Y,事故類別
7124,66000,387130000C,(04)23274275,(04)23288582,2025,8,19,16,28,臺中市,大雅區,0,0,0,7,,,30,,,,,,,,,,,,,,11,,,,,C03,,,3,,1,,,8,8,1,12,4,120.669992,24.237036,3
7125,66000,387130000C,(04)23274275,(04)23288582,2025,8,19,16,32,臺中市,大甲區,0,1,0,7,2,6,40,13,9,1,5,4,6,6,4,4,4,4,5,2,11,3,10,3,1,B03,7,11,1,8,2,4,,46,46,1,12,4,120.60442,24.346933,2
7126,66000,387130000C,(04)23274275,(04)23288582,2025,8,19,16,33,臺中市,南屯區,0,0,0,7,,,50,,,,,,,,,,,,,,17,,,,,A12,,,1,,9,,,76,76,2,6,4,120.649777,24.142937,3
7127,66000,387130000C,(04)23274275,(04)23288582,2025,8,19,16,34,臺中市,北區,0,0,0,7,,,50,,,,,,,,,,,,,,13,,,,,B03,,,1,,1,,,59,59,1,13,4,120.680556,24.166887,3
7128,66000,387130000C,(04)23274275,(04)23288582,2025,8,19,16,38,臺中市,龍井區,0,0,0,7,,,50,,,,,,,,,,,,,,,,,,,C03,,,1,,1,,,20,20,1,12,4,120.55155,24.21308,4
7129,66000,387130000C,(04)23274275,(04)23288582,2025,8,19,16,40,臺中市,北區,0,1,0,7,3,6,50,4,2,1,5,4,6,6,1,1,5,3,4,2,9,3,10,5,4,B03,7,6,1,8,2,1,,10,10,1,13,4,120.667924,24.153878,2
7130,66000,387130000C,(04)23274275,(04)23288582,2025,8,19,16,40,臺中市,沙鹿區,0,1,0,7,2,6,60,13,7,1,5,4,6,6,4,4,1,3,4,2,5,2,9,6,5,H03,8,20,7,21,10,17,,107,107,1,12,5,120.595832,24.250124,2
7131,66000,387130000C,(04)23274275,(04)23288582,2025,8,19,16,42,臺中市,南區,0,2,0,7,2,6,50,4,1,1,5,4,6,6,1,1,10,4,4,2,17,2,9,2,1,C03,7,9,1,10,2,14,,7,7,1,13,4,120.650118,24.120638,2
7132,66000,387130000C,(04)23274275,(04)23288582,2025,8,19,16,42,臺中市,沙鹿區,1,0,0,7,2,6,40,13,8,1,5,4,6,6,4,4,1,2,3,2,23,1,3,2,1,C03,7,9,1,10,9,14,,82,82,1,5,4,120.579948,24.219152,1
7133,66000,387130000C,(04)23274275,(04)23288582,2025,8,19,16,43,臺中市,清水區,0,0,0,7,,,50,,,,,,,,,,,,,,13,,,,,B02,,,1,,2,,,7,7,1,13,4,120.590421,24.304238,3
7134,66000,387130000C,(04)23274275,(04)23288582,2025,8,19,16,48,臺中市,龍井區,0,0,0,7,2,6,50,3,1,1,5,4,6,6,4,4,10,5,5,2,11,,,,,B03,,,1,,1,,,8,8,1,6,4,120.588951,24.178456,3
7135,66000,387130000C,(04)23274275,(04)23288582,2025,8,19,16,55,臺中市,西屯區,0,0,0,7,,,50,,,,,,,,,,,,,,14,,,,,B12,,,1,,2,,,49,49,1,12,4,120.664347,24.166375,3
7136,66000,387130000C,(04)23274275,(04)23288582,2025,8,19,17,0,臺中市,北屯區,0,0,0,7,,,50,,,,,,,,,,,,,,17,,,,,C03,,,1,,1,,,51,51,1,13,4,120.667227,24.173321,3
7137,66000,387130000C,(04)23274275,(04)23288582,2025,8,19,17,0,臺中市,北屯區,0,0,0,7,,,50,,,,,,,,,,,,,,13,,,,,C03,,,1,,2,,,84,84,1,12,4,120.685081,24.177556,3
7138,66000,387130000C,(04)23274275,(04)23288582,2025,8,19,17,0,臺中市,神岡區,0,0,0,7,,,40,,,,,,,,,,,,,,11,,,,,B12,,,1,,2,,,8,8,1,12,4,120.669806,24.245511,3
7139,66000,387130000C,(04)23274275,(04)23288582,2025,8,19,17,1,臺中市,西屯區,0,0,0,7,,,40,,,,,,,,,,,,,,,,,,,B03,,,3,,9,,,49,49,1,13,4,120.651705,24.163889,3
7140,66000,387130000C,(04)23274275,(04)23288582,2025,8,19,17,1,臺中市,沙鹿區,0,0,0,7,,,30,,,,,,,,,,,,,,,,,,,C03,,,1,,1,,,7,7,1,6,4,120.57416,24.228522,3
7141,66000,387130000C,(04)23274275,(04)23288582,2025,8,19,17,4,臺中市,北屯區,0,0,0,7,,,50,,,,,,,,,,,,,,17,,,,,B03,,,1,,2,,,40,40,1,13,4,120.698626,24.164763,3
7142,66000,387130000C,(04)23274275,(04)23288582,2025,8,19,17,8,臺中市,大里區,0,1,0,7,2,6,30,3,1,1,5,4,6,6,4,4,10,5,5,2,16,3,10,2,1,C03,7,6,1,10,2,14,,14,14,1,13,4,120.705296,24.085307,2
7143,66000,387130000C,(04)23274275,(04)23288582,2025,8,19,17,10,臺中市,中區,0,0,0,7,,,50,,,,,,,,,,,,,,13,,,,,F03,,,7,,2,,,7,7,1,12,4,120.679497,24.142426,3
7144,66000,387130000C,(04)23274275,(04)23288582,2025,8,19,17,10,臺中市,龍井區,0,2,0,7,3,6,30,5,1,1,5,4,6,6,4,4,10,5,5,2,17,2,9,2,1,C03,7,9,1,12,2,12,,12,12,1,12,4,120.527179,24.18847,2
7145,66000,387130000C,(04)23274275,(04)23288582,2025,8,19,17,11,臺中市,大里區,0,1,0,7,3,6,30,4,2,1,2,4,6,6,1,1,10,5,5,2,17,3,10,5,4,B12,7,13,1,8,9,16,,75,75,1,13,4,120.663815,24.08611,2
7146,66000,387130000C,(04)23274275,(04)23288582,2025,8,19,17,12,臺中市,大里區,0,1,0,7,2,6,50,3,1,1,5,4,6,6,4,4,10,5,5,2,18,2,9,1,1,C03,7,9,1,10,2,12,,59,59,1,12,4,120.682142,24.071867,2
7147,66000,387130000C,(04)23274275,(04)23288582,2025,8,19,17,13,臺中市,大里區,0,1,0,7,2,6,50,13,9,1,5,4,6,6,4,4,5,4,5,1,12,2,8,1,1,C03,7,15,1,10,2,14,,40,40,1,13,4,120.701469,24.123287,2
7148,66000,387130000C,(04)23274275,(04)23288582,2025,8,19,17,15,臺中市,北屯區,0,0,0,7,,,50,,,,,,,,,,,,,,12,,,,,B03,,,1,,2,,,8,8,1,6,4,120.682561,24.181633,3
7149,66000,387130000C,(04)23274275,(04)23288582,2025,8,19,17,15,臺中市,西屯區,0,0,0,7,,,50,,,,,,,,,,,,,,,,,,,B03,,,1,,1,,,7,7,1,13,4,120.663997,24.176032,4
7150,66000,387130000C,(04)23274275,(04)23288582,2025,8,19,17,15,臺中市,太平區,0,2,0,7,2,6,30,4,1,1,5,4,6,6,4,4,10,5,5,2,15,2,9,2,1,C03,7,9,1,10,2,13,,12,12,1,13,4,120.719672,24.116314,2
7151,66000,387130000C,(04)23274275,(04)23288582,2025,8,19,17,17,臺中市,大雅區,0,1,0,7,2,6,30,3,1,1,5,4,6,6,4,4,10,5,5,1,17,2,9,2,1,C03,7,1,1,10,2,11,,51,51,1,13,4,120.664382,24.235462,2
7152,66000,387130000C,(04)23274275,(04)23288582,2025,8,19,17,17,臺中市,西區,0,1,0,7,2,6,50,4,1,1,5,4,6,6,1,1,10,5,5,2,17,2,9,1,1,C03,7,8,1,10,2,14,,42,42,1,13,4,120.671996,24.146246,2
7153,66000,387130000C,(04)23274275,(04)23288582,2025,8,19,17,22,臺中市,南屯區,0,0,0,7,,,50,,,,,,,,,,,,,,14,,,,,B03,,,1,,2,,,49,49,1,12,4,120.641197,24.141794,3
7154,66000,387130000C,(04)23274275,(04)23288582,2025,8,19,17,23,臺中市,梧棲區,0,0,0,7,,,50,,,,,,,,,,,,,,25,,,,,B11,,,1,,1,,,50,50,1,12,4,120.534332,24.233493,3
7155,66000,387130000C,(04)23274275,(04)23288582,2025,8,19,17,23,臺中市,清水區,0,0,0,7,,3,90,,,,,,,,,,,,,,13,,,,,B03,,,1,,1,,,7,7,1,13,4,120.546323,24.273305,3
7156,66000,387130000C,(04)23274275,(04)23288582,2025,8,19,17,25,臺中市,西屯區,0,0,0,7,,,50,,,,,,,,,,,,,,16,,,,,C03,,,1,,1,,,59,59,1,12,4,120.607485,24.195133,3
7157,66000,387130000C,(04)23274275,(04)23288582,2025,8,19,17,25,臺中市,大里區,0,1,0,7,2,6,30,3,1,1,5,4,6,6,4,4,10,5,5,1,16,2,9,4,1,F01,7,6,7,21,2,11,,14,14,1,2,4,120.699899,24.1054,2
7158,66000,387130000C,(04)23274275,(04)23288582,2025,8,19,17,26,臺中市,南屯區,0,2,0,7,2,6,50,4,1,1,5,4,6,6,2,1,5,5,5,2,16,2,9,1,1,C03,7,5,3,19,2,12,,65,65,1,6,4,120.630584,24.138933,2
7159,66000,387130000C,(04)23274275,(04)23288582,2025,8,19,17,27,臺中市,梧棲區,0,1,0,7,3,6,30,13,9,1,5,4,6,6,4,4,10,5,5,2,13,2,8,1,1,C03,7,9,1,10,2,11,,7,7,1,6,4,120.538745,24.226809,2
7160,66000,387130000C,(04)23274275,(04)23288582,2025,8,19,17,29,臺中市,豐原區,0,0,0,7,,,50,,,,,,,,,,,,,,17,,,,,C03,,,1,,9,,,50,50,1,12,4,120.721558,24.239509,3
7161,66000,387130000C,(04)23274275,(04)23288582,2025,8,19,17,30,臺中市,西區,0,0,0,7,,,30,,,,,,,,,,,,,,,,,,,C03,,,1,10,1,,,50,50,1,13,4,120.662518,24.1505,3
7162,66000,387130000C,(04)23274275,(04)23288582,2025,8,19,17,30,臺中市,中區,0,0,0,7,,,50,,,,,,,,,,,,,,,,,,,B03,,,1,8,1,,,40,40,1,13,4,120.675931,24.144413,3
7163,66000,387130000C,(04)23274275,(04)23288582,2025,8,19,17,30,臺中市,南屯區,0,1,0,7,2,6,40,3,1,1,5,4,6,6,4,4,9,4,4,2,13,2,9,1,1,C03,7,9,1,10,2,11,,7,7,1,12,4,120.638331,24.141334,2
7164,66000,387130000C,(04)23274275,(04)23288582,2025,8,19,17,31,臺中市,梧棲區,0,0,0,7,,,50,,,,,,,,,,,,,,13,,,,,B03,,,1,,2,,,84,84,1,12,4,120.555823,24.250334,3
7165,66000,387130000C,(04)23274275,(04)23288582,2025,8,19,17,33,臺中市,西區,0,0,0,7,,,50,,,,,,,,,,,,,,,,,,,B13,,,1,,2,,,78,78,1,12,4,120.658712,24.135986,3
7166,66000,387130000C,(04)23274275,(04)23288582,2025,8,19,17,33,臺中市,后里區,0,2,0,7,2,6,50,4,1,1,5,4,6,6,1,1,5,4,4,2,16,2,9,1,1,C03,7,6,5,19,2,11,,11,11,1,12,4,120.710503,24.304948,2
7167,66000,387130000C,(04)23274275,(04)23288582,2025,8,19,17,35,臺中市,梧棲區,0,1,0,7,2,6,50,4,1,1,5,4,6,6,3,1,10,5,5,2,16,3,10,3,1,B03,7,5,1,8,2,5,,11,11,1,12,4,120.540214,24.242968,2
7168,66000,387130000C,(04)23274275,(04)23288582,2025,8,19,17,36,臺中市,南屯區,0,1,0,7,3,6,40,13,8,1,5,4,6,6,4,4,1,4,4,2,13,2,9,2,4,C03,7,9,1,10,2,11,,7,7,1,6,4,120.624782,24.145346,2
7169,66000,387130000C,(04)23274275,(04)23288582,2025,8,19,17,37,臺中市,后里區,0,2,0,7,2,6,50,3,1,1,5,4,6,6,4,4,1,4,4,1,16,2,8,1,1,C03,7,6,1,10,2,12,,14,14,1,12,4,120.722903,24.291611,2
7170,66000,387130000C,(04)23274275,(04)23288582,2025,8,19,17,39,臺中市,西屯區,0,2,0,7,2,6,50,4,1,1,5,4,6,6,2,1,4,4,5,2,16,2,9,5,4,C03,7,6,1,10,2,11,,11,11,1,13,4,120.616375,24.171262,2
7171,66000,387130000C,(04)23274275,(04)23288582,2025,8,19,17,39,臺中市,太平區,0,1,0,7,2,6,50,4,4,1,5,4,6,6,2,1,1,2,5,2,17,2,8,2,1,C03,7,9,1,10,2,14,,84,84,1,12,4,120.711591,24.149779,2
7172,66000,387130000C,(04)23274275,(04)23288582,2025,8,19,17,40,臺中市,西區,0,1,0,7,2,6,50,3,1,1,5,4,6,6,4,4,9,4,5,2,13,3,10,3,1,B03,7,9,1,8,2,1,,7,7,1,12,4,120.656106,24.144949,2
7173,66000,387130000C,(04)23274275,(04)23288582,2025,8,19,17,41,臺中市,西屯區,0,1,0,7,2,6,50,4,1,1,5,4,6,6,1,1,5,4,5,2,13,2,9,2,1,C03,7,9,1,10,2,14,,59,59,1,12,4,120.65681,24.184602,2
7174,66000,387130000C,(04)23274275,(04)23288582,2025,8,19,17,42,臺中市,西屯區,0,0,0,7,,,50,,,,,,,,,,,,,,14,,,,,B03,,,1,,1,,,49,49,1,12,4,120.66014,24.200662,3
7175,66000,387130000C,(04)23274275,(04)23288582,2025,8,19,17,43,臺中市,西屯區,0,0,0,7,,,50,,,,,,,,,,,,,,12,,,,,B03,,,1,,2,,,40,40,1,12,4,120.656565,24.200503,3
7176,66000,387130000C,(04)23274275,(04)23288582,2025,8,19,17,44,臺中市,北屯區,0,1,0,7,3,6,50,4,1,1,5,4,6,6,2,1,10,5,5,2,16,3,10,3,1,B03,7,6,1,8,2,1,,48,48,1,12,4,120.685679,24.175769,2
7177,66000,387130000C,(04)23274275,(04)23288582,2025,8,19,17,44,臺中市,大肚區,0,0,0,7,,,50,,,,,,,,,,,,,,,,,,,B03,,,1,,2,,,7,7,1,6,4,120.567708,24.121996,3
7178,66000,387130000C,(04)23274275,(04)23288582,2025,8,19,17,45,臺中市,神岡區,0,1,0,7,2,6,50,13,9,1,5,4,6,6,4,4,5,4,4,2,12,2,9,5,4,C03,7,9,1,10,2,12,,54,54,1,12,4,120.697018,24.25013,2
7179,66000,387130000C,(04)23274275,(04)23288582,2025,8,19,17,48,臺中市,西區,0,0,0,7,,,50,,,,,,,,,,,,,,,,,,,B03,,,1,8,1,,,84,84,1,13,4,120.669363,24.151301,3
7180,66000,387130000C,(04)23274275,(04)23288582,2025,8,19,17,48,臺中市,新社區,0,2,0,7,2,6,50,3,1,1,5,4,6,6,4,4,10,5,5,2,17,3,10,3,1,B03,7,9,1,8,2,5,,84,84,1,12,4,120.796937,24.219367,2
7181,66000,387130000C,(04)23274275,(04)23288582,2025,8,19,17,50,臺中市,西屯區,0,1,0,7,2,6,50,5,1,1,5,4,6,6,2,1,4,4,4,2,12,3,10,5,4,B03,7,9,1,8,2,2,,8,8,1,13,4,120.660102,24.164309,2
7182,66000,387130000C,(04)23274275,(04)23288582,2025,8,19,17,50,臺中市,外埔區,0,1,0,7,2,6,50,4,1,1,5,4,6,6,1,1,5,5,4,1,13,3,10,3,1,B03,7,6,1,8,2,8,,7,7,1,12,4,120.634727,24.330784,2
7183,66000,387130000C,(04)23274275,(04)23288582,2025,8,19,17,50,臺中市,豐原區,0,1,0,7,2,6,50,4,1,1,5,4,6,6,1,1,10,5,5,2,28,2,9,2,1,C03,7,9,1,10,2,11,,58,58,1,13,4,120.726647,24.247665,2
7184,66000,387130000C,(04)23274275,(04)23288582,2025,8,19,17,51,臺中市,后里區,0,1,0,7,2,6,50,4,1,1,5,4,6,6,1,1,5,5,5,1,16,3,10,3,1,B03,7,5,1,8,2,5,,84,84,1,12,4,120.695857,24.311392,2
7185,66000,387130000C,(04)23274275,(04)23288582,2025,8,19,17,53,臺中市,南屯區,0,1,0,7,1,6,50,3,1,1,5,4,6,6,4,4,5,5,5,2,17,3,10,3,1,B03,7,6,1,8,2,8,,13,13,1,6,4,120.612582,24.152919,2
7186,66000,387130000C,(04)23274275,(04)23288582,2025,8,19,17,53,臺中市,龍井區,0,0,0,7,2,6,50,13,9,1,5,4,6,6,4,4,5,5,,1,13,,,,,C03,,,1,,2,,,59,59,1,6,4,120.584703,24.183923,3
7187,66000,387130000C,(04)23274275,(04)23288582,2025,8,19,17,55,臺中市,太平區,0,1,0,7,2,6,30,3,1,1,5,4,6,6,4,4,10,5,5,2,16,3,10,3,1,B03,7,6,1,8,2,8,,14,14,1,13,4,120.701482,24.148412,2
7188,66000,387130000C,(04)23274275,(04)23288582,2025,8,19,17,56,臺中市,東區,0,0,0,7,,,50,,,,,,,,,,,,,,13,,,,,B11,,,1,,1,,,84,84,1,13,4,120.689186,24.142917,4
7189,66000,387130000C,(04)23274275,(04)23288582,2025,8,19,17,58,臺中市,清水區,0,1,0,7,2,6,30,3,2,1,5,4,6,6,4,4,10,5,5,2,11,3,10,3,1,B03,7,6,1,8,2,4,,41,41,1,13,4,120.58953,24.297476,2
7190,66000,387130000C,(04)23274275,(04)23288582,2025,8,19,17,59,臺中市,清水區,0,0,0,7,,,0,,,,,,,,,,,,,,,,,,,B03,,,1,,1,,,58,58,1,12,4,120.614688,24.288044,3
7191,66000,387130000C,(04)23274275,(04)23288582,2025,8,19,18,0,臺中市,西屯區,0,0,0,7,,,50,,,,,,,,,,,,,,13,,,,,B03,,,1,,1,,,59,59,1,13,4,120.615369,24.183119,3
7192,66000,387130000C,(04)23274275,(04)23288582,2025,8,19,18,2,臺中市,北屯區,0,1,0,7,3,6,50,4,1,1,5,4,6,6,1,1,10,5,5,2,13,2,9,2,1,C03,7,9,1,10,1,11,,59,59,1,13,4,120.667056,24.180179,2
7193,66000,387130000C,(04)23274275,(04)23288582,2025,8,19,18,3,臺中市,神岡區,0,0,0,7,,,30,,,,,,,,,,,,,,14,,,,,B03,,,1,,1,,,49,49,1,12,4,120.71029,24.257061,3
7194,66000,387130000C,(04)23274275,(04)23288582,2025,8,19,18,7,臺中市,大肚區,0,1,0,7,2,6,40,13,8,1,5,4,6,6,4,4,1,4,4,1,12,3,10,1,1,C03,7,9,1,10,2,12,,8,8,1,6,4,120.571148,24.120742,2
7195,66000,387130000C,(04)23274275,(04)23288582,2025,8,19,18,10,臺中市,西屯區,0,0,0,7,,,30,,,,,,,,,,,,,,9,,,,,C03,,,1,,1,,,8,8,1,12,4,120.640603,24.169818,3
7196,66000,387130000C,(04)23274275,(04)23288582,2025,8,19,18,13,臺中市,潭子區,0,1,0,7,2,6,50,3,1,1,5,4,6,6,4,4,10,5,5,2,13,3,10,2,1,C03,7,12,1,10,2,11,,84,84,1,12,4,120.700548,24.21228,2
7197,66000,387130000C,(04)23274275,(04)23288582,2025,8,19,18,15,臺中市,北區,0,1,0,7,1,6,50,4,1,1,5,4,6,6,1,1,10,5,5,2,16,3,10,3,1,B03,7,5,1,8,2,2,,20,20,1,12,4,120.686725,24.165283,2
7198,66000,387130000C,(04)23274275,(04)23288582,2025,8,19,18,16,臺中市,西區,0,1,0,7,2,6,50,4,2,1,5,4,6,6,1,1,9,4,5,2,18,2,9,1,1,C04,7,9,1,10,2,16,,84,84,1,12,4,120.671994,24.135147,2
7199,66000,387130000C,(04)23274275,(04)23288582,2025,8,19,18,16,臺中市,東區,0,0,0,7,,,50,,,,,,,,,,,,,,12,,,,,C03,,,1,,2,,,87,87,1,13,4,120.692743,24.147866,3
7200,66000,387130000C,(04)23274275,(04)23288582,2025,8,19,18,16,臺中市,南屯區,0,1,0,7,2,6,50,4,1,1,5,4,6,6,2,1,9,4,4,2,17,3,10,3,1,B03,7,9,1,8,2,2,,84,84,1,12,4,120.634806,24.153878,2
7201,66000,387130000C,(04)23274275,(04)23288582,2025,8,19,18,18,臺中市,清水區,0,1,0,7,2,6,50,13,9,1,5,4,6,6,4,4,5,4,5,1,3,2,6,6,5,H01,8,16,7,21,10,17,,95,95,1,13,5,120.567937,24.273057,2
7202,66000,387130000C,(04)23274275,(04)23288582,2025,8,19,18,23,臺中市,南屯區,0,0,0,7,,,50,,,,,,,,,,,,,,,,,,,B03,,,1,,1,,,50,50,1,13,4,120.647429,24.155305,3
7203,66000,387130000C,(04)23274275,(04)23288582,2025,8,19,18,25,臺中市,大雅區,0,1,0,7,1,6,50,3,1,1,5,4,6,6,1,1,5,5,5,1,17,3,10,3,1,B03,7,6,1,8,2,2,,11,11,1,13,4,120.638189,24.24656,2
7204,66000,387130000C,(04)23274275,(04)23288582,2025,8,19,18,28,臺中市,潭子區,0,1,0,7,2,6,50,13,14,1,5,4,6,6,4,4,1,4,4,1,17,3,10,3,1,B12,7,9,1,8,2,5,,84,84,1,12,4,120.686649,24.215959,2
7205,66000,387130000C,(04)23274275,(04)23288582,2025,8,19,18,30,臺中市,豐原區,0,0,0,7,,,50,,,,,,,,,,,,,,13,,,,,B03,,,1,,2,,,59,59,1,12,4,120.713513,24.260245,3
7206,66000,387130000C,(04)23274275,(04)23288582,2025,8,19,18,32,臺中市,南屯區,0,0,0,7,,,50,,,,,,,,,,,,,,12,,,,,C03,,,1,,1,,,37,37,1,6,4,120.637271,24.150305,3
7207,66000,387130000C,(04)23274275,(04)23288582,2025,8,19,18,34,臺中市,清水區,0,0,0,7,,,50,,,,,,,,,,,,,,,,,,,B03,,,1,,1,,,58,58,1,12,4,120.540479,24.269545,3
7208,66000,387130000C,(04)23274275,(04)23288582,2025,8,19,18,39,臺中市,西屯區,0,0,0,7,,,50,,,,,,,,,,,,,,17,,,,,B03,,,1,,1,,,50,50,1,12,4,120.611016,24.186864,3
7209,66000,387130000C,(04)23274275,(04)23288582,2025,8,19,18,40,臺中市,南區,0,0,0,7,,,50,,,,,,,,,,,,,,,,,,,B03,,,1,,1,,,85,85,1,6,4,120.681423,24.11901,3
7210,66000,387130000C,(04)23274275,(04)23288582,2025,8,19,18,44,臺中市,清水區,0,1,0,7,2,6,50,4,1,1,5,4,6,6,1,1,8,3,4,1,17,3,10,3,1,B03,7,5,1,8,2,5,,58,58,1,12,4,120.564994,24.277141,2
7211,66000,387130000C,(04)23274275,(04)23288582,2025,8,19,18,49,臺中市,南屯區,0,0,0,7,,,50,,,,,,,,,,,,,,13,,,,,C03,,,1,,1,,,59,59,1,12,4,120.632194,24.150746,3
7212,66000,387130000C,(04)23274275,(04)23288582,2025,8,19,18,50,臺中市,西區,0,1,0,7,1,6,50,4,1,1,5,4,6,6,4,4,10,5,5,2,3,3,10,5,4,B03,7,2,1,8,2,7,,49,49,1,13,4,120.660677,24.13525,2
7213,66000,387130000C,(04)23274275,(04)23288582,2025,8,19,18,54,臺中市,西區,0,1,0,7,1,6,60,5,1,1,5,4,6,6,2,1,1,2,1,2,16,3,10,3,1,B03,7,5,1,8,2,5,,11,11,1,12,4,120.664014,24.154889,2
7214,66000,387130000C,(04)23274275,(04)23288582,2025,8,19,18,56,臺中市,西屯區,0,1,0,7,1,6,50,3,7,1,5,4,6,6,4,4,5,3,4,2,13,3,10,3,4,B03,7,9,1,8,2,1,,7,7,1,13,4,120.648454,24.173663,2
7215,66000,387130000C,(04)23274275,(04)23288582,2025,8,19,18,56,臺中市,梧棲區,0,0,0,7,,,50,,,,,,,,,,,,,,14,,,,,B13,,,1,,1,,,49,49,1,6,4,120.531203,24.257047,3
7216,66000,387130000C,(04)23274275,(04)23288582,2025,8,19,18,59,臺中市,大甲區,0,0,0,7,,,50,,,,,,,,,,,,,,13,,,,,B03,,,1,,2,,,59,59,1,12,4,120.651312,24.381097,3
7217,66000,387130000C,(04)23274275,(04)23288582,2025,8,19,19,0,臺中市,太平區,0,2,0,7,1,6,50,4,1,1,5,4,6,6,2,1,10,5,5,2,16,3,10,3,1,B03,7,5,1,8,2,2,,47,47,1,12,4,120.701865,24.153694,2
7218,66000,387130000C,(04)23274275,(04)23288582,2025,8,19,19,0,臺中市,大肚區,0,1,0,7,1,6,50,13,9,1,5,4,6,6,4,4,8,5,5,1,17,2,9,2,1,C03,7,9,3,19,7,12,,53,53,1,6,4,120.537101,24.161097,2
7219,66000,387130000C,(04)23274275,(04)23288582,2025,8,19,19,5,臺中市,南區,0,0,0,7,,,30,,,,,,,,,,,,,,17,,,,,B03,,,1,,1,,,84,84,1,12,4,120.666818,24.115311,4
7220,66000,387130000C,(04)23274275,(04)23288582,2025,8,19,19,16,臺中市,北屯區,0,0,0,7,,,30,,,,,,,,,,,,,,15,,,,,C03,,,3,,3,,,24,24,1,12,4,120.704076,24.16939,3
7221,66000,387130000C,(04)23274275,(04)23288582,2025,8,19,19,18,臺中市,南屯區,0,0,0,7,,,50,,,,,,,,,,,,,,,,,,,B03,,,1,,2,,,8,8,1,6,4,120.645286,24.151188,4
7222,66000,387130000C,(04)23274275,(04)23288582,2025,8,19,19,26,臺中市,東勢區,0,0,0,7,,,50,,,,,,,,,,,,,,,,,,,B03,,,1,,2,,,84,84,1,12,4,120.82779,24.25637,3
7223,66000,387130000C,(04)23274275,(04)23288582,2025,8,19,19,28,臺中市,神岡區,0,0,0,7,,,1,,,,,,,,,,,,,,17,,,,,B03,,,1,,1,,,51,51,1,13,4,120.696554,24.248704,3
7224,66000,387130000C,(04)23274275,(04)23288582,2025,8,19,19,29,臺中市,北屯區,0,1,0,7,1,6,50,4,2,1,5,4,6,6,4,4,5,5,5,2,13,3,10,3,1,B03,7,9,1,8,2,8,,84,84,1,13,4,120.686584,24.190503,2
7225,66000,387130000C,(04)23274275,(04)23288582,2025,8,19,19,32,臺中市,太平區,0,1,0,7,1,6,50,3,1,1,5,4,6,6,1,1,10,5,5,2,3,3,10,3,1,B03,7,6,1,8,2,1,,10,10,1,13,4,120.718824,24.12678,2
7226,66000,387130000C,(04)23274275,(04)23288582,2025,8,19,19,36,臺中市,北屯區,0,0,0,7,,,50,,,,,,,,,,,,,,12,,,,,B03,,,1,,1,,,8,8,1,6,4,120.701011,24.178623,3
7227,66000,387130000C,(04)23274275,(04)23288582,2025,8,19,19,36,臺中市,后里區,0,1,0,7,1,6,50,4,2,1,5,4,6,6,3,1,5,5,5,1,13,2,7,2,1,F03,7,9,7,21,2,11,,7,7,1,12,4,120.717843,24.307406,2
7228,66000,387130000C,(04)23274275,(04)23288582,2025,8,19,19,40,臺中市,大雅區,0,1,0,7,1,6,30,4,1,1,5,4,6,6,1,1,10,5,5,2,17,3,10,1,1,C03,7,9,1,10,2,11,14,25,25,1,13,4,120.6392,24.225982,2
7229,66000,387130000C,(04)23274275,(04)23288582,2025,8,19,19,45,臺中市,霧峰區,0,1,0,7,1,6,50,4,1,1,5,4,6,6,4,4,1,4,4,1,16,2,8,4,1,F01,7,1,7,21,2,14,,51,51,1,12,4,120.696383,24.068578,2
7230,66000,387130000C,(04)23274275,(04)23288582,2025,8,19,19,49,臺中市,西區,0,1,0,7,1,6,50,5,2,1,5,4,6,6,4,4,9,4,5,2,17,2,9,1,1,C03,7,6,1,10,2,11,,14,14,1,12,4,120.666498,24.137946,2
7231,66000,387130000C,(04)23274275,(04)23288582,2025,8,19,19,50,臺中市,和平區,0,0,0,7,,,40,,,,,,,,,,,,,,12,3,10,6,1,B12,,13,1,8,1,4,,76,76,1,13,4,120.882762,24.174649,3
7232,66000,387130000C,(04)23274275,(04)23288582,2025,8,19,19,55,臺中市,西區,0,0,0,7,,,50,,,,,,,,,,,,,,,,,,,,,,,,,,,85,85,1,,,120.65968,24.136397,3
7233,66000,387130000C,(04)23274275,(04)23288582,2025,8,19,19,57,臺中市,豐原區,0,0,0,7,,,60,,,,,,,,,,,,,,13,,,,,A11,,,1,,2,,,59,59,1,13,4,120.729763,24.243619,3
7234,66000,387130000C,(04)23274275,(04)23288582,2025,8,19,20,0,臺中市,南屯區,0,0,0,7,,,50,,,,,,,,,,,,,,,,,,,B03,,,1,,1,,,7,7,1,13,4,120.630691,24.142899,3
7235,66000,387130000C,(04)23274275,(04)23288582,2025,8,19,20,10,臺中市,西屯區,0,0,0,7,,,50,,,,,,,,,,,,,,13,,,,,B03,,,1,,1,,,7,7,1,12,4,120.647847,24.196114,3