序號,縣市別代碼,機關代碼,市話,傳真,年,月,日,時,分,縣市,區,死亡數量,受傷數量,2-30,天候,道路照明設備,道路類別,道路速限,道路型態,事故位置,路面鋪裝,路面狀態,路面缺陷,障礙物,視距,號誌種類,號誌動作,分向設施,快車道或一般車道間,快慢車道間,路面邊線,事故類型及型態,受傷程度,主要傷處,保護裝備,行動電話或功能裝置,當事者區分(類別),車輛用途,當事者行動狀態,駕照狀態,駕照種類,飲酒情形,車輛撞擊部位最初,車輛撞擊部位其他,肇事因素個別,肇事因素主要,肇事逃逸,職業,共享經濟或外送平台,GPS座標X,GPS座標Y,事故類別
7236,66000,387130000C,(04)23274275,(04)23288582,2025,8,19,20,16,臺中市,西區,0,0,0,7,,,50,,,,,,,,,,,,,,13,,,,,B03,,,1,,1,,,59,59,1,12,4,120.657079,24.134428,3
7237,66000,387130000C,(04)23274275,(04)23288582,2025,8,19,20,20,臺中市,沙鹿區,0,0,0,7,,,50,,,,,,,,,,,,,,13,,,,,C03,,,1,,1,,,7,7,1,6,4,120.566606,24.203374,3
7238,66000,387130000C,(04)23274275,(04)23288582,2025,8,19,20,22,臺中市,大里區,0,1,0,7,1,6,40,4,2,1,5,4,6,6,1,1,5,5,4,2,13,3,10,1,1,C03,7,9,1,10,2,11,,7,7,1,13,4,120.694456,24.111441,2
7239,66000,387130000C,(04)23274275,(04)23288582,2025,8,19,20,25,臺中市,北區,0,0,0,7,,,50,,,,,,,,,,,,,,13,,,,,B03,,,1,,1,,,84,84,1,12,4,120.674725,24.163007,3
7240,66000,387130000C,(04)23274275,(04)23288582,2025,8,19,20,28,臺中市,豐原區,0,0,0,7,1,6,50,13,7,1,5,4,6,6,1,1,5,5,4,2,17,3,10,1,1,C03,7,9,5,19,8,14,,53,53,1,12,4,120.718791,24.249894,3
7241,66000,387130000C,(04)23274275,(04)23288582,2025,8,19,20,30,臺中市,豐原區,0,0,0,7,,,50,,,,,,,,,,,,,,17,,,,,B03,,,1,,2,,,8,8,1,13,4,120.719133,24.248088,3
7242,66000,387130000C,(04)23274275,(04)23288582,2025,8,19,20,33,臺中市,沙鹿區,0,2,0,7,1,6,50,5,1,1,5,4,6,6,1,1,10,5,5,2,16,2,9,2,1,C03,7,6,1,10,2,11,,48,48,1,6,4,120.573005,24.210639,2
7243,66000,387130000C,(04)23274275,(04)23288582,2025,8,19,20,34,臺中市,西屯區,0,2,0,7,1,6,50,4,1,1,5,4,6,6,1,1,5,4,4,2,16,2,9,2,1,C03,7,6,1,10,2,12,,11,11,1,12,4,120.64456,24.202866,2
7244,66000,387130000C,(04)23274275,(04)23288582,2025,8,19,20,36,臺中市,西區,0,0,0,7,,,50,,,,,,,,,,,,,,,,,,,B03,,,1,8,1,,,84,84,1,13,4,120.660463,24.146828,3
7245,66000,387130000C,(04)23274275,(04)23288582,2025,8,19,20,52,臺中市,后里區,0,0,0,7,,,50,,,,,,,,,,,,,,16,,,,,C03,,,1,,1,,,39,39,1,12,4,120.710041,24.310786,3
7246,66000,387130000C,(04)23274275,(04)23288582,2025,8,19,20,57,臺中市,霧峰區,0,0,0,7,,,50,,,,,,,,,,,,,,13,,,,,C03,,,1,,2,,,58,58,1,13,4,120.702072,24.071057,4
7247,66000,387130000C,(04)23274275,(04)23288582,2025,8,19,21,8,臺中市,西屯區,0,0,0,6,,,50,,,,,,,,,,,,,,,,,,,B03,,,1,,1,,,49,49,1,13,4,120.621145,24.183703,3
7248,66000,387130000C,(04)23274275,(04)23288582,2025,8,19,21,15,臺中市,北區,0,1,0,7,1,6,50,3,1,1,5,4,6,6,1,1,10,5,5,2,13,3,10,3,1,B03,7,9,1,8,2,1,,59,59,1,12,4,120.668305,24.166829,2
7249,66000,387130000C,(04)23274275,(04)23288582,2025,8,19,21,15,臺中市,北區,0,2,0,7,1,6,50,5,2,1,5,4,6,6,1,1,5,4,5,2,16,3,10,5,4,B03,7,6,1,8,2,4,,11,11,1,13,4,120.689278,24.153931,2
7250,66000,387130000C,(04)23274275,(04)23288582,2025,8,19,21,29,臺中市,豐原區,0,1,0,7,1,6,50,4,2,1,5,4,6,6,1,1,5,5,5,2,13,3,10,5,4,B03,7,9,1,8,2,5,,54,54,1,13,4,120.71563,24.251408,2
7251,66000,387130000C,(04)23274275,(04)23288582,2025,8,19,21,30,臺中市,南區,0,1,0,7,1,6,50,4,1,1,5,4,6,6,4,4,10,5,5,2,16,3,10,2,1,C03,7,6,1,10,2,11,,14,14,1,13,4,120.662012,24.129407,2
7252,66000,387130000C,(04)23274275,(04)23288582,2025,8,19,21,35,臺中市,清水區,0,1,0,7,1,6,50,13,7,1,5,4,6,6,1,1,1,4,4,2,13,3,10,3,1,B03,7,1,1,8,2,1,,58,58,1,12,4,120.577225,24.275453,2
7253,66000,387130000C,(04)23274275,(04)23288582,2025,8,19,21,50,臺中市,豐原區,0,1,0,7,1,6,60,4,1,1,5,4,6,6,1,1,10,5,5,2,17,3,10,3,1,B03,7,5,1,8,2,6,,11,11,1,13,4,120.734921,24.246775,2
7254,66000,387130000C,(04)23274275,(04)23288582,2025,8,19,21,55,臺中市,北區,0,0,0,7,,,30,,,,,,,,,,,,,,17,,,,,C03,,,1,,2,,,84,84,1,13,4,120.684059,24.152488,4
7255,66000,387130000C,(04)23274275,(04)23288582,2025,8,19,21,56,臺中市,東區,0,1,0,7,3,6,50,4,1,1,5,4,6,6,4,4,10,5,5,2,15,2,9,5,4,C03,7,9,5,19,2,12,,15,15,1,12,4,120.690925,24.144208,2
7256,66000,387130000C,(04)23274275,(04)23288582,2025,8,19,21,59,臺中市,西屯區,0,0,0,7,,,60,,,,,,,,,,,,,,13,,,,,B03,,,1,,1,,,7,7,1,13,4,120.646149,24.16429,3
7257,66000,387130000C,(04)23274275,(04)23288582,2025,8,19,22,5,臺中市,西區,0,1,0,6,2,6,40,3,1,1,5,4,6,6,1,1,10,5,5,2,17,2,9,1,1,C03,7,9,1,10,2,11,,7,7,1,12,4,120.664164,24.140066,2
7258,66000,387130000C,(04)23274275,(04)23288582,2025,8,19,22,8,臺中市,北屯區,0,1,0,7,1,6,50,5,1,1,5,4,6,6,2,1,10,5,5,2,13,3,10,3,1,B01,7,9,1,4,2,1,,84,84,1,12,4,120.697641,24.170156,2
7259,66000,387130000C,(04)23274275,(04)23288582,2025,8,19,22,10,臺中市,太平區,0,1,0,7,1,6,50,4,1,1,5,4,6,6,4,4,10,5,5,2,15,2,9,1,1,C03,7,9,1,10,2,11,,15,15,1,6,4,120.716981,24.115375,2
7260,66000,387130000C,(04)23274275,(04)23288582,2025,8,19,22,20,臺中市,烏日區,0,0,0,7,,,30,,,,,,,,,,,,,,12,,,,,B03,,,1,,1,,,40,40,1,6,4,120.616372,24.110954,3
7261,66000,387130000C,(04)23274275,(04)23288582,2025,8,19,22,21,臺中市,西屯區,0,0,0,7,1,6,50,13,9,1,5,4,6,6,4,4,1,4,5,2,17,3,10,3,1,B03,7,9,1,8,7,1,,53,53,1,12,4,120.647181,24.157417,3
7262,66000,387130000C,(04)23274275,(04)23288582,2025,8,19,22,29,臺中市,豐原區,0,1,0,7,2,6,40,3,1,1,5,4,6,6,4,4,5,5,5,1,18,2,9,5,4,C03,7,9,1,10,2,16,,84,84,1,13,4,120.751958,24.259134,2
7263,66000,387130000C,(04)23274275,(04)23288582,2025,8,19,22,50,臺中市,北屯區,0,1,0,7,1,6,50,11,9,1,5,4,6,6,4,4,5,4,5,2,17,3,10,3,1,B03,7,11,1,8,2,4,,39,39,1,13,4,120.745186,24.18838,2
7264,66000,387130000C,(04)23274275,(04)23288582,2025,8,19,22,50,臺中市,豐原區,0,0,0,7,,,50,,,,,,,,,,,,,,17,,,,,B03,,,1,,2,,,84,84,1,6,4,120.7196,24.241897,3
7265,66000,387130000C,(04)23274275,(04)23288582,2025,8,19,22,52,臺中市,烏日區,0,2,0,7,1,6,50,4,2,1,5,4,6,6,1,1,10,5,5,2,17,3,10,3,1,B03,7,5,1,8,2,8,,20,20,1,6,4,120.607805,24.112019,2
7266,66000,387130000C,(04)23274275,(04)23288582,2025,8,19,22,52,臺中市,烏日區,0,1,0,7,1,6,40,3,2,1,5,4,6,6,2,1,5,4,1,1,13,3,10,3,1,B03,7,9,1,8,2,5,,59,59,1,6,4,120.618916,24.102726,2
7267,66000,387130000C,(04)23274275,(04)23288582,2025,8,19,22,54,臺中市,西區,0,0,0,7,,,50,,,,,,,,,,,,,,16,,,,,C03,,,1,,1,,,84,84,1,12,4,120.6602,24.144317,3
7268,66000,387130000C,(04)23274275,(04)23288582,2025,8,19,22,57,臺中市,南區,0,1,0,7,3,6,30,13,9,1,5,4,6,6,4,4,10,5,5,1,30,2,9,2,1,C03,7,9,1,10,2,11,,7,7,1,13,4,120.657624,24.123769,2
7269,66000,387130000C,(04)23274275,(04)23288582,2025,8,19,23,3,臺中市,沙鹿區,0,1,0,7,1,6,50,3,2,1,5,4,6,6,4,4,5,5,5,1,12,3,10,2,1,C03,7,9,1,10,2,12,,8,8,1,6,4,120.557063,24.208399,2
7270,66000,387130000C,(04)23274275,(04)23288582,2025,8,19,23,14,臺中市,東區,0,1,0,7,1,6,50,4,9,1,5,4,6,6,1,1,5,5,5,2,16,3,10,5,4,B03,7,6,1,8,2,5,,11,11,1,6,4,120.697677,24.150765,2
7271,66000,387130000C,(04)23274275,(04)23288582,2025,8,19,23,15,臺中市,北區,0,0,0,7,,,50,,,,,,,,,,,,,,17,,,,,B02,,,1,,1,,,58,58,1,13,1,120.676286,24.148087,3
7272,66000,387130000C,(04)23274275,(04)23288582,2025,8,20,0,14,臺中市,西屯區,0,0,0,7,,,50,,,,,,,,,,,,,,,,,,,B03,,,1,,1,,,59,59,1,12,4,120.65263,24.166498,3
7273,66000,387130000C,(04)23274275,(04)23288582,2025,8,20,1,5,臺中市,西屯區,0,1,0,7,1,6,50,4,1,1,5,4,6,6,1,1,10,5,5,2,16,2,8,1,4,C03,7,6,1,10,2,13,12,25,25,1,12,4,120.647213,24.159638,2
7274,66000,387130000C,(04)23274275,(04)23288582,2025,8,20,1,45,臺中市,太平區,0,1,0,7,1,6,30,4,1,1,5,4,6,6,4,4,10,5,5,2,17,3,10,5,4,B03,7,9,1,8,2,4,,20,20,1,6,4,120.709106,24.150613,2
7275,66000,387130000C,(04)23274275,(04)23288582,2025,8,20,6,35,臺中市,霧峰區,0,0,0,7,,,60,,,,,,,,,,,,,,,,,,,B03,,,1,,2,,,20,20,1,6,4,120.691951,24.041142,3
7276,66000,387130000C,(04)23274275,(04)23288582,2025,8,20,6,37,臺中市,西區,0,0,0,7,,,30,,,,,,,,,,,,,,17,,,,,B03,,,1,,1,,,8,8,2,12,4,120.661326,24.160692,3
7277,66000,387130000C,(04)23274275,(04)23288582,2025,8,20,6,46,臺中市,大里區,0,0,0,7,,,30,,,,,,,,,,,,,,10,,,,,C03,,,1,,2,,,84,84,1,12,4,120.6961,24.079247,3
7278,66000,387130000C,(04)23274275,(04)23288582,2025,8,20,6,50,臺中市,沙鹿區,0,0,0,7,,,50,,,,,,,,,,,,,,30,,,,,C03,,,1,,2,,,59,59,1,12,4,120.55472,24.225848,3
7279,66000,387130000C,(04)23274275,(04)23288582,2025,8,20,7,4,臺中市,石岡區,0,1,0,7,2,6,50,13,12,1,5,4,6,6,4,4,1,4,4,1,12,2,9,1,1,C03,7,9,1,10,2,11,,84,84,1,12,4,120.815748,24.260262,2
7280,66000,387130000C,(04)23274275,(04)23288582,2025,8,20,7,10,臺中市,北屯區,0,0,0,7,,,50,,,,,,,,,,,,,,,,,,,B03,,,1,,1,,,40,40,1,6,4,120.686871,24.171681,3
7281,66000,387130000C,(04)23274275,(04)23288582,2025,8,20,7,11,臺中市,西屯區,0,1,0,7,2,6,50,4,9,1,5,4,6,6,1,1,1,5,1,2,13,3,10,3,1,B03,7,9,1,8,2,1,,84,84,1,12,4,120.657865,24.184655,2
7282,66000,387130000C,(04)23274275,(04)23288582,2025,8,20,7,17,臺中市,東區,0,1,0,7,2,6,50,4,1,1,5,4,6,6,1,1,10,5,5,2,16,3,10,3,1,B02,7,5,1,8,2,5,,11,11,1,13,4,120.698047,24.138876,2
7283,66000,387130000C,(04)23274275,(04)23288582,2025,8,20,7,19,臺中市,大肚區,0,3,0,7,2,6,50,13,9,1,5,4,6,6,4,4,9,5,5,1,3,2,9,6,5,H01,8,16,7,21,10,17,,98,98,1,6,5,120.579222,24.174942,2
7284,66000,387130000C,(04)23274275,(04)23288582,2025,8,20,7,20,臺中市,東區,0,1,0,7,2,6,50,4,1,1,5,4,6,6,1,1,5,5,4,2,12,3,10,3,1,B03,7,5,1,8,2,6,,11,11,1,13,4,120.708245,24.135807,2
7285,66000,387130000C,(04)23274275,(04)23288582,2025,8,20,7,22,臺中市,大里區,0,0,0,7,,,50,,,,,,,,,,,,,,17,,,,,C03,,,1,,2,,,84,84,1,12,4,120.698338,24.094639,3
7286,66000,387130000C,(04)23274275,(04)23288582,2025,8,20,7,27,臺中市,梧棲區,0,0,0,7,,,60,,,,,,,,,,,,,,16,,,,,,,,,,,,,47,47,1,,,120.52669,24.223,3
7287,66000,387130000C,(04)23274275,(04)23288582,2025,8,20,7,30,臺中市,霧峰區,0,1,0,7,2,6,40,4,1,1,5,4,6,6,1,1,10,5,5,2,30,,,,,,,,,,,,,119,119,1,,,120.662953,24.072308,2
7288,66000,387130000C,(04)23274275,(04)23288582,2025,8,20,7,30,臺中市,烏日區,0,1,0,7,3,6,60,4,1,1,5,4,6,6,2,1,1,4,4,1,13,2,9,1,1,C03,7,12,1,10,2,11,,7,7,1,6,4,120.624412,24.104353,2
7289,66000,387130000C,(04)23274275,(04)23288582,2025,8,20,7,31,臺中市,西屯區,0,1,0,7,2,6,40,3,1,1,5,4,6,6,4,4,10,5,5,2,16,3,10,5,4,B03,7,5,3,19,2,2,,14,14,1,13,4,120.639414,24.188611,2
7290,66000,387130000C,(04)23274275,(04)23288582,2025,8,20,7,32,臺中市,大里區,0,2,0,7,2,6,50,13,9,1,5,4,6,6,4,4,1,4,5,1,17,2,9,1,1,C03,7,9,1,10,2,11,13,7,7,1,12,4,120.678863,24.111504,2
7291,66000,387130000C,(04)23274275,(04)23288582,2025,8,20,7,33,臺中市,北區,0,2,0,7,3,6,50,3,1,1,5,4,6,6,2,1,10,5,5,2,17,2,9,5,4,C03,7,9,1,8,2,11,,7,7,1,13,4,120.66629,24.155848,2
7292,66000,387130000C,(04)23274275,(04)23288582,2025,8,20,7,33,臺中市,大里區,0,1,0,7,3,6,50,3,2,1,5,4,6,6,4,4,10,5,5,1,17,3,10,1,1,C03,7,1,3,19,2,11,,51,51,1,12,4,120.720678,24.0998,2
7293,66000,387130000C,(04)23274275,(04)23288582,2025,8,20,7,36,臺中市,南屯區,0,0,0,7,,,50,,,,,,,,,,,,,,,,,,,B03,,,1,,1,,,7,7,1,12,4,120.616343,24.15381,3
7294,66000,387130000C,(04)23274275,(04)23288582,2025,8,20,7,38,臺中市,北屯區,0,0,0,7,,,50,,,,,,,,,,,,,,13,,,,,C03,,,1,,1,,,7,7,1,12,4,120.744284,24.186994,3
7295,66000,387130000C,(04)23274275,(04)23288582,2025,8,20,7,38,臺中市,梧棲區,0,0,0,7,,,60,,,,,,,,,,,,,,16,,,,,B03,,,1,,1,,,50,50,1,6,4,120.529242,24.235433,3
7296,66000,387130000C,(04)23274275,(04)23288582,2025,8,20,7,42,臺中市,大雅區,0,0,0,7,,,50,,,,,,,,,,,,,,13,,,,,C03,,,1,,1,,,7,7,1,12,4,120.651621,24.246053,3
7297,66000,387130000C,(04)23274275,(04)23288582,2025,8,20,7,44,臺中市,西屯區,0,1,0,7,2,6,50,4,1,1,5,4,6,6,1,1,10,5,5,2,13,2,9,5,4,C03,7,9,1,10,2,11,,7,7,1,12,4,120.650813,24.166464,2
7298,66000,387130000C,(04)23274275,(04)23288582,2025,8,20,7,44,臺中市,龍井區,0,1,0,7,2,6,50,13,9,1,5,4,6,6,4,4,5,5,5,1,16,3,10,5,4,C03,7,11,1,10,2,12,,39,39,1,12,4,120.582005,24.177112,2
7299,66000,387130000C,(04)23274275,(04)23288582,2025,8,20,7,46,臺中市,大安區,0,0,0,7,,,50,,,,,,,,,,,,,,,,,,,F01,,,7,,2,,,7,7,1,6,4,120.596678,24.389328,3
7300,66000,387130000C,(04)23274275,(04)23288582,2025,8,20,7,47,臺中市,南區,0,1,0,7,2,6,50,4,2,1,5,4,6,6,2,1,1,4,5,2,13,2,9,1,1,C03,7,9,1,10,2,11,,7,7,1,12,4,120.679142,24.126888,2
7301,66000,387130000C,(04)23274275,(04)23288582,2025,8,20,7,49,臺中市,太平區,0,0,0,7,,,50,,,,,,,,,,,,,,,,,,,C03,,,1,,9,,,7,7,1,12,4,120.700571,24.147974,3
7302,66000,387130000C,(04)23274275,(04)23288582,2025,8,20,7,51,臺中市,南屯區,0,1,0,7,2,6,50,4,1,1,5,4,6,6,1,1,10,5,5,2,17,3,10,2,1,C03,7,5,1,10,2,12,,84,84,1,12,4,120.651349,24.148825,2
7303,66000,387130000C,(04)23274275,(04)23288582,2025,8,20,7,51,臺中市,沙鹿區,0,0,0,7,,,50,,,,,,,,,,,,,,,,,,,B03,,,1,,1,,,7,7,1,13,4,120.568931,24.202631,3
7304,66000,387130000C,(04)23274275,(04)23288582,2025,8,20,7,51,臺中市,豐原區,0,0,0,7,,,50,,,,,,,,,,,,,,,,,,,B03,,,1,,1,,,7,7,1,13,4,120.725748,24.246442,3
7305,66000,387130000C,(04)23274275,(04)23288582,2025,8,20,7,51,臺中市,豐原區,0,1,0,7,2,6,50,13,9,1,5,4,3,3,4,4,9,5,5,1,17,2,9,6,1,F01,7,9,7,21,2,14,,4,4,1,13,4,120.727074,24.245314,2
7306,66000,387130000C,(04)23274275,(04)23288582,2025,8,20,7,54,臺中市,烏日區,0,1,0,7,2,6,30,4,1,1,5,4,6,6,4,4,10,5,5,2,17,3,10,5,4,B03,7,6,1,8,2,8,,59,59,1,13,4,120.637253,24.078455,2
7307,66000,387130000C,(04)23274275,(04)23288582,2025,8,20,7,55,臺中市,西屯區,0,1,0,7,2,6,30,3,1,1,5,4,6,6,4,4,10,5,5,2,17,3,10,3,1,B12,7,6,1,8,2,5,,12,12,1,13,4,120.637209,24.173936,2
7308,66000,387130000C,(04)23274275,(04)23288582,2025,8,20,7,56,臺中市,西屯區,0,0,0,7,,,50,,,,,,,,,,,,,,12,,,,,B03,,,1,,2,,,11,11,1,12,4,120.635989,24.169183,3
7309,66000,387130000C,(04)23274275,(04)23288582,2025,8,20,7,58,臺中市,北區,0,1,0,7,2,6,50,4,1,1,5,4,6,6,1,1,10,5,5,2,16,2,9,5,4,C03,7,6,1,10,2,14,,48,48,1,13,4,120.668516,24.156352,2
7310,66000,387130000C,(04)23274275,(04)23288582,2025,8,20,7,58,臺中市,西屯區,0,0,0,7,,,30,,,,,,,,,,,,,,12,,,,,B12,,,1,,1,,,8,8,1,12,4,120.64253,24.204339,3
7311,66000,387130000C,(04)23274275,(04)23288582,2025,8,20,7,59,臺中市,南區,0,0,0,7,1,6,50,13,7,1,5,4,6,6,4,4,5,4,4,2,17,3,10,3,1,B03,7,1,1,8,1,8,,51,51,1,12,4,120.648036,24.11858,3
7312,66000,387130000C,(04)23274275,(04)23288582,2025,8,20,8,0,臺中市,北屯區,0,0,0,7,,,50,,,,,,,,,,,,,,,,,,,B03,,,1,,9,,,41,41,1,12,4,120.689589,24.201651,3
7313,66000,387130000C,(04)23274275,(04)23288582,2025,8,20,8,0,臺中市,烏日區,0,1,0,7,2,6,40,13,9,1,5,4,6,6,4,4,10,5,5,2,11,2,9,1,1,C03,7,9,1,10,2,11,,84,84,1,6,4,120.646405,24.070429,2
7314,66000,387130000C,(04)23274275,(04)23288582,2025,8,20,8,3,臺中市,梧棲區,0,1,0,7,2,6,40,13,9,1,5,4,6,6,4,4,10,5,5,1,28,,,,,,,,,,,,,118,118,1,,,120.539162,24.232779,2
7315,66000,387130000C,(04)23274275,(04)23288582,2025,8,20,8,8,臺中市,大雅區,0,0,0,7,,,70,,,,,,,,,,,,,,,,,,,A41,,,1,,2,,,78,78,1,12,4,120.631273,24.24055,3
7316,66000,387130000C,(04)23274275,(04)23288582,2025,8,20,8,8,臺中市,西屯區,0,2,0,7,2,6,40,3,1,1,5,4,6,6,4,4,9,5,5,2,12,2,9,2,1,C03,7,9,1,10,2,11,,7,7,1,12,4,120.648319,24.1693,2
7317,66000,387130000C,(04)23274275,(04)23288582,2025,8,20,8,9,臺中市,大肚區,0,0,0,6,,,30,,,,,,,,,,,,,,,,,,,B03,,,1,,2,,,49,49,1,6,4,120.539045,24.158655,3
7318,66000,387130000C,(04)23274275,(04)23288582,2025,8,20,8,10,臺中市,南屯區,0,1,0,7,3,6,30,13,9,1,5,4,6,6,4,4,10,5,5,2,17,3,10,3,1,B03,7,1,1,8,2,8,,51,51,1,12,4,120.614357,24.151854,2
7319,66000,387130000C,(04)23274275,(04)23288582,2025,8,20,8,10,臺中市,南屯區,0,0,0,7,,,50,,,,,,,,,,,,,,11,,,,,,,,,,,,,119,119,1,,,120.589808,24.165824,3
7320,66000,387130000C,(04)23274275,(04)23288582,2025,8,20,8,10,臺中市,南屯區,0,1,0,7,3,6,50,13,9,1,5,4,6,6,4,4,5,5,5,1,17,2,9,2,1,C03,7,9,1,10,2,14,,84,84,1,12,4,120.590152,24.165709,2
7321,66000,387130000C,(04)23274275,(04)23288582,2025,8,20,8,12,臺中市,西屯區,0,0,0,7,,,50,,,,,,,,,,,,,,14,,,,,B12,,,1,,2,,,49,49,1,13,4,120.657938,24.163288,4
7322,66000,387130000C,(04)23274275,(04)23288582,2025,8,20,8,12,臺中市,西屯區,0,1,0,7,2,6,60,4,1,1,5,4,6,6,1,1,10,5,5,2,15,3,10,5,4,B03,7,9,1,8,2,2,,21,21,1,12,4,120.59066,24.191989,2
7323,66000,387130000C,(04)23274275,(04)23288582,2025,8,20,8,12,臺中市,烏日區,0,0,0,7,,,50,,,,,,,,,,,,,,16,,,,,C03,,,1,,1,,,14,14,1,6,4,120.611463,24.11054,3
7324,66000,387130000C,(04)23274275,(04)23288582,2025,8,20,8,15,臺中市,南區,0,1,0,7,2,6,50,13,8,1,5,4,6,6,4,4,5,5,4,2,17,2,9,2,1,C03,7,1,1,10,2,14,,51,51,1,13,4,120.656599,24.117514,2
7325,66000,387130000C,(04)23274275,(04)23288582,2025,8,20,8,16,臺中市,西屯區,0,1,0,7,2,6,50,13,9,1,5,4,6,6,4,4,7,5,5,2,16,2,9,2,1,C03,7,6,1,10,2,12,,59,59,1,12,4,120.610296,24.158299,2
7326,66000,387130000C,(04)23274275,(04)23288582,2025,8,20,8,16,臺中市,清水區,0,0,0,7,,,50,,,,,,,,,,,,,,,,,,,B03,,,1,,2,,,7,7,1,12,4,120.562638,24.287931,3
7327,66000,387130000C,(04)23274275,(04)23288582,2025,8,20,8,16,臺中市,梧棲區,0,0,0,7,,,30,,,,,,,,,,,,,,16,,,,,B03,,,1,,1,,,20,20,1,6,4,120.541559,24.242213,3
7328,66000,387130000C,(04)23274275,(04)23288582,2025,8,20,8,17,臺中市,西屯區,0,1,0,7,2,6,50,3,1,1,5,4,6,6,4,4,10,5,5,2,13,2,9,1,1,F01,7,5,7,21,1,11,,47,47,1,12,4,120.626017,24.176419,2
7329,66000,387130000C,(04)23274275,(04)23288582,2025,8,20,8,18,臺中市,神岡區,0,1,0,7,2,6,30,4,1,1,5,4,6,6,4,4,10,5,5,2,15,2,9,5,1,C03,7,9,1,10,2,11,,12,12,1,12,4,120.665445,24.251121,2
7330,66000,387130000C,(04)23274275,(04)23288582,2025,8,20,8,19,臺中市,西屯區,0,0,0,7,,,40,,,,,,,,,,,,,,13,,,,,C03,,,1,,1,,,7,7,1,13,4,120.644064,24.156471,3
7331,66000,387130000C,(04)23274275,(04)23288582,2025,8,20,8,20,臺中市,東區,0,1,0,7,2,6,40,5,1,1,5,4,6,6,2,1,10,5,5,2,16,2,9,1,1,C03,7,1,1,10,2,14,,51,51,1,12,4,120.692525,24.140158,2
7332,66000,387130000C,(04)23274275,(04)23288582,2025,8,20,8,20,臺中市,沙鹿區,0,0,0,7,,,0,,,,,,,,,,,,,,11,,,,,F01,,,7,,1,,,39,39,1,13,4,120.569866,24.235675,4
7333,66000,387130000C,(04)23274275,(04)23288582,2025,8,20,8,23,臺中市,南屯區,0,0,0,7,3,6,50,13,,1,5,4,6,6,1,1,5,4,5,2,12,,,,,C03,,,1,,1,,,8,8,1,12,4,120.641575,24.134848,3
7334,66000,387130000C,(04)23274275,(04)23288582,2025,8,20,8,25,臺中市,北屯區,0,0,0,7,,,50,,,,,,,,,,,,,,13,,,,,C03,,,1,,2,,,7,7,1,12,4,120.697531,24.164954,4
7335,66000,387130000C,(04)23274275,(04)23288582,2025,8,20,8,28,臺中市,西區,0,2,0,7,3,6,50,3,9,1,5,4,6,6,4,4,9,5,5,2,16,2,9,2,1,C03,7,6,1,10,2,12,,20,20,1,12,4,120.668171,24.132756,2
7336,66000,387130000C,(04)23274275,(04)23288582,2025,8,20,8,30,臺中市,北屯區,0,1,0,7,2,6,50,13,9,1,5,4,6,6,4,4,1,3,5,2,16,3,10,3,1,B03,7,3,1,8,2,6,,20,20,1,6,4,120.67565,24.173811,2
7337,66000,387130000C,(04)23274275,(04)23288582,2025,8,20,8,31,臺中市,西屯區,0,0,0,7,,,50,,,,,,,,,,,,,,16,,,,,B03,,,1,,1,,,11,11,1,12,4,120.649495,24.159668,3
7338,66000,387130000C,(04)23274275,(04)23288582,2025,8,20,8,32,臺中市,北區,0,0,0,7,,,50,,,,,,,,,,,,,,17,,,,,B03,,,1,,1,,,84,84,1,13,4,120.677124,24.15462,3
7339,66000,387130000C,(04)23274275,(04)23288582,2025,8,20,8,37,臺中市,西屯區,0,0,0,7,,,50,,,,,,,,,,,,,,12,,,,,B03,,,1,,1,,,20,20,1,12,4,120.646847,24.173372,3
7340,66000,387130000C,(04)23274275,(04)23288582,2025,8,20,8,38,臺中市,大雅區,0,0,0,7,,,70,,,,,,,,,,,,,,,,,,,C03,,,1,,1,,,7,7,1,12,4,120.640679,24.230522,3
7341,66000,387130000C,(04)23274275,(04)23288582,2025,8,20,8,38,臺中市,霧峰區,0,1,0,7,2,6,50,5,1,1,5,4,6,6,1,1,10,5,5,2,3,3,10,5,4,B12,7,6,1,8,2,7,,59,59,1,12,4,120.694841,24.065928,2
7342,66000,387130000C,(04)23274275,(04)23288582,2025,8,20,8,44,臺中市,太平區,0,0,0,7,,,50,,,,,,,,,,,,,,15,,,,,B03,,,1,,1,,,15,15,1,12,4,120.720539,24.15593,3
7343,66000,387130000C,(04)23274275,(04)23288582,2025,8,20,8,45,臺中市,南屯區,0,2,0,7,2,6,30,3,1,1,5,4,6,6,4,4,5,4,5,2,16,2,9,2,1,C03,7,6,3,19,2,11,,13,13,1,12,4,120.649846,24.145615,2
7344,66000,387130000C,(04)23274275,(04)23288582,2025,8,20,8,45,臺中市,西屯區,0,1,0,7,2,6,50,4,9,1,5,1,6,6,1,1,1,5,5,2,12,2,9,2,1,C03,7,8,3,19,2,14,,8,8,1,12,4,120.635172,24.179435,2
7345,66000,387130000C,(04)23274275,(04)23288582,2025,8,20,8,46,臺中市,大雅區,0,1,0,7,1,6,30,13,9,1,5,4,6,6,4,4,10,5,5,2,17,3,10,3,1,B12,7,1,1,8,2,1,8,51,51,1,12,4,120.668656,24.23365,2
7346,66000,387130000C,(04)23274275,(04)23288582,2025,8,20,8,50,臺中市,北屯區,0,1,0,7,3,6,0,13,9,1,5,4,6,6,4,4,9,5,5,2,16,3,10,3,1,B03,7,1,1,8,2,5,,51,51,1,6,4,120.699423,24.168372,2
7347,66000,387130000C,(04)23274275,(04)23288582,2025,8,20,8,50,臺中市,北屯區,0,0,0,7,,,50,,,,,,,,,,,,,,,,,,,A12,,,1,,1,,,49,49,1,12,4,120.70069,24.182802,3