序號,縣市別代碼,機關代碼,市話,傳真,年,月,日,時,分,縣市,區,死亡數量,受傷數量,2-30,天候,道路照明設備,道路類別,道路速限,道路型態,事故位置,路面鋪裝,路面狀態,路面缺陷,障礙物,視距,號誌種類,號誌動作,分向設施,快車道或一般車道間,快慢車道間,路面邊線,事故類型及型態,受傷程度,主要傷處,保護裝備,行動電話或功能裝置,當事者區分(類別),車輛用途,當事者行動狀態,駕照狀態,駕照種類,飲酒情形,車輛撞擊部位最初,車輛撞擊部位其他,肇事因素個別,肇事因素主要,肇事逃逸,職業,共享經濟或外送平台,GPS座標X,GPS座標Y,事故類別
7348,66000,387130000C,(04)23274275,(04)23288582,2025,8,20,8,50,臺中市,北屯區,0,0,0,7,,,50,,,,,,,,,,,,,,13,,,,,B03,,,1,,1,,,7,7,1,6,4,120.695377,24.164938,3
7349,66000,387130000C,(04)23274275,(04)23288582,2025,8,20,8,57,臺中市,中區,0,1,0,7,2,6,50,13,9,1,5,4,6,6,4,4,5,4,5,2,12,2,9,5,4,C03,7,15,1,10,2,12,,84,84,1,12,4,120.681818,24.14026,2
7350,66000,387130000C,(04)23274275,(04)23288582,2025,8,20,8,57,臺中市,烏日區,0,0,0,7,,,15,,,,,,,,,,,,,,31,,,,,B12,,,1,,2,,,64,64,1,13,4,120.593593,24.113109,3
7351,66000,387130000C,(04)23274275,(04)23288582,2025,8,20,8,57,臺中市,大甲區,0,2,0,7,2,6,70,3,9,1,5,4,6,6,4,4,6,3,4,1,12,2,9,1,1,F03,7,7,7,21,2,12,,40,40,1,12,4,120.649948,24.378549,2
7352,66000,387130000C,(04)23274275,(04)23288582,2025,8,20,8,58,臺中市,西區,0,0,0,7,,,50,,,,,,,,,,,,,,,,,,,B03,,,1,,2,,,76,76,1,12,4,120.655923,24.155798,3
7353,66000,387130000C,(04)23274275,(04)23288582,2025,8,20,9,0,臺中市,北屯區,0,0,0,7,,3,80,,,,,,,,,,,,,,17,,,,,A12,,,1,,1,,,40,40,1,12,4,120.722158,24.186428,3
7354,66000,387130000C,(04)23274275,(04)23288582,2025,8,20,9,2,臺中市,大里區,0,1,0,7,3,6,50,4,1,1,5,4,6,6,1,1,10,5,5,2,16,3,10,3,1,B03,7,5,1,8,2,5,,47,47,1,12,4,120.697144,24.084354,2
7355,66000,387130000C,(04)23274275,(04)23288582,2025,8,20,9,2,臺中市,沙鹿區,0,2,0,7,2,6,40,13,8,1,5,4,6,6,4,4,1,4,4,2,12,2,8,1,1,C03,7,1,1,10,2,14,,51,51,1,12,4,120.568697,24.222776,2
7356,66000,387130000C,(04)23274275,(04)23288582,2025,8,20,9,3,臺中市,南屯區,0,2,0,7,2,6,50,4,1,1,5,4,6,6,1,1,10,5,5,2,17,2,9,2,1,C03,7,9,1,10,2,11,,39,39,1,12,4,120.637844,24.145594,2
7357,66000,387130000C,(04)23274275,(04)23288582,2025,8,20,9,4,臺中市,太平區,0,1,0,7,2,6,50,4,1,1,5,4,6,6,2,1,5,5,4,2,16,3,10,3,1,B12,7,5,1,8,2,6,,20,20,1,12,4,120.713509,24.160638,2
7358,66000,387130000C,(04)23274275,(04)23288582,2025,8,20,9,7,臺中市,西屯區,0,0,0,7,,,,,,,,,,,,,,,,,30,,,,,,,,,,,,,119,119,1,,,120.651983,24.203654,3
7359,66000,387130000C,(04)23274275,(04)23288582,2025,8,20,9,8,臺中市,西屯區,0,2,0,7,2,6,30,4,1,1,5,4,6,6,4,4,10,5,5,2,15,2,9,5,4,C03,7,9,1,10,2,11,,12,12,1,12,4,120.644351,24.179919,2
7360,66000,387130000C,(04)23274275,(04)23288582,2025,8,20,9,17,臺中市,北屯區,0,0,0,7,,,50,,,,,,,,,,,,,,13,,,,,B03,,,1,,1,,,59,59,1,12,4,120.720763,24.176089,3
7361,66000,387130000C,(04)23274275,(04)23288582,2025,8,20,9,18,臺中市,北屯區,0,0,0,7,,,60,,,,,,,,,,,,,,14,,,,,B03,,,1,,1,,,49,49,1,6,4,120.719216,24.163125,3
7362,66000,387130000C,(04)23274275,(04)23288582,2025,8,20,9,21,臺中市,東區,0,1,0,7,2,6,50,4,1,1,5,4,6,6,4,4,10,5,5,2,17,3,10,3,1,B03,7,5,1,8,2,2,,47,47,1,6,4,120.683103,24.134379,2
7363,66000,387130000C,(04)23274275,(04)23288582,2025,8,20,9,23,臺中市,太平區,0,0,0,7,,,30,,,,,,,,,,,,,,,,,,,B03,,,1,,1,,,51,51,1,12,4,120.711648,24.141066,3
7364,66000,387130000C,(04)23274275,(04)23288582,2025,8,20,9,28,臺中市,潭子區,0,0,0,7,,,30,,,,,,,,,,,,,,13,,,,,C03,,,1,,2,,,59,59,1,13,4,120.683594,24.215151,3
7365,66000,387130000C,(04)23274275,(04)23288582,2025,8,20,9,30,臺中市,東區,0,1,0,7,1,6,50,4,1,1,5,4,6,6,4,4,10,5,5,2,30,2,9,1,1,C03,7,6,1,10,2,14,,84,84,1,12,4,120.707895,24.149012,2
7366,66000,387130000C,(04)23274275,(04)23288582,2025,8,20,9,30,臺中市,大里區,0,1,0,7,3,6,50,13,9,1,5,4,6,6,1,1,5,4,5,1,17,3,10,3,1,B03,7,14,1,8,2,2,,84,84,1,12,4,120.684122,24.104311,2
7367,66000,387130000C,(04)23274275,(04)23288582,2025,8,20,9,30,臺中市,大里區,0,0,0,7,,,50,,,,,,,,,,,,,,,,,,,B03,,,1,,1,,,87,87,1,12,4,120.701809,24.11081,3
7368,66000,387130000C,(04)23274275,(04)23288582,2025,8,20,9,33,臺中市,北區,0,0,0,7,,,50,,,,,,,,,,,,,,17,,,,,B03,,,1,,1,,,84,84,1,13,4,120.678224,24.149208,3
7369,66000,387130000C,(04)23274275,(04)23288582,2025,8,20,9,34,臺中市,太平區,0,1,0,7,3,6,50,3,1,1,5,4,6,6,4,4,9,5,4,1,16,3,10,3,1,A12,7,6,1,7,2,6,,14,14,1,12,4,120.732322,24.114442,2
7370,66000,387130000C,(04)23274275,(04)23288582,2025,8,20,9,38,臺中市,霧峰區,0,0,0,7,,,50,,,,,,,,,,,,,,12,,,,,B03,,,1,,1,,,8,8,1,12,4,120.700587,24.066297,3
7371,66000,387130000C,(04)23274275,(04)23288582,2025,8,20,9,40,臺中市,西屯區,0,1,0,7,2,6,50,4,1,1,5,4,6,6,4,4,10,5,5,2,17,3,10,2,1,C03,7,9,1,10,2,16,,68,68,1,12,4,120.62141,24.179621,2
7372,66000,387130000C,(04)23274275,(04)23288582,2025,8,20,9,41,臺中市,清水區,0,2,0,7,2,6,40,4,1,1,5,4,6,6,2,1,1,4,4,1,15,2,9,1,1,C03,7,9,1,9,2,11,,21,21,1,13,4,120.595206,24.300418,2
7373,66000,387130000C,(04)23274275,(04)23288582,2025,8,20,9,45,臺中市,西屯區,0,0,0,7,,,50,,,,,,,,,,,,,,13,,,,,B03,,,1,,1,,,7,7,1,13,4,120.634492,24.172744,3
7374,66000,387130000C,(04)23274275,(04)23288582,2025,8,20,9,45,臺中市,霧峰區,0,1,0,7,3,6,50,3,1,1,5,4,6,6,3,1,10,5,5,1,17,3,10,3,1,B01,7,15,1,4,2,8,,84,84,1,12,4,120.695968,24.01708,2
7375,66000,387130000C,(04)23274275,(04)23288582,2025,8,20,9,45,臺中市,太平區,0,0,0,7,,3,80,,,,,,,,,,,,,,17,,,,,B03,,,1,,2,,,85,85,1,12,4,120.716677,24.153919,3
7376,66000,387130000C,(04)23274275,(04)23288582,2025,8,20,9,49,臺中市,豐原區,0,1,0,7,2,6,50,5,1,1,5,4,6,6,1,1,5,5,4,2,13,2,9,1,1,C03,7,9,1,10,2,12,,4,4,1,13,4,120.711324,24.246263,2
7377,66000,387130000C,(04)23274275,(04)23288582,2025,8,20,9,51,臺中市,西屯區,0,0,0,7,,,50,,,,,,,,,,,,,,13,,,,,B01,,,1,,1,,,7,7,1,12,4,120.656502,24.199554,3
7378,66000,387130000C,(04)23274275,(04)23288582,2025,8,20,9,55,臺中市,北屯區,0,0,0,7,,,50,,,,,,,,,,,,,,25,,,,,B02,,,1,8,2,,,49,49,1,6,4,120.708467,24.170015,3
7379,66000,387130000C,(04)23274275,(04)23288582,2025,8,20,9,56,臺中市,新社區,0,2,0,7,2,6,50,4,1,1,5,4,6,6,1,1,10,5,5,2,16,2,9,1,1,C03,7,6,1,10,2,12,,11,11,1,12,4,120.806846,24.255865,2
7380,66000,387130000C,(04)23274275,(04)23288582,2025,8,20,9,58,臺中市,西屯區,0,0,0,7,,3,80,,,,,,,,,,,,,,13,,,,,B03,,,1,,2,,,7,7,1,12,4,120.629603,24.164592,3
7381,66000,387130000C,(04)23274275,(04)23288582,2025,8,20,10,0,臺中市,中區,0,0,0,7,,,50,,,,,,,,,,,,,,17,,,,,B03,,,1,,1,,,50,50,1,12,4,120.680119,24.139111,3
7382,66000,387130000C,(04)23274275,(04)23288582,2025,8,20,10,0,臺中市,南區,0,0,0,7,,,50,,,,,,,,,,,,,,13,,,,,B03,,,1,,1,,,59,59,1,13,4,120.66999,24.119723,3
7383,66000,387130000C,(04)23274275,(04)23288582,2025,8,20,10,4,臺中市,太平區,0,2,0,7,3,6,50,4,1,1,5,4,1,4,1,1,10,5,5,2,16,2,9,1,1,C03,7,1,1,10,2,14,,51,51,1,12,4,120.718467,24.129166,2
7384,66000,387130000C,(04)23274275,(04)23288582,2025,8,20,10,5,臺中市,北屯區,0,0,0,7,,,50,,,,,,,,,,,,,,13,,,,,B03,,,1,,2,,,59,59,1,6,4,120.68653,24.198508,3
7385,66000,387130000C,(04)23274275,(04)23288582,2025,8,20,10,9,臺中市,西屯區,0,1,0,7,1,6,50,13,9,1,5,4,6,6,4,4,9,5,5,2,12,2,9,2,1,C03,7,9,1,10,2,14,,7,7,1,12,4,120.64553,24.172028,2
7386,66000,387130000C,(04)23274275,(04)23288582,2025,8,20,10,10,臺中市,南區,0,2,0,7,2,6,50,4,1,1,5,4,6,6,2,1,10,5,5,2,13,2,8,1,1,C03,7,9,1,10,2,11,,7,7,1,12,4,120.652142,24.112887,2
7387,66000,387130000C,(04)23274275,(04)23288582,2025,8,20,10,15,臺中市,大里區,0,1,0,7,2,6,50,3,1,1,5,4,6,6,1,1,10,5,5,2,17,3,10,3,1,B03,7,9,1,8,2,5,,7,7,1,12,4,120.695172,24.099542,2
7388,66000,387130000C,(04)23274275,(04)23288582,2025,8,20,10,17,臺中市,北屯區,0,0,0,7,,,50,,,,,,,,,,,,,,,,,,,B03,,,5,,1,,,84,84,1,12,4,120.685938,24.176904,3
7389,66000,387130000C,(04)23274275,(04)23288582,2025,8,20,10,20,臺中市,南屯區,0,0,0,7,3,6,50,13,9,1,5,4,6,6,4,4,9,5,5,2,12,,,,,B03,,,1,,1,,,50,50,1,12,4,120.632239,24.149571,3
7390,66000,387130000C,(04)23274275,(04)23288582,2025,8,20,10,22,臺中市,北屯區,0,0,0,7,,,50,,,,,,,,,,,,,,14,,,,,B03,,,1,,1,,,49,49,1,12,4,120.723034,24.159546,3
7391,66000,387130000C,(04)23274275,(04)23288582,2025,8,20,10,23,臺中市,西區,0,2,0,7,2,6,50,3,1,1,5,4,6,6,4,4,10,5,5,2,15,2,9,5,4,C03,7,11,1,10,2,15,,13,13,1,12,4,120.661685,24.152959,2
7392,66000,387130000C,(04)23274275,(04)23288582,2025,8,20,10,24,臺中市,西屯區,0,0,0,7,,,40,,,,,,,,,,,,,,30,,,,,A12,,,1,,2,,,59,59,1,13,4,120.644421,24.202212,3
7393,66000,387130000C,(04)23274275,(04)23288582,2025,8,20,10,27,臺中市,南區,0,2,0,7,2,6,30,4,1,1,5,4,6,6,4,4,10,5,5,2,15,2,8,2,1,C03,7,9,1,10,2,12,,20,20,1,12,4,120.683386,24.130975,2
7394,66000,387130000C,(04)23274275,(04)23288582,2025,8,20,10,30,臺中市,西屯區,0,2,0,7,2,6,30,4,1,1,5,4,6,6,4,4,10,5,5,2,16,2,9,5,4,C02,7,6,1,9,2,12,,14,14,1,12,4,120.587889,24.176387,2
7395,66000,387130000C,(04)23274275,(04)23288582,2025,8,20,10,30,臺中市,霧峰區,0,1,0,7,2,6,40,13,8,1,5,4,6,6,1,1,5,5,4,1,13,3,10,5,4,C03,7,9,1,10,2,11,,58,58,1,12,4,120.698199,24.060453,2
7396,66000,387130000C,(04)23274275,(04)23288582,2025,8,20,10,30,臺中市,沙鹿區,0,2,0,7,2,6,50,13,9,1,5,4,6,6,4,4,4,4,4,2,10,2,8,1,2,C03,7,4,1,10,2,11,,4,4,1,13,4,120.563324,24.241672,2
7397,66000,387130000C,(04)23274275,(04)23288582,2025,8,20,10,33,臺中市,霧峰區,0,1,0,7,3,6,50,5,4,1,5,4,6,6,1,1,3,4,5,2,13,3,10,1,1,C03,7,9,1,10,2,11,,7,7,1,5,4,120.695811,24.013101,2
7398,66000,387130000C,(04)23274275,(04)23288582,2025,8,20,10,33,臺中市,大里區,0,1,0,7,3,6,50,13,9,1,5,4,6,6,1,1,5,4,5,2,13,2,9,1,1,C03,7,9,1,10,2,11,,84,84,1,12,4,120.687359,24.120973,2
7399,66000,387130000C,(04)23274275,(04)23288582,2025,8,20,10,36,臺中市,大里區,0,0,0,7,,,50,,,,,,,,,,,,,,,,,,,B12,,,5,,2,,,8,8,1,12,4,120.692095,24.101792,3
7400,66000,387130000C,(04)23274275,(04)23288582,2025,8,20,10,37,臺中市,神岡區,0,0,0,7,1,6,30,3,1,1,5,4,6,6,4,4,10,5,5,2,16,,,,,B03,,,1,,2,,,14,14,1,12,4,120.679311,24.245397,3
7401,66000,387130000C,(04)23274275,(04)23288582,2025,8,20,10,40,臺中市,北屯區,0,0,0,7,,,50,,,,,,,,,,,,,,12,,,,,B02,,,1,2,9,,,45,45,1,6,4,120.685722,24.195706,3
7402,66000,387130000C,(04)23274275,(04)23288582,2025,8,20,10,41,臺中市,西屯區,0,0,0,7,,,40,,,,,,,,,,,,,,12,,,,,B03,,,1,,1,,,8,8,1,13,4,120.604613,24.183536,3
7403,66000,387130000C,(04)23274275,(04)23288582,2025,8,20,10,47,臺中市,烏日區,0,0,0,7,2,6,50,10,7,1,5,4,6,6,4,4,1,4,1,2,13,3,10,3,1,B12,7,15,1,7,2,1,,84,84,1,6,4,120.619652,24.102465,3
7404,66000,387130000C,(04)23274275,(04)23288582,2025,8,20,10,48,臺中市,西區,0,0,0,7,,,50,,,,,,,,,,,,,,,,,,,B03,,,1,,1,,,47,47,1,12,4,120.668775,24.13206,3
7405,66000,387130000C,(04)23274275,(04)23288582,2025,8,20,10,52,臺中市,后里區,0,0,0,7,2,6,50,3,14,1,5,4,6,6,4,4,5,4,4,1,12,,,,,A12,,,1,,1,,,59,59,1,6,4,120.694539,24.314312,3
7406,66000,387130000C,(04)23274275,(04)23288582,2025,8,20,10,56,臺中市,神岡區,0,1,0,7,2,6,30,13,9,1,5,4,6,6,4,4,10,5,5,1,12,3,10,5,4,B02,7,9,1,8,2,2,,8,8,1,12,4,120.700956,24.273337,2
7407,66000,387130000C,(04)23274275,(04)23288582,2025,8,20,11,0,臺中市,南區,0,0,0,7,1,6,50,13,7,1,5,4,6,6,4,4,1,4,5,2,17,3,10,3,1,B03,7,9,1,8,1,1,,84,84,1,12,4,120.657146,24.130707,3
7408,66000,387130000C,(04)23274275,(04)23288582,2025,8,20,11,1,臺中市,西屯區,0,0,0,7,,,50,,,,,,,,,,,,,,13,,,,,B03,,,1,,1,,,7,7,1,13,4,120.621549,24.180068,3
7409,66000,387130000C,(04)23274275,(04)23288582,2025,8,20,11,1,臺中市,新社區,0,2,0,7,2,6,50,13,9,1,5,4,6,6,4,4,5,5,5,1,10,3,10,5,4,B03,7,15,1,3,2,8,,4,4,1,12,4,120.799119,24.228588,2
7410,66000,387130000C,(04)23274275,(04)23288582,2025,8,20,11,7,臺中市,后里區,0,0,0,7,2,6,50,13,9,1,5,4,6,6,4,4,9,4,5,1,12,,,,,B03,,,1,,1,,,49,49,1,6,4,120.727787,24.309034,3
7411,66000,387130000C,(04)23274275,(04)23288582,2025,8,20,11,10,臺中市,后里區,0,1,0,7,2,6,50,13,7,1,5,4,6,6,4,4,9,4,4,1,12,2,9,1,1,C03,7,9,1,10,2,11,12,4,4,1,6,4,120.706939,24.311359,2
7412,66000,387130000C,(04)23274275,(04)23288582,2025,8,20,11,12,臺中市,潭子區,0,0,0,7,,,40,,,,,,,,,,,,,,,,,,,B03,,,1,,2,,,51,51,1,13,4,120.710912,24.229731,3
7413,66000,387130000C,(04)23274275,(04)23288582,2025,8,20,11,20,臺中市,南屯區,0,0,0,7,,,40,,,,,,,,,,,,,,,,,,,C03,,,1,,1,,,7,7,1,12,4,120.641204,24.14663,3
7414,66000,387130000C,(04)23274275,(04)23288582,2025,8,20,11,20,臺中市,西屯區,0,1,0,7,2,6,50,3,1,1,5,4,6,6,1,1,10,5,5,2,16,3,10,5,4,B12,7,9,1,8,2,1,,7,7,1,12,4,120.599397,24.162787,2
7415,66000,387130000C,(04)23274275,(04)23288582,2025,8,20,11,22,臺中市,霧峰區,0,0,0,7,,,50,,,,,,,,,,,,,,13,,,,,B03,,,1,,2,,,7,7,1,12,4,120.699401,24.068775,3
7416,66000,387130000C,(04)23274275,(04)23288582,2025,8,20,11,23,臺中市,西屯區,0,0,0,7,,,30,,,,,,,,,,,,,,14,,,,,B03,,,1,,2,,,49,49,1,12,4,120.62825,24.180379,3
7417,66000,387130000C,(04)23274275,(04)23288582,2025,8,20,11,30,臺中市,北屯區,0,0,0,7,,,50,,,,,,,,,,,,,,9,,,,,B03,,,1,,1,,,51,51,1,6,4,120.660642,24.192257,3
7418,66000,387130000C,(04)23274275,(04)23288582,2025,8,20,11,33,臺中市,龍井區,0,0,0,7,,,40,,,,,,,,,,,,,,12,,,,,A12,,,1,,2,,,8,8,1,6,4,120.505072,24.206448,3
7419,66000,387130000C,(04)23274275,(04)23288582,2025,8,20,11,34,臺中市,北屯區,0,1,0,7,2,6,50,3,1,1,5,4,6,6,4,4,10,5,5,2,17,3,10,3,1,B03,7,11,1,8,2,4,,45,45,1,12,4,120.690523,24.195996,2
7420,66000,387130000C,(04)23274275,(04)23288582,2025,8,20,11,34,臺中市,豐原區,0,0,0,7,,,50,,,,,,,,,,,,,,,,,,,B03,,,1,,2,,,7,7,1,13,4,120.708857,24.245609,3
7421,66000,387130000C,(04)23274275,(04)23288582,2025,8,20,11,43,臺中市,東區,0,0,0,7,,,,,,,,,,,,,,,,,17,,,,,,,,,,,,,119,119,1,,,120.703425,24.140418,4
7422,66000,387130000C,(04)23274275,(04)23288582,2025,8,20,11,44,臺中市,神岡區,0,2,0,7,1,6,50,4,2,1,5,4,6,6,1,1,10,5,5,2,13,2,9,1,1,C03,7,7,1,10,2,12,,7,7,1,12,4,120.696095,24.248364,2
7423,66000,387130000C,(04)23274275,(04)23288582,2025,8,20,11,45,臺中市,北區,0,0,0,7,3,6,50,4,1,1,5,4,6,6,4,4,5,5,5,2,17,,,,,C03,,,1,,2,,,7,7,1,13,4,120.684402,24.153161,3
7424,66000,387130000C,(04)23274275,(04)23288582,2025,8,20,11,50,臺中市,北屯區,0,0,0,7,,,50,,,,,,,,,,,,,,13,,,,,B03,,,1,,1,,,7,7,1,6,4,120.707811,24.182565,3
7425,66000,387130000C,(04)23274275,(04)23288582,2025,8,20,11,55,臺中市,北屯區,0,0,0,7,,,50,,,,,,,,,,,,,,30,,,,,B03,,,1,,2,,,58,58,1,12,4,120.685498,24.172177,3
7426,66000,387130000C,(04)23274275,(04)23288582,2025,8,20,11,57,臺中市,西屯區,0,0,0,7,,,50,,,,,,,,,,,,,,13,,,,,B03,,,1,,1,,,7,7,1,12,4,120.635003,24.17172,3
7427,66000,387130000C,(04)23274275,(04)23288582,2025,8,20,11,58,臺中市,北屯區,0,1,0,7,3,6,50,4,1,1,5,4,6,6,2,1,10,5,5,2,16,3,10,2,1,C03,7,6,5,19,1,12,,11,11,1,6,4,120.694352,24.17093,2
7428,66000,387130000C,(04)23274275,(04)23288582,2025,8,20,12,0,臺中市,北屯區,0,0,0,7,,,50,,,,,,,,,,,,,,,,,,,C03,,,1,,1,,,84,84,1,12,4,120.684924,24.170834,3
7429,66000,387130000C,(04)23274275,(04)23288582,2025,8,20,12,0,臺中市,北屯區,0,0,0,7,,3,80,,,,,,,,,,,,,,13,,,,,B12,,,1,,1,,,84,84,1,6,4,120.720725,24.169143,3
7430,66000,387130000C,(04)23274275,(04)23288582,2025,8,20,12,3,臺中市,太平區,0,0,0,7,,3,80,,,,,,,,,,,,,,17,,,,,A11,,,1,,1,,,85,85,1,12,4,120.714272,24.148696,3
7431,66000,387130000C,(04)23274275,(04)23288582,2025,8,20,12,9,臺中市,南屯區,0,0,0,7,,,50,,,,,,,,,,,,,,17,,,,,B03,,,1,,1,,,50,50,1,12,4,120.653947,24.135542,3
7432,66000,387130000C,(04)23274275,(04)23288582,2025,8,20,12,10,臺中市,中區,0,0,0,7,,,50,,,,,,,,,,,,,,17,,,,,B03,,,1,8,2,,,84,84,2,13,4,120.676545,24.141563,3
7433,66000,387130000C,(04)23274275,(04)23288582,2025,8,20,12,11,臺中市,大里區,0,1,0,7,2,6,50,13,12,1,5,4,6,6,4,4,1,4,4,1,17,3,10,3,1,B12,7,5,1,8,2,2,,87,87,1,12,4,120.678684,24.103871,2
7434,66000,387130000C,(04)23274275,(04)23288582,2025,8,20,12,14,臺中市,南屯區,0,0,0,7,3,6,50,13,9,1,5,4,6,6,4,4,3,4,4,2,17,,,,,B02,,,1,,1,,,59,59,1,12,4,120.638391,24.151464,3
7435,66000,387130000C,(04)23274275,(04)23288582,2025,8,20,12,25,臺中市,東區,0,1,0,7,2,6,50,4,2,1,5,4,6,6,2,1,10,4,5,2,12,2,7,1,1,C03,7,9,1,10,2,11,,84,84,1,12,4,120.687831,24.138824,2
7436,66000,387130000C,(04)23274275,(04)23288582,2025,8,20,12,29,臺中市,中區,0,0,0,7,,,50,,,,,,,,,,,,,,12,,,,,B03,,,1,,1,,,40,40,1,12,4,120.68125,24.144362,3
7437,66000,387130000C,(04)23274275,(04)23288582,2025,8,20,12,29,臺中市,太平區,0,0,0,7,,,40,,,,,,,,,,,,,,16,,,,,B03,,,1,,1,,,51,51,1,12,4,120.717547,24.152203,3
7438,66000,387130000C,(04)23274275,(04)23288582,2025,8,20,12,34,臺中市,北屯區,0,1,0,7,2,6,50,4,1,1,5,4,6,6,1,1,10,5,5,2,17,2,9,1,1,F03,7,11,7,21,2,14,,85,85,1,12,4,120.699418,24.182667,2
7439,66000,387130000C,(04)23274275,(04)23288582,2025,8,20,12,36,臺中市,清水區,0,0,0,7,,,30,,,,,,,,,,,,,,5,,,,,B12,,,1,,2,,,76,76,1,6,4,120.577218,24.272806,3
7440,66000,387130000C,(04)23274275,(04)23288582,2025,8,20,12,40,臺中市,大雅區,0,0,0,7,,,30,,,,,,,,,,,,,,,,,,,F01,,,,,,,,84,84,1,,,120.636595,24.210993,3
7441,66000,387130000C,(04)23274275,(04)23288582,2025,8,20,12,40,臺中市,東區,0,1,0,7,1,6,50,13,7,1,5,4,6,6,4,4,5,4,5,2,9,3,10,3,1,A02,7,15,1,2,2,2,,84,84,1,12,4,120.685104,24.1304,2
7442,66000,387130000C,(04)23274275,(04)23288582,2025,8,20,12,40,臺中市,北屯區,0,1,0,7,2,6,50,4,1,1,5,4,6,6,1,1,10,5,5,2,15,3,10,3,1,B03,7,9,1,8,2,4,,21,21,1,12,4,120.695738,24.185357,2
7443,66000,387130000C,(04)23274275,(04)23288582,2025,8,20,12,43,臺中市,梧棲區,0,1,0,7,3,6,90,13,9,1,5,4,6,6,4,4,1,4,5,1,30,,,,,,,,,,,,,119,119,1,,,120.532849,24.241945,2
7444,66000,387130000C,(04)23274275,(04)23288582,2025,8,20,12,45,臺中市,大里區,0,1,0,7,3,6,50,3,1,1,5,4,6,6,4,4,10,5,5,2,16,3,10,3,1,B12,7,6,1,7,2,5,,14,14,1,12,4,120.696867,24.095516,2
7445,66000,387130000C,(04)23274275,(04)23288582,2025,8,20,12,47,臺中市,南屯區,0,0,0,7,,,50,,,,,,,,,,,,,,,,,,,A12,,,1,,1,,,84,84,1,13,4,120.639417,24.142066,3
7446,66000,387130000C,(04)23274275,(04)23288582,2025,8,20,12,50,臺中市,中區,0,0,0,7,,,50,,,,,,,,,,,,,,,,,,,C03,,,1,,1,,,8,8,1,12,4,120.683878,24.141671,3
7447,66000,387130000C,(04)23274275,(04)23288582,2025,8,20,12,50,臺中市,北區,0,0,0,7,,,50,,,,,,,,,,,,,,17,,,,,B12,,,1,,1,,,78,78,1,13,4,120.67277,24.158555,3
7448,66000,387130000C,(04)23274275,(04)23288582,2025,8,20,12,54,臺中市,龍井區,0,1,0,7,2,6,30,4,1,1,5,4,6,6,4,4,10,5,5,2,15,3,10,5,4,C03,7,9,1,10,2,12,,12,12,1,6,4,120.59126,24.188778,2
7449,66000,387130000C,(04)23274275,(04)23288582,2025,8,20,13,3,臺中市,霧峰區,0,0,0,7,,,50,,,,,,,,,,,,,,17,,,,,B03,,,1,,2,,,84,84,1,6,4,120.695293,24.043112,3
7450,66000,387130000C,(04)23274275,(04)23288582,2025,8,20,13,18,臺中市,大雅區,0,0,0,7,,,30,,,,,,,,,,,,,,11,,,,,B03,,,1,,1,,,8,8,1,13,4,120.665478,24.207291,3
7451,66000,387130000C,(04)23274275,(04)23288582,2025,8,20,13,21,臺中市,北屯區,0,0,0,7,,,50,,,,,,,,,,,,,,14,,,,,B03,,,1,,1,,,49,49,1,6,4,120.709649,24.181337,4
7452,66000,387130000C,(04)23274275,(04)23288582,2025,8,20,13,25,臺中市,西區,0,1,0,7,2,6,50,4,1,1,5,4,6,6,2,1,10,5,5,2,16,3,10,5,1,B12,7,5,1,8,2,6,,47,47,1,7,4,120.671683,24.136682,2
7453,66000,387130000C,(04)23274275,(04)23288582,2025,8,20,13,26,臺中市,大里區,0,0,0,6,3,6,50,13,9,1,5,4,6,6,1,1,1,4,5,1,14,,,,,B03,,,1,,1,,,84,84,1,12,4,120.6793,24.114679,3
7454,66000,387130000C,(04)23274275,(04)23288582,2025,8,20,13,27,臺中市,西區,0,0,0,7,,,50,,,,,,,,,,,,,,13,,,,,B03,,,1,,1,,,7,7,1,12,4,120.661568,24.138515,3
7455,66000,387130000C,(04)23274275,(04)23288582,2025,8,20,13,27,臺中市,南屯區,0,1,0,6,2,6,30,3,1,1,5,4,6,6,4,4,10,5,5,2,17,2,9,1,1,C03,7,6,1,10,2,11,,20,20,1,12,4,120.631583,24.124692,2
7456,66000,387130000C,(04)23274275,(04)23288582,2025,8,20,13,27,臺中市,北屯區,0,1,0,6,3,6,50,4,1,1,5,4,6,6,4,4,10,5,5,2,15,2,9,2,1,C03,7,9,1,10,2,11,,15,15,1,5,4,120.721732,24.174978,2
7457,66000,387130000C,(04)23274275,(04)23288582,2025,8,20,13,28,臺中市,南區,0,0,0,7,,,50,,,,,,,,,,,,,,17,,,,,B03,,,1,,1,,,84,84,1,13,4,120.679363,24.11784,3
7458,66000,387130000C,(04)23274275,(04)23288582,2025,8,20,13,28,臺中市,大里區,0,0,0,7,,,50,,,,,,,,,,,,,,17,,,,,B03,,,1,,2,,,8,8,1,12,4,120.685325,24.119293,3
7459,66000,387130000C,(04)23274275,(04)23288582,2025,8,20,13,31,臺中市,大里區,0,1,0,7,2,6,50,13,9,1,5,4,6,6,4,4,5,5,5,1,13,2,9,1,1,F03,7,9,7,21,2,11,,84,84,1,12,4,120.682912,24.09271,2
7460,66000,387130000C,(04)23274275,(04)23288582,2025,8,20,13,42,臺中市,豐原區,0,3,0,7,2,6,50,4,1,1,5,4,6,6,1,1,5,5,5,1,12,2,9,5,4,C03,7,5,3,19,2,12,,84,84,1,13,4,120.731261,24.249697,2