序號,縣市別代碼,機關代碼,市話,傳真,年,月,日,時,分,縣市,區,死亡數量,受傷數量,2-30,天候,道路照明設備,道路類別,道路速限,道路型態,事故位置,路面鋪裝,路面狀態,路面缺陷,障礙物,視距,號誌種類,號誌動作,分向設施,快車道或一般車道間,快慢車道間,路面邊線,事故類型及型態,受傷程度,主要傷處,保護裝備,行動電話或功能裝置,當事者區分(類別),車輛用途,當事者行動狀態,駕照狀態,駕照種類,飲酒情形,車輛撞擊部位最初,車輛撞擊部位其他,肇事因素個別,肇事因素主要,肇事逃逸,職業,共享經濟或外送平台,GPS座標X,GPS座標Y,事故類別
7461,66000,387130000C,(04)23274275,(04)23288582,2025,8,20,13,43,臺中市,北屯區,0,1,0,7,3,6,50,4,1,1,5,4,6,6,1,1,10,5,5,2,17,3,10,3,1,B12,7,9,1,8,9,16,,75,75,1,6,4,120.678248,24.200795,2
7462,66000,387130000C,(04)23274275,(04)23288582,2025,8,20,13,45,臺中市,大雅區,0,0,0,7,,,50,,,,,,,,,,,,,,,,,,,B03,,,1,,2,,,49,49,1,12,4,120.648532,24.22682,3
7463,66000,387130000C,(04)23274275,(04)23288582,2025,8,20,13,48,臺中市,太平區,0,1,0,7,3,6,50,3,2,1,5,4,6,6,1,1,10,5,5,2,16,2,8,1,1,C03,7,6,1,11,2,14,,85,85,1,12,4,120.728989,24.104542,2
7464,66000,387130000C,(04)23274275,(04)23288582,2025,8,20,13,49,臺中市,南屯區,0,0,0,7,,,50,,,,,,,,,,,,,,17,,,,,B03,,,1,,1,,,50,50,1,6,4,120.636733,24.146992,3
7465,66000,387130000C,(04)23274275,(04)23288582,2025,8,20,13,50,臺中市,霧峰區,0,1,0,7,2,6,40,4,1,1,5,4,6,6,1,1,10,5,5,2,16,2,9,5,4,F01,7,5,7,21,2,14,,22,22,1,12,4,120.694933,24.065964,2
7466,66000,387130000C,(04)23274275,(04)23288582,2025,8,20,13,51,臺中市,南區,0,0,0,7,,,50,,,,,,,,,,,,,,17,,,,,,,,,,,,,86,86,1,,,120.658241,24.130154,3
7467,66000,387130000C,(04)23274275,(04)23288582,2025,8,20,13,54,臺中市,西屯區,0,0,0,7,,,50,,,,,,,,,,,,,,13,,,,,B03,,,1,,1,,,58,58,1,13,4,120.646979,24.158455,3
7468,66000,387130000C,(04)23274275,(04)23288582,2025,8,20,13,56,臺中市,龍井區,0,0,0,7,,,70,,,,,,,,,,,,,,13,,,,,B03,,,1,,2,,,7,7,1,6,4,120.543614,24.181424,3
7469,66000,387130000C,(04)23274275,(04)23288582,2025,8,20,14,2,臺中市,西屯區,0,1,0,7,2,6,50,4,9,1,5,4,6,6,1,1,1,4,5,2,17,2,9,5,4,C03,7,6,1,10,2,11,12,84,84,1,12,4,120.617498,24.185346,2
7470,66000,387130000C,(04)23274275,(04)23288582,2025,8,20,14,5,臺中市,西屯區,0,0,0,7,,,50,,,,,,,,,,,,,,14,,,,,B03,,,1,,1,,,49,49,1,12,4,120.63153,24.158493,3
7471,66000,387130000C,(04)23274275,(04)23288582,2025,8,20,14,8,臺中市,太平區,0,1,0,7,2,6,50,4,2,1,5,4,6,6,1,1,10,5,5,2,16,2,3,2,1,C03,7,15,1,10,2,11,,23,23,1,12,4,120.713115,24.124783,2
7472,66000,387130000C,(04)23274275,(04)23288582,2025,8,20,14,10,臺中市,西屯區,0,1,0,7,3,6,30,3,1,1,5,4,6,6,4,4,10,5,5,2,16,3,10,3,1,B03,7,6,1,8,9,5,,12,12,1,12,4,120.643892,24.196792,2
7473,66000,387130000C,(04)23274275,(04)23288582,2025,8,20,14,18,臺中市,南屯區,0,0,0,7,,3,40,,,,,,,,,,,,,,,,,,,B03,,,1,,1,,,87,87,1,6,4,120.623237,24.148509,3
7474,66000,387130000C,(04)23274275,(04)23288582,2025,8,20,14,18,臺中市,龍井區,0,0,0,7,,,60,,,,,,,,,,,,,,21,,,,,B03,,,1,,2,,,59,59,1,6,4,120.542621,24.218478,3
7475,66000,387130000C,(04)23274275,(04)23288582,2025,8,20,14,26,臺中市,西屯區,0,0,0,7,,,50,,,,,,,,,,,,,,13,,,,,B03,,,1,,1,,,7,7,1,13,4,120.645131,24.177788,3
7476,66000,387130000C,(04)23274275,(04)23288582,2025,8,20,14,28,臺中市,南屯區,0,0,0,7,,,50,,,,,,,,,,,,,,17,,,,,B03,,,1,,2,,,51,51,1,12,4,120.644464,24.125051,3
7477,66000,387130000C,(04)23274275,(04)23288582,2025,8,20,14,30,臺中市,西區,0,1,0,6,3,6,30,13,9,1,5,4,6,6,4,4,10,5,5,2,17,3,10,3,1,B03,7,9,1,8,2,5,,84,84,1,12,4,120.662159,24.154183,2
7478,66000,387130000C,(04)23274275,(04)23288582,2025,8,20,14,30,臺中市,西區,0,0,0,5,,,50,,,,,,,,,,,,,,,,,,,C03,,,1,10,1,,,84,84,1,13,4,120.666736,24.141067,3
7479,66000,387130000C,(04)23274275,(04)23288582,2025,8,20,14,35,臺中市,潭子區,0,1,0,7,2,6,50,3,1,1,5,4,6,6,1,1,5,4,4,1,17,3,10,3,1,B12,7,6,1,6,2,5,,11,11,1,13,4,120.680962,24.207504,2
7480,66000,387130000C,(04)23274275,(04)23288582,2025,8,20,14,40,臺中市,北屯區,0,0,0,7,,,50,,,,,,,,,,,,,,,,,,,C03,,,1,,2,,,84,84,1,12,4,120.697645,24.1729,3
7481,66000,387130000C,(04)23274275,(04)23288582,2025,8,20,14,44,臺中市,后里區,0,0,0,6,2,6,50,11,9,1,5,4,6,6,4,4,5,4,5,2,11,,,,,B03,,,1,,2,,,4,4,1,6,4,120.731834,24.301049,3
7482,66000,387130000C,(04)23274275,(04)23288582,2025,8,20,14,49,臺中市,太平區,0,0,0,6,,,50,,,,,,,,,,,,,,,,,,,C03,,,1,,2,,,51,51,1,12,4,120.718008,24.103545,3
7483,66000,387130000C,(04)23274275,(04)23288582,2025,8,20,14,51,臺中市,大里區,0,1,0,6,3,6,60,13,8,1,5,4,6,6,4,4,1,4,4,2,13,2,9,2,1,C03,7,9,1,10,2,11,,8,8,1,13,4,120.690062,24.075066,2
7484,66000,387130000C,(04)23274275,(04)23288582,2025,8,20,14,55,臺中市,南屯區,0,1,0,7,2,6,50,13,9,1,5,4,6,6,4,4,9,5,5,2,17,2,9,2,1,C03,7,9,1,10,2,12,,84,84,1,13,4,120.632072,24.152658,2
7485,66000,387130000C,(04)23274275,(04)23288582,2025,8,20,14,56,臺中市,北屯區,0,0,0,7,,,50,,,,,,,,,,,,,,13,,,,,B03,,,1,,1,,,59,59,1,6,4,120.676397,24.173739,3
7486,66000,387130000C,(04)23274275,(04)23288582,2025,8,20,14,57,臺中市,南屯區,0,0,0,6,,,60,,,,,,,,,,,,,,17,,,,,B03,,,1,,11,,,8,8,1,12,4,120.628928,24.145016,3
7487,66000,387130000C,(04)23274275,(04)23288582,2025,8,20,14,59,臺中市,神岡區,0,1,0,5,2,6,30,13,9,1,4,4,1,6,4,4,1,5,5,2,17,3,10,3,1,B12,7,5,1,8,2,2,,84,84,1,6,4,120.707775,24.258041,2
7488,66000,387130000C,(04)23274275,(04)23288582,2025,8,20,15,0,臺中市,東區,0,0,0,7,,,30,,,,,,,,,,,,,,14,,,,,B03,,,1,,1,,,84,84,1,12,4,120.702925,24.131116,3
7489,66000,387130000C,(04)23274275,(04)23288582,2025,8,20,15,0,臺中市,南屯區,0,0,0,7,,,50,,,,,,,,,,,,,,,,,,,B03,,,1,,10,,,87,87,1,12,4,120.651954,24.15592,3
7490,66000,387130000C,(04)23274275,(04)23288582,2025,8,20,15,0,臺中市,龍井區,0,0,0,7,,,30,,,,,,,,,,,,,,15,,,,,B03,,,1,,2,,,20,20,1,6,4,120.51071,24.206253,3
7491,66000,387130000C,(04)23274275,(04)23288582,2025,8,20,15,9,臺中市,南區,0,2,0,7,3,6,50,3,1,1,5,4,6,6,4,4,10,5,5,2,17,2,9,2,1,C03,7,9,1,10,2,11,14,41,41,1,12,4,120.659289,24.117348,2
7492,66000,387130000C,(04)23274275,(04)23288582,2025,8,20,15,14,臺中市,太平區,0,2,0,5,2,6,30,4,1,1,4,4,6,6,4,4,10,5,5,2,15,2,9,2,1,C03,7,9,1,10,2,11,,15,15,1,12,4,120.712817,24.141182,2
7493,66000,387130000C,(04)23274275,(04)23288582,2025,8,20,15,15,臺中市,西屯區,0,0,0,6,,,50,,,,,,,,,,,,,,13,,,,,B03,,,1,,2,,,84,84,1,12,4,120.649714,24.192263,3
7494,66000,387130000C,(04)23274275,(04)23288582,2025,8,20,15,20,臺中市,西屯區,0,0,0,7,,,30,,,,,,,,,,,,,,17,,,,,C03,,,1,,1,,,45,45,1,13,4,120.646172,24.184213,3
7495,66000,387130000C,(04)23274275,(04)23288582,2025,8,20,15,24,臺中市,西屯區,0,0,0,6,,,0,,,,,,,,,,,,,,30,,,,,B03,,,1,,2,,,84,84,1,13,4,120.663744,24.172806,3
7496,66000,387130000C,(04)23274275,(04)23288582,2025,8,20,15,29,臺中市,清水區,0,0,0,7,,,30,,,,,,,,,,,,,,,,,,,A12,,,1,,2,,,12,12,1,12,4,120.613367,24.285864,3
7497,66000,387130000C,(04)23274275,(04)23288582,2025,8,20,15,30,臺中市,大里區,0,0,0,5,,,30,,,,,,,,,,,,,,17,,,,,B12,,,1,,2,,,84,84,1,6,4,120.681364,24.108306,3
7498,66000,387130000C,(04)23274275,(04)23288582,2025,8,20,15,30,臺中市,太平區,0,1,0,6,3,6,0,13,9,1,5,4,6,6,4,4,5,5,5,1,30,,,,,,,,,,,,,116,116,1,,,120.712716,24.124155,2
7499,66000,387130000C,(04)23274275,(04)23288582,2025,8,20,15,30,臺中市,神岡區,0,1,0,5,2,6,40,13,14,1,4,4,6,6,4,4,1,3,5,2,17,2,9,1,1,C03,7,3,1,10,2,11,,50,50,1,12,4,120.691955,24.232166,2
7500,66000,387130000C,(04)23274275,(04)23288582,2025,8,20,15,34,臺中市,東區,0,1,0,5,2,6,50,13,9,1,4,4,6,6,4,4,1,4,5,2,18,2,9,1,1,C03,7,9,1,10,1,14,,84,84,1,12,4,120.697774,24.149064,2
7501,66000,387130000C,(04)23274275,(04)23288582,2025,8,20,15,42,臺中市,中區,0,0,0,5,,,50,,,,,,,,,,,,,,,,,,,B03,,,1,,2,,,51,51,1,6,4,120.685207,24.13857,3
7502,66000,387130000C,(04)23274275,(04)23288582,2025,8,20,15,48,臺中市,潭子區,0,1,0,5,2,6,50,3,2,1,4,4,6,6,3,1,5,5,5,1,17,3,10,3,1,B03,7,6,1,8,2,8,,20,20,1,13,4,120.695483,24.194035,2
7503,66000,387130000C,(04)23274275,(04)23288582,2025,8,20,15,48,臺中市,北屯區,0,0,0,7,,,50,,,,,,,,,,,,,,,,,,,B03,,,1,,9,,,78,78,1,12,4,120.665531,24.183533,3
7504,66000,387130000C,(04)23274275,(04)23288582,2025,8,20,15,50,臺中市,南區,0,0,0,5,,,50,,,,,,,,,,,,,,17,,,,,B03,,,1,,1,,,84,84,1,12,4,120.657142,24.133887,4
7505,66000,387130000C,(04)23274275,(04)23288582,2025,8,20,15,50,臺中市,南屯區,0,2,0,7,3,6,50,4,1,1,5,4,6,6,2,1,10,5,5,2,17,2,9,2,4,C03,7,15,1,10,2,11,,4,4,1,6,4,120.651383,24.134897,2
7506,66000,387130000C,(04)23274275,(04)23288582,2025,8,20,15,55,臺中市,西區,0,0,0,5,,,50,,,,,,,,,,,,,,12,,,,,B03,,,1,,1,,,40,40,1,12,4,120.661827,24.15135,3
7507,66000,387130000C,(04)23274275,(04)23288582,2025,8,20,15,59,臺中市,西屯區,0,1,0,5,2,6,50,13,9,1,4,4,6,6,4,4,5,4,5,2,17,3,10,5,4,B03,7,1,1,8,2,16,,51,51,1,13,4,120.655571,24.174248,2
7508,66000,387130000C,(04)23274275,(04)23288582,2025,8,20,16,0,臺中市,南區,0,0,0,5,,,50,,,,,,,,,,,,,,12,,,,,,,,,,,,,86,86,1,,,120.659545,24.116266,4
7509,66000,387130000C,(04)23274275,(04)23288582,2025,8,20,16,5,臺中市,北屯區,0,0,0,5,,,40,,,,,,,,,,,,,,17,,,,,B03,,,1,,2,,,51,51,1,13,4,120.684539,24.172489,3
7510,66000,387130000C,(04)23274275,(04)23288582,2025,8,20,16,12,臺中市,西屯區,0,0,0,5,2,6,30,13,21,1,4,4,6,6,4,4,5,5,5,2,14,3,10,5,4,B03,7,2,1,8,4,6,,49,49,1,13,4,120.656052,24.189295,3
7511,66000,387130000C,(04)23274275,(04)23288582,2025,8,20,16,13,臺中市,西區,0,0,0,5,,,50,,,,,,,,,,,,,,,,,,,B03,,,1,,1,,,84,84,1,13,4,120.660201,24.15084,3
7512,66000,387130000C,(04)23274275,(04)23288582,2025,8,20,16,13,臺中市,北區,0,1,0,5,2,6,40,4,1,1,4,4,6,6,1,1,1,4,4,2,17,2,9,1,1,C03,7,9,1,10,2,16,14,84,84,1,12,4,120.676176,24.150291,2
7513,66000,387130000C,(04)23274275,(04)23288582,2025,8,20,16,15,臺中市,大里區,0,0,0,5,,,30,,,,,,,,,,,,,,,,,,,B03,,,1,,2,,,76,76,1,12,4,120.689457,24.106634,3
7514,66000,387130000C,(04)23274275,(04)23288582,2025,8,20,16,15,臺中市,霧峰區,0,1,0,5,2,6,50,13,9,1,4,4,6,6,4,4,9,4,5,1,17,3,10,3,1,B03,7,11,1,8,2,1,,45,45,1,13,4,120.687685,24.055215,2
7515,66000,387130000C,(04)23274275,(04)23288582,2025,8,20,16,16,臺中市,龍井區,0,1,0,5,3,6,60,13,8,1,4,4,6,6,4,4,5,2,4,1,18,2,9,1,1,C03,7,9,1,10,1,11,,59,59,1,6,4,120.509391,24.191694,2
7516,66000,387130000C,(04)23274275,(04)23288582,2025,8,20,16,19,臺中市,北區,0,1,0,5,2,6,50,13,9,1,4,4,6,5,4,4,5,4,5,2,17,3,10,3,1,B03,7,2,1,8,2,7,,49,49,1,12,4,120.677216,24.166837,2
7517,66000,387130000C,(04)23274275,(04)23288582,2025,8,20,16,20,臺中市,大雅區,0,1,0,5,2,6,30,3,1,1,4,4,6,6,4,4,10,5,5,1,16,3,10,3,1,A12,7,6,1,7,2,5,,84,84,1,13,4,120.666658,24.229274,2
7518,66000,387130000C,(04)23274275,(04)23288582,2025,8,20,16,20,臺中市,北區,0,0,0,5,,,50,,,,,,,,,,,,,,13,,,,,B03,,,1,,2,,,59,59,1,12,4,120.676591,24.158864,3
7519,66000,387130000C,(04)23274275,(04)23288582,2025,8,20,16,20,臺中市,大里區,0,0,0,5,,,50,,,,,,,,,,,,,,12,,,,,B03,,,1,,1,,,2,2,1,13,4,120.695442,24.096765,3
7520,66000,387130000C,(04)23274275,(04)23288582,2025,8,20,16,24,臺中市,南區,0,0,0,5,,,50,,,,,,,,,,,,,,13,,,,,B12,,,1,,1,,,7,7,1,12,4,120.660608,24.132724,3
7521,66000,387130000C,(04)23274275,(04)23288582,2025,8,20,16,26,臺中市,龍井區,0,0,0,5,,3,90,,,,,,,,,,,,,,12,,,,,A31,,,1,,1,,,40,40,1,6,4,120.516919,24.204975,3
7522,66000,387130000C,(04)23274275,(04)23288582,2025,8,20,16,27,臺中市,后里區,0,2,0,6,2,6,50,4,2,1,4,4,6,6,1,1,5,4,5,1,13,2,9,1,1,C03,7,9,1,10,2,11,12,84,84,1,6,4,120.714825,24.305958,2
7523,66000,387130000C,(04)23274275,(04)23288582,2025,8,20,16,27,臺中市,石岡區,0,0,0,7,,,70,,,,,,,,,,,,,,,,,,,B03,,,1,,1,,,7,7,1,12,4,120.773702,24.274666,3
7524,66000,387130000C,(04)23274275,(04)23288582,2025,8,20,16,28,臺中市,龍井區,0,1,0,5,2,6,30,13,9,1,4,4,6,6,4,4,10,5,5,2,10,2,7,2,1,C04,7,9,1,11,2,11,,59,59,1,12,4,120.576808,24.183884,2
7525,66000,387130000C,(04)23274275,(04)23288582,2025,8,20,16,39,臺中市,沙鹿區,0,0,0,5,,,50,,,,,,,,,,,,,,,,,,,B03,,,1,,2,,,59,59,1,6,4,120.564279,24.236543,3
7526,66000,387130000C,(04)23274275,(04)23288582,2025,8,20,16,41,臺中市,西屯區,0,2,0,5,2,6,50,4,2,1,4,4,6,6,1,1,10,5,5,2,13,2,9,1,4,C03,7,9,3,19,2,11,,7,7,1,13,4,120.634634,24.164854,2
7527,66000,387130000C,(04)23274275,(04)23288582,2025,8,20,16,41,臺中市,西屯區,0,0,0,5,,,50,,,,,,,,,,,,,,13,,,,,B03,,,1,,1,,,7,7,1,12,4,120.658906,24.176347,3
7528,66000,387130000C,(04)23274275,(04)23288582,2025,8,20,16,43,臺中市,大甲區,0,0,0,7,,,40,,,,,,,,,,,,,,,,,,,B02,,,1,,2,,,8,8,1,12,4,120.624682,24.348031,4
7529,66000,387130000C,(04)23274275,(04)23288582,2025,8,20,16,44,臺中市,沙鹿區,0,1,0,5,2,6,30,4,1,1,4,4,6,6,4,4,10,5,5,2,18,2,9,1,1,C03,7,5,1,10,2,12,,82,82,1,13,4,120.573574,24.224288,2
7530,66000,387130000C,(04)23274275,(04)23288582,2025,8,20,16,45,臺中市,西區,0,0,0,7,,,50,,,,,,,,,,,,,,12,,,,,B03,,,1,,1,,,84,84,1,2,4,120.659906,24.157647,3
7531,66000,387130000C,(04)23274275,(04)23288582,2025,8,20,16,45,臺中市,南屯區,0,0,0,5,,,50,,,,,,,,,,,,,,13,,,,,B03,,,1,,1,,,7,7,1,12,4,120.642527,24.146889,3
7532,66000,387130000C,(04)23274275,(04)23288582,2025,8,20,16,46,臺中市,太平區,0,1,0,5,2,6,40,4,1,1,4,4,3,6,4,4,5,5,4,2,17,2,9,2,1,F02,7,9,7,21,2,14,,84,84,1,12,4,120.717762,24.131377,2
7533,66000,387130000C,(04)23274275,(04)23288582,2025,8,20,16,47,臺中市,北區,0,0,0,5,,,50,,,,,,,,,,,,,,17,,,,,B02,,,1,,2,,,84,84,1,12,4,120.685096,24.161133,3
7534,66000,387130000C,(04)23274275,(04)23288582,2025,8,20,16,47,臺中市,大甲區,0,1,0,7,2,6,50,13,9,1,5,4,6,6,4,4,10,5,4,2,16,3,10,3,1,B03,7,6,1,8,2,5,,20,20,1,6,4,120.627577,24.350605,2
7535,66000,387130000C,(04)23274275,(04)23288582,2025,8,20,16,48,臺中市,南區,0,0,0,5,,,50,,,,,,,,,,,,,,13,,,,,B03,,,1,,1,,,7,7,1,12,4,120.670254,24.111673,3
7536,66000,387130000C,(04)23274275,(04)23288582,2025,8,20,16,48,臺中市,大里區,0,1,0,5,2,6,50,4,1,1,4,4,6,6,3,1,10,5,5,2,18,2,9,1,1,C03,7,9,1,10,2,12,,84,84,1,13,4,120.691852,24.076988,2
7537,66000,387130000C,(04)23274275,(04)23288582,2025,8,20,16,49,臺中市,太平區,0,1,0,5,2,6,50,4,4,1,4,4,6,6,2,1,5,2,5,2,13,3,10,3,1,B03,7,9,1,8,1,1,,84,84,1,12,4,120.725136,24.116852,2
7538,66000,387130000C,(04)23274275,(04)23288582,2025,8,20,16,50,臺中市,太平區,0,0,0,5,,,40,,,,,,,,,,,,,,,,,,,B03,,,1,,2,,,59,59,1,12,4,120.735006,24.131957,3
7539,66000,387130000C,(04)23274275,(04)23288582,2025,8,20,16,53,臺中市,神岡區,0,0,0,5,,,50,,,,,,,,,,,,,,14,,,,,A12,,,1,,2,,,49,49,1,12,4,120.677553,24.25002,3
7540,66000,387130000C,(04)23274275,(04)23288582,2025,8,20,16,55,臺中市,西屯區,0,1,0,5,2,6,50,3,1,1,4,4,6,6,4,4,4,5,5,2,16,2,7,5,4,C03,7,5,1,10,2,14,,14,14,1,13,4,120.644249,24.175078,2
7541,66000,387130000C,(04)23274275,(04)23288582,2025,8,20,16,56,臺中市,南屯區,0,0,0,5,,,50,,,,,,,,,,,,,,,,,,,B03,,,1,,1,,,59,59,1,6,4,120.636584,24.130847,3
7542,66000,387130000C,(04)23274275,(04)23288582,2025,8,20,16,56,臺中市,西屯區,0,1,0,7,1,6,30,3,2,1,4,4,6,6,4,4,10,5,5,2,17,2,9,1,1,C03,7,9,1,10,2,16,,84,84,1,12,4,120.616726,24.186458,2
7543,66000,387130000C,(04)23274275,(04)23288582,2025,8,20,16,57,臺中市,北屯區,0,0,0,5,,,50,,,,,,,,,,,,,,17,,,,,B03,,,1,,1,,,51,51,1,12,4,120.708088,24.165423,3
7544,66000,387130000C,(04)23274275,(04)23288582,2025,8,20,16,57,臺中市,大里區,0,2,0,5,2,6,50,3,1,1,4,4,6,6,4,4,5,5,5,1,3,2,9,1,1,C03,7,9,1,10,2,15,,84,84,1,13,4,120.703831,24.088142,2
7545,66000,387130000C,(04)23274275,(04)23288582,2025,8,20,16,58,臺中市,烏日區,0,0,0,5,,,30,,,,,,,,,,,,,,,,,,,B02,,,1,,1,,,85,85,1,6,4,120.616275,24.111503,3
7546,66000,387130000C,(04)23274275,(04)23288582,2025,8,20,17,0,臺中市,大雅區,0,0,0,5,,,50,,,,,,,,,,,,,,,,,,,B03,,,1,,1,,,56,56,1,13,4,120.645518,24.225808,3
7547,66000,387130000C,(04)23274275,(04)23288582,2025,8,20,17,1,臺中市,大肚區,0,1,0,5,1,6,40,4,1,1,4,4,6,6,2,1,10,5,5,2,18,2,9,1,1,C03,7,9,1,10,2,14,,84,84,1,6,4,120.544194,24.162056,2
7548,66000,387130000C,(04)23274275,(04)23288582,2025,8,20,17,3,臺中市,潭子區,0,0,0,5,,,50,,,,,,,,,,,,,,,,,,,B03,,,1,,2,,,51,51,1,13,4,120.703398,24.226533,3
7549,66000,387130000C,(04)23274275,(04)23288582,2025,8,20,17,5,臺中市,大雅區,0,1,0,5,2,6,30,13,9,1,4,4,6,6,4,4,10,4,5,1,17,2,9,1,1,C03,7,9,1,10,2,11,,7,7,1,12,4,120.664437,24.226597,2
7550,66000,387130000C,(04)23274275,(04)23288582,2025,8,20,17,5,臺中市,神岡區,0,0,0,5,,,40,,,,,,,,,,,,,,14,,,,,B12,,,1,,2,,,49,49,1,13,4,120.694643,24.279346,3
7551,66000,387130000C,(04)23274275,(04)23288582,2025,8,20,17,6,臺中市,北區,0,0,0,5,2,6,50,13,9,1,4,4,6,6,4,4,5,4,5,2,17,3,10,3,1,B03,7,9,1,8,1,2,,84,84,1,12,4,120.67048,24.159533,3
7552,66000,387130000C,(04)23274275,(04)23288582,2025,8,20,17,7,臺中市,西屯區,0,1,0,5,2,6,50,4,1,1,4,4,6,6,4,4,10,5,5,2,17,2,9,5,4,C03,7,9,1,10,2,16,,59,59,1,13,4,120.651004,24.158841,2
7553,66000,387130000C,(04)23274275,(04)23288582,2025,8,20,17,7,臺中市,后里區,0,2,0,5,2,6,50,3,1,1,4,4,6,6,1,1,5,4,4,2,11,3,10,3,1,B03,7,6,1,8,2,5,,11,11,1,6,4,120.716685,24.296343,2
7554,66000,387130000C,(04)23274275,(04)23288582,2025,8,20,17,8,臺中市,北區,0,1,0,5,2,6,50,4,1,1,4,4,6,5,1,1,5,5,5,2,17,2,9,6,1,F01,7,15,7,21,2,13,,40,40,1,4,1,120.677216,24.166837,2
7555,66000,387130000C,(04)23274275,(04)23288582,2025,8,20,17,8,臺中市,大里區,0,0,0,5,,,50,,,,,,,,,,,,,,17,,,,,B12,,,1,,2,,,75,75,1,13,4,120.705653,24.087444,3
7556,66000,387130000C,(04)23274275,(04)23288582,2025,8,20,17,10,臺中市,太平區,0,1,0,5,1,6,50,3,2,1,4,4,6,6,4,4,9,4,4,1,17,2,8,2,1,C03,7,9,1,10,2,11,,84,84,1,12,4,120.72804,24.134551,2
7557,66000,387130000C,(04)23274275,(04)23288582,2025,8,20,17,11,臺中市,大甲區,0,1,0,7,2,6,40,4,9,1,5,4,6,6,4,4,6,4,5,1,17,3,10,3,1,B03,7,9,1,8,2,16,,15,15,1,12,4,120.620916,24.352676,2
7558,66000,387130000C,(04)23274275,(04)23288582,2025,8,20,17,12,臺中市,西屯區,0,0,0,5,,3,80,,,,,,,,,,,,,,13,,,,,B01,,,1,,1,,,7,7,1,13,4,120.655149,24.199375,3
7559,66000,387130000C,(04)23274275,(04)23288582,2025,8,20,17,13,臺中市,大雅區,0,0,0,5,,,50,,,,,,,,,,,,,,16,,,,,C03,,,1,,1,,,6,6,1,13,4,120.667071,24.213416,3
7560,66000,387130000C,(04)23274275,(04)23288582,2025,8,20,17,15,臺中市,南屯區,0,1,0,5,3,6,50,4,1,1,4,4,6,6,2,1,10,5,5,2,16,3,10,5,4,B03,7,6,1,8,2,5,,11,11,1,6,4,120.633919,24.146281,2
7561,66000,387130000C,(04)23274275,(04)23288582,2025,8,20,17,15,臺中市,太平區,0,1,0,5,2,6,40,13,11,1,4,4,6,6,4,4,5,5,4,2,17,2,7,2,1,C03,7,9,1,10,2,14,12,84,84,1,12,4,120.702481,24.148248,2
7562,66000,387130000C,(04)23274275,(04)23288582,2025,8,20,17,18,臺中市,南屯區,0,0,0,5,,,50,,,,,,,,,,,,,,12,,,,,B03,,,1,,1,,,8,8,1,12,4,120.626059,24.145114,3
7563,66000,387130000C,(04)23274275,(04)23288582,2025,8,20,17,18,臺中市,霧峰區,0,1,0,5,2,6,30,13,9,1,4,4,6,6,4,4,10,5,5,1,18,2,9,2,1,C03,7,9,1,10,2,15,,84,84,1,13,4,120.67485,24.052496,2
7564,66000,387130000C,(04)23274275,(04)23288582,2025,8,20,17,19,臺中市,西屯區,0,0,0,5,,,0,,,,,,,,,,,,,,14,,,,,B03,,,1,,1,,,49,49,1,12,4,120.655784,24.172544,3
7565,66000,387130000C,(04)23274275,(04)23288582,2025,8,20,17,20,臺中市,豐原區,0,0,0,5,,,30,,,,,,,,,,,,,,14,,,,,B03,,,1,,2,,,49,49,1,12,4,120.714632,24.270888,3
7566,66000,387130000C,(04)23274275,(04)23288582,2025,8,20,17,21,臺中市,烏日區,0,0,0,5,,,40,,,,,,,,,,,,,,13,,,,,B01,,,1,,2,,,84,84,1,13,4,120.614575,24.117502,3
7567,66000,387130000C,(04)23274275,(04)23288582,2025,8,20,17,23,臺中市,北屯區,0,1,0,5,1,6,50,3,2,1,4,4,6,6,4,4,5,4,5,2,16,3,10,1,1,C03,7,6,1,10,2,11,,14,14,1,13,4,120.685167,24.180209,2
7568,66000,387130000C,(04)23274275,(04)23288582,2025,8,20,17,25,臺中市,大雅區,0,1,0,5,1,6,30,4,2,1,4,4,6,6,4,4,10,5,5,2,17,3,10,4,1,F02,7,9,7,21,2,12,,15,15,1,13,4,120.655087,24.211918,2
7569,66000,387130000C,(04)23274275,(04)23288582,2025,8,20,17,25,臺中市,龍井區,0,1,0,5,2,6,30,3,1,1,4,4,6,6,4,4,10,5,5,2,11,2,9,2,1,C03,7,9,1,10,2,11,,43,43,1,6,4,120.570267,24.176371,2
7570,66000,387130000C,(04)23274275,(04)23288582,2025,8,20,17,25,臺中市,豐原區,0,1,0,5,2,6,50,13,8,1,4,4,6,6,4,4,5,5,4,2,17,3,10,5,1,B03,7,13,1,8,2,4,,76,76,1,13,4,120.709822,24.240461,2
7571,66000,387130000C,(04)23274275,(04)23288582,2025,8,20,17,26,臺中市,東區,0,0,0,5,,,50,,,,,,,,,,,,,,13,,,,,B02,,,1,,1,,,84,84,1,13,4,120.700103,24.138881,3
7572,66000,387130000C,(04)23274275,(04)23288582,2025,8,20,17,27,臺中市,北區,0,2,0,5,3,6,50,13,9,1,4,4,6,6,4,4,1,4,5,2,17,3,10,3,1,B03,7,9,1,8,3,5,,59,59,1,12,4,120.670552,24.173573,2