序號,縣市別代碼,機關代碼,市話,傳真,年,月,日,時,分,縣市,區,死亡數量,受傷數量,2-30,天候,道路照明設備,道路類別,道路速限,道路型態,事故位置,路面鋪裝,路面狀態,路面缺陷,障礙物,視距,號誌種類,號誌動作,分向設施,快車道或一般車道間,快慢車道間,路面邊線,事故類型及型態,受傷程度,主要傷處,保護裝備,行動電話或功能裝置,當事者區分(類別),車輛用途,當事者行動狀態,駕照狀態,駕照種類,飲酒情形,車輛撞擊部位最初,車輛撞擊部位其他,肇事因素個別,肇事因素主要,肇事逃逸,職業,共享經濟或外送平台,GPS座標X,GPS座標Y,事故類別
7573,66000,387130000C,(04)23274275,(04)23288582,2025,8,20,17,27,臺中市,西屯區,0,1,0,5,2,6,50,4,1,1,4,4,6,6,1,1,10,5,5,2,12,3,10,3,4,B03,7,5,1,8,1,2,,47,47,1,13,4,120.656315,24.169383,2
7574,66000,387130000C,(04)23274275,(04)23288582,2025,8,20,17,28,臺中市,西屯區,0,0,0,5,,,50,,,,,,,,,,,,,,12,,,,,C03,,,1,,2,,,40,40,1,13,4,120.624056,24.194267,3
7575,66000,387130000C,(04)23274275,(04)23288582,2025,8,20,17,28,臺中市,霧峰區,0,0,0,6,,,50,,,,,,,,,,,,,,17,,,,,A12,,,1,,2,,,40,40,1,13,4,120.695817,24.057741,3
7576,66000,387130000C,(04)23274275,(04)23288582,2025,8,20,17,29,臺中市,南屯區,0,0,0,5,,,50,,,,,,,,,,,,,,13,,,,,B03,,,1,,1,,,7,7,1,12,4,120.625929,24.145026,3
7577,66000,387130000C,(04)23274275,(04)23288582,2025,8,20,17,30,臺中市,西區,0,0,0,5,,,50,,,,,,,,,,,,,,12,,,,,B03,,,1,,2,,,43,43,1,12,4,120.660649,24.160417,3
7578,66000,387130000C,(04)23274275,(04)23288582,2025,8,20,17,30,臺中市,南屯區,0,0,0,7,,,50,,,,,,,,,,,,,,,,,,,B03,,,1,,1,,,47,47,1,6,4,120.630846,24.14649,3
7579,66000,387130000C,(04)23274275,(04)23288582,2025,8,20,17,32,臺中市,龍井區,0,1,0,6,3,6,50,13,9,1,4,4,6,6,4,4,5,4,5,1,18,2,7,6,1,F02,7,9,7,21,1,14,,59,59,1,3,4,120.523645,24.199222,2
7580,66000,387130000C,(04)23274275,(04)23288582,2025,8,20,17,33,臺中市,西屯區,0,0,0,7,,,50,,,,,,,,,,,,,,12,,,,,B03,,,1,,9,,,40,40,1,12,4,120.654345,24.194323,3
7581,66000,387130000C,(04)23274275,(04)23288582,2025,8,20,17,38,臺中市,沙鹿區,0,0,0,7,,,40,,,,,,,,,,,,,,2,,,,,C03,,,1,,1,,,8,8,1,6,4,120.561486,24.208209,3
7582,66000,387130000C,(04)23274275,(04)23288582,2025,8,20,17,39,臺中市,東區,0,0,0,5,,,30,,,,,,,,,,,,,,12,,,,,B03,,,3,,1,,,8,8,1,12,4,120.699749,24.127718,3
7583,66000,387130000C,(04)23274275,(04)23288582,2025,8,20,17,39,臺中市,南區,0,2,0,5,2,6,50,4,1,1,4,4,6,6,2,1,10,5,5,2,12,2,9,2,1,C03,7,9,1,10,2,12,,84,84,1,12,4,120.682879,24.134353,2
7584,66000,387130000C,(04)23274275,(04)23288582,2025,8,20,17,39,臺中市,大安區,0,1,0,7,2,6,50,13,9,1,5,4,6,6,1,1,5,5,5,1,11,2,9,1,1,C03,7,9,5,19,8,11,,53,53,1,6,4,120.609602,24.347903,2
7585,66000,387130000C,(04)23274275,(04)23288582,2025,8,20,17,40,臺中市,西區,0,0,0,5,,,40,,,,,,,,,,,,,,,,,,,B03,,,1,8,2,,,50,50,1,13,4,120.672689,24.146755,3
7586,66000,387130000C,(04)23274275,(04)23288582,2025,8,20,17,42,臺中市,南屯區,0,1,0,6,2,6,60,4,1,1,4,4,6,6,4,4,5,4,5,2,16,3,10,3,1,B03,7,5,1,8,2,2,,11,11,1,12,4,120.61524,24.147704,2
7587,66000,387130000C,(04)23274275,(04)23288582,2025,8,20,17,43,臺中市,潭子區,0,0,0,7,,3,80,,,,,,,,,,,,,,,,,,,B03,,,1,,9,,,7,7,1,13,4,120.709739,24.200514,3
7588,66000,387130000C,(04)23274275,(04)23288582,2025,8,20,17,43,臺中市,北屯區,0,0,0,7,,,50,,,,,,,,,,,,,,,,,,,B03,,,1,,9,,,78,78,1,12,4,120.684,24.181634,3
7589,66000,387130000C,(04)23274275,(04)23288582,2025,8,20,17,45,臺中市,北屯區,0,0,0,5,,,50,,,,,,,,,,,,,,17,,,,,C03,,,1,,1,,,82,82,1,6,4,120.713327,24.169337,3
7590,66000,387130000C,(04)23274275,(04)23288582,2025,8,20,17,45,臺中市,西屯區,0,0,0,5,,3,80,,,,,,,,,,,,,,13,,,,,B12,,,1,,2,,,7,7,1,13,4,120.635563,24.182138,3
7591,66000,387130000C,(04)23274275,(04)23288582,2025,8,20,17,45,臺中市,沙鹿區,0,0,0,7,,,60,,,,,,,,,,,,,,,,,,,B03,,,1,,1,,,8,8,1,6,4,120.552965,24.215088,4
7592,66000,387130000C,(04)23274275,(04)23288582,2025,8,20,17,46,臺中市,南區,0,0,0,5,,,1,,,,,,,,,,,,,,17,,,,,A11,,,1,,1,,,84,84,1,12,4,120.657199,24.119759,3
7593,66000,387130000C,(04)23274275,(04)23288582,2025,8,20,17,47,臺中市,東區,0,1,0,5,2,6,50,4,1,1,4,4,6,6,4,4,1,4,5,2,17,3,10,3,1,B11,7,6,1,8,2,1,,84,84,1,13,4,120.697162,24.139603,2
7594,66000,387130000C,(04)23274275,(04)23288582,2025,8,20,17,48,臺中市,豐原區,0,0,0,5,,,50,,,,,,,,,,,,,,14,,,,,B03,,,1,,2,,,49,49,1,12,4,120.736478,24.272656,4
7595,66000,387130000C,(04)23274275,(04)23288582,2025,8,20,17,50,臺中市,烏日區,0,1,0,5,3,6,50,13,8,1,4,4,6,6,4,4,5,5,4,2,18,2,9,1,1,C03,7,12,1,10,2,11,12,84,84,1,6,4,120.607895,24.11939,2
7596,66000,387130000C,(04)23274275,(04)23288582,2025,8,20,17,51,臺中市,南屯區,0,0,0,6,,,50,,,,,,,,,,,,,,13,,,,,B03,,,1,,2,,,7,7,1,6,4,120.620441,24.152604,3
7597,66000,387130000C,(04)23274275,(04)23288582,2025,8,20,17,52,臺中市,東區,0,1,0,5,1,6,50,13,8,1,4,4,6,6,4,4,5,5,4,2,16,3,10,3,1,B03,7,11,1,8,2,6,,39,39,1,12,4,120.706054,24.1431,2
7598,66000,387130000C,(04)23274275,(04)23288582,2025,8,20,17,52,臺中市,大里區,0,0,0,5,,,60,,,,,,,,,,,,,,13,,,,,B03,,,1,,2,,,56,56,1,13,4,120.667416,24.10534,3
7599,66000,387130000C,(04)23274275,(04)23288582,2025,8,20,17,53,臺中市,北屯區,0,2,0,6,1,6,50,13,7,1,4,4,6,6,4,4,9,5,4,2,13,3,10,3,1,B03,7,9,1,8,1,1,,84,84,1,12,4,120.677755,24.187453,2
7600,66000,387130000C,(04)23274275,(04)23288582,2025,8,20,17,56,臺中市,北屯區,0,0,0,5,,3,40,,,,,,,,,,,,,,13,,,,,B03,,,1,,1,,,84,84,1,6,4,120.680027,24.200807,3
7601,66000,387130000C,(04)23274275,(04)23288582,2025,8,20,17,57,臺中市,龍井區,0,1,0,5,2,6,40,13,8,1,4,4,6,6,4,4,3,4,3,2,18,2,9,2,1,C03,7,9,1,10,2,14,,59,59,1,6,4,120.573442,24.188355,2
7602,66000,387130000C,(04)23274275,(04)23288582,2025,8,20,18,0,臺中市,南屯區,0,0,0,7,,,50,,,,,,,,,,,,,,12,,,,,B03,,,1,,1,,,35,35,1,6,4,120.622643,24.150214,3
7603,66000,387130000C,(04)23274275,(04)23288582,2025,8,20,18,0,臺中市,北屯區,0,0,0,5,,,50,,,,,,,,,,,,,,,,,,,B03,,,1,,1,,,8,8,1,13,4,120.69108,24.181597,4
7604,66000,387130000C,(04)23274275,(04)23288582,2025,8,20,18,0,臺中市,太平區,0,0,0,7,,,30,,,,,,,,,,,,,,17,,,,,A11,,,1,,9,,,75,75,1,12,4,120.715034,24.118891,3
7605,66000,387130000C,(04)23274275,(04)23288582,2025,8,20,18,2,臺中市,南屯區,0,0,0,7,,,50,,,,,,,,,,,,,,,,,,,B03,,,1,,2,,,7,7,1,6,4,120.637336,24.145312,3
7606,66000,387130000C,(04)23274275,(04)23288582,2025,8,20,18,3,臺中市,南屯區,0,0,0,6,,,60,,,,,,,,,,,,,,16,,,,,B03,,,1,,1,,,26,26,1,12,4,120.63363,24.148275,3
7607,66000,387130000C,(04)23274275,(04)23288582,2025,8,20,18,4,臺中市,北屯區,0,0,0,7,,,50,,,,,,,,,,,,,,,,,,,B03,,,1,,2,,,22,22,1,12,4,120.705794,24.178224,3
7608,66000,387130000C,(04)23274275,(04)23288582,2025,8,20,18,4,臺中市,西屯區,0,0,0,7,,,50,,,,,,,,,,,,,,13,,,,,B03,,,1,,1,,,59,59,1,13,4,120.655766,24.169022,3
7609,66000,387130000C,(04)23274275,(04)23288582,2025,8,20,18,5,臺中市,豐原區,0,1,0,7,1,6,30,13,9,1,5,4,6,6,4,4,10,5,5,2,17,3,10,3,1,B03,7,9,1,8,2,2,,84,84,1,6,4,120.716851,24.279066,2
7610,66000,387130000C,(04)23274275,(04)23288582,2025,8,20,18,11,臺中市,南屯區,0,1,0,6,3,6,50,4,1,1,4,4,6,6,2,1,10,5,5,2,16,3,10,5,4,B01,7,6,1,4,2,5,,11,11,1,6,4,120.64975,24.155611,2
7611,66000,387130000C,(04)23274275,(04)23288582,2025,8,20,18,16,臺中市,南屯區,0,1,0,6,1,6,50,3,1,1,4,4,6,6,4,4,5,4,4,2,16,3,10,3,1,B03,7,5,1,8,2,6,,14,14,1,12,4,120.639845,24.142864,2
7612,66000,387130000C,(04)23274275,(04)23288582,2025,8,20,18,16,臺中市,西屯區,0,1,0,6,1,6,50,4,2,1,4,4,6,6,1,1,5,4,4,2,18,2,9,5,4,C03,7,9,1,10,2,14,,6,6,1,12,4,120.644977,24.16928,2
7613,66000,387130000C,(04)23274275,(04)23288582,2025,8,20,18,18,臺中市,南屯區,0,1,0,7,1,6,50,13,8,1,5,4,6,6,4,4,5,4,4,2,16,3,10,3,1,B03,7,7,1,8,2,2,,20,20,1,6,4,120.614958,24.138852,2
7614,66000,387130000C,(04)23274275,(04)23288582,2025,8,20,18,18,臺中市,西屯區,0,1,0,6,2,6,50,3,2,1,4,4,6,6,1,1,10,5,5,2,17,3,10,3,4,B03,7,6,1,8,2,5,3,8,8,1,13,4,120.613216,24.171574,2
7615,66000,387130000C,(04)23274275,(04)23288582,2025,8,20,18,19,臺中市,南屯區,0,0,0,6,,,60,,,,,,,,,,,,,,13,,,,,C03,,,1,,1,,,7,7,1,12,4,120.598422,24.155204,3
7616,66000,387130000C,(04)23274275,(04)23288582,2025,8,20,18,20,臺中市,北區,0,1,0,6,1,6,50,13,9,1,4,4,6,6,4,4,5,4,5,2,13,2,9,5,4,C03,7,9,1,10,2,14,11,7,7,1,12,4,120.689958,24.155506,2
7617,66000,387130000C,(04)23274275,(04)23288582,2025,8,20,18,20,臺中市,南屯區,0,0,0,6,,,50,,,,,,,,,,,,,,13,,,,,C03,,,1,,1,,,84,84,1,6,4,120.637184,24.15155,3
7618,66000,387130000C,(04)23274275,(04)23288582,2025,8,20,18,24,臺中市,霧峰區,0,0,0,7,,,60,,,,,,,,,,,,,,13,,,,,B03,,,1,,2,,,59,59,1,13,4,120.696013,24.065512,3
7619,66000,387130000C,(04)23274275,(04)23288582,2025,8,20,18,25,臺中市,北屯區,0,1,0,5,1,6,50,4,1,1,4,4,6,6,1,1,10,5,5,2,3,3,10,3,1,B03,7,5,1,8,2,1,,10,10,1,13,4,120.70774,24.182337,2
7620,66000,387130000C,(04)23274275,(04)23288582,2025,8,20,18,26,臺中市,烏日區,0,1,0,7,1,6,50,4,1,1,5,4,6,6,2,1,10,5,5,2,17,3,10,5,4,B03,7,11,1,8,2,7,,45,45,1,13,4,120.59577,24.110642,2
7621,66000,387130000C,(04)23274275,(04)23288582,2025,8,20,18,30,臺中市,霧峰區,0,1,0,6,1,6,30,4,1,1,4,4,6,6,4,4,10,5,5,2,16,2,9,2,1,C03,7,9,1,10,2,11,,20,20,1,13,4,120.687776,24.042907,2
7622,66000,387130000C,(04)23274275,(04)23288582,2025,8,20,18,37,臺中市,中區,0,0,0,5,,,50,,,,,,,,,,,,,,12,,,,,C03,,,1,,1,,,40,40,1,12,4,120.678757,24.141681,3
7623,66000,387130000C,(04)23274275,(04)23288582,2025,8,20,18,38,臺中市,大里區,0,0,0,7,,,50,,,,,,,,,,,,,,,,,,,B03,,,1,,2,,,84,84,1,12,4,120.684871,24.09709,3
7624,66000,387130000C,(04)23274275,(04)23288582,2025,8,20,18,39,臺中市,后里區,0,1,0,5,1,6,50,4,1,1,4,4,6,6,1,1,5,4,4,1,17,2,7,1,1,C03,7,6,1,10,2,12,14,11,11,1,6,4,120.7057,24.295576,2
7625,66000,387130000C,(04)23274275,(04)23288582,2025,8,20,18,41,臺中市,北區,0,0,0,6,1,6,50,13,7,1,5,4,6,6,4,4,1,4,4,2,12,3,10,,1,B03,7,8,1,8,2,8,,84,84,1,12,4,120.685138,24.164148,3
7626,66000,387130000C,(04)23274275,(04)23288582,2025,8,20,18,48,臺中市,霧峰區,0,1,0,6,1,6,50,13,9,1,4,4,6,6,4,4,10,4,5,1,17,2,9,1,1,C03,7,9,1,10,2,14,,84,84,1,13,4,120.693993,24.026436,2
7627,66000,387130000C,(04)23274275,(04)23288582,2025,8,20,18,48,臺中市,沙鹿區,0,0,0,6,,,40,,,,,,,,,,,,,,,,,,,B03,,,1,,2,,,50,50,1,13,4,120.56416,24.239543,3
7628,66000,387130000C,(04)23274275,(04)23288582,2025,8,20,18,49,臺中市,西屯區,0,0,0,7,,,50,,,,,,,,,,,,,,12,,,,,B12,,,1,,11,,,8,8,1,13,4,120.659262,24.193398,3
7629,66000,387130000C,(04)23274275,(04)23288582,2025,8,20,18,53,臺中市,北屯區,0,0,0,5,,,50,,,,,,,,,,,,,,13,,,,,C03,,,1,,1,,,7,7,1,6,4,120.683512,24.172112,3
7630,66000,387130000C,(04)23274275,(04)23288582,2025,8,20,18,53,臺中市,神岡區,0,1,0,5,1,6,60,4,1,1,4,4,6,6,1,1,1,4,4,1,18,2,9,2,4,C03,7,12,1,10,2,12,,84,84,1,12,4,120.698907,24.235318,2
7631,66000,387130000C,(04)23274275,(04)23288582,2025,8,20,18,59,臺中市,梧棲區,0,1,0,7,1,6,50,13,9,1,5,4,6,6,4,4,5,5,5,1,13,3,10,3,1,B02,7,9,1,8,2,1,,84,84,1,6,4,120.54157,24.251476,2
7632,66000,387130000C,(04)23274275,(04)23288582,2025,8,20,19,2,臺中市,北屯區,0,1,0,6,1,6,50,4,2,1,5,4,6,6,1,1,5,4,5,2,15,3,10,3,1,B03,7,9,5,19,2,1,,21,21,1,13,4,120.719301,24.176852,2
7633,66000,387130000C,(04)23274275,(04)23288582,2025,8,20,19,4,臺中市,北區,0,1,0,7,1,6,50,4,1,1,4,4,6,6,1,1,10,5,5,2,18,2,9,5,4,C03,7,9,1,10,2,12,,84,84,1,13,4,120.68277,24.166912,2
7634,66000,387130000C,(04)23274275,(04)23288582,2025,8,20,19,5,臺中市,太平區,0,1,0,6,1,6,50,13,9,1,4,4,6,6,4,4,9,4,5,2,17,2,8,1,1,C03,7,9,1,10,2,14,,85,85,1,12,4,120.708327,24.158363,2
7635,66000,387130000C,(04)23274275,(04)23288582,2025,8,20,19,10,臺中市,東區,0,0,0,5,,,40,,,,,,,,,,,,,,13,,,,,C03,,,1,,2,,,7,7,1,12,4,120.696485,24.138879,3
7636,66000,387130000C,(04)23274275,(04)23288582,2025,8,20,19,13,臺中市,東區,0,0,0,7,,,50,,,,,,,,,,,,,,13,,,,,B12,,,1,,2,,,84,84,1,13,4,120.685038,24.12957,3
7637,66000,387130000C,(04)23274275,(04)23288582,2025,8,20,19,14,臺中市,西屯區,0,1,0,7,1,6,50,4,1,1,3,4,6,6,4,4,10,5,5,2,18,2,7,1,1,C03,7,6,1,10,2,16,,48,48,1,12,4,120.598459,24.165171,2
7638,66000,387130000C,(04)23274275,(04)23288582,2025,8,20,19,18,臺中市,大里區,0,1,0,6,1,6,50,4,1,1,5,4,6,6,4,4,10,5,5,2,13,2,8,1,1,C03,7,9,1,10,2,11,,59,59,1,13,4,120.710917,24.086201,2
7639,66000,387130000C,(04)23274275,(04)23288582,2025,8,20,19,24,臺中市,南屯區,0,1,0,6,2,6,50,4,1,1,4,4,6,6,2,1,5,4,5,2,16,3,10,3,1,B03,7,5,1,8,2,2,,84,84,1,12,4,120.635522,24.136069,2
7640,66000,387130000C,(04)23274275,(04)23288582,2025,8,20,19,27,臺中市,東區,0,0,0,7,,,50,,,,,,,,,,,,,,16,,,,,B03,,,1,,2,,,11,11,1,12,4,120.692395,24.139415,3
7641,66000,387130000C,(04)23274275,(04)23288582,2025,8,20,19,37,臺中市,大里區,0,1,0,7,1,6,50,4,1,1,5,4,6,6,1,1,1,2,1,1,16,3,10,3,1,B03,7,5,1,8,2,5,,38,38,1,13,4,120.687961,24.094611,2
7642,66000,387130000C,(04)23274275,(04)23288582,2025,8,20,19,45,臺中市,南屯區,0,0,0,7,,,60,,,,,,,,,,,,,,12,,,,,B02,,,6,,1,,,43,43,1,12,4,120.623241,24.137107,3
7643,66000,387130000C,(04)23274275,(04)23288582,2025,8,20,19,45,臺中市,大里區,0,0,0,5,,,30,,,,,,,,,,,,,,17,,,,,B03,,,1,,2,,,8,8,1,13,4,120.703122,24.100369,3
7644,66000,387130000C,(04)23274275,(04)23288582,2025,8,20,19,51,臺中市,西區,0,0,0,7,,,50,,,,,,,,,,,,,,,,,,,C03,,,1,,2,,,13,13,1,6,4,120.661651,24.155818,3
7645,66000,387130000C,(04)23274275,(04)23288582,2025,8,20,19,54,臺中市,北區,0,2,0,7,1,6,50,4,1,1,5,4,6,6,1,1,10,5,5,2,16,2,9,1,1,C03,7,6,1,10,2,12,,11,11,1,12,4,120.680853,24.149177,2
7646,66000,387130000C,(04)23274275,(04)23288582,2025,8,20,19,57,臺中市,北屯區,0,1,0,7,1,6,50,13,7,1,4,4,6,6,1,1,5,4,4,2,18,2,9,1,4,C03,7,15,5,10,2,14,,84,84,1,12,4,120.681545,24.171111,2
7647,66000,387130000C,(04)23274275,(04)23288582,2025,8,20,19,58,臺中市,南區,0,0,0,7,,,30,,,,,,,,,,,,,,17,,,,,B03,,,1,,1,,,84,84,1,13,4,120.684019,24.129399,4
7648,66000,387130000C,(04)23274275,(04)23288582,2025,8,20,20,0,臺中市,大雅區,0,0,0,6,,,50,,,,,,,,,,,,,,,,,,,C03,,,1,,2,,,82,82,1,13,4,120.673399,24.231629,3
7649,66000,387130000C,(04)23274275,(04)23288582,2025,8,20,20,0,臺中市,西屯區,0,0,0,5,,,50,,,,,,,,,,,,,,13,,,,,B03,,,1,,2,,,51,51,1,13,4,120.653199,24.168659,3
7650,66000,387130000C,(04)23274275,(04)23288582,2025,8,20,20,13,臺中市,北區,0,0,0,7,,,50,,,,,,,,,,,,,,9,,,,,B02,,,1,,2,,,84,84,1,12,4,120.675884,24.171452,4
7651,66000,387130000C,(04)23274275,(04)23288582,2025,8,20,20,15,臺中市,潭子區,0,0,0,7,,,50,,,,,,,,,,,,,,,,,,,B03,,,1,,2,,,8,8,1,13,4,120.704463,24.215591,3
7652,66000,387130000C,(04)23274275,(04)23288582,2025,8,20,20,16,臺中市,西屯區,0,0,0,7,,,50,,,,,,,,,,,,,,16,,,,,B03,,,1,,1,,,51,51,1,13,4,120.644029,24.171563,3
7653,66000,387130000C,(04)23274275,(04)23288582,2025,8,20,20,21,臺中市,西屯區,0,0,0,7,,,50,,,,,,,,,,,,,,12,,,,,B03,,,1,,1,,,47,47,1,12,4,120.621921,24.186405,3
7654,66000,387130000C,(04)23274275,(04)23288582,2025,8,20,20,35,臺中市,北屯區,0,0,0,6,,,50,,,,,,,,,,,,,,13,,,,,C03,,,1,,2,,,7,7,1,13,4,120.726965,24.173249,4
7655,66000,387130000C,(04)23274275,(04)23288582,2025,8,20,20,42,臺中市,南區,0,0,0,7,,,30,,,,,,,,,,,,,,12,,,,,B03,,,1,,1,,,84,84,1,12,4,120.682701,24.134221,3
7656,66000,387130000C,(04)23274275,(04)23288582,2025,8,20,20,46,臺中市,南區,0,1,0,6,1,6,50,3,1,1,5,4,6,6,4,4,5,4,5,2,16,3,10,3,1,B03,7,1,1,8,2,6,,39,39,1,12,4,120.684436,24.13141,2
7657,66000,387130000C,(04)23274275,(04)23288582,2025,8,20,20,46,臺中市,北屯區,0,0,0,7,,,50,,,,,,,,,,,,,,13,,,,,B02,,,1,,1,,,84,84,1,12,4,120.72123,24.162089,3
7658,66000,387130000C,(04)23274275,(04)23288582,2025,8,20,21,0,臺中市,沙鹿區,0,1,0,7,2,6,50,4,1,1,5,4,6,6,1,1,10,5,5,2,17,3,10,3,1,B03,7,1,1,8,9,8,,51,51,1,6,4,120.580621,24.209742,2
7659,66000,387130000C,(04)23274275,(04)23288582,2025,8,20,21,13,臺中市,烏日區,0,2,0,7,1,6,50,4,2,1,5,4,6,6,1,1,5,4,5,1,13,2,9,2,1,C03,7,9,1,10,2,11,,84,84,1,6,4,120.638894,24.09649,2
7660,66000,387130000C,(04)23274275,(04)23288582,2025,8,20,21,21,臺中市,南區,0,0,0,7,,,50,,,,,,,,,,,,,,17,,,,,B03,,,1,,2,,,84,84,1,12,4,120.668807,24.118367,3
7661,66000,387130000C,(04)23274275,(04)23288582,2025,8,20,21,24,臺中市,太平區,0,3,0,7,1,6,50,4,1,1,5,4,6,6,1,1,10,5,5,2,15,2,9,1,1,C03,7,9,1,10,2,11,,21,21,1,6,4,120.710052,24.134804,2
7662,66000,387130000C,(04)23274275,(04)23288582,2025,8,20,21,37,臺中市,沙鹿區,0,2,0,7,1,6,50,4,1,1,5,4,6,6,4,4,10,5,5,2,16,2,9,2,1,C03,7,6,1,10,2,11,,14,14,1,6,4,120.561009,24.24183,2
7663,66000,387130000C,(04)23274275,(04)23288582,2025,8,20,21,44,臺中市,大里區,0,0,0,7,,,60,,,,,,,,,,,,,,12,,,,,B03,,,1,,1,,,84,84,1,13,4,120.689806,24.101051,3
7664,66000,387130000C,(04)23274275,(04)23288582,2025,8,20,21,47,臺中市,西屯區,0,1,0,7,1,6,50,3,1,1,5,4,6,6,4,4,10,5,5,2,17,3,10,3,4,B03,7,11,1,8,2,7,,45,45,1,13,4,120.641454,24.170146,2
7665,66000,387130000C,(04)23274275,(04)23288582,2025,8,20,21,53,臺中市,西屯區,0,1,0,7,1,6,50,13,9,1,5,4,6,6,4,4,1,4,5,2,16,3,10,5,4,B03,7,5,1,8,2,2,,20,20,1,13,4,120.651529,24.165041,2
7666,66000,387130000C,(04)23274275,(04)23288582,2025,8,20,22,23,臺中市,南屯區,0,0,0,7,,,50,,,,,,,,,,,,,,,,,,,C03,,,1,,1,,,84,84,1,12,4,120.652382,24.135808,3
7667,66000,387130000C,(04)23274275,(04)23288582,2025,8,20,22,49,臺中市,西屯區,0,1,0,6,1,3,80,13,7,1,5,4,1,5,4,4,10,4,5,2,29,2,9,3,1,B02,7,9,1,8,2,1,,5,5,1,13,4,120.634948,24.179291,2
7668,66000,387130000C,(04)23274275,(04)23288582,2025,8,20,22,59,臺中市,大里區,0,0,0,7,,,50,,,,,,,,,,,,,,,,,,,B03,,,1,,1,,,7,7,1,12,4,120.681372,24.105038,3
7669,66000,387130000C,(04)23274275,(04)23288582,2025,8,20,23,8,臺中市,東區,0,2,0,7,1,6,50,4,9,1,5,4,6,6,3,1,5,5,5,2,15,2,9,5,4,C03,7,9,1,10,2,12,,20,20,1,6,4,120.684233,24.130588,2
7670,66000,387130000C,(04)23274275,(04)23288582,2025,8,20,23,38,臺中市,沙鹿區,0,0,0,6,,,50,,,,,,,,,,,,,,,,,,,B03,,,1,,2,,,50,50,1,13,4,120.572349,24.209873,3
7671,66000,387130000C,(04)23274275,(04)23288582,2025,8,21,0,19,臺中市,西屯區,0,0,0,7,,,50,,,,,,,,,,,,,,,,,,,,,,,,,,,86,86,1,,,120.64784,24.159039,3
7672,66000,387130000C,(04)23274275,(04)23288582,2025,8,21,0,20,臺中市,北屯區,0,2,0,7,1,6,50,3,2,1,5,4,6,6,4,4,5,5,4,2,12,2,9,2,1,C03,7,7,1,10,2,13,,20,20,1,12,2,120.689919,24.179867,2
7673,66000,387130000C,(04)23274275,(04)23288582,2025,8,21,1,4,臺中市,太平區,0,1,0,7,1,6,30,3,1,1,5,4,6,6,4,4,10,5,5,2,30,2,8,1,1,C03,7,6,1,10,1,14,,48,48,1,5,4,120.732066,24.143079,2
7674,66000,387130000C,(04)23274275,(04)23288582,2025,8,21,1,11,臺中市,北屯區,0,0,0,7,,,50,,,,,,,,,,,,,,13,,,,,B03,,,1,,1,,,8,8,1,13,4,120.686851,24.204906,3
7675,66000,387130000C,(04)23274275,(04)23288582,2025,8,21,1,43,臺中市,西區,0,1,0,6,2,6,50,13,9,1,5,4,6,6,1,1,5,4,5,2,18,2,9,1,1,C03,7,9,1,10,2,14,,84,84,1,12,4,120.680572,24.141737,2
7676,66000,387130000C,(04)23274275,(04)23288582,2025,8,21,2,38,臺中市,北區,0,1,0,7,1,6,50,13,9,1,5,4,6,6,4,4,9,5,5,2,17,2,9,1,1,C03,7,9,1,10,7,12,,53,53,1,12,4,120.67553,24.156186,2
7677,66000,387130000C,(04)23274275,(04)23288582,2025,8,21,5,21,臺中市,外埔區,0,0,0,7,,,50,,,,,,,,,,,,,,20,,,,,B03,,,1,,9,,,56,56,1,6,4,120.644209,24.335467,3
7678,66000,387130000C,(04)23274275,(04)23288582,2025,8,21,5,28,臺中市,北區,0,1,0,7,3,6,50,13,9,1,5,4,6,6,4,4,3,4,5,2,17,2,9,5,4,C03,7,9,1,10,2,12,,84,84,1,13,4,120.673375,24.165973,2
7679,66000,387130000C,(04)23274275,(04)23288582,2025,8,21,5,49,臺中市,太平區,0,1,0,7,3,6,30,13,9,1,5,4,6,6,4,4,10,5,5,2,20,2,8,3,1,B03,7,9,1,8,2,5,,59,59,1,7,4,120.769715,24.14337,2
7680,66000,387130000C,(04)23274275,(04)23288582,2025,8,21,6,4,臺中市,南區,0,0,0,7,,,30,,,,,,,,,,,,,,12,,,,,B03,,,1,,2,,,8,8,1,6,4,120.66716,24.127476,3
7681,66000,387130000C,(04)23274275,(04)23288582,2025,8,21,6,38,臺中市,東區,0,1,0,7,3,6,50,13,9,1,5,4,6,6,4,4,3,5,5,2,17,3,10,5,4,C03,7,9,1,10,2,11,,84,84,1,6,4,120.687676,24.138151,2
7682,66000,387130000C,(04)23274275,(04)23288582,2025,8,21,6,45,臺中市,沙鹿區,0,0,0,7,,,50,,,,,,,,,,,,,,14,,,,,A42,,,1,,2,,,49,49,1,12,4,120.572028,24.210298,4
7683,66000,387130000C,(04)23274275,(04)23288582,2025,8,21,6,58,臺中市,烏日區,0,1,0,7,3,6,50,13,8,1,5,4,6,6,4,4,5,5,4,1,12,3,10,3,1,B03,7,1,1,8,2,8,,51,51,1,6,4,120.623088,24.106203,2
7684,66000,387130000C,(04)23274275,(04)23288582,2025,8,21,7,0,臺中市,豐原區,0,0,0,7,,,50,,,,,,,,,,,,,,,,,,,B12,,,1,,2,,,58,58,1,13,4,120.70577,24.250092,3
7685,66000,387130000C,(04)23274275,(04)23288582,2025,8,21,7,3,臺中市,西屯區,0,1,0,7,1,6,50,3,1,1,5,4,6,6,1,1,1,5,1,1,17,3,10,5,4,B03,7,15,1,8,2,1,,84,84,1,13,4,120.629059,24.16265,2