序號,縣市別代碼,機關代碼,市話,傳真,年,月,日,時,分,縣市,區,死亡數量,受傷數量,2-30,天候,道路照明設備,道路類別,道路速限,道路型態,事故位置,路面鋪裝,路面狀態,路面缺陷,障礙物,視距,號誌種類,號誌動作,分向設施,快車道或一般車道間,快慢車道間,路面邊線,事故類型及型態,受傷程度,主要傷處,保護裝備,行動電話或功能裝置,當事者區分(類別),車輛用途,當事者行動狀態,駕照狀態,駕照種類,飲酒情形,車輛撞擊部位最初,車輛撞擊部位其他,肇事因素個別,肇事因素主要,肇事逃逸,職業,共享經濟或外送平台,GPS座標X,GPS座標Y,事故類別
7686,66000,387130000C,(04)23274275,(04)23288582,2025,8,21,7,4,臺中市,外埔區,0,1,0,7,2,6,50,4,1,1,5,4,6,6,1,1,1,2,4,2,15,2,9,1,1,C03,7,9,1,8,9,11,12,21,21,1,6,4,120.662334,24.319257,2
7687,66000,387130000C,(04)23274275,(04)23288582,2025,8,21,7,20,臺中市,北屯區,0,0,0,7,,,30,,,,,,,,,,,,,,13,,,,,C02,,,1,9,1,,,7,7,1,6,4,120.693162,24.162439,3
7688,66000,387130000C,(04)23274275,(04)23288582,2025,8,21,7,21,臺中市,北屯區,0,1,0,7,3,6,50,4,1,1,5,4,6,6,4,4,10,5,5,2,16,3,10,3,1,B03,7,5,1,8,2,5,,11,11,1,6,4,120.737371,24.178446,2
7689,66000,387130000C,(04)23274275,(04)23288582,2025,8,21,7,21,臺中市,梧棲區,0,0,0,7,,,30,,,,,,,,,,,,,,17,,,,,C03,,,1,,2,,,59,59,1,6,4,120.521092,24.24484,3
7690,66000,387130000C,(04)23274275,(04)23288582,2025,8,21,7,22,臺中市,大雅區,0,1,0,7,2,6,30,4,1,1,5,4,6,6,1,1,10,5,5,1,13,2,9,2,1,C03,7,9,1,10,2,11,,7,7,1,13,4,120.665663,24.229318,2
7691,66000,387130000C,(04)23274275,(04)23288582,2025,8,21,7,23,臺中市,烏日區,0,0,0,7,,,40,,,,,,,,,,,,,,12,,,,,C03,,,1,,1,,,40,40,1,13,4,120.626801,24.104113,3
7692,66000,387130000C,(04)23274275,(04)23288582,2025,8,21,7,25,臺中市,烏日區,0,2,0,7,3,6,50,4,1,1,5,4,6,6,2,1,5,4,5,1,16,2,9,1,1,F03,7,9,7,21,2,11,12,21,21,1,6,4,120.625741,24.110485,2
7693,66000,387130000C,(04)23274275,(04)23288582,2025,8,21,7,29,臺中市,北區,0,0,0,5,3,6,40,13,8,1,5,4,6,6,4,4,3,4,4,2,17,,,,,C03,,,1,,1,,,7,7,1,13,4,120.67375,24.164514,3
7694,66000,387130000C,(04)23274275,(04)23288582,2025,8,21,7,33,臺中市,北區,0,1,0,7,2,6,50,13,9,1,5,4,6,6,4,4,1,5,4,2,23,2,9,5,4,B03,7,15,1,8,2,1,,84,84,1,13,4,120.690309,24.158836,2
7695,66000,387130000C,(04)23274275,(04)23288582,2025,8,21,7,33,臺中市,龍井區,0,0,0,7,,,40,,,,,,,,,,,,,,13,,,,,B03,,,1,,1,,,7,7,1,6,4,120.503926,24.210638,3
7696,66000,387130000C,(04)23274275,(04)23288582,2025,8,21,7,34,臺中市,霧峰區,0,1,0,7,3,6,0,11,9,1,5,4,6,6,4,4,5,5,5,1,9,3,10,6,5,H01,8,16,7,21,1,17,,109,109,1,12,5,120.694984,24.066878,2
7697,66000,387130000C,(04)23274275,(04)23288582,2025,8,21,7,38,臺中市,烏日區,0,1,0,7,3,6,40,13,8,1,5,4,6,6,4,4,1,4,4,1,13,3,10,5,4,C03,7,9,1,10,2,11,,59,59,1,13,4,120.614925,24.10634,2
7698,66000,387130000C,(04)23274275,(04)23288582,2025,8,21,7,39,臺中市,東區,0,2,0,7,3,6,50,4,1,1,5,4,6,6,1,1,10,5,5,2,16,2,9,2,1,C03,7,6,1,10,2,11,,11,11,1,12,4,120.695237,24.141652,2
7699,66000,387130000C,(04)23274275,(04)23288582,2025,8,21,7,39,臺中市,后里區,0,1,0,7,2,6,50,3,1,1,5,4,6,6,1,1,5,4,4,1,17,3,10,3,1,B03,7,6,1,8,2,6,,11,11,1,6,4,120.717009,24.309475,2
7700,66000,387130000C,(04)23274275,(04)23288582,2025,8,21,7,40,臺中市,南屯區,0,0,0,7,3,6,50,13,9,1,5,4,6,6,1,1,3,4,5,2,13,,,,,B03,,,1,,1,,,7,7,1,12,4,120.62367,24.149472,3
7701,66000,387130000C,(04)23274275,(04)23288582,2025,8,21,7,40,臺中市,西屯區,0,1,0,7,2,6,40,13,9,1,5,4,6,6,4,4,9,5,5,2,12,2,9,2,1,C03,7,8,1,10,2,14,,42,42,1,12,4,120.617145,24.174638,2
7702,66000,387130000C,(04)23274275,(04)23288582,2025,8,21,7,41,臺中市,西屯區,0,0,0,7,,,40,,,,,,,,,,,,,,13,,,,,C03,,,5,,1,,,7,7,1,13,4,120.642153,24.16443,3
7703,66000,387130000C,(04)23274275,(04)23288582,2025,8,21,7,42,臺中市,豐原區,0,0,0,7,,,50,,,,,,,,,,,,,,17,,,,,B03,,,1,,2,,,50,50,1,13,4,120.721531,24.246705,3
7704,66000,387130000C,(04)23274275,(04)23288582,2025,8,21,7,42,臺中市,豐原區,0,0,0,7,,,50,,,,,,,,,,,,,,12,,,,,C03,,,1,,1,,,84,84,1,13,2,120.718031,24.254283,3
7705,66000,387130000C,(04)23274275,(04)23288582,2025,8,21,7,44,臺中市,西屯區,0,0,0,7,,,50,,,,,,,,,,,,,,13,,,,,C03,,,1,,2,,,7,7,1,12,4,120.589563,24.178059,3
7706,66000,387130000C,(04)23274275,(04)23288582,2025,8,21,7,44,臺中市,西屯區,0,1,0,7,2,6,50,13,9,1,5,4,6,6,4,4,1,4,5,2,13,2,3,1,1,C03,7,9,1,10,9,11,,59,59,1,13,4,120.64979,24.163139,2
7707,66000,387130000C,(04)23274275,(04)23288582,2025,8,21,7,45,臺中市,太平區,0,0,0,7,,,50,,,,,,,,,,,,,,13,,,,,B03,,,1,,1,,,84,84,1,12,4,120.712521,24.141263,3
7708,66000,387130000C,(04)23274275,(04)23288582,2025,8,21,7,45,臺中市,龍井區,0,1,0,7,3,6,30,3,1,1,5,4,6,6,4,4,10,5,5,2,16,3,10,3,1,B12,7,5,1,8,2,2,,8,8,1,6,4,120.537804,24.176735,2
7709,66000,387130000C,(04)23274275,(04)23288582,2025,8,21,7,58,臺中市,南屯區,0,2,0,7,2,6,50,3,2,1,5,4,6,6,4,4,5,5,4,2,17,2,9,2,1,C03,7,11,3,19,2,11,,12,12,1,13,4,120.628088,24.119215,2
7710,66000,387130000C,(04)23274275,(04)23288582,2025,8,21,7,58,臺中市,清水區,0,2,0,7,3,6,30,4,1,1,5,4,6,6,4,4,10,5,5,2,15,2,9,3,1,B03,7,9,1,8,2,5,,15,15,1,12,4,120.566622,24.290771,2
7711,66000,387130000C,(04)23274275,(04)23288582,2025,8,21,8,0,臺中市,西屯區,0,1,0,7,2,6,50,3,1,1,5,4,6,6,1,1,10,5,5,2,13,3,10,1,1,C03,7,5,1,10,2,13,,11,11,1,12,4,120.663863,24.17626,2
7712,66000,387130000C,(04)23274275,(04)23288582,2025,8,21,8,0,臺中市,霧峰區,0,2,0,7,2,6,30,11,9,1,5,4,6,6,4,4,10,5,5,2,10,2,9,5,4,C03,7,9,6,20,2,15,,41,41,1,12,4,120.669538,24.073455,2
7713,66000,387130000C,(04)23274275,(04)23288582,2025,8,21,8,3,臺中市,大里區,0,2,0,7,3,6,50,11,9,1,5,4,6,6,4,4,9,5,5,2,2,2,9,1,1,C03,7,9,1,10,2,11,,84,84,1,12,4,120.685409,24.120305,2
7714,66000,387130000C,(04)23274275,(04)23288582,2025,8,21,8,4,臺中市,烏日區,0,0,0,7,2,6,50,3,1,1,5,4,6,,1,1,5,4,5,1,12,3,10,3,1,B03,7,3,1,8,1,1,,84,84,1,6,4,120.642572,24.074551,3
7715,66000,387130000C,(04)23274275,(04)23288582,2025,8,21,8,5,臺中市,西屯區,0,0,0,7,,,50,,,,,,,,,,,,,,17,,,,,B03,,,1,,2,,,50,50,1,13,4,120.619882,24.184148,3
7716,66000,387130000C,(04)23274275,(04)23288582,2025,8,21,8,5,臺中市,梧棲區,0,0,0,7,,,50,,,,,,,,,,,,,,17,,,,,B12,,,1,,2,,,77,77,1,6,4,120.540003,24.243886,3
7717,66000,387130000C,(04)23274275,(04)23288582,2025,8,21,8,6,臺中市,北屯區,0,0,0,7,,,50,,,,,,,,,,,,,,,,,,,B03,,,1,,1,,,7,7,1,12,4,120.702265,24.182211,3
7718,66000,387130000C,(04)23274275,(04)23288582,2025,8,21,8,7,臺中市,西屯區,0,1,0,7,2,6,50,8,9,1,5,4,6,6,4,4,3,4,5,2,13,2,9,2,4,C03,7,9,1,9,2,11,,7,7,1,13,4,120.65064,24.199887,2
7719,66000,387130000C,(04)23274275,(04)23288582,2025,8,21,8,8,臺中市,西屯區,0,2,0,7,2,6,35,11,9,1,5,4,6,6,4,4,10,5,5,2,12,2,9,2,1,C03,7,5,5,19,2,14,,8,8,1,12,4,120.627323,24.176835,2
7720,66000,387130000C,(04)23274275,(04)23288582,2025,8,21,8,11,臺中市,西屯區,0,3,0,7,2,6,50,3,1,1,5,4,6,6,4,4,10,5,5,1,15,2,8,1,1,C03,7,1,1,10,5,11,,51,51,1,13,4,120.648454,24.173663,2
7721,66000,387130000C,(04)23274275,(04)23288582,2025,8,21,8,11,臺中市,大里區,0,1,0,7,3,6,50,13,9,1,5,4,6,6,4,4,5,5,5,2,24,2,9,1,1,C03,7,9,1,10,2,12,,87,87,1,12,4,120.679872,24.076734,2
7722,66000,387130000C,(04)23274275,(04)23288582,2025,8,21,8,12,臺中市,南區,0,0,0,7,,,50,,,,,,,,,,,,,,17,,,,,B03,,,1,,1,,,40,40,1,12,4,120.657425,24.121005,3
7723,66000,387130000C,(04)23274275,(04)23288582,2025,8,21,8,14,臺中市,北區,0,0,0,7,,,50,,,,,,,,,,,,,,12,,,,,B03,,,1,,2,,,8,8,1,13,4,120.690927,24.160018,3
7724,66000,387130000C,(04)23274275,(04)23288582,2025,8,21,8,15,臺中市,大雅區,0,1,0,7,2,6,50,13,7,1,5,4,6,6,4,4,4,5,4,1,17,3,10,1,1,C03,7,11,1,10,9,16,,34,34,2,13,4,120.63539,24.214861,2
7725,66000,387130000C,(04)23274275,(04)23288582,2025,8,21,8,18,臺中市,大雅區,0,0,0,7,,,50,,,,,,,,,,,,,,,,,,,C03,,,1,,1,,,7,7,1,13,4,120.614097,24.215774,3
7726,66000,387130000C,(04)23274275,(04)23288582,2025,8,21,8,19,臺中市,南區,0,2,0,7,2,6,50,3,19,1,5,4,6,6,4,4,10,5,5,2,3,2,9,1,1,C03,7,9,1,11,2,11,,10,10,1,13,4,120.659503,24.124049,2
7727,66000,387130000C,(04)23274275,(04)23288582,2025,8,21,8,19,臺中市,神岡區,0,0,0,7,,,50,,,,,,,,,,,,,,17,,,,,B12,,,1,,2,,,84,84,1,12,4,120.695909,24.248572,3
7728,66000,387130000C,(04)23274275,(04)23288582,2025,8,21,8,20,臺中市,北屯區,0,1,0,7,2,6,50,13,9,1,5,4,6,6,4,4,10,5,5,2,12,3,10,3,1,B03,7,1,1,8,2,8,,51,51,1,12,4,120.726536,24.156857,2
7729,66000,387130000C,(04)23274275,(04)23288582,2025,8,21,8,21,臺中市,太平區,0,0,0,7,,,50,,,,,,,,,,,,,,16,,,,,C03,,,1,,2,,,48,48,1,12,4,120.71761,24.10267,3
7730,66000,387130000C,(04)23274275,(04)23288582,2025,8,21,8,25,臺中市,南屯區,0,0,0,7,,,50,,,,,,,,,,,,,,,,,,,B03,,,1,,1,,,59,59,1,12,4,120.639397,24.144469,3
7731,66000,387130000C,(04)23274275,(04)23288582,2025,8,21,8,25,臺中市,南屯區,0,0,0,7,3,6,50,13,9,1,5,4,6,6,4,4,5,5,5,2,12,,,,,B03,,,1,,1,,,59,59,1,12,4,120.646789,24.146405,3
7732,66000,387130000C,(04)23274275,(04)23288582,2025,8,21,8,27,臺中市,西屯區,0,1,0,7,2,6,50,11,9,1,5,4,6,6,4,4,10,5,5,2,18,2,8,2,1,C03,7,5,1,10,2,14,,84,84,1,12,4,120.608507,24.158674,2
7733,66000,387130000C,(04)23274275,(04)23288582,2025,8,21,8,27,臺中市,沙鹿區,0,0,0,7,,,30,,,,,,,,,,,,,,20,,,,,B03,,,1,,2,,,59,59,1,6,4,120.605913,24.244388,3
7734,66000,387130000C,(04)23274275,(04)23288582,2025,8,21,8,30,臺中市,大里區,0,1,0,7,3,6,50,3,1,1,5,4,6,6,4,4,10,5,5,2,17,2,9,1,1,C03,7,1,1,10,2,14,,51,51,1,12,4,120.695406,24.087912,2
7735,66000,387130000C,(04)23274275,(04)23288582,2025,8,21,8,31,臺中市,西屯區,0,1,0,7,2,6,50,4,1,1,5,4,6,6,1,1,8,4,5,1,17,3,10,5,4,B03,7,6,1,8,2,1,,11,11,1,13,4,120.615762,24.176285,2
7736,66000,387130000C,(04)23274275,(04)23288582,2025,8,21,8,34,臺中市,西屯區,0,0,0,7,,,50,,,,,,,,,,,,,,12,,,,,B03,,,1,,1,,,40,40,1,12,4,120.61978,24.180941,3
7737,66000,387130000C,(04)23274275,(04)23288582,2025,8,21,8,34,臺中市,霧峰區,0,1,0,7,2,6,50,4,19,1,5,4,6,6,1,1,10,5,5,2,9,2,9,5,4,C03,7,9,1,10,2,11,,84,84,1,12,4,120.686956,24.054073,2
7738,66000,387130000C,(04)23274275,(04)23288582,2025,8,21,8,34,臺中市,太平區,0,1,0,7,2,6,50,3,7,1,5,4,6,6,4,4,5,5,4,1,13,2,9,1,1,C03,7,9,1,10,2,11,,59,59,1,6,4,120.726856,24.14982,2
7739,66000,387130000C,(04)23274275,(04)23288582,2025,8,21,8,37,臺中市,潭子區,0,0,0,7,,,50,,,,,,,,,,,,,,,,,,,B03,,,1,,2,,,84,84,1,13,4,120.711281,24.213164,3
7740,66000,387130000C,(04)23274275,(04)23288582,2025,8,21,8,37,臺中市,北區,0,1,0,7,2,6,50,4,9,1,5,4,6,6,1,1,10,4,5,2,17,2,9,5,4,C03,7,8,1,10,2,14,,40,40,1,13,4,120.678473,24.167137,2
7741,66000,387130000C,(04)23274275,(04)23288582,2025,8,21,8,40,臺中市,南區,0,1,0,7,2,6,50,3,2,1,5,4,6,6,3,1,5,5,5,2,17,2,9,3,1,B03,7,9,1,8,2,5,,84,84,1,12,4,120.666408,24.112556,2
7742,66000,387130000C,(04)23274275,(04)23288582,2025,8,21,8,41,臺中市,豐原區,0,0,0,7,,,50,,,,,,,,,,,,,,,,,,,A12,,,1,,2,,,8,8,1,13,4,120.699207,24.248976,3
7743,66000,387130000C,(04)23274275,(04)23288582,2025,8,21,8,44,臺中市,豐原區,0,0,0,7,,,50,,,,,,,,,,,,,,17,,,,,B03,,,1,,2,,,49,49,1,13,4,120.71287,24.248189,3
7744,66000,387130000C,(04)23274275,(04)23288582,2025,8,21,8,45,臺中市,南區,0,1,0,7,1,6,50,4,1,1,5,4,6,6,1,1,10,5,5,2,17,3,10,3,1,B03,7,5,1,8,2,2,,11,11,1,12,4,120.653289,24.121969,2
7745,66000,387130000C,(04)23274275,(04)23288582,2025,8,21,8,45,臺中市,東區,0,0,0,7,,,50,,,,,,,,,,,,,,35,,,,,C03,,,1,,1,,,4,4,1,12,4,120.697829,24.14474,3
7746,66000,387130000C,(04)23274275,(04)23288582,2025,8,21,8,45,臺中市,清水區,0,1,0,7,3,6,50,4,1,1,5,4,6,6,2,1,1,4,4,1,16,2,9,1,1,C03,7,6,1,10,2,12,,48,48,1,12,4,120.572501,24.27472,2
7747,66000,387130000C,(04)23274275,(04)23288582,2025,8,21,8,49,臺中市,西區,0,1,0,6,3,6,40,13,8,1,5,4,6,6,4,4,1,4,4,2,18,2,9,2,1,C03,7,9,1,10,2,12,,84,84,1,6,4,120.661145,24.159769,2
7748,66000,387130000C,(04)23274275,(04)23288582,2025,8,21,8,50,臺中市,西屯區,0,1,0,7,2,6,30,5,1,1,5,4,6,6,4,4,10,5,5,2,13,2,9,2,4,C03,7,9,1,10,2,11,,7,7,1,13,4,120.650331,24.166106,2
7749,66000,387130000C,(04)23274275,(04)23288582,2025,8,21,8,51,臺中市,北屯區,0,1,0,7,2,6,50,4,8,1,5,4,6,6,2,1,1,3,4,2,13,2,5,1,1,C03,7,9,1,10,2,11,,7,7,1,6,4,120.683412,24.172412,2
7750,66000,387130000C,(04)23274275,(04)23288582,2025,8,21,8,51,臺中市,沙鹿區,0,0,0,7,,,30,,,,,,,,,,,,,,11,,,,,C03,,,1,,2,,,41,41,1,6,4,120.57126,24.233716,3
7751,66000,387130000C,(04)23274275,(04)23288582,2025,8,21,8,52,臺中市,北區,0,1,0,7,3,6,50,13,9,1,5,4,6,6,4,4,2,5,5,2,17,2,8,5,4,C03,7,15,1,10,2,13,,42,42,1,13,4,120.685602,24.153979,2
7752,66000,387130000C,(04)23274275,(04)23288582,2025,8,21,8,55,臺中市,大里區,0,0,0,7,,,50,,,,,,,,,,,,,,17,,,,,B03,,,1,,2,,,40,40,1,12,4,120.67196,24.105429,3
7753,66000,387130000C,(04)23274275,(04)23288582,2025,8,21,8,55,臺中市,霧峰區,0,0,0,7,,,60,,,,,,,,,,,,,,17,,,,,A12,,,1,,2,,,84,84,1,12,4,120.695396,24.062747,3
7754,66000,387130000C,(04)23274275,(04)23288582,2025,8,21,8,55,臺中市,大甲區,0,2,0,7,3,6,50,4,1,1,5,4,6,6,1,1,10,5,5,2,17,2,9,1,1,C03,7,9,1,10,2,12,,21,21,1,6,4,120.651326,24.38114,2
7755,66000,387130000C,(04)23274275,(04)23288582,2025,8,21,8,58,臺中市,西屯區,0,0,0,7,,,50,,,,,,,,,,,,,,13,,,,,B03,,,1,,1,,,59,59,1,12,4,120.63472,24.172336,3
7756,66000,387130000C,(04)23274275,(04)23288582,2025,8,21,8,59,臺中市,東區,0,3,0,7,2,6,50,4,1,1,5,4,6,6,1,1,9,4,5,2,17,2,9,1,1,C03,7,6,1,10,2,14,,48,48,1,12,4,120.690877,24.14297,2
7757,66000,387130000C,(04)23274275,(04)23288582,2025,8,21,9,0,臺中市,梧棲區,0,0,0,7,,,50,,,,,,,,,,,,,,14,,,,,B03,,,1,,1,,,49,49,1,6,4,120.534807,24.25335,3
7758,66000,387130000C,(04)23274275,(04)23288582,2025,8,21,9,4,臺中市,烏日區,0,0,0,7,,,50,,,,,,,,,,,,,,,,,,,B03,,,1,,2,,,50,50,1,6,4,120.595192,24.108778,3
7759,66000,387130000C,(04)23274275,(04)23288582,2025,8,21,9,5,臺中市,南屯區,0,0,0,7,3,6,50,13,9,1,5,4,6,6,4,4,1,4,5,2,12,,,,,C03,,,1,,1,,,84,84,1,12,4,120.646672,24.154452,3
7760,66000,387130000C,(04)23274275,(04)23288582,2025,8,21,9,7,臺中市,北屯區,0,1,0,7,3,6,40,4,1,1,5,4,6,6,2,1,10,5,5,2,3,3,10,3,1,B03,7,5,1,8,2,1,,10,10,1,6,4,120.690354,24.175458,2
7761,66000,387130000C,(04)23274275,(04)23288582,2025,8,21,9,8,臺中市,大里區,0,0,0,7,,,0,,,,,,,,,,,,,,13,,,,,B03,,,1,,2,,,7,7,1,12,4,120.687586,24.08512,3
7762,66000,387130000C,(04)23274275,(04)23288582,2025,8,21,9,9,臺中市,豐原區,0,1,0,7,2,6,30,13,9,1,5,4,6,6,4,4,10,5,5,2,17,3,10,5,4,B03,7,11,1,7,2,5,,82,82,1,13,4,120.708652,24.253031,2
7763,66000,387130000C,(04)23274275,(04)23288582,2025,8,21,9,10,臺中市,北區,0,0,0,7,,,50,,,,,,,,,,,,,,17,,,,,B03,,,1,,2,,,13,13,1,13,4,120.68911,24.157275,3
7764,66000,387130000C,(04)23274275,(04)23288582,2025,8,21,9,10,臺中市,烏日區,0,0,0,7,,,30,,,,,,,,,,,,,,30,,,,,A11,,,1,,2,,,59,59,1,13,4,120.626686,24.081127,3
7765,66000,387130000C,(04)23274275,(04)23288582,2025,8,21,9,15,臺中市,大甲區,0,0,0,7,,,40,,,,,,,,,,,,,,,,,,,B12,,,1,,1,,,49,49,1,12,4,120.614045,24.352159,3
7766,66000,387130000C,(04)23274275,(04)23288582,2025,8,21,9,20,臺中市,西屯區,0,0,0,7,,,50,,,,,,,,,,,,,,13,,,,,B03,,,1,,2,,,56,56,1,12,4,120.662891,24.172401,3
7767,66000,387130000C,(04)23274275,(04)23288582,2025,8,21,9,20,臺中市,龍井區,0,2,0,7,1,6,50,3,1,1,5,4,6,6,4,4,10,5,5,2,16,2,9,1,1,C03,7,5,1,10,2,13,,8,8,1,6,4,120.573047,24.191958,2
7768,66000,387130000C,(04)23274275,(04)23288582,2025,8,21,9,21,臺中市,西屯區,0,0,0,7,,,50,,,,,,,,,,,,,,11,,,,,B03,,,1,,1,,,8,8,1,13,4,120.625584,24.184695,3
7769,66000,387130000C,(04)23274275,(04)23288582,2025,8,21,9,26,臺中市,南區,0,2,0,7,2,6,0,13,9,1,5,4,6,6,4,4,9,5,5,2,17,3,10,3,1,B03,7,1,1,8,1,8,,51,51,1,13,4,120.660006,24.122136,2
7770,66000,387130000C,(04)23274275,(04)23288582,2025,8,21,9,26,臺中市,大里區,0,0,0,7,3,6,50,13,9,1,5,4,6,6,4,4,5,5,5,1,12,,,,,B12,,,1,,2,,,50,50,1,12,4,120.678735,24.108808,3
7771,66000,387130000C,(04)23274275,(04)23288582,2025,8,21,9,35,臺中市,西區,0,0,0,7,,,50,,,,,,,,,,,,,,12,,,,,B01,,,1,,1,,,39,39,1,12,4,120.664056,24.154894,3
7772,66000,387130000C,(04)23274275,(04)23288582,2025,8,21,9,36,臺中市,神岡區,0,1,0,7,1,6,30,3,1,1,5,4,6,6,4,4,10,5,5,2,18,2,9,1,4,C03,7,5,1,10,2,12,,84,84,1,12,4,120.641358,24.243924,2
7773,66000,387130000C,(04)23274275,(04)23288582,2025,8,21,9,38,臺中市,烏日區,0,0,0,7,2,6,40,4,1,1,5,4,6,6,4,4,10,5,5,2,15,3,10,1,1,C03,7,9,1,10,2,14,,15,15,1,6,4,120.629889,24.102666,3
7774,66000,387130000C,(04)23274275,(04)23288582,2025,8,21,9,39,臺中市,梧棲區,0,0,0,7,,,70,,,,,,,,,,,,,,13,,,,,B12,,,1,,1,,,84,84,1,6,4,120.542458,24.21928,3
7775,66000,387130000C,(04)23274275,(04)23288582,2025,8,21,9,44,臺中市,北屯區,0,2,0,7,3,6,50,4,1,1,5,4,6,6,4,4,10,5,5,2,16,2,9,3,1,B03,7,6,1,8,2,2,,11,11,1,6,4,120.668248,24.197949,2
7776,66000,387130000C,(04)23274275,(04)23288582,2025,8,21,9,44,臺中市,石岡區,0,0,0,7,,,50,,,,,,,,,,,,,,,,,,,C03,,,1,,1,,,51,51,1,12,4,120.790972,24.27128,3
7777,66000,387130000C,(04)23274275,(04)23288582,2025,8,21,9,47,臺中市,龍井區,0,0,0,7,,,30,,,,,,,,,,,,,,16,,,,,B11,,,1,,1,,,12,12,1,6,4,120.527625,24.208573,3
7778,66000,387130000C,(04)23274275,(04)23288582,2025,8,21,9,54,臺中市,西屯區,0,1,0,7,2,6,50,4,1,1,5,4,6,6,1,1,9,5,4,2,16,3,10,3,1,B03,7,6,1,8,2,2,,48,48,1,12,4,120.66137,24.163929,2
7779,66000,387130000C,(04)23274275,(04)23288582,2025,8,21,9,58,臺中市,太平區,0,1,0,7,2,6,40,4,8,1,5,4,6,6,3,1,5,5,4,1,16,2,8,2,1,C03,7,5,3,19,1,14,,84,84,1,12,4,120.727561,24.150122,2
7780,66000,387130000C,(04)23274275,(04)23288582,2025,8,21,10,1,臺中市,西屯區,0,1,0,7,2,6,50,13,9,1,5,4,6,6,4,4,5,5,5,2,11,3,10,5,4,B12,7,6,1,8,2,1,,20,20,1,13,4,120.59329,24.183581,2
7781,66000,387130000C,(04)23274275,(04)23288582,2025,8,21,10,4,臺中市,北屯區,0,1,0,7,2,6,50,4,1,1,5,4,6,6,4,4,10,5,5,2,15,2,9,2,1,C03,7,9,1,10,2,11,,13,13,1,12,4,120.683801,24.193544,2
7782,66000,387130000C,(04)23274275,(04)23288582,2025,8,21,10,13,臺中市,大里區,0,0,0,7,,,50,,,,,,,,,,,,,,17,,,,,C03,,,1,,2,,,84,84,1,12,4,120.688697,24.111323,3
7783,66000,387130000C,(04)23274275,(04)23288582,2025,8,21,10,15,臺中市,西屯區,0,1,0,7,2,6,40,13,8,1,5,4,6,6,4,4,1,4,5,2,13,3,10,2,1,C03,7,9,1,10,2,11,,84,84,1,12,4,120.617888,24.181638,2
7784,66000,387130000C,(04)23274275,(04)23288582,2025,8,21,10,17,臺中市,西屯區,0,0,0,7,,,50,,,,,,,,,,,,,,13,,,,,B03,,,1,,1,,,58,58,1,13,4,120.617469,24.182191,3
7785,66000,387130000C,(04)23274275,(04)23288582,2025,8,21,10,20,臺中市,沙鹿區,0,2,0,6,2,6,50,4,1,1,5,4,6,6,4,4,5,5,5,2,15,2,9,1,1,C03,7,9,1,10,2,11,,12,12,1,12,4,120.562987,24.244056,2
7786,66000,387130000C,(04)23274275,(04)23288582,2025,8,21,10,24,臺中市,太平區,0,0,0,7,2,6,50,13,9,1,5,4,6,6,4,4,5,4,5,1,13,3,10,3,1,B03,7,15,1,8,2,1,,56,56,1,6,4,120.731744,24.134695,3
7787,66000,387130000C,(04)23274275,(04)23288582,2025,8,21,10,24,臺中市,豐原區,0,5,0,7,2,6,50,13,7,1,5,4,6,6,1,1,1,4,4,1,13,3,10,3,1,B12,7,9,1,8,2,1,,7,7,1,13,4,120.739278,24.262496,2
7788,66000,387130000C,(04)23274275,(04)23288582,2025,8,21,10,25,臺中市,西屯區,0,0,0,7,,,50,,,,,,,,,,,,,,14,,,,,B03,,,1,,1,,,59,59,1,12,4,120.656966,24.193777,3
7789,66000,387130000C,(04)23274275,(04)23288582,2025,8,21,10,26,臺中市,西區,0,2,0,7,2,6,50,13,8,1,5,4,6,6,1,1,5,4,4,2,12,2,9,5,4,C03,7,7,1,10,2,12,,40,40,1,12,4,120.668339,24.139714,2
7790,66000,387130000C,(04)23274275,(04)23288582,2025,8,21,10,28,臺中市,中區,0,0,0,7,,,50,,,,,,,,,,,,,,13,,,,,A02,,,1,,1,,,7,7,1,6,4,120.676568,24.145044,3
7791,66000,387130000C,(04)23274275,(04)23288582,2025,8,21,10,29,臺中市,西區,0,0,0,7,,,30,,,,,,,,,,,,,,17,,,,,B03,,,1,,1,,,84,84,1,12,4,120.662314,24.151801,3
7792,66000,387130000C,(04)23274275,(04)23288582,2025,8,21,10,30,臺中市,北屯區,0,0,0,7,,,50,,,,,,,,,,,,,,,,,,,C03,,,1,,1,,,20,20,1,12,4,120.728565,24.171445,3
7793,66000,387130000C,(04)23274275,(04)23288582,2025,8,21,10,36,臺中市,大雅區,0,0,0,7,,,50,,,,,,,,,,,,,,13,,,,,B03,,,1,,1,,,7,7,1,13,4,120.668521,24.214939,3
7794,66000,387130000C,(04)23274275,(04)23288582,2025,8,21,10,38,臺中市,東區,0,2,0,7,2,6,50,4,1,1,5,4,6,6,4,4,10,5,5,2,16,2,8,1,1,C03,7,5,1,10,2,14,,14,14,1,12,4,120.695511,24.142752,2
7795,66000,387130000C,(04)23274275,(04)23288582,2025,8,21,10,40,臺中市,北區,0,1,0,7,2,6,50,4,2,1,5,4,6,6,2,1,10,5,5,2,18,2,9,1,1,C03,7,9,1,10,2,15,,84,84,1,13,4,120.678562,24.148453,2
7796,66000,387130000C,(04)23274275,(04)23288582,2025,8,21,10,43,臺中市,西區,0,1,0,7,2,6,50,4,1,1,5,4,6,6,1,1,10,5,5,2,12,3,10,5,4,B03,7,5,1,8,2,5,,84,84,1,12,4,120.675422,24.133556,2
7797,66000,387130000C,(04)23274275,(04)23288582,2025,8,21,10,50,臺中市,東區,0,1,0,7,1,6,50,3,1,1,5,4,6,6,4,4,9,4,5,2,17,3,10,1,1,C03,7,11,1,10,2,11,,46,46,1,12,4,120.697266,24.131,2