序號,縣市別代碼,機關代碼,市話,傳真,年,月,日,時,分,縣市,區,死亡數量,受傷數量,2-30,天候,道路照明設備,道路類別,道路速限,道路型態,事故位置,路面鋪裝,路面狀態,路面缺陷,障礙物,視距,號誌種類,號誌動作,分向設施,快車道或一般車道間,快慢車道間,路面邊線,事故類型及型態,受傷程度,主要傷處,保護裝備,行動電話或功能裝置,當事者區分(類別),車輛用途,當事者行動狀態,駕照狀態,駕照種類,飲酒情形,車輛撞擊部位最初,車輛撞擊部位其他,肇事因素個別,肇事因素主要,肇事逃逸,職業,共享經濟或外送平台,GPS座標X,GPS座標Y,事故類別
7798,66000,387130000C,(04)23274275,(04)23288582,2025,8,21,10,52,臺中市,神岡區,0,1,0,7,1,6,50,4,1,1,5,4,6,6,3,1,5,5,5,1,16,3,10,1,4,C03,7,6,1,10,2,12,,11,11,1,12,4,120.656968,24.256418,2
7799,66000,387130000C,(04)23274275,(04)23288582,2025,8,21,10,57,臺中市,南屯區,0,1,0,7,2,6,50,13,9,1,5,4,6,6,4,4,5,5,5,2,16,3,10,3,1,B03,7,11,1,8,2,5,,45,45,1,13,4,120.641411,24.131781,2
7800,66000,387130000C,(04)23274275,(04)23288582,2025,8,21,11,1,臺中市,太平區,0,3,0,7,2,6,30,4,1,1,5,4,6,6,4,4,10,5,5,2,15,2,9,2,1,C03,7,9,1,10,2,12,,15,15,1,12,4,120.720069,24.12926,2
7801,66000,387130000C,(04)23274275,(04)23288582,2025,8,21,11,5,臺中市,北屯區,0,0,0,7,,,50,,,,,,,,,,,,,,13,,,,,C03,,,1,,1,,,84,84,1,6,4,120.69515,24.166788,3
7802,66000,387130000C,(04)23274275,(04)23288582,2025,8,21,11,6,臺中市,南區,0,0,0,7,,,50,,,,,,,,,,,,,,13,,,,,B03,,,1,,2,,,84,84,1,12,4,120.671811,24.119156,3
7803,66000,387130000C,(04)23274275,(04)23288582,2025,8,21,11,9,臺中市,烏日區,0,1,0,7,3,6,30,3,1,1,5,4,6,6,4,4,10,5,5,2,11,2,9,5,4,C03,7,6,1,10,2,14,,59,59,1,13,4,120.62363,24.10386,2
7804,66000,387130000C,(04)23274275,(04)23288582,2025,8,21,11,11,臺中市,后里區,0,1,0,7,2,6,50,13,7,1,5,4,6,6,4,4,5,4,5,1,16,3,10,3,1,B03,7,1,3,19,2,4,,51,51,1,6,4,120.728384,24.326763,2
7805,66000,387130000C,(04)23274275,(04)23288582,2025,8,21,11,18,臺中市,大里區,0,0,0,7,3,6,50,13,14,1,5,4,6,6,1,1,5,5,5,1,12,,,,,C03,,,1,,2,,,84,84,1,12,4,120.711946,24.110469,3
7806,66000,387130000C,(04)23274275,(04)23288582,2025,8,21,11,22,臺中市,西區,0,0,0,7,,,,,,,,,,,,,,,,,12,,,,,,,,,,,,,86,86,1,,,120.673451,24.150353,3
7807,66000,387130000C,(04)23274275,(04)23288582,2025,8,21,11,22,臺中市,后里區,0,1,0,7,2,6,50,3,1,1,5,4,6,6,4,4,5,4,5,1,17,3,10,1,1,C03,7,6,1,10,2,14,12,14,14,1,6,4,120.734205,24.312589,2
7808,66000,387130000C,(04)23274275,(04)23288582,2025,8,21,11,23,臺中市,南區,0,0,0,7,,,50,,,,,,,,,,,,,,14,,,,,B03,,,1,,1,,,49,49,1,13,4,120.672579,24.119138,3
7809,66000,387130000C,(04)23274275,(04)23288582,2025,8,21,11,23,臺中市,南區,0,0,0,7,,,50,,,,,,,,,,,,,,17,,,,,B03,,,1,,2,,,45,45,1,12,4,120.66223,24.1278,3
7810,66000,387130000C,(04)23274275,(04)23288582,2025,8,21,11,23,臺中市,霧峰區,0,1,0,7,2,6,30,3,1,4,5,2,6,6,4,4,10,5,5,2,16,2,9,5,4,C03,7,6,1,10,2,14,,84,84,1,12,4,120.701616,24.064061,2
7811,66000,387130000C,(04)23274275,(04)23288582,2025,8,21,11,25,臺中市,太平區,0,0,0,7,2,6,50,13,9,1,5,4,6,6,4,4,5,5,5,2,17,3,10,3,1,B12,7,4,1,8,1,7,,1,1,1,6,4,120.731649,24.140678,3
7812,66000,387130000C,(04)23274275,(04)23288582,2025,8,21,11,27,臺中市,梧棲區,0,0,0,7,,,50,,,,,,,,,,,,,,30,,,,,B12,,,1,,2,,,84,84,1,12,4,120.534341,24.233504,3
7813,66000,387130000C,(04)23274275,(04)23288582,2025,8,21,11,31,臺中市,東區,0,1,0,7,2,6,50,4,1,1,5,4,6,6,4,4,10,5,5,2,17,3,10,1,1,C04,7,9,1,11,2,16,,12,12,1,12,4,120.707645,24.145088,2
7814,66000,387130000C,(04)23274275,(04)23288582,2025,8,21,11,31,臺中市,后里區,0,1,0,7,2,6,50,3,2,1,5,4,6,6,4,4,9,4,5,1,12,2,9,1,1,C03,7,1,1,8,2,12,,51,51,1,6,4,120.72662,24.308959,2
7815,66000,387130000C,(04)23274275,(04)23288582,2025,8,21,11,33,臺中市,梧棲區,0,0,0,7,,,60,,,,,,,,,,,,,,13,,,,,A11,,,1,,1,,,7,7,1,6,4,120.530649,24.237521,3
7816,66000,387130000C,(04)23274275,(04)23288582,2025,8,21,11,34,臺中市,西屯區,0,0,0,7,,,50,,,,,,,,,,,,,,17,,,,,C03,,,1,,1,,,85,85,1,13,4,120.641444,24.183672,3
7817,66000,387130000C,(04)23274275,(04)23288582,2025,8,21,11,34,臺中市,后里區,0,1,0,7,2,6,0,18,21,1,5,4,6,6,4,4,10,5,5,2,12,2,9,1,1,C03,7,9,3,19,11,11,12,59,59,1,6,4,120.717713,24.310724,2
7818,66000,387130000C,(04)23274275,(04)23288582,2025,8,21,11,34,臺中市,東勢區,0,1,0,7,3,6,50,3,1,1,5,4,6,6,1,1,9,5,5,1,12,2,8,5,4,G02,7,5,7,21,2,15,,39,39,1,12,4,120.827047,24.26004,2
7819,66000,387130000C,(04)23274275,(04)23288582,2025,8,21,11,40,臺中市,南區,0,0,0,7,1,6,50,13,7,1,5,4,6,6,4,4,1,4,4,2,17,3,10,3,1,B01,7,9,1,2,1,1,,84,84,1,12,4,120.653108,24.113076,3
7820,66000,387130000C,(04)23274275,(04)23288582,2025,8,21,11,40,臺中市,北屯區,0,1,0,7,2,6,50,13,9,1,5,4,6,6,4,4,4,1,5,2,13,2,8,6,1,F01,7,9,7,21,1,11,,7,7,1,12,4,120.719374,24.182565,2
7821,66000,387130000C,(04)23274275,(04)23288582,2025,8,21,11,43,臺中市,西屯區,0,1,0,7,2,6,50,3,1,1,5,4,6,6,3,1,8,4,5,1,13,3,10,5,4,A12,7,9,1,7,2,1,,59,59,1,13,4,120.642921,24.187277,2
7822,66000,387130000C,(04)23274275,(04)23288582,2025,8,21,11,43,臺中市,清水區,0,0,0,7,,,40,,,,,,,,,,,,,,,,,,,B12,,,1,,2,,,49,49,1,12,4,120.574574,24.267451,3
7823,66000,387130000C,(04)23274275,(04)23288582,2025,8,21,11,47,臺中市,中區,0,0,0,7,,,50,,,,,,,,,,,,,,,,,,,B12,,,1,,1,,,7,7,1,6,4,120.682192,24.1401,3
7824,66000,387130000C,(04)23274275,(04)23288582,2025,8,21,11,49,臺中市,北區,0,1,0,7,3,6,50,13,9,1,5,4,6,6,4,4,5,5,5,2,17,3,10,5,4,C03,7,9,1,10,2,11,,7,7,1,13,4,120.678857,24.160276,2
7825,66000,387130000C,(04)23274275,(04)23288582,2025,8,21,11,50,臺中市,西區,0,1,0,7,3,6,50,4,1,1,5,4,6,6,4,4,10,5,5,2,17,2,8,1,1,C03,7,5,1,10,1,12,,84,84,1,12,4,120.677822,24.145239,2
7826,66000,387130000C,(04)23274275,(04)23288582,2025,8,21,11,53,臺中市,北區,0,1,0,7,2,6,50,4,1,1,5,4,6,6,4,4,10,5,5,2,3,3,10,5,4,B03,7,9,1,8,2,5,,10,10,1,13,4,120.692918,24.161071,2
7827,66000,387130000C,(04)23274275,(04)23288582,2025,8,21,11,55,臺中市,北屯區,0,0,0,7,,,50,,,,,,,,,,,,,,12,,,,,B03,,,1,8,1,,,8,8,1,5,4,120.713727,24.173495,3
7828,66000,387130000C,(04)23274275,(04)23288582,2025,8,21,12,0,臺中市,南屯區,0,1,0,7,2,6,50,13,9,1,5,4,6,6,4,4,9,5,5,2,17,3,10,3,1,B03,7,1,1,8,2,8,,51,51,1,12,4,120.638531,24.134662,2
7829,66000,387130000C,(04)23274275,(04)23288582,2025,8,21,12,2,臺中市,西屯區,0,3,0,7,2,6,40,13,9,1,5,4,6,6,2,1,3,5,5,2,13,2,9,2,4,C03,7,9,1,10,2,11,,7,7,1,13,4,120.644045,24.165945,2
7830,66000,387130000C,(04)23274275,(04)23288582,2025,8,21,12,4,臺中市,烏日區,0,3,0,7,3,6,40,13,8,1,5,4,6,6,4,4,1,4,4,1,12,2,9,1,1,C03,7,9,1,10,2,11,14,84,84,1,5,4,120.609492,24.107952,2
7831,66000,387130000C,(04)23274275,(04)23288582,2025,8,21,12,5,臺中市,南屯區,0,1,0,7,3,6,50,13,9,1,5,4,6,6,4,4,9,5,5,2,12,3,10,3,1,B03,7,13,1,8,2,4,,76,76,1,12,4,120.648305,24.132052,2
7832,66000,387130000C,(04)23274275,(04)23288582,2025,8,21,12,5,臺中市,北屯區,0,0,0,7,,,50,,,,,,,,,,,,,,13,,,,,B03,,,1,,1,,,7,7,1,6,4,120.685577,24.174551,3
7833,66000,387130000C,(04)23274275,(04)23288582,2025,8,21,12,5,臺中市,西屯區,0,2,0,7,2,6,30,13,9,1,5,4,6,6,4,4,10,5,5,2,17,2,9,2,1,C03,7,5,1,10,2,12,,47,47,1,12,4,120.614032,24.178207,2
7834,66000,387130000C,(04)23274275,(04)23288582,2025,8,21,12,10,臺中市,太平區,0,0,0,7,2,6,50,13,9,1,5,4,6,6,4,4,5,5,5,1,17,3,10,3,1,B03,7,15,1,8,2,5,,4,4,1,6,4,120.716449,24.132955,3
7835,66000,387130000C,(04)23274275,(04)23288582,2025,8,21,12,12,臺中市,中區,0,2,0,7,2,6,50,3,1,1,5,4,6,6,4,4,10,5,5,2,12,2,9,5,4,C03,7,6,1,10,2,15,,42,42,1,12,4,120.682451,24.14238,2
7836,66000,387130000C,(04)23274275,(04)23288582,2025,8,21,12,13,臺中市,太平區,0,2,0,7,2,6,50,4,1,1,5,4,6,6,1,1,10,5,5,2,12,2,9,1,1,C03,7,15,3,19,2,14,,8,8,1,12,4,120.716096,24.124662,2
7837,66000,387130000C,(04)23274275,(04)23288582,2025,8,21,12,17,臺中市,西區,0,0,0,7,,,50,,,,,,,,,,,,,,,,,,,B03,,,1,,2,,,7,7,1,6,4,120.657271,24.152351,3
7838,66000,387130000C,(04)23274275,(04)23288582,2025,8,21,12,17,臺中市,太平區,0,0,0,7,,,50,,,,,,,,,,,,,,17,,,,,C03,,,3,,2,,,84,84,1,12,4,120.719189,24.121673,3
7839,66000,387130000C,(04)23274275,(04)23288582,2025,8,21,12,18,臺中市,南區,0,1,0,7,3,6,50,13,9,1,5,4,6,6,4,4,3,4,5,2,12,2,9,2,1,C03,7,9,1,10,2,11,,84,84,1,12,4,120.665531,24.119053,2
7840,66000,387130000C,(04)23274275,(04)23288582,2025,8,21,12,19,臺中市,清水區,0,0,0,7,,,50,,,,,,,,,,,,,,11,,,,,B03,,,1,,2,,,34,34,1,13,4,120.574827,24.26967,3
7841,66000,387130000C,(04)23274275,(04)23288582,2025,8,21,12,22,臺中市,北區,0,1,0,7,2,6,50,3,9,1,5,4,6,6,4,4,1,4,5,1,17,3,10,5,4,B03,7,13,1,8,2,4,,76,76,1,13,4,120.681625,24.163302,2
7842,66000,387130000C,(04)23274275,(04)23288582,2025,8,21,12,25,臺中市,北屯區,0,1,0,7,2,6,50,3,1,1,5,4,6,6,4,4,10,5,5,2,13,3,10,3,1,B03,7,9,1,8,2,5,,59,59,1,12,4,120.700056,24.168488,2
7843,66000,387130000C,(04)23274275,(04)23288582,2025,8,21,12,25,臺中市,北屯區,0,1,0,7,2,6,50,4,1,1,5,4,6,6,4,4,10,5,5,2,16,3,10,3,1,B03,7,6,1,8,2,2,,14,14,1,12,4,120.684592,24.170902,2
7844,66000,387130000C,(04)23274275,(04)23288582,2025,8,21,12,34,臺中市,西屯區,0,4,0,7,2,6,50,3,1,1,5,4,6,6,2,1,10,5,5,2,16,2,1,3,1,B03,7,6,1,8,2,5,,25,25,1,13,4,120.627073,24.159661,2
7845,66000,387130000C,(04)23274275,(04)23288582,2025,8,21,12,35,臺中市,后里區,0,0,0,7,,,50,,,,,,,,,,,,,,12,,,,,B03,,,1,,2,,,59,59,1,12,4,120.69721,24.313118,3
7846,66000,387130000C,(04)23274275,(04)23288582,2025,8,21,12,36,臺中市,北區,0,0,0,7,,,50,,,,,,,,,,,,,,,,,,,B11,,,1,,9,,,51,51,1,12,4,120.697325,24.160184,3
7847,66000,387130000C,(04)23274275,(04)23288582,2025,8,21,12,38,臺中市,北區,0,1,0,7,2,6,50,3,9,1,5,4,6,6,1,1,5,4,5,2,13,2,9,5,4,C03,7,9,1,10,2,11,,7,7,1,13,4,120.670405,24.158535,2
7848,66000,387130000C,(04)23274275,(04)23288582,2025,8,21,12,38,臺中市,烏日區,0,0,0,7,,,50,,,,,,,,,,,,,,17,,,,,B03,,,1,,1,,,47,47,1,13,4,120.618665,24.10269,3
7849,66000,387130000C,(04)23274275,(04)23288582,2025,8,21,12,38,臺中市,沙鹿區,0,0,0,7,,,1,,,,,,,,,,,,,,17,,,,,C03,,,1,,2,,,8,8,1,6,4,120.575975,24.226688,3
7850,66000,387130000C,(04)23274275,(04)23288582,2025,8,21,12,40,臺中市,北屯區,0,0,0,7,,,30,,,,,,,,,,,,,,14,,,,,B12,,,1,,1,,,49,49,1,6,4,120.700568,24.179445,3
7851,66000,387130000C,(04)23274275,(04)23288582,2025,8,21,12,42,臺中市,北區,0,0,0,7,3,6,50,18,24,1,5,4,6,6,4,4,10,5,5,2,17,,,,,C03,,,1,,2,,,84,84,1,13,4,120.685602,24.153979,3
7852,66000,387130000C,(04)23274275,(04)23288582,2025,8,21,12,42,臺中市,霧峰區,0,0,0,7,,,30,,,,,,,,,,,,,,14,,,,,B12,,,1,,1,,,49,49,1,12,4,120.717077,24.07567,3
7853,66000,387130000C,(04)23274275,(04)23288582,2025,8,21,12,44,臺中市,北屯區,0,0,0,7,,,50,,,,,,,,,,,,,,13,,,,,C03,,,1,,1,,,7,7,2,5,4,120.717458,24.1755,3
7854,66000,387130000C,(04)23274275,(04)23288582,2025,8,21,12,45,臺中市,龍井區,0,0,0,7,,,30,,,,,,,,,,,,,,17,,,,,A11,,,1,,2,,,8,8,1,6,4,120.593027,24.181432,3
7855,66000,387130000C,(04)23274275,(04)23288582,2025,8,21,12,50,臺中市,清水區,0,2,0,7,3,6,30,4,1,1,5,4,6,6,4,4,10,5,5,2,15,2,9,1,1,C03,7,9,1,10,2,12,,15,15,1,12,4,120.541023,24.28171,2
7856,66000,387130000C,(04)23274275,(04)23288582,2025,8,21,12,50,臺中市,豐原區,0,1,0,7,2,6,50,3,1,1,5,4,6,6,4,4,5,5,4,2,18,2,9,1,1,C03,7,5,1,10,9,12,,84,84,1,12,4,120.725337,24.246963,2
7857,66000,387130000C,(04)23274275,(04)23288582,2025,8,21,12,52,臺中市,大里區,0,2,0,7,2,6,50,13,9,1,5,4,6,6,4,4,5,4,5,1,17,2,9,1,1,C03,7,5,1,10,2,12,,84,84,1,12,4,120.689827,24.109179,2
7858,66000,387130000C,(04)23274275,(04)23288582,2025,8,21,12,52,臺中市,清水區,0,1,0,7,2,6,50,13,8,1,5,4,6,6,4,4,8,3,4,1,12,2,7,3,1,B03,7,13,1,8,1,1,,78,78,1,12,4,120.587173,24.289727,2
7859,66000,387130000C,(04)23274275,(04)23288582,2025,8,21,12,54,臺中市,北屯區,0,0,0,7,,,0,,,,,,,,,,,,,,17,,,,,C03,,,3,19,1,,,78,78,1,6,4,120.687379,24.188394,3
7860,66000,387130000C,(04)23274275,(04)23288582,2025,8,21,12,55,臺中市,大甲區,0,1,0,7,2,6,50,4,1,1,5,4,6,6,4,4,10,5,5,2,18,2,9,2,1,C03,7,9,1,10,2,12,,59,59,1,6,4,120.652346,24.400433,2
7861,66000,387130000C,(04)23274275,(04)23288582,2025,8,21,13,0,臺中市,北屯區,0,0,0,7,,,50,,,,,,,,,,,,,,13,,,,,B03,,,1,,1,,,59,59,1,6,4,120.685498,24.172177,3
7862,66000,387130000C,(04)23274275,(04)23288582,2025,8,21,13,0,臺中市,沙鹿區,0,0,0,7,,,50,,,,,,,,,,,,,,14,,,,,B03,,,1,,1,,,49,49,1,6,4,120.560238,24.238425,3
7863,66000,387130000C,(04)23274275,(04)23288582,2025,8,21,13,0,臺中市,神岡區,0,2,0,7,3,6,30,4,1,1,5,4,6,6,4,4,10,5,5,2,15,2,9,1,1,C03,7,9,1,10,2,11,,15,15,1,13,4,120.690457,24.266744,2
7864,66000,387130000C,(04)23274275,(04)23288582,2025,8,21,13,6,臺中市,西屯區,0,0,0,7,,,50,,,,,,,,,,,,,,13,,,,,C03,,,1,,2,,,7,7,1,12,4,120.653284,24.16714,3
7865,66000,387130000C,(04)23274275,(04)23288582,2025,8,21,13,7,臺中市,后里區,0,0,0,7,2,6,40,13,9,1,5,4,6,6,4,4,10,5,5,2,12,,,,,B03,,,1,,11,,,8,8,1,6,4,120.715894,24.308187,3
7866,66000,387130000C,(04)23274275,(04)23288582,2025,8,21,13,12,臺中市,西屯區,0,0,0,7,,,50,,,,,,,,,,,,,,14,,,,,C03,,,1,,1,,,49,49,1,13,4,120.645193,24.162547,3
7867,66000,387130000C,(04)23274275,(04)23288582,2025,8,21,13,13,臺中市,南區,0,0,0,7,,,50,,,,,,,,,,,,,,17,,,,,B03,,,1,,1,,,50,50,1,12,4,120.656138,24.113977,3
7868,66000,387130000C,(04)23274275,(04)23288582,2025,8,21,13,13,臺中市,西屯區,0,1,0,7,2,6,50,4,1,1,5,4,6,6,1,1,9,4,4,2,16,3,10,2,1,C03,7,6,1,10,2,12,,48,48,1,12,4,120.637238,24.166041,2
7869,66000,387130000C,(04)23274275,(04)23288582,2025,8,21,13,20,臺中市,清水區,0,0,0,7,2,6,50,4,1,1,5,4,6,6,1,1,8,3,4,2,12,,,,,B03,,,1,,1,,,45,45,1,12,4,120.573527,24.264083,3
7870,66000,387130000C,(04)23274275,(04)23288582,2025,8,21,13,23,臺中市,南區,0,2,0,7,2,6,0,13,21,4,5,4,6,6,4,4,10,5,5,2,9,2,9,2,1,C03,7,15,1,10,2,11,,84,84,1,13,4,120.658101,24.112211,2
7871,66000,387130000C,(04)23274275,(04)23288582,2025,8,21,13,24,臺中市,西屯區,0,0,0,7,,,30,,,,,,,,,,,,,,17,,,,,B03,,,1,,2,,,8,8,1,12,4,120.611787,24.187315,3
7872,66000,387130000C,(04)23274275,(04)23288582,2025,8,21,13,25,臺中市,南區,0,1,0,7,2,6,50,4,1,1,5,4,6,6,2,1,10,5,5,2,18,2,9,1,1,C03,7,9,1,10,2,12,,7,7,1,12,4,120.67333,24.130432,2
7873,66000,387130000C,(04)23274275,(04)23288582,2025,8,21,13,34,臺中市,北屯區,0,1,0,7,2,6,50,3,1,1,5,4,6,6,4,4,10,5,5,2,12,3,10,2,1,C03,7,1,1,10,2,14,,51,51,1,12,4,120.707572,24.169692,2
7874,66000,387130000C,(04)23274275,(04)23288582,2025,8,21,13,34,臺中市,北屯區,0,0,0,7,,,50,,,,,,,,,,,,,,17,,,,,C03,,,1,,1,,,85,85,1,12,4,120.669603,24.176606,3
7875,66000,387130000C,(04)23274275,(04)23288582,2025,8,21,13,34,臺中市,大里區,0,0,0,7,,,60,,,,,,,,,,,,,,,,,,,B03,,,3,,2,,,7,7,1,6,4,120.688372,24.080891,3
7876,66000,387130000C,(04)23274275,(04)23288582,2025,8,21,13,36,臺中市,西區,0,1,0,7,2,6,40,13,12,1,5,4,6,6,4,4,9,4,4,2,17,2,9,1,1,C03,7,1,1,10,2,13,,51,51,1,12,4,120.665885,24.13241,2
7877,66000,387130000C,(04)23274275,(04)23288582,2025,8,21,13,38,臺中市,西區,0,1,0,7,3,6,50,4,2,1,5,4,6,6,1,1,1,2,5,2,13,3,10,3,1,B03,7,9,1,8,2,5,,84,84,1,6,4,120.666391,24.140328,2
7878,66000,387130000C,(04)23274275,(04)23288582,2025,8,21,13,39,臺中市,北區,0,1,0,7,2,6,50,3,1,1,5,4,6,6,4,4,10,5,5,2,2,3,10,5,4,B03,7,9,1,8,2,2,,8,8,1,13,4,120.684459,24.148299,2
7879,66000,387130000C,(04)23274275,(04)23288582,2025,8,21,13,41,臺中市,北屯區,0,1,0,7,3,6,60,3,2,1,5,4,6,6,2,1,10,5,5,2,13,2,9,2,1,C03,7,9,1,10,2,11,,7,7,1,6,4,120.711955,24.164564,2
7880,66000,387130000C,(04)23274275,(04)23288582,2025,8,21,13,46,臺中市,南屯區,0,1,0,7,2,6,50,13,8,1,5,4,6,6,4,4,8,3,4,1,17,3,10,3,1,B03,7,7,1,8,2,2,,40,40,1,12,4,120.626332,24.144877,2
7881,66000,387130000C,(04)23274275,(04)23288582,2025,8,21,13,48,臺中市,梧棲區,0,0,0,7,,,30,,,,,,,,,,,,,,17,,,,,A11,,,1,,1,,,82,82,1,12,4,120.53684,24.245098,3
7882,66000,387130000C,(04)23274275,(04)23288582,2025,8,21,13,50,臺中市,西區,0,2,0,7,3,6,50,4,1,1,5,4,6,6,4,4,10,5,5,2,15,2,9,2,1,C03,7,9,1,10,2,12,,12,12,1,12,4,120.656817,24.154677,2
7883,66000,387130000C,(04)23274275,(04)23288582,2025,8,21,13,50,臺中市,沙鹿區,0,0,0,7,,,60,,,,,,,,,,,,,,13,,,,,B02,,,1,,2,,,82,82,1,12,4,120.57826,24.22336,3
7884,66000,387130000C,(04)23274275,(04)23288582,2025,8,21,13,52,臺中市,南屯區,0,1,0,7,2,6,30,3,2,1,5,4,6,6,4,4,10,5,5,2,16,3,10,3,1,B03,7,6,1,8,2,1,,14,14,1,12,4,120.621209,24.144699,2
7885,66000,387130000C,(04)23274275,(04)23288582,2025,8,21,13,55,臺中市,沙鹿區,0,1,0,7,2,6,40,13,8,1,5,4,6,6,4,4,1,4,4,2,13,2,9,1,1,C03,7,9,1,10,2,12,,7,7,1,6,4,120.571059,24.214351,2
7886,66000,387130000C,(04)23274275,(04)23288582,2025,8,21,13,59,臺中市,東區,0,0,0,7,1,6,50,13,7,1,5,4,6,6,4,4,5,4,5,2,13,3,10,1,1,C03,7,9,1,10,1,11,,84,84,1,12,4,120.695861,24.132273,3
7887,66000,387130000C,(04)23274275,(04)23288582,2025,8,21,14,0,臺中市,北屯區,0,0,0,7,,3,40,,,,,,,,,,,,,,13,,,,,B12,,,1,,2,,,83,83,1,6,4,120.690835,24.201143,3
7888,66000,387130000C,(04)23274275,(04)23288582,2025,8,21,14,5,臺中市,南區,0,0,0,7,,,50,,,,,,,,,,,,,,12,,,,,B02,,,1,,1,,,84,84,1,12,4,120.657302,24.129922,3
7889,66000,387130000C,(04)23274275,(04)23288582,2025,8,21,14,8,臺中市,烏日區,0,1,0,6,2,6,70,4,1,1,5,4,6,6,1,1,1,4,4,1,16,3,10,3,1,B03,7,5,1,8,2,5,,11,11,1,6,4,120.590038,24.113663,2
7890,66000,387130000C,(04)23274275,(04)23288582,2025,8,21,14,12,臺中市,大里區,0,1,0,7,2,6,50,4,1,1,5,4,6,6,1,1,10,5,5,2,17,3,10,1,1,F03,7,6,7,21,2,13,,84,84,1,12,4,120.68047,24.109063,2
7891,66000,387130000C,(04)23274275,(04)23288582,2025,8,21,14,13,臺中市,東區,0,1,0,7,2,6,50,4,1,1,5,4,6,6,1,1,9,5,5,2,17,3,10,2,1,C01,7,5,1,9,2,12,,47,47,1,12,4,120.702615,24.140474,2
7892,66000,387130000C,(04)23274275,(04)23288582,2025,8,21,14,13,臺中市,太平區,0,0,0,7,2,6,50,4,2,1,5,4,6,6,4,4,5,5,5,1,25,3,10,3,1,B12,7,5,1,8,2,9,,59,59,1,6,4,120.716981,24.130981,3
7893,66000,387130000C,(04)23274275,(04)23288582,2025,8,21,14,18,臺中市,西屯區,0,0,0,7,,,30,,,,,,,,,,,,,,30,,,,,B02,,,1,,2,,,8,8,1,13,4,120.618791,24.195428,3
7894,66000,387130000C,(04)23274275,(04)23288582,2025,8,21,14,19,臺中市,北區,0,2,0,7,2,6,50,4,1,1,5,4,6,6,2,1,10,5,5,2,16,2,9,1,1,C03,7,9,1,10,2,14,,59,59,1,12,4,120.673337,24.166906,2
7895,66000,387130000C,(04)23274275,(04)23288582,2025,8,21,14,22,臺中市,南屯區,0,1,0,7,3,6,50,4,1,1,5,4,6,6,2,1,10,5,5,2,13,3,10,5,4,B03,7,9,1,8,2,1,,59,59,1,6,4,120.642638,24.146872,2
7896,66000,387130000C,(04)23274275,(04)23288582,2025,8,21,14,24,臺中市,太平區,0,1,0,7,2,6,30,4,1,1,5,4,6,6,4,4,10,5,5,2,15,3,10,3,1,B03,7,9,1,8,2,1,,12,12,1,12,4,120.723795,24.134575,2
7897,66000,387130000C,(04)23274275,(04)23288582,2025,8,21,14,25,臺中市,太平區,0,0,0,7,2,6,,13,14,1,5,4,6,6,4,4,5,5,5,2,17,,,,,,,,,,,,,119,119,1,,,120.725165,24.132897,3
7898,66000,387130000C,(04)23274275,(04)23288582,2025,8,21,14,27,臺中市,西區,0,1,0,7,2,6,50,4,2,1,5,4,6,6,4,4,5,2,4,2,17,3,10,3,1,B03,7,14,1,8,2,6,,77,77,1,12,4,120.661704,24.153989,2
7899,66000,387130000C,(04)23274275,(04)23288582,2025,8,21,14,30,臺中市,大里區,0,0,0,7,,,50,,,,,,,,,,,,,,17,,,,,A11,,,1,,2,,,84,84,1,12,4,120.702234,24.090396,3
7900,66000,387130000C,(04)23274275,(04)23288582,2025,8,21,14,30,臺中市,豐原區,0,1,0,7,2,6,50,13,9,1,5,4,6,6,4,4,1,4,5,2,13,2,9,2,1,C03,7,9,1,10,2,11,,59,59,1,13,4,120.708075,24.250071,2
7901,66000,387130000C,(04)23274275,(04)23288582,2025,8,21,14,34,臺中市,北屯區,0,1,0,7,2,6,50,13,7,1,5,4,6,6,4,4,9,4,4,2,16,3,10,3,1,B03,7,1,1,8,2,1,,51,51,1,12,4,120.723576,24.174882,2
7902,66000,387130000C,(04)23274275,(04)23288582,2025,8,21,14,35,臺中市,西區,0,1,0,7,2,6,50,4,19,1,5,4,6,6,4,4,9,4,5,2,3,3,10,3,1,B03,7,6,1,8,2,1,,10,10,1,12,4,120.658456,24.152541,2
7903,66000,387130000C,(04)23274275,(04)23288582,2025,8,21,14,36,臺中市,梧棲區,0,1,0,7,3,6,70,3,1,1,5,4,6,6,1,1,1,4,1,1,23,2,9,3,1,A31,7,7,1,1,2,8,,59,59,1,6,4,120.529648,24.265383,2
7904,66000,387130000C,(04)23274275,(04)23288582,2025,8,21,14,37,臺中市,西區,0,3,0,7,2,6,50,4,2,1,5,4,6,6,1,1,10,2,4,2,16,2,8,5,4,B03,7,5,1,8,2,2,,11,11,1,13,4,120.669639,24.148068,2
7905,66000,387130000C,(04)23274275,(04)23288582,2025,8,21,14,38,臺中市,潭子區,0,0,0,7,,,50,,,,,,,,,,,,,,,,,,,B03,,,1,,1,,,49,49,1,13,4,120.68597,24.210307,3
7906,66000,387130000C,(04)23274275,(04)23288582,2025,8,21,14,40,臺中市,東區,0,0,0,7,,,,,,,,,,,,,,,,,17,,,,,,,,,,,,,119,119,1,,,120.708798,24.135147,4
7907,66000,387130000C,(04)23274275,(04)23288582,2025,8,21,14,41,臺中市,南屯區,0,1,0,7,2,6,50,4,1,1,5,4,6,6,2,1,5,4,4,2,17,2,9,2,1,C03,7,9,1,10,2,14,,6,6,1,12,4,120.649991,24.13204,2