序號,縣市別代碼,機關代碼,市話,傳真,年,月,日,時,分,縣市,區,死亡數量,受傷數量,2-30,天候,道路照明設備,道路類別,道路速限,道路型態,事故位置,路面鋪裝,路面狀態,路面缺陷,障礙物,視距,號誌種類,號誌動作,分向設施,快車道或一般車道間,快慢車道間,路面邊線,事故類型及型態,受傷程度,主要傷處,保護裝備,行動電話或功能裝置,當事者區分(類別),車輛用途,當事者行動狀態,駕照狀態,駕照種類,飲酒情形,車輛撞擊部位最初,車輛撞擊部位其他,肇事因素個別,肇事因素主要,肇事逃逸,職業,共享經濟或外送平台,GPS座標X,GPS座標Y,事故類別
8020,66000,387130000C,(04)23274275,(04)23288582,2025,8,21,17,47,臺中市,北區,0,1,0,7,3,6,50,13,9,1,5,4,6,6,4,4,3,4,5,2,13,2,9,1,1,C03,7,9,1,10,2,11,,59,59,1,12,4,120.684847,24.165803,2
8021,66000,387130000C,(04)23274275,(04)23288582,2025,8,21,17,48,臺中市,南區,0,1,0,7,3,6,1,13,8,1,5,4,6,6,4,4,1,4,4,2,28,,,,,,,,,,,,,118,118,1,,,120.656361,24.130008,2
8022,66000,387130000C,(04)23274275,(04)23288582,2025,8,21,17,50,臺中市,西屯區,0,0,0,7,,,50,,,,,,,,,,,,,,,,,,,B02,,,1,,1,,,84,84,1,12,4,120.636528,24.170784,3
8023,66000,387130000C,(04)23274275,(04)23288582,2025,8,21,17,50,臺中市,豐原區,0,0,0,7,,,50,,,,,,,,,,,,,,17,,,,,B03,,,1,,2,,,7,7,1,6,4,120.74341,24.270437,3
8024,66000,387130000C,(04)23274275,(04)23288582,2025,8,21,17,51,臺中市,北屯區,0,1,0,7,3,6,50,11,9,1,5,4,6,6,4,4,9,5,5,2,12,3,10,3,1,B12,7,4,1,8,1,6,,1,1,1,12,4,120.716415,24.177573,2
8025,66000,387130000C,(04)23274275,(04)23288582,2025,8,21,17,53,臺中市,潭子區,0,0,0,7,,,50,,,,,,,,,,,,,,,,,,,B03,,,1,,2,,,56,56,1,13,4,120.718748,24.204629,3
8026,66000,387130000C,(04)23274275,(04)23288582,2025,8,21,17,53,臺中市,南屯區,0,0,0,7,,,50,,,,,,,,,,,,,,17,,,,,C03,,,1,,1,,,87,87,1,12,4,120.643826,24.146854,4
8027,66000,387130000C,(04)23274275,(04)23288582,2025,8,21,17,56,臺中市,西屯區,0,0,0,7,,,40,,,,,,,,,,,,,,13,,,,,C03,,,1,,1,,,7,7,1,12,4,120.612969,24.17141,3
8028,66000,387130000C,(04)23274275,(04)23288582,2025,8,21,17,56,臺中市,烏日區,0,1,0,7,2,6,50,3,1,1,5,4,6,6,4,4,10,5,5,2,17,3,10,5,4,B03,7,11,1,8,2,2,,45,45,1,13,4,120.650232,24.093768,2
8029,66000,387130000C,(04)23274275,(04)23288582,2025,8,21,17,57,臺中市,霧峰區,0,0,0,6,,,50,,,,,,,,,,,,,,17,,,,,C03,,,1,,2,,,84,84,1,13,4,120.694606,24.072775,3
8030,66000,387130000C,(04)23274275,(04)23288582,2025,8,21,17,57,臺中市,烏日區,0,0,0,7,2,6,50,13,9,1,5,4,6,6,4,4,5,5,5,1,13,3,10,3,1,B03,7,9,1,8,5,1,,7,7,1,6,4,120.626005,24.110306,3
8031,66000,387130000C,(04)23274275,(04)23288582,2025,8,21,17,59,臺中市,烏日區,0,2,0,7,1,6,70,3,1,1,5,4,6,6,1,1,1,4,5,1,13,2,9,1,1,C03,7,9,1,10,2,11,,84,84,1,6,4,120.593193,24.11322,2
8032,66000,387130000C,(04)23274275,(04)23288582,2025,8,21,18,0,臺中市,龍井區,0,2,0,7,3,6,30,4,1,1,5,4,6,6,4,4,10,5,5,2,15,2,8,1,1,C03,7,9,1,10,2,11,,20,20,1,6,4,120.538036,24.188495,2
8033,66000,387130000C,(04)23274275,(04)23288582,2025,8,21,18,0,臺中市,大安區,0,1,0,7,2,6,50,4,2,1,5,4,6,6,1,1,5,5,5,1,13,3,10,3,1,B03,7,9,1,8,2,1,,59,59,1,6,4,120.61574,24.380299,2
8034,66000,387130000C,(04)23274275,(04)23288582,2025,8,21,18,3,臺中市,北屯區,0,1,0,7,3,6,50,13,9,1,5,4,6,6,4,4,5,4,5,2,17,3,10,3,1,B03,7,1,1,8,2,8,,51,51,1,12,4,120.725908,24.176287,2
8035,66000,387130000C,(04)23274275,(04)23288582,2025,8,21,18,3,臺中市,東勢區,0,2,0,7,1,6,50,4,1,1,5,4,6,6,4,4,10,5,5,2,3,2,9,2,1,C03,7,9,1,10,2,11,,10,10,1,12,4,120.824774,24.258611,2
8036,66000,387130000C,(04)23274275,(04)23288582,2025,8,21,18,5,臺中市,西區,0,0,0,7,,,40,,,,,,,,,,,,,,17,,,,,C03,,,1,,1,,,49,49,1,12,4,120.664929,24.13205,3
8037,66000,387130000C,(04)23274275,(04)23288582,2025,8,21,18,7,臺中市,西區,0,1,0,7,2,6,50,4,1,1,5,4,1,4,4,4,10,5,5,2,15,3,10,5,1,B03,7,9,1,8,2,1,,12,12,1,6,4,120.67304,24.15222,2
8038,66000,387130000C,(04)23274275,(04)23288582,2025,8,21,18,7,臺中市,東區,0,2,0,7,1,6,50,4,1,1,5,4,6,6,1,1,5,5,5,2,17,2,9,4,1,F02,7,9,7,21,2,12,,21,21,1,5,1,120.696463,24.138878,2
8039,66000,387130000C,(04)23274275,(04)23288582,2025,8,21,18,9,臺中市,沙鹿區,0,1,0,7,2,6,30,13,9,1,5,4,6,6,4,4,10,5,5,2,18,2,9,5,4,C03,7,9,1,10,2,12,,84,84,1,13,4,120.574261,24.236695,2
8040,66000,387130000C,(04)23274275,(04)23288582,2025,8,21,18,10,臺中市,南屯區,0,0,0,7,,,60,,,,,,,,,,,,,,13,,,,,B03,,,1,,1,,,7,7,1,12,4,120.634556,24.14387,3
8041,66000,387130000C,(04)23274275,(04)23288582,2025,8,21,18,10,臺中市,大安區,0,0,0,7,,,40,,,,,,,,,,,,,,11,,,,,B03,,,1,,2,,,84,84,1,13,4,120.581588,24.341678,3
8042,66000,387130000C,(04)23274275,(04)23288582,2025,8,21,18,15,臺中市,沙鹿區,0,1,0,7,2,6,50,13,9,1,5,4,6,6,4,4,9,5,5,2,16,3,10,3,1,B03,7,5,1,8,2,2,,20,20,1,12,4,120.580319,24.213208,2
8043,66000,387130000C,(04)23274275,(04)23288582,2025,8,21,18,15,臺中市,沙鹿區,0,0,0,7,,,50,,,,,,,,,,,,,,,,,,,B03,,,1,,1,,,49,49,1,12,4,120.570674,24.223656,3
8044,66000,387130000C,(04)23274275,(04)23288582,2025,8,21,18,17,臺中市,東區,0,0,0,7,,,50,,,,,,,,,,,,,,,,,,,F01,,,7,,2,,,48,48,1,12,4,120.694457,24.147985,3
8045,66000,387130000C,(04)23274275,(04)23288582,2025,8,21,18,18,臺中市,潭子區,0,0,0,7,,,30,,,,,,,,,,,,,,,,,,,B03,,,1,,2,,,51,51,1,13,4,120.700565,24.195787,3
8046,66000,387130000C,(04)23274275,(04)23288582,2025,8,21,18,19,臺中市,豐原區,0,1,0,7,1,6,30,4,1,1,5,4,6,6,1,1,1,5,5,1,16,3,10,3,1,B01,7,6,1,4,2,5,,11,11,1,12,4,120.737922,24.272058,2
8047,66000,387130000C,(04)23274275,(04)23288582,2025,8,21,18,20,臺中市,北區,0,0,0,7,,,50,,,,,,,,,,,,,,,,,,,B03,,,1,,1,,,7,7,1,12,4,120.674185,24.163804,3
8048,66000,387130000C,(04)23274275,(04)23288582,2025,8,21,18,20,臺中市,北屯區,0,0,0,7,,,50,,,,,,,,,,,,,,13,,,,,B03,,,1,,1,,,7,7,1,12,4,120.682423,24.188244,3
8049,66000,387130000C,(04)23274275,(04)23288582,2025,8,21,18,21,臺中市,西屯區,0,0,0,7,,,50,,,,,,,,,,,,,,12,,,,,B03,,,1,,1,,,8,8,1,13,4,120.659861,24.171076,3
8050,66000,387130000C,(04)23274275,(04)23288582,2025,8,21,18,22,臺中市,沙鹿區,0,2,0,7,1,6,50,4,2,1,5,4,6,6,1,1,8,3,4,1,17,2,9,5,4,C03,7,6,1,10,2,12,,48,48,1,13,4,120.569109,24.255863,2
8051,66000,387130000C,(04)23274275,(04)23288582,2025,8,21,18,26,臺中市,大里區,0,1,0,7,2,6,50,4,2,1,5,4,6,6,1,1,9,5,5,1,17,3,10,1,1,C03,7,6,1,10,11,16,,48,48,1,6,4,120.70958,24.089081,2
8052,66000,387130000C,(04)23274275,(04)23288582,2025,8,21,18,27,臺中市,南區,0,0,0,7,,,50,,,,,,,,,,,,,,13,,,,,C03,,,1,,2,,,7,7,1,12,4,120.656454,24.12455,3
8053,66000,387130000C,(04)23274275,(04)23288582,2025,8,21,18,30,臺中市,北屯區,0,0,0,7,,,50,,,,,,,,,,,,,,9,,,,,B03,,,1,,1,,,8,8,1,6,4,120.719034,24.162008,3
8054,66000,387130000C,(04)23274275,(04)23288582,2025,8,21,18,30,臺中市,西屯區,0,0,0,7,,,50,,,,,,,,,,,,,,14,,,,,B03,,,1,,11,,,49,49,1,13,4,120.65713,24.193057,3
8055,66000,387130000C,(04)23274275,(04)23288582,2025,8,21,18,31,臺中市,大雅區,0,1,0,7,1,9,50,13,9,1,5,4,6,6,4,4,4,3,5,1,17,3,10,5,1,G03,7,15,1,8,5,17,,84,84,1,13,4,120.655802,24.238586,2
8056,66000,387130000C,(04)23274275,(04)23288582,2025,8,21,18,35,臺中市,北屯區,0,0,0,7,,,50,,,,,,,,,,,,,,13,,,,,C03,,,1,,1,,,7,7,1,6,4,120.719303,24.178038,3
8057,66000,387130000C,(04)23274275,(04)23288582,2025,8,21,18,38,臺中市,南屯區,0,0,0,7,,,50,,,,,,,,,,,,,,13,,,,,B03,,,1,,1,,,7,7,1,6,4,120.638516,24.142228,3
8058,66000,387130000C,(04)23274275,(04)23288582,2025,8,21,18,39,臺中市,北區,0,1,0,7,1,6,50,3,1,1,5,4,6,6,2,1,10,5,5,2,17,2,9,1,1,C03,7,6,1,10,2,12,,59,59,1,12,4,120.689134,24.153572,2
8059,66000,387130000C,(04)23274275,(04)23288582,2025,8,21,18,39,臺中市,神岡區,0,0,0,7,1,6,50,13,9,1,5,4,6,6,4,4,1,4,5,2,14,,,,,A12,,,1,,2,,,84,84,1,12,4,120.697978,24.248858,3
8060,66000,387130000C,(04)23274275,(04)23288582,2025,8,21,18,41,臺中市,太平區,0,1,0,7,1,6,50,4,1,1,5,4,6,6,4,4,4,4,5,2,16,2,9,1,1,C03,7,6,1,10,2,12,,12,12,1,12,4,120.712672,24.125769,2
8061,66000,387130000C,(04)23274275,(04)23288582,2025,8,21,18,41,臺中市,后里區,0,0,0,7,1,6,50,13,8,1,5,4,6,6,4,4,5,4,4,2,12,,,,,C03,,,1,,1,,,40,40,1,6,4,120.723509,24.293931,3
8062,66000,387130000C,(04)23274275,(04)23288582,2025,8,21,18,42,臺中市,南區,0,0,0,7,,,50,,,,,,,,,,,,,,14,,,,,B03,,,1,,1,,,49,49,1,12,4,120.678255,24.123936,3
8063,66000,387130000C,(04)23274275,(04)23288582,2025,8,21,18,47,臺中市,北屯區,0,2,0,7,1,6,50,3,1,1,5,4,6,6,4,4,10,5,5,2,3,2,8,1,1,C03,7,9,1,10,2,14,,10,10,1,12,4,120.723029,24.164858,2
8064,66000,387130000C,(04)23274275,(04)23288582,2025,8,21,18,48,臺中市,西屯區,0,0,0,7,,,50,,,,,,,,,,,,,,,,,,,C03,,,1,,1,,,50,50,1,12,4,120.614124,24.189937,4
8065,66000,387130000C,(04)23274275,(04)23288582,2025,8,21,18,49,臺中市,太平區,0,1,0,7,1,6,30,3,1,1,5,4,6,6,3,1,10,5,5,2,16,3,10,1,1,C03,7,6,3,19,2,11,,24,24,1,6,4,120.732985,24.130371,2
8066,66000,387130000C,(04)23274275,(04)23288582,2025,8,21,18,56,臺中市,外埔區,0,1,0,7,1,6,40,13,7,1,5,4,6,6,4,4,9,4,4,1,16,3,10,3,1,B12,7,11,1,6,2,4,,45,45,1,6,4,120.652131,24.332905,2
8067,66000,387130000C,(04)23274275,(04)23288582,2025,8,21,18,58,臺中市,南區,0,0,0,7,,,50,,,,,,,,,,,,,,17,,,,,C03,,,1,,2,,,20,20,1,12,4,120.655181,24.112779,3
8068,66000,387130000C,(04)23274275,(04)23288582,2025,8,21,18,59,臺中市,中區,0,1,0,7,2,6,50,13,9,1,5,4,6,6,1,1,5,4,5,2,13,2,9,1,1,C03,7,9,1,10,2,11,,84,84,1,13,4,120.679881,24.146232,2
8069,66000,387130000C,(04)23274275,(04)23288582,2025,8,21,19,0,臺中市,北屯區,0,2,0,7,1,6,50,4,1,1,5,4,6,6,1,1,10,5,5,2,16,2,3,1,1,C03,7,6,5,10,2,11,,11,11,1,12,4,120.683832,24.17828,2
8070,66000,387130000C,(04)23274275,(04)23288582,2025,8,21,19,0,臺中市,霧峰區,0,0,0,6,,,50,,,,,,,,,,,,,,17,,,,,C03,,,1,,2,,,84,84,1,13,4,120.679338,24.063206,3
8071,66000,387130000C,(04)23274275,(04)23288582,2025,8,21,19,2,臺中市,西屯區,0,0,0,7,,,40,,,,,,,,,,,,,,13,,,,,B03,,,1,,1,,,78,78,1,12,4,120.638482,24.169172,3
8072,66000,387130000C,(04)23274275,(04)23288582,2025,8,21,19,11,臺中市,西屯區,0,2,0,7,1,6,50,13,7,1,5,4,6,6,4,4,5,5,4,2,17,3,10,3,1,B02,7,11,1,8,2,16,,45,45,1,12,4,120.634054,24.162958,2
8073,66000,387130000C,(04)23274275,(04)23288582,2025,8,21,19,18,臺中市,神岡區,0,1,0,7,3,6,40,4,1,1,5,4,6,6,2,1,5,4,4,2,16,3,10,3,1,B03,7,6,1,1,2,1,,11,11,1,13,4,120.658582,24.258872,2
8074,66000,387130000C,(04)23274275,(04)23288582,2025,8,21,19,22,臺中市,霧峰區,0,0,0,7,,,30,,,,,,,,,,,,,,,,,,,B03,,,1,,2,,,84,84,1,13,4,120.69126,24.047584,3
8075,66000,387130000C,(04)23274275,(04)23288582,2025,8,21,19,24,臺中市,西區,0,3,0,7,1,6,50,4,1,1,5,4,6,6,4,4,10,5,5,2,17,2,9,2,1,C03,7,1,1,10,2,11,,51,51,1,12,4,120.670144,24.153849,2
8076,66000,387130000C,(04)23274275,(04)23288582,2025,8,21,19,24,臺中市,北屯區,0,0,0,7,,,50,,,,,,,,,,,,,,17,,,,,C03,,,1,,1,,,59,59,1,12,4,120.729541,24.172882,3
8077,66000,387130000C,(04)23274275,(04)23288582,2025,8,21,19,25,臺中市,南屯區,0,0,0,7,,,50,,,,,,,,,,,,,,12,,,,,B03,,,1,,2,,,84,84,1,12,4,120.641014,24.141366,3
8078,66000,387130000C,(04)23274275,(04)23288582,2025,8,21,19,26,臺中市,西屯區,0,1,0,7,1,6,50,13,9,1,5,4,6,6,4,4,1,4,5,2,13,3,10,5,4,B02,7,9,1,4,1,1,,7,7,1,12,4,120.635412,24.171405,2
8079,66000,387130000C,(04)23274275,(04)23288582,2025,8,21,19,28,臺中市,南區,0,1,0,7,1,6,50,13,9,1,5,4,6,6,4,4,5,5,5,2,12,3,10,3,1,B03,7,5,1,8,2,2,,47,47,1,6,4,120.659165,24.11335,2
8080,66000,387130000C,(04)23274275,(04)23288582,2025,8,21,19,37,臺中市,太平區,0,0,0,7,,,40,,,,,,,,,,,,,,16,,,,,C03,,,1,,1,,,14,14,1,6,4,120.718812,24.11798,3
8081,66000,387130000C,(04)23274275,(04)23288582,2025,8,21,19,38,臺中市,南屯區,0,0,0,7,,,40,,,,,,,,,,,,,,17,,,,,B03,,,1,,1,,,20,20,1,12,4,120.646808,24.148836,4
8082,66000,387130000C,(04)23274275,(04)23288582,2025,8,21,19,47,臺中市,北區,0,1,0,7,1,6,50,4,1,1,5,4,6,6,4,4,10,5,5,2,16,3,10,3,1,B03,7,6,1,8,2,8,,20,20,1,12,4,120.697348,24.15759,2
8083,66000,387130000C,(04)23274275,(04)23288582,2025,8,21,19,52,臺中市,北區,0,0,0,7,,,50,,,,,,,,,,,,,,17,,,,,B03,,,6,,1,,,85,85,1,13,4,120.683304,24.153427,4
8084,66000,387130000C,(04)23274275,(04)23288582,2025,8,21,19,52,臺中市,烏日區,0,0,0,7,,,50,,,,,,,,,,,,,,12,,,,,B03,,,1,,1,,,40,40,1,6,4,120.608745,24.114719,3
8085,66000,387130000C,(04)23274275,(04)23288582,2025,8,21,19,55,臺中市,大雅區,0,0,0,7,,,30,,,,,,,,,,,,,,,,,,,B03,,,1,,1,,,49,49,1,13,4,120.648124,24.228534,3
8086,66000,387130000C,(04)23274275,(04)23288582,2025,8,21,19,59,臺中市,北屯區,0,0,0,7,,,30,,,,,,,,,,,,,,16,,,,,B12,,,1,,2,,,14,14,1,12,4,120.683303,24.2019,3
8087,66000,387130000C,(04)23274275,(04)23288582,2025,8,21,20,6,臺中市,西屯區,0,0,0,7,,,50,,,,,,,,,,,,,,17,,,,,B03,,,1,,1,,,58,58,1,13,4,120.617822,24.18383,3
8088,66000,387130000C,(04)23274275,(04)23288582,2025,8,21,20,24,臺中市,西屯區,0,0,0,7,,,60,,,,,,,,,,,,,,12,,,,,B02,,,1,,1,,,40,40,1,13,4,120.653258,24.160817,3
8089,66000,387130000C,(04)23274275,(04)23288582,2025,8,21,20,25,臺中市,西屯區,0,1,0,7,1,6,50,5,1,1,5,4,6,6,1,1,5,4,4,2,13,3,10,3,1,B03,7,9,1,8,2,1,,7,7,1,12,4,120.665366,24.166799,2
8090,66000,387130000C,(04)23274275,(04)23288582,2025,8,21,20,26,臺中市,潭子區,0,1,0,7,1,6,60,4,2,1,5,4,6,6,4,4,1,4,5,1,12,3,10,2,1,C03,7,9,1,10,2,14,,7,7,1,13,4,120.705303,24.211604,2
8091,66000,387130000C,(04)23274275,(04)23288582,2025,8,21,20,27,臺中市,中區,0,1,0,7,1,6,50,4,1,1,5,4,6,6,4,4,9,4,5,2,3,3,10,3,1,B03,7,6,5,19,2,1,,48,48,1,12,4,120.677483,24.146887,2
8092,66000,387130000C,(04)23274275,(04)23288582,2025,8,21,20,27,臺中市,太平區,0,1,0,7,2,6,50,4,1,1,5,4,6,6,4,4,10,5,5,1,15,2,8,2,1,C03,7,9,3,19,2,11,,12,12,1,13,4,120.719672,24.116314,2
8093,66000,387130000C,(04)23274275,(04)23288582,2025,8,21,20,35,臺中市,大雅區,0,1,0,7,1,6,0,13,9,1,5,4,6,6,4,4,10,5,5,1,17,3,10,3,1,B03,7,1,1,8,2,1,,51,51,1,12,4,120.652658,24.214681,2
8094,66000,387130000C,(04)23274275,(04)23288582,2025,8,21,20,43,臺中市,西區,0,0,0,7,,,30,,,,,,,,,,,,,,17,,,,,B03,,,1,,11,,,84,84,2,12,4,120.658462,24.153729,3
8095,66000,387130000C,(04)23274275,(04)23288582,2025,8,21,20,43,臺中市,南屯區,0,0,0,7,,,50,,,,,,,,,,,,,,,,,,,B03,,,1,,2,,,51,51,1,12,4,120.645442,24.152392,3
8096,66000,387130000C,(04)23274275,(04)23288582,2025,8,21,20,48,臺中市,東勢區,0,2,0,7,1,6,50,3,1,1,5,4,6,6,4,4,10,5,5,2,17,3,10,3,1,B12,7,7,1,8,2,6,,35,35,1,12,4,120.821943,24.261332,2
8097,66000,387130000C,(04)23274275,(04)23288582,2025,8,21,20,54,臺中市,大里區,0,2,0,7,1,6,50,4,2,1,5,4,6,6,1,1,10,5,5,1,17,2,9,1,1,C03,7,9,1,10,2,14,,85,85,1,12,4,120.694597,24.111591,2
8098,66000,387130000C,(04)23274275,(04)23288582,2025,8,21,21,0,臺中市,南屯區,0,0,0,7,,,50,,,,,,,,,,,,,,,,,,,B03,,,1,,1,,,49,49,1,6,4,120.65035,24.155136,3
8099,66000,387130000C,(04)23274275,(04)23288582,2025,8,21,21,1,臺中市,北屯區,0,1,0,7,1,6,50,5,2,1,5,4,6,6,1,1,5,5,5,2,17,3,10,3,1,B01,7,14,1,4,2,2,,87,87,1,12,4,120.668107,24.174548,2
8100,66000,387130000C,(04)23274275,(04)23288582,2025,8,21,21,11,臺中市,東區,0,0,0,7,,,50,,,,,,,,,,,,,,,,,,,B03,,,1,,2,,,47,47,1,12,4,120.700103,24.138881,3
8101,66000,387130000C,(04)23274275,(04)23288582,2025,8,21,21,28,臺中市,豐原區,0,1,0,7,1,6,50,5,19,1,5,4,6,6,2,1,5,5,4,2,3,3,10,3,1,B03,7,5,1,8,2,5,,10,10,1,12,4,120.720298,24.249344,2
8102,66000,387130000C,(04)23274275,(04)23288582,2025,8,21,21,29,臺中市,北區,0,0,0,7,,,50,,,,,,,,,,,,,,16,,,,,B03,,,1,,2,,,20,20,1,12,4,120.687956,24.15399,3
8103,66000,387130000C,(04)23274275,(04)23288582,2025,8,21,21,30,臺中市,太平區,0,1,0,7,1,6,40,4,1,1,5,4,6,6,4,4,10,5,5,2,16,3,10,3,1,B03,7,5,1,8,2,5,,11,11,1,6,4,120.726873,24.115277,2
8104,66000,387130000C,(04)23274275,(04)23288582,2025,8,21,21,39,臺中市,霧峰區,0,2,0,7,3,6,30,4,1,1,5,4,6,6,1,1,10,5,5,2,16,2,8,5,4,B03,7,6,3,19,2,1,,48,48,1,13,4,120.678028,24.073679,2
8105,66000,387130000C,(04)23274275,(04)23288582,2025,8,21,21,46,臺中市,北屯區,0,2,0,7,2,6,50,4,1,1,5,4,6,6,2,1,1,2,5,2,16,2,5,3,1,B03,7,6,1,8,2,2,,11,11,1,12,4,120.720724,24.172608,2
8106,66000,387130000C,(04)23274275,(04)23288582,2025,8,21,21,50,臺中市,北區,0,1,0,7,1,6,50,13,9,1,5,4,6,6,4,4,1,4,5,2,17,2,7,1,1,C03,7,9,1,10,2,11,,84,84,1,12,4,120.671572,24.173317,2
8107,66000,387130000C,(04)23274275,(04)23288582,2025,8,21,21,58,臺中市,太平區,0,0,0,7,1,6,50,4,1,1,5,4,6,6,2,1,10,5,5,2,16,3,10,1,1,C03,7,9,1,10,2,14,,84,84,2,12,4,120.72312,24.149644,3
8108,66000,387130000C,(04)23274275,(04)23288582,2025,8,21,22,1,臺中市,南區,0,0,0,7,,,50,,,,,,,,,,,,,,12,,,,,C03,,,1,,2,,,47,47,1,12,4,120.657231,24.133854,3
8109,66000,387130000C,(04)23274275,(04)23288582,2025,8,21,22,4,臺中市,西屯區,0,0,0,7,,,50,,,,,,,,,,,,,,,,,,,C03,,,1,,2,,,8,8,1,12,4,120.666955,24.173228,3
8110,66000,387130000C,(04)23274275,(04)23288582,2025,8,21,22,6,臺中市,西區,0,1,0,6,2,6,40,4,1,1,5,4,6,6,1,1,10,5,5,2,17,3,10,1,1,C03,7,9,1,10,2,11,,7,7,1,13,4,120.663775,24.154648,2
8111,66000,387130000C,(04)23274275,(04)23288582,2025,8,21,22,16,臺中市,霧峰區,0,0,0,6,,,50,,,,,,,,,,,,,,17,,,,,C03,,,1,,1,,,7,7,1,13,4,120.699147,24.067509,3
8112,66000,387130000C,(04)23274275,(04)23288582,2025,8,21,22,17,臺中市,豐原區,0,2,0,7,1,6,50,13,9,1,5,4,6,6,4,4,5,5,5,1,3,2,9,6,5,H01,8,16,7,21,10,17,,95,95,1,12,5,120.720099,24.249501,2
8113,66000,387130000C,(04)23274275,(04)23288582,2025,8,21,22,21,臺中市,西區,0,0,0,7,,,40,,,,,,,,,,,,,,17,,,,,B03,,,1,,2,,,50,50,1,12,4,120.653341,24.153426,3
8114,66000,387130000C,(04)23274275,(04)23288582,2025,8,21,22,30,臺中市,大里區,0,1,0,7,3,6,50,13,9,1,5,4,6,6,4,4,9,5,4,1,16,3,10,5,4,B03,7,11,1,8,2,7,,45,45,1,13,4,120.706846,24.095459,2
8115,66000,387130000C,(04)23274275,(04)23288582,2025,8,21,22,43,臺中市,北屯區,0,0,0,7,,,50,,,,,,,,,,,,,,12,,,,,B02,,,1,,1,,,50,50,1,12,4,120.720885,24.161657,3
8116,66000,387130000C,(04)23274275,(04)23288582,2025,8,21,22,46,臺中市,西屯區,0,0,0,7,,,50,,,,,,,,,,,,,,13,,,,,B03,,,1,,1,,,62,62,1,12,4,120.643252,24.170094,3
8117,66000,387130000C,(04)23274275,(04)23288582,2025,8,21,23,13,臺中市,中區,0,1,0,7,2,6,50,5,1,1,5,4,6,6,1,1,10,5,5,2,17,3,10,3,1,B02,7,5,1,8,2,5,,47,47,1,13,4,120.681714,24.144495,2
8118,66000,387130000C,(04)23274275,(04)23288582,2025,8,21,23,26,臺中市,潭子區,0,0,0,7,,,50,,,,,,,,,,,,,,,,,,,,,,,,,,,118,118,1,,,120.680872,24.215856,3
8119,66000,387130000C,(04)23274275,(04)23288582,2025,8,21,23,26,臺中市,西屯區,0,0,0,7,,,60,,,,,,,,,,,,,,13,,,,,B03,,,1,,1,,,7,7,1,12,4,120.609608,24.184261,3
8120,66000,387130000C,(04)23274275,(04)23288582,2025,8,21,23,30,臺中市,烏日區,0,0,0,7,,,40,,,,,,,,,,,,,,9,,,,,C03,,,1,,1,,,21,21,1,6,2,120.612438,24.10646,3
8121,66000,387130000C,(04)23274275,(04)23288582,2025,8,21,23,35,臺中市,西屯區,0,0,0,6,,,50,,,,,,,,,,,,,,,,,,,B03,,,1,,1,,,7,7,1,13,4,120.65263,24.166498,4
8122,66000,387130000C,(04)23274275,(04)23288582,2025,8,22,0,43,臺中市,北區,0,1,0,7,1,6,50,13,8,1,5,4,6,6,1,1,3,4,4,2,9,3,10,5,4,B01,7,1,1,4,2,6,,84,84,1,13,4,120.68887,24.146583,2
8123,66000,387130000C,(04)23274275,(04)23288582,2025,8,22,0,46,臺中市,南屯區,0,1,0,7,1,6,50,4,1,1,5,3,6,6,2,1,1,3,5,2,18,2,9,2,4,C03,7,6,1,10,2,12,,84,84,1,13,2,120.631418,24.132972,2
8124,66000,387130000C,(04)23274275,(04)23288582,2025,8,22,2,15,臺中市,南屯區,0,0,0,7,,,50,,,,,,,,,,,,,,17,,,,,B03,,,1,,2,,,56,56,1,13,4,120.643981,24.130668,3
8125,66000,387130000C,(04)23274275,(04)23288582,2025,8,22,2,48,臺中市,潭子區,0,1,0,6,1,6,50,3,1,1,5,4,6,6,1,1,5,4,5,1,18,2,9,1,1,C03,7,1,1,10,2,11,,59,59,1,12,4,120.707419,24.215388,2
8126,66000,387130000C,(04)23274275,(04)23288582,2025,8,22,2,50,臺中市,新社區,0,0,0,7,,,50,,,,,,,,,,,,,,17,,,,,A11,,,1,,2,,,59,59,1,6,4,120.808787,24.247844,3
8127,66000,387130000C,(04)23274275,(04)23288582,2025,8,22,3,47,臺中市,北屯區,0,1,0,7,1,6,50,13,9,1,5,4,6,6,4,4,9,5,5,2,17,3,10,3,1,B03,7,5,1,8,2,5,,20,20,1,13,4,120.688883,24.172329,2
8128,66000,387130000C,(04)23274275,(04)23288582,2025,8,22,4,34,臺中市,南屯區,0,1,0,7,1,6,50,13,7,1,5,4,6,6,4,4,4,3,5,2,18,2,9,2,4,C03,7,9,1,10,2,12,,84,84,1,13,4,120.596483,24.139799,2
8129,66000,387130000C,(04)23274275,(04)23288582,2025,8,22,4,43,臺中市,清水區,0,1,0,7,1,6,30,13,9,1,5,4,6,6,4,4,10,5,5,1,2,3,10,3,1,B03,7,9,1,8,11,2,,58,58,1,12,4,120.561882,24.310632,2
8130,66000,387130000C,(04)23274275,(04)23288582,2025,8,22,4,55,臺中市,潭子區,0,2,0,6,3,6,60,3,2,1,5,4,6,6,1,1,1,4,4,1,17,3,10,3,1,B03,7,7,1,8,2,3,,40,40,1,13,4,120.689966,24.223001,2
8131,66000,387130000C,(04)23274275,(04)23288582,2025,8,22,5,10,臺中市,大里區,0,1,0,7,1,6,30,3,2,1,5,4,6,6,4,4,10,5,5,2,17,2,9,1,1,C03,7,9,1,10,8,12,14,59,59,1,6,4,120.690487,24.120052,2