序號,縣市別代碼,機關代碼,市話,傳真,年,月,日,時,分,縣市,區,死亡數量,受傷數量,2-30,天候,道路照明設備,道路類別,道路速限,道路型態,事故位置,路面鋪裝,路面狀態,路面缺陷,障礙物,視距,號誌種類,號誌動作,分向設施,快車道或一般車道間,快慢車道間,路面邊線,事故類型及型態,受傷程度,主要傷處,保護裝備,行動電話或功能裝置,當事者區分(類別),車輛用途,當事者行動狀態,駕照狀態,駕照種類,飲酒情形,車輛撞擊部位最初,車輛撞擊部位其他,肇事因素個別,肇事因素主要,肇事逃逸,職業,共享經濟或外送平台,GPS座標X,GPS座標Y,事故類別
8243,66000,387130000C,(04)23274275,(04)23288582,2025,8,22,10,45,臺中市,大里區,0,0,0,7,2,6,50,13,9,1,5,4,6,6,4,4,5,4,5,1,13,,,,,B03,,,1,,1,,,59,59,1,6,4,120.690836,24.093347,3
8244,66000,387130000C,(04)23274275,(04)23288582,2025,8,22,10,47,臺中市,西屯區,0,0,0,7,,,50,,,,,,,,,,,,,,13,,,,,B12,,,1,,1,,,59,59,1,12,4,120.664665,24.17823,3
8245,66000,387130000C,(04)23274275,(04)23288582,2025,8,22,10,51,臺中市,北屯區,0,0,0,7,,,50,,,,,,,,,,,,,,13,,,,,C03,,,1,,9,,,7,7,2,12,4,120.690461,24.177171,3
8246,66000,387130000C,(04)23274275,(04)23288582,2025,8,22,10,52,臺中市,西區,0,1,0,7,3,6,40,13,8,1,5,4,6,6,4,4,1,4,4,2,13,2,9,1,1,C03,7,9,1,10,2,11,,7,7,1,6,4,120.665602,24.136338,2
8247,66000,387130000C,(04)23274275,(04)23288582,2025,8,22,11,0,臺中市,清水區,0,3,0,7,3,6,50,4,1,1,5,4,6,6,4,4,1,4,5,1,15,2,9,3,1,B03,7,9,1,8,2,1,,13,13,1,12,4,120.538627,24.268365,2
8248,66000,387130000C,(04)23274275,(04)23288582,2025,8,22,11,5,臺中市,西屯區,0,0,0,7,,,50,,,,,,,,,,,,,,13,,,,,C03,,,1,,1,,,7,7,1,12,4,120.626831,24.199615,3
8249,66000,387130000C,(04)23274275,(04)23288582,2025,8,22,11,5,臺中市,龍井區,0,1,0,6,3,6,30,13,9,1,5,4,6,6,4,4,10,5,5,1,14,3,10,3,1,B12,7,2,1,8,2,6,,49,49,1,6,4,120.518605,24.204064,2
8250,66000,387130000C,(04)23274275,(04)23288582,2025,8,22,11,5,臺中市,后里區,0,1,0,7,2,6,50,13,9,1,5,4,6,6,2,1,5,4,5,1,14,3,10,3,1,B03,7,2,1,8,2,3,,49,49,1,6,4,120.723566,24.294716,2
8251,66000,387130000C,(04)23274275,(04)23288582,2025,8,22,11,8,臺中市,大肚區,0,0,0,7,,,30,,,,,,,,,,,,,,17,,,,,C03,,,1,,2,,,85,85,1,6,4,120.580915,24.174745,4
8252,66000,387130000C,(04)23274275,(04)23288582,2025,8,22,11,11,臺中市,西屯區,0,1,0,7,3,6,40,13,8,1,5,4,6,6,4,4,3,4,5,2,30,2,9,5,4,C03,7,9,1,10,2,15,,84,84,1,13,4,120.644257,24.164782,2
8253,66000,387130000C,(04)23274275,(04)23288582,2025,8,22,11,11,臺中市,大甲區,0,0,0,7,,,30,,,,,,,,,,,,,,,,,,,C03,,,5,,2,,,8,8,1,6,4,120.629397,24.419318,3
8254,66000,387130000C,(04)23274275,(04)23288582,2025,8,22,11,15,臺中市,潭子區,0,0,0,7,,,50,,,,,,,,,,,,,,,,,,,C03,,,1,,2,,,21,21,1,13,4,120.718325,24.21811,3
8255,66000,387130000C,(04)23274275,(04)23288582,2025,8,22,11,16,臺中市,大里區,0,1,0,7,3,6,30,3,1,1,5,4,6,6,4,4,10,5,5,1,16,3,10,3,1,B12,7,6,1,8,2,5,,12,12,1,12,4,120.662113,24.102653,2
8256,66000,387130000C,(04)23274275,(04)23288582,2025,8,22,11,20,臺中市,北區,0,0,0,7,,,50,,,,,,,,,,,,,,17,,,,,B03,,,1,,1,,,8,8,1,13,4,120.678416,24.161544,3
8257,66000,387130000C,(04)23274275,(04)23288582,2025,8,22,11,20,臺中市,北屯區,0,0,0,7,,,50,,,,,,,,,,,,,,14,,,,,B03,,,1,,1,,,49,49,1,6,4,120.721592,24.17911,3
8258,66000,387130000C,(04)23274275,(04)23288582,2025,8,22,11,21,臺中市,西屯區,0,2,0,7,2,6,50,4,1,1,5,4,6,6,2,1,10,5,5,2,17,3,10,5,4,B12,7,9,1,8,2,1,,59,59,1,13,4,120.616268,24.179491,2
8259,66000,387130000C,(04)23274275,(04)23288582,2025,8,22,11,22,臺中市,沙鹿區,0,0,0,7,,,60,,,,,,,,,,,,,,,,,,,B03,,,1,,1,,,56,56,1,6,4,120.57568,24.227259,3
8260,66000,387130000C,(04)23274275,(04)23288582,2025,8,22,11,23,臺中市,大甲區,0,1,0,7,3,6,50,3,1,1,5,4,6,6,4,4,9,5,5,2,16,2,9,2,1,C03,7,9,1,10,2,11,,84,84,1,6,4,120.636445,24.366038,2
8261,66000,387130000C,(04)23274275,(04)23288582,2025,8,22,11,24,臺中市,龍井區,0,0,0,7,,,50,,,,,,,,,,,,,,,,,,,C03,,,1,,2,,,7,7,1,12,4,120.526797,24.218979,3
8262,66000,387130000C,(04)23274275,(04)23288582,2025,8,22,11,26,臺中市,東區,0,0,0,7,,,50,,,,,,,,,,,,,,14,,,,,B03,,,1,,1,,,49,49,1,12,4,120.69867,24.125832,3
8263,66000,387130000C,(04)23274275,(04)23288582,2025,8,22,11,27,臺中市,西區,0,1,0,7,2,6,50,4,1,1,5,4,6,6,4,4,10,5,5,2,13,2,9,1,1,C03,7,9,1,10,2,11,,84,84,1,6,4,120.66199,24.149858,2
8264,66000,387130000C,(04)23274275,(04)23288582,2025,8,22,11,28,臺中市,外埔區,0,0,0,7,,,30,,,,,,,,,,,,,,35,,,,,B11,,,1,,1,,,49,49,1,12,4,120.642914,24.341829,3
8265,66000,387130000C,(04)23274275,(04)23288582,2025,8,22,11,29,臺中市,北屯區,0,1,0,7,3,6,50,4,1,1,5,4,6,6,2,1,10,5,5,2,16,3,10,3,1,B12,7,5,1,8,2,5,,11,11,1,6,4,120.690465,24.176767,2
8266,66000,387130000C,(04)23274275,(04)23288582,2025,8,22,11,30,臺中市,北屯區,0,0,0,7,,,50,,,,,,,,,,,,,,13,,,,,C03,,,1,,1,,,7,7,1,6,4,120.704783,24.16949,4
8267,66000,387130000C,(04)23274275,(04)23288582,2025,8,22,11,30,臺中市,沙鹿區,0,0,0,7,,,60,,,,,,,,,,,,,,12,,,,,B03,,,1,,2,,,42,42,1,13,4,120.56906,24.237463,3
8268,66000,387130000C,(04)23274275,(04)23288582,2025,8,22,11,35,臺中市,南屯區,0,0,0,7,,,50,,,,,,,,,,,,,,,,,,,B03,,,1,,2,,,59,59,1,12,4,120.639998,24.135051,3
8269,66000,387130000C,(04)23274275,(04)23288582,2025,8,22,11,36,臺中市,南區,0,1,0,7,2,6,50,4,1,1,5,4,6,6,1,1,3,4,5,2,17,3,10,3,1,B12,7,5,1,8,2,2,,47,47,1,12,4,120.657849,24.11258,2
8270,66000,387130000C,(04)23274275,(04)23288582,2025,8,22,11,36,臺中市,沙鹿區,0,0,0,7,,,50,,,,,,,,,,,,,,12,,,,,B03,,,1,,2,,,48,48,1,6,4,120.56906,24.237463,3
8271,66000,387130000C,(04)23274275,(04)23288582,2025,8,22,11,37,臺中市,烏日區,0,0,0,7,,,50,,,,,,,,,,,,,,13,,,,,B03,,,1,,1,,,82,82,1,13,4,120.599518,24.111277,3
8272,66000,387130000C,(04)23274275,(04)23288582,2025,8,22,11,38,臺中市,大甲區,0,1,0,7,3,6,50,4,1,1,5,4,6,6,1,1,10,5,5,2,17,2,9,5,4,C03,7,6,1,10,2,14,,11,11,1,12,4,120.62574,24.348494,2
8273,66000,387130000C,(04)23274275,(04)23288582,2025,8,22,11,40,臺中市,霧峰區,0,1,0,7,2,6,40,13,8,1,5,4,6,6,4,4,3,4,4,1,17,3,10,2,1,C03,7,1,1,10,2,14,,51,51,1,6,4,120.694284,24.049712,2
8274,66000,387130000C,(04)23274275,(04)23288582,2025,8,22,11,40,臺中市,太平區,0,1,0,7,2,6,30,4,1,1,5,4,6,6,4,4,10,5,5,2,16,3,10,1,1,C03,7,6,1,10,2,14,,14,14,1,12,4,120.720813,24.127582,2
8275,66000,387130000C,(04)23274275,(04)23288582,2025,8,22,11,42,臺中市,北屯區,0,2,0,7,2,6,30,4,1,1,5,4,6,6,4,4,10,5,5,2,15,2,9,2,1,C02,7,9,1,9,2,12,,12,12,1,12,4,120.680364,24.179335,2
8276,66000,387130000C,(04)23274275,(04)23288582,2025,8,22,11,42,臺中市,梧棲區,0,0,0,7,,3,90,,,,,,,,,,,,,,12,,,,,A31,,,1,,2,,,40,40,1,12,4,120.539966,24.258503,3
8277,66000,387130000C,(04)23274275,(04)23288582,2025,8,22,11,47,臺中市,南屯區,0,0,0,7,,,50,,,,,,,,,,,,,,14,,,,,B03,,,1,,1,,,84,84,1,12,4,120.646495,24.130489,3
8278,66000,387130000C,(04)23274275,(04)23288582,2025,8,22,11,48,臺中市,西屯區,0,0,0,7,,,50,,,,,,,,,,,,,,13,,,,,B03,,,1,,1,,,59,59,1,13,4,120.646214,24.164033,3
8279,66000,387130000C,(04)23274275,(04)23288582,2025,8,22,11,50,臺中市,北區,0,0,0,7,,,50,,,,,,,,,,,,,,17,,,,,B03,,,1,,1,,,8,8,1,13,4,120.686418,24.155158,3
8280,66000,387130000C,(04)23274275,(04)23288582,2025,8,22,11,55,臺中市,大雅區,0,1,0,7,2,6,30,4,1,1,5,4,6,6,3,1,10,4,5,1,17,3,10,3,1,B03,7,9,1,8,2,2,,24,24,1,12,4,120.64,24.235121,2
8281,66000,387130000C,(04)23274275,(04)23288582,2025,8,22,11,55,臺中市,南區,0,0,0,7,,,50,,,,,,,,,,,,,,20,,,,,B03,,,1,,1,,,84,84,1,13,4,120.649812,24.121136,3
8282,66000,387130000C,(04)23274275,(04)23288582,2025,8,22,12,0,臺中市,大雅區,0,0,0,7,,,50,,,,,,,,,,,,,,,,,,,B03,,,1,,2,,,7,7,1,13,4,120.648489,24.220846,3
8283,66000,387130000C,(04)23274275,(04)23288582,2025,8,22,12,0,臺中市,南區,0,0,0,7,1,6,50,13,7,1,5,4,6,6,4,4,1,4,4,2,13,3,10,3,1,B03,7,9,1,8,1,5,,84,84,1,12,4,120.679286,24.119037,3
8284,66000,387130000C,(04)23274275,(04)23288582,2025,8,22,12,1,臺中市,西屯區,0,0,0,7,,,30,,,,,,,,,,,,,,11,,,,,B03,,,1,,1,,,8,8,1,12,4,120.624434,24.193004,3
8285,66000,387130000C,(04)23274275,(04)23288582,2025,8,22,12,1,臺中市,沙鹿區,0,1,0,7,2,6,50,13,9,1,5,4,6,6,4,4,9,5,5,2,18,2,9,2,1,C03,7,9,1,10,2,14,,59,59,1,6,4,120.579577,24.217604,2
8286,66000,387130000C,(04)23274275,(04)23288582,2025,8,22,12,6,臺中市,龍井區,0,0,0,7,,,30,,,,,,,,,,,,,,12,,,,,B03,,,1,,2,,,49,49,1,6,4,120.584005,24.181011,3
8287,66000,387130000C,(04)23274275,(04)23288582,2025,8,22,12,6,臺中市,后里區,0,2,0,7,2,6,50,4,1,1,5,4,6,6,1,1,5,4,5,1,15,2,9,1,1,C03,7,9,1,10,2,11,14,24,24,1,6,4,120.708394,24.304515,2
8288,66000,387130000C,(04)23274275,(04)23288582,2025,8,22,12,10,臺中市,大甲區,0,0,0,7,,,40,,,,,,,,,,,,,,9,,,,,,,,,,,,,86,86,1,,,120.616713,24.370984,3
8289,66000,387130000C,(04)23274275,(04)23288582,2025,8,22,12,15,臺中市,北屯區,0,0,0,7,,,50,,,,,,,,,,,,,,13,,,,,A04,,,1,,1,,,84,84,1,12,4,120.720529,24.172591,3
8290,66000,387130000C,(04)23274275,(04)23288582,2025,8,22,12,15,臺中市,北屯區,0,0,0,7,,,50,,,,,,,,,,,,,,12,,,,,C03,,,1,,2,,,8,8,1,6,4,120.695285,24.179947,3
8291,66000,387130000C,(04)23274275,(04)23288582,2025,8,22,12,16,臺中市,北區,0,1,0,7,3,6,50,4,1,1,5,4,6,6,2,1,10,5,5,2,17,2,3,5,4,B12,7,9,1,8,2,2,,21,21,1,13,4,120.668073,24.154308,2
8292,66000,387130000C,(04)23274275,(04)23288582,2025,8,22,12,17,臺中市,西屯區,0,0,0,7,,,50,,,,,,,,,,,,,,13,,,,,C03,,,1,,1,,,59,59,1,12,4,120.643026,24.172394,3
8293,66000,387130000C,(04)23274275,(04)23288582,2025,8,22,12,18,臺中市,北區,0,1,0,7,2,6,50,3,2,1,5,4,6,6,2,1,10,5,5,2,12,2,9,2,1,C03,7,6,1,10,2,14,,48,48,1,13,4,120.694434,24.160345,2
8294,66000,387130000C,(04)23274275,(04)23288582,2025,8,22,12,19,臺中市,豐原區,0,0,0,7,,,50,,,,,,,,,,,,,,16,,,,,C03,,,1,,2,,,14,14,1,12,4,120.706752,24.251855,4
8295,66000,387130000C,(04)23274275,(04)23288582,2025,8,22,12,20,臺中市,南屯區,0,0,0,7,3,6,50,13,9,1,5,4,6,6,4,4,3,2,5,2,13,,,,,A41,,,1,,1,,,7,7,1,12,4,120.623674,24.1494,3
8296,66000,387130000C,(04)23274275,(04)23288582,2025,8,22,12,22,臺中市,清水區,0,1,0,7,3,6,50,3,1,1,5,4,6,6,4,4,5,5,5,2,16,2,9,1,1,C03,7,6,1,10,2,12,,12,12,1,12,4,120.579112,24.270038,2
8297,66000,387130000C,(04)23274275,(04)23288582,2025,8,22,12,25,臺中市,西區,0,1,0,7,3,6,50,3,1,1,5,4,6,6,4,4,10,5,5,2,17,3,10,6,1,F01,7,5,7,21,2,13,,84,84,1,12,1,120.662941,24.151815,2
8298,66000,387130000C,(04)23274275,(04)23288582,2025,8,22,12,26,臺中市,西屯區,0,1,0,7,2,6,50,3,9,1,5,4,6,6,4,4,5,5,5,2,13,2,8,2,1,C03,7,9,1,10,2,11,,7,7,1,12,4,120.644124,24.175924,2
8299,66000,387130000C,(04)23274275,(04)23288582,2025,8,22,12,27,臺中市,西區,0,0,0,7,,,50,,,,,,,,,,,,,,,,,,,C03,,,1,,1,,,4,4,1,6,4,120.656751,24.147783,3
8300,66000,387130000C,(04)23274275,(04)23288582,2025,8,22,12,27,臺中市,大里區,0,0,0,7,,,50,,,,,,,,,,,,,,13,,,,,B03,,,1,,1,,,7,7,1,12,4,120.695579,24.088024,3
8301,66000,387130000C,(04)23274275,(04)23288582,2025,8,22,12,27,臺中市,太平區,0,1,0,7,2,6,50,5,2,1,5,4,6,6,4,4,1,2,5,2,16,3,10,3,1,B03,7,5,1,8,2,5,,84,84,1,6,4,120.713012,24.14558,2
8302,66000,387130000C,(04)23274275,(04)23288582,2025,8,22,12,30,臺中市,北屯區,0,0,0,7,,,50,,,,,,,,,,,,,,14,,,,,B03,,,1,,1,,,49,49,1,6,4,120.724872,24.159339,4
8303,66000,387130000C,(04)23274275,(04)23288582,2025,8,22,12,30,臺中市,清水區,0,1,0,7,3,6,30,13,9,1,5,4,6,6,4,4,10,5,5,2,18,2,9,6,1,F01,7,9,7,21,1,14,,82,82,1,12,4,120.560962,24.272937,2
8304,66000,387130000C,(04)23274275,(04)23288582,2025,8,22,12,31,臺中市,大里區,0,0,0,7,,,50,,,,,,,,,,,,,,,,,,,B03,,,1,,9,,,84,84,1,12,4,120.691642,24.107157,3
8305,66000,387130000C,(04)23274275,(04)23288582,2025,8,22,12,37,臺中市,烏日區,0,1,0,7,3,6,50,4,1,1,5,4,6,6,1,1,10,5,5,2,17,2,9,1,1,C03,7,9,1,10,2,16,,7,7,1,6,4,120.624422,24.104327,2
8306,66000,387130000C,(04)23274275,(04)23288582,2025,8,22,12,39,臺中市,西區,0,0,0,7,,,50,,,,,,,,,,,,,,15,,,,,C03,,,1,,2,,,21,21,1,12,4,120.682212,24.135899,3
8307,66000,387130000C,(04)23274275,(04)23288582,2025,8,22,12,39,臺中市,東勢區,0,0,0,7,,,50,,,,,,,,,,,,,,,,,,,B03,,,1,,1,,,56,56,1,12,4,120.825804,24.254902,3
8308,66000,387130000C,(04)23274275,(04)23288582,2025,8,22,12,40,臺中市,北區,0,2,0,7,2,6,50,4,1,1,5,4,6,6,1,1,5,4,4,2,17,2,9,5,1,C03,7,6,3,19,1,14,,84,84,1,13,4,120.68447,24.147929,2
8309,66000,387130000C,(04)23274275,(04)23288582,2025,8,22,12,40,臺中市,神岡區,0,1,0,7,1,6,30,3,1,1,5,4,6,6,4,4,10,5,5,1,16,3,10,5,4,B03,7,5,1,8,2,6,,20,20,1,12,4,120.683768,24.260401,2
8310,66000,387130000C,(04)23274275,(04)23288582,2025,8,22,12,43,臺中市,大雅區,0,0,0,7,,,60,,,,,,,,,,,,,,,,,,,A12,,,1,,1,,,49,49,1,13,4,120.64687,24.222047,3
8311,66000,387130000C,(04)23274275,(04)23288582,2025,8,22,12,45,臺中市,北區,0,0,0,7,,,50,,,,,,,,,,,,,,16,,,,,B03,,,1,,1,,,47,47,1,13,4,120.675415,24.167148,3
8312,66000,387130000C,(04)23274275,(04)23288582,2025,8,22,12,48,臺中市,南屯區,0,0,0,7,,,50,,,,,,,,,,,,,,,,,,,B03,,,1,,1,,,51,51,1,13,4,120.645414,24.134491,3
8313,66000,387130000C,(04)23274275,(04)23288582,2025,8,22,12,50,臺中市,霧峰區,0,0,0,7,2,6,50,4,1,1,5,4,6,6,1,1,10,5,5,2,13,,,,,C03,,,1,,2,,,59,59,1,6,4,120.698543,24.064373,3
8314,66000,387130000C,(04)23274275,(04)23288582,2025,8,22,12,52,臺中市,北區,0,0,0,7,3,6,50,13,9,1,5,4,6,6,4,4,5,5,5,2,17,,,,,B03,,,1,,1,,,59,59,1,13,4,120.686683,24.165477,3
8315,66000,387130000C,(04)23274275,(04)23288582,2025,8,22,12,57,臺中市,烏日區,0,1,0,7,2,6,50,4,2,1,5,4,6,6,2,1,10,5,5,2,16,3,10,5,4,B03,7,5,1,8,1,2,,11,11,1,13,4,120.624733,24.104279,2
8316,66000,387130000C,(04)23274275,(04)23288582,2025,8,22,13,0,臺中市,南屯區,0,0,0,7,,,50,,,,,,,,,,,,,,14,,,,,B03,,,1,,2,,,49,49,1,13,4,120.647504,24.152432,3
8317,66000,387130000C,(04)23274275,(04)23288582,2025,8,22,13,3,臺中市,西屯區,0,0,0,7,,,50,,,,,,,,,,,,,,13,,,,,B03,,,1,,1,,,7,7,1,13,4,120.622214,24.178963,3
8318,66000,387130000C,(04)23274275,(04)23288582,2025,8,22,13,10,臺中市,南屯區,0,0,0,7,,,50,,,,,,,,,,,,,,,,,,,B01,,,1,,1,,,47,47,1,13,4,120.645077,24.129514,3
8319,66000,387130000C,(04)23274275,(04)23288582,2025,8,22,13,12,臺中市,沙鹿區,0,0,0,7,,,50,,,,,,,,,,,,,,,,,,,B03,,,1,,2,,,7,7,1,13,4,120.556809,24.222552,3
8320,66000,387130000C,(04)23274275,(04)23288582,2025,8,22,13,19,臺中市,南區,0,1,0,7,2,6,50,4,1,1,5,4,6,6,1,1,10,5,5,2,1,3,10,3,1,B03,7,6,1,8,2,1,,10,10,1,12,4,120.672948,24.131256,2
8321,66000,387130000C,(04)23274275,(04)23288582,2025,8,22,13,24,臺中市,南區,0,0,0,7,,,50,,,,,,,,,,,,,,13,,,,,B12,,,1,,1,,,84,84,1,12,4,120.67817,24.126133,3
8322,66000,387130000C,(04)23274275,(04)23288582,2025,8,22,13,25,臺中市,北屯區,0,1,0,7,3,6,50,13,7,1,5,4,6,6,4,4,5,5,4,2,17,2,9,4,1,F01,7,15,7,21,1,13,,4,4,1,2,4,120.665511,24.190328,2
8323,66000,387130000C,(04)23274275,(04)23288582,2025,8,22,13,28,臺中市,霧峰區,0,1,0,7,2,6,30,4,1,1,5,4,6,6,4,4,10,5,5,2,15,2,8,2,1,C03,7,9,1,10,2,14,,12,12,1,6,4,120.69763,24.062701,2
8324,66000,387130000C,(04)23274275,(04)23288582,2025,8,22,13,29,臺中市,豐原區,0,0,0,7,,,50,,,,,,,,,,,,,,,,,,,B03,,,1,,1,,,51,51,1,13,4,120.718791,24.249894,3
8325,66000,387130000C,(04)23274275,(04)23288582,2025,8,22,13,30,臺中市,清水區,0,0,0,7,,,50,,,,,,,,,,,,,,,,,,,B02,,,1,,2,,,84,84,1,12,4,120.536233,24.268571,3
8326,66000,387130000C,(04)23274275,(04)23288582,2025,8,22,13,33,臺中市,龍井區,0,0,0,7,,,50,,,,,,,,,,,,,,17,,,,,B03,,,1,,2,,,8,8,1,6,4,120.58294,24.172745,3
8327,66000,387130000C,(04)23274275,(04)23288582,2025,8,22,13,39,臺中市,中區,0,0,0,7,,,50,,,,,,,,,,,,,,,,,,,B12,,,1,8,1,,,84,84,1,12,4,120.680267,24.144559,3
8328,66000,387130000C,(04)23274275,(04)23288582,2025,8,22,13,40,臺中市,太平區,0,0,0,7,2,6,50,3,4,1,5,4,6,6,3,1,5,5,5,1,13,3,10,3,1,B03,7,5,1,8,2,1,,84,84,1,6,4,120.718575,24.126769,3
8329,66000,387130000C,(04)23274275,(04)23288582,2025,8,22,13,41,臺中市,南區,0,0,0,7,,,50,,,,,,,,,,,,,,17,,,,,B12,,,3,,1,,,50,50,1,12,4,120.674032,24.125381,3
8330,66000,387130000C,(04)23274275,(04)23288582,2025,8,22,13,44,臺中市,西區,0,0,0,7,,,50,,,,,,,,,,,,,,,,,,,B03,,,1,,1,,,84,84,1,13,4,120.659913,24.157775,3
8331,66000,387130000C,(04)23274275,(04)23288582,2025,8,22,13,45,臺中市,西區,0,0,0,7,,,50,,,,,,,,,,,,,,,,,,,B03,,,1,,1,,,8,8,1,6,4,120.668831,24.146558,3
8332,66000,387130000C,(04)23274275,(04)23288582,2025,8,22,13,45,臺中市,神岡區,0,0,0,7,1,6,30,4,2,1,5,4,6,6,1,1,10,5,5,1,14,,,,,B12,,,1,,1,,,49,49,1,12,4,120.653778,24.271688,3
8333,66000,387130000C,(04)23274275,(04)23288582,2025,8,22,13,53,臺中市,西區,0,0,0,7,,,30,,,,,,,,,,,,,,17,,,,,B03,,,1,,1,,,84,84,1,12,4,120.660576,24.155376,3
8334,66000,387130000C,(04)23274275,(04)23288582,2025,8,22,13,55,臺中市,大里區,0,2,0,7,2,6,50,4,1,1,5,4,6,6,1,1,10,5,5,2,16,2,1,3,1,B03,7,6,1,8,2,1,,11,11,1,6,4,120.69577,24.087915,2
8335,66000,387130000C,(04)23274275,(04)23288582,2025,8,22,13,55,臺中市,清水區,0,1,0,7,3,6,50,5,2,1,4,4,6,6,1,1,1,4,5,1,17,2,9,1,1,C03,7,9,5,10,2,12,,21,21,1,12,4,120.567624,24.26991,2
8336,66000,387130000C,(04)23274275,(04)23288582,2025,8,22,13,59,臺中市,西屯區,0,0,0,7,,,30,,,,,,,,,,,,,,17,,,,,C03,,,,,1,,,50,50,1,12,4,120.645969,24.179902,3
8337,66000,387130000C,(04)23274275,(04)23288582,2025,8,22,14,0,臺中市,沙鹿區,0,1,0,7,2,6,50,13,8,1,5,4,6,6,4,4,3,4,4,2,17,3,10,3,1,B03,7,5,1,8,2,2,,65,65,1,13,4,120.567298,24.204838,2
8338,66000,387130000C,(04)23274275,(04)23288582,2025,8,22,14,2,臺中市,北屯區,0,0,0,7,,,30,,,,,,,,,,,,,,13,,,,,C03,,,1,,1,,,7,7,1,12,4,120.692821,24.162058,3
8339,66000,387130000C,(04)23274275,(04)23288582,2025,8,22,14,5,臺中市,西屯區,0,0,0,7,,,60,,,,,,,,,,,,,,13,,,,,B03,,,1,,1,,,59,59,1,13,4,120.656101,24.159131,3
8340,66000,387130000C,(04)23274275,(04)23288582,2025,8,22,14,6,臺中市,南屯區,0,0,0,7,,,50,,,,,,,,,,,,,,17,,,,,B03,,,1,,1,,,76,76,1,12,4,120.636299,24.151568,3
8341,66000,387130000C,(04)23274275,(04)23288582,2025,8,22,14,7,臺中市,南屯區,0,0,0,7,,,60,,,,,,,,,,,,,,12,,,,,B03,,,1,,1,,,8,8,1,12,4,120.627559,24.117947,4
8342,66000,387130000C,(04)23274275,(04)23288582,2025,8,22,14,7,臺中市,西屯區,0,3,0,7,2,6,50,4,1,1,5,4,6,6,4,4,10,5,5,2,16,2,9,5,4,C03,7,11,1,10,2,14,,20,20,1,13,4,120.616478,24.180945,2
8343,66000,387130000C,(04)23274275,(04)23288582,2025,8,22,14,11,臺中市,西區,0,2,0,7,2,6,50,13,9,1,5,4,6,6,4,4,5,4,5,2,13,2,8,1,1,C03,7,9,1,10,2,11,,84,84,1,13,4,120.660373,24.146645,2
8344,66000,387130000C,(04)23274275,(04)23288582,2025,8,22,14,15,臺中市,大里區,0,1,0,7,2,6,50,13,9,1,5,4,6,6,4,4,1,4,5,1,17,3,10,3,1,B01,7,8,1,8,2,2,,7,7,1,12,4,120.680493,24.108179,2
8345,66000,387130000C,(04)23274275,(04)23288582,2025,8,22,14,16,臺中市,南屯區,0,0,0,7,,,50,,,,,,,,,,,,,,13,,,,,B01,,,1,,2,,,59,59,1,6,4,120.627571,24.118004,3
8346,66000,387130000C,(04)23274275,(04)23288582,2025,8,22,14,20,臺中市,西屯區,0,0,0,7,,,30,,,,,,,,,,,,,,16,,,,,C03,,,1,,1,,,15,15,1,12,4,120.645329,24.181041,3
8347,66000,387130000C,(04)23274275,(04)23288582,2025,8,22,14,21,臺中市,烏日區,0,0,0,7,2,6,50,13,14,1,5,4,6,6,4,4,5,5,5,1,12,3,10,3,1,B03,7,3,1,8,2,5,,50,50,1,6,4,120.623009,24.102065,3
8348,66000,387130000C,(04)23274275,(04)23288582,2025,8,22,14,23,臺中市,北區,0,0,0,7,,,50,,,,,,,,,,,,,,15,,,,,B03,,,1,,1,,,12,12,1,13,4,120.679275,24.152817,3
8349,66000,387130000C,(04)23274275,(04)23288582,2025,8,22,14,26,臺中市,北屯區,0,1,0,7,1,6,50,3,2,1,5,4,6,6,1,1,3,4,4,2,13,2,9,1,1,C03,7,9,1,10,2,11,,84,84,1,13,4,120.722969,24.16191,2
8350,66000,387130000C,(04)23274275,(04)23288582,2025,8,22,14,26,臺中市,豐原區,0,0,0,7,,,50,,,,,,,,,,,,,,17,,,,,B03,,,1,,2,,,51,51,1,12,4,120.712112,24.250833,3
8351,66000,387130000C,(04)23274275,(04)23288582,2025,8,22,14,28,臺中市,南區,0,1,0,7,2,6,50,3,1,1,5,4,6,6,1,1,3,4,5,2,17,2,8,1,1,C03,7,9,1,10,2,11,,7,7,1,12,4,120.658456,24.13106,2
8352,66000,387130000C,(04)23274275,(04)23288582,2025,8,22,14,33,臺中市,豐原區,0,0,0,7,,,50,,,,,,,,,,,,,,14,,,,,A12,,,1,,2,,,49,49,1,12,4,120.720086,24.254537,3
8353,66000,387130000C,(04)23274275,(04)23288582,2025,8,22,14,34,臺中市,太平區,0,0,0,7,,,30,,,,,,,,,,,,,,10,,,,,B03,,,1,,2,,,41,41,1,12,4,120.70824,24.130904,3
8354,66000,387130000C,(04)23274275,(04)23288582,2025,8,22,14,35,臺中市,烏日區,0,0,0,7,,,50,,,,,,,,,,,,,,14,,,,,C03,,,1,,1,,,49,49,1,6,4,120.602052,24.107093,3
8355,66000,387130000C,(04)23274275,(04)23288582,2025,8,22,14,35,臺中市,沙鹿區,0,1,0,7,2,6,30,3,2,1,5,4,6,3,4,4,10,5,5,2,11,3,10,2,1,C03,7,6,1,10,2,14,,48,48,1,13,4,120.572552,24.260283,2
8356,66000,387130000C,(04)23274275,(04)23288582,2025,8,22,14,39,臺中市,北屯區,0,0,0,7,,,50,,,,,,,,,,,,,,12,,,,,F01,,,7,21,9,,,84,84,1,4,4,120.692939,24.180095,3