序號,縣市別代碼,機關代碼,市話,傳真,年,月,日,時,分,縣市,區,死亡數量,受傷數量,2-30,天候,道路照明設備,道路類別,道路速限,道路型態,事故位置,路面鋪裝,路面狀態,路面缺陷,障礙物,視距,號誌種類,號誌動作,分向設施,快車道或一般車道間,快慢車道間,路面邊線,事故類型及型態,受傷程度,主要傷處,保護裝備,行動電話或功能裝置,當事者區分(類別),車輛用途,當事者行動狀態,駕照狀態,駕照種類,飲酒情形,車輛撞擊部位最初,車輛撞擊部位其他,肇事因素個別,肇事因素主要,肇事逃逸,職業,共享經濟或外送平台,GPS座標X,GPS座標Y,事故類別
8471,66000,387130000C,(04)23274275,(04)23288582,2025,8,22,18,39,臺中市,大里區,0,0,0,7,,,40,,,,,,,,,,,,,,13,,,,,F03,,,7,,2,,,7,7,1,13,4,120.69648,24.110946,3
8472,66000,387130000C,(04)23274275,(04)23288582,2025,8,22,18,40,臺中市,西區,0,1,0,6,2,6,50,4,1,1,5,4,6,6,1,1,10,5,5,2,17,3,10,3,1,B03,7,1,1,8,2,8,,51,51,1,12,4,120.655115,24.147742,2
8473,66000,387130000C,(04)23274275,(04)23288582,2025,8,22,18,45,臺中市,大里區,0,0,0,7,,3,80,,,,,,,,,,,,,,13,,,,,B03,,,1,,2,,,7,7,1,13,4,120.690704,24.098029,3
8474,66000,387130000C,(04)23274275,(04)23288582,2025,8,22,18,46,臺中市,西區,0,3,0,7,1,6,50,5,1,1,5,4,6,6,1,1,10,5,5,2,17,2,9,5,4,C03,7,6,1,10,2,11,,11,11,1,12,4,120.672547,24.131775,2
8475,66000,387130000C,(04)23274275,(04)23288582,2025,8,22,18,47,臺中市,潭子區,0,0,0,7,,,50,,,,,,,,,,,,,,,,,,,B03,,,1,,2,,,8,8,1,13,4,120.709659,24.200718,3
8476,66000,387130000C,(04)23274275,(04)23288582,2025,8,22,18,50,臺中市,南屯區,0,1,0,7,1,6,50,3,1,1,5,4,6,6,4,4,10,5,5,2,17,3,10,3,1,B03,7,5,1,8,2,5,,47,47,1,6,4,120.636371,24.146265,2
8477,66000,387130000C,(04)23274275,(04)23288582,2025,8,22,18,50,臺中市,南屯區,0,0,0,7,,,50,,,,,,,,,,,,,,,,,,,C03,,,1,,1,,,45,45,1,13,4,120.638185,24.139825,3
8478,66000,387130000C,(04)23274275,(04)23288582,2025,8,22,18,52,臺中市,后里區,0,0,0,7,,,50,,,,,,,,,,,,,,12,,,,,B03,,,1,,2,,,50,50,1,12,4,120.722054,24.309041,3
8479,66000,387130000C,(04)23274275,(04)23288582,2025,8,22,18,54,臺中市,外埔區,0,1,0,7,1,6,50,3,4,1,5,4,6,6,2,1,4,4,4,1,13,3,10,3,1,B03,7,9,1,8,2,1,,59,59,1,6,4,120.637232,24.3427,2
8480,66000,387130000C,(04)23274275,(04)23288582,2025,8,22,19,0,臺中市,西屯區,0,0,0,7,,,30,,,,,,,,,,,,,,17,,,,,B03,,,1,,1,,,8,8,1,12,4,120.647469,24.181995,3
8481,66000,387130000C,(04)23274275,(04)23288582,2025,8,22,19,5,臺中市,大雅區,0,1,0,7,1,6,50,4,1,1,5,4,6,6,1,1,8,5,5,1,17,3,10,3,4,B03,7,6,1,8,2,2,,11,11,1,13,4,120.655097,24.235103,2
8482,66000,387130000C,(04)23274275,(04)23288582,2025,8,22,19,6,臺中市,西區,0,0,0,7,,,50,,,,,,,,,,,,,,13,,,,,B03,,,1,,1,,,84,84,1,12,4,120.667532,24.141802,3
8483,66000,387130000C,(04)23274275,(04)23288582,2025,8,22,19,6,臺中市,烏日區,0,0,0,7,1,6,50,13,8,1,5,4,6,6,4,4,1,4,4,1,14,3,10,3,1,B03,7,2,1,8,1,3,,49,49,1,6,4,120.631565,24.109677,3
8484,66000,387130000C,(04)23274275,(04)23288582,2025,8,22,19,10,臺中市,西屯區,0,0,0,7,,,50,,,,,,,,,,,,,,,,,,,C03,,,1,,1,,,7,7,1,12,4,120.65182,24.20652,3
8485,66000,387130000C,(04)23274275,(04)23288582,2025,8,22,19,11,臺中市,中區,0,0,0,7,,,50,,,,,,,,,,,,,,,,,,,B03,,,3,,1,,,7,7,1,6,4,120.676568,24.145044,3
8486,66000,387130000C,(04)23274275,(04)23288582,2025,8,22,19,12,臺中市,沙鹿區,0,2,0,7,1,6,50,3,1,1,5,4,6,6,4,4,10,5,5,2,17,2,7,1,1,C03,7,11,1,10,2,14,,45,45,1,5,4,120.576371,24.224664,2
8487,66000,387130000C,(04)23274275,(04)23288582,2025,8,22,19,25,臺中市,大肚區,0,1,0,7,1,6,50,3,9,1,5,4,6,6,4,4,9,5,5,2,17,2,9,2,1,C03,7,9,1,10,2,14,,6,6,1,6,4,120.575095,24.161168,2
8488,66000,387130000C,(04)23274275,(04)23288582,2025,8,22,19,28,臺中市,神岡區,0,0,0,6,,,30,,,,,,,,,,,,,,16,,,,,B03,,,1,,2,,,14,14,1,12,4,120.693606,24.237071,3
8489,66000,387130000C,(04)23274275,(04)23288582,2025,8,22,19,32,臺中市,南區,0,0,0,7,,,50,,,,,,,,,,,,,,,,,,,B03,,,1,,2,,,45,45,1,6,4,120.664029,24.113455,4
8490,66000,387130000C,(04)23274275,(04)23288582,2025,8,22,19,36,臺中市,南屯區,0,0,0,7,,,50,,,,,,,,,,,,,,13,,,,,B03,,,1,,1,,,84,84,1,12,4,120.627393,24.144827,3
8491,66000,387130000C,(04)23274275,(04)23288582,2025,8,22,19,39,臺中市,太平區,0,2,0,7,1,6,50,3,1,1,5,4,6,6,4,4,5,5,4,1,3,2,7,6,5,H01,8,18,7,21,10,17,,95,95,1,6,5,120.726496,24.133954,2
8492,66000,387130000C,(04)23274275,(04)23288582,2025,8,22,19,43,臺中市,西屯區,0,0,0,7,,,30,,,,,,,,,,,,,,17,,,,,B03,,,1,,1,,,49,49,1,12,4,120.654756,24.161118,3
8493,66000,387130000C,(04)23274275,(04)23288582,2025,8,22,19,45,臺中市,北屯區,0,0,0,7,,,50,,,,,,,,,,,,,,13,,,,,B01,,,1,,2,,,49,49,1,12,4,120.704621,24.186555,3
8494,66000,387130000C,(04)23274275,(04)23288582,2025,8,22,19,56,臺中市,北屯區,0,1,0,7,1,6,50,5,2,1,5,4,6,6,1,1,5,5,5,2,16,3,10,1,1,C03,7,1,1,10,2,13,,51,51,1,12,4,120.680486,24.196626,2
8495,66000,387130000C,(04)23274275,(04)23288582,2025,8,22,19,58,臺中市,大里區,0,1,0,7,1,6,50,4,1,1,5,4,6,6,4,4,5,5,4,1,14,3,10,3,1,B03,7,2,1,8,2,3,,49,49,1,13,4,120.685257,24.110237,2
8496,66000,387130000C,(04)23274275,(04)23288582,2025,8,22,20,5,臺中市,太平區,0,0,0,7,,,50,,,,,,,,,,,,,,,,,,,B03,,,1,,2,,,49,49,1,6,4,120.71946,24.158261,3
8497,66000,387130000C,(04)23274275,(04)23288582,2025,8,22,20,9,臺中市,南屯區,0,0,0,7,,,60,,,,,,,,,,,,,,11,,,,,B03,,,1,,1,,,8,8,1,12,4,120.616286,24.146186,3
8498,66000,387130000C,(04)23274275,(04)23288582,2025,8,22,20,10,臺中市,南屯區,0,0,0,7,,,50,,,,,,,,,,,,,,14,,,,,B03,,,1,,2,,,49,49,1,6,4,120.642843,24.14401,3
8499,66000,387130000C,(04)23274275,(04)23288582,2025,8,22,20,18,臺中市,東區,0,1,0,7,1,6,50,4,1,1,5,4,6,6,4,4,10,5,5,2,15,2,9,1,1,C03,7,9,1,10,2,12,,15,15,1,12,4,120.698284,24.128781,2
8500,66000,387130000C,(04)23274275,(04)23288582,2025,8,22,20,19,臺中市,北區,0,1,0,7,1,6,50,3,1,1,5,4,6,6,2,1,10,5,5,2,17,2,8,1,1,C03,7,5,1,10,2,12,,84,84,1,12,4,120.698877,24.154143,2
8501,66000,387130000C,(04)23274275,(04)23288582,2025,8,22,20,19,臺中市,沙鹿區,0,0,0,6,,,40,,,,,,,,,,,,,,,,,,,B03,,,1,,2,,,49,49,1,13,4,120.571914,24.233754,3
8502,66000,387130000C,(04)23274275,(04)23288582,2025,8,22,20,20,臺中市,神岡區,0,0,0,7,,,50,,,,,,,,,,,,,,13,,,,,B03,,,1,,1,,,56,56,1,12,4,120.69913,24.248841,3
8503,66000,387130000C,(04)23274275,(04)23288582,2025,8,22,20,22,臺中市,西屯區,0,0,0,7,,,30,,,,,,,,,,,,,,14,,,,,B03,,,1,,11,,,49,49,1,13,4,120.649448,24.156049,3
8504,66000,387130000C,(04)23274275,(04)23288582,2025,8,22,20,22,臺中市,太平區,0,1,0,7,1,6,50,5,1,1,5,4,6,6,2,1,10,5,5,2,15,3,10,2,1,C03,7,9,1,10,2,11,,21,21,1,12,4,120.721945,24.144927,2
8505,66000,387130000C,(04)23274275,(04)23288582,2025,8,22,20,25,臺中市,霧峰區,0,0,0,7,,,50,,,,,,,,,,,,,,,,,,,,,,,,,,,119,119,1,,,120.699309,24.06824,3
8506,66000,387130000C,(04)23274275,(04)23288582,2025,8,22,20,30,臺中市,南屯區,0,1,0,7,1,6,50,4,1,1,5,4,6,6,2,1,10,5,5,2,17,3,10,3,1,B03,7,6,1,8,2,1,,11,11,1,6,4,120.626874,24.116341,2
8507,66000,387130000C,(04)23274275,(04)23288582,2025,8,22,20,30,臺中市,北屯區,0,0,0,7,,,50,,,,,,,,,,,,,,13,,,,,B03,,,1,,1,,,47,47,1,6,4,120.719208,24.175849,4
8508,66000,387130000C,(04)23274275,(04)23288582,2025,8,22,20,30,臺中市,豐原區,0,0,0,7,,,50,,,,,,,,,,,,,,13,,,,,B01,,,1,,2,,,7,7,1,12,4,120.702401,24.251378,4
8509,66000,387130000C,(04)23274275,(04)23288582,2025,8,22,20,33,臺中市,神岡區,0,1,0,7,1,6,50,13,9,1,5,4,6,6,4,4,9,5,5,1,17,3,10,5,4,B03,7,11,1,8,2,6,,45,45,1,12,4,120.675932,24.234238,2
8510,66000,387130000C,(04)23274275,(04)23288582,2025,8,22,20,38,臺中市,西區,0,0,0,7,,,30,,,,,,,,,,,,,,,,,,,B03,,,1,,1,,,43,43,1,12,4,120.657378,24.155313,3
8511,66000,387130000C,(04)23274275,(04)23288582,2025,8,22,20,40,臺中市,北區,0,0,0,7,,,50,,,,,,,,,,,,,,12,,,,,B03,,,1,,1,,,40,40,1,13,4,120.683537,24.162937,3
8512,66000,387130000C,(04)23274275,(04)23288582,2025,8,22,20,43,臺中市,大雅區,0,1,0,7,1,6,50,4,1,1,5,4,6,6,1,1,1,3,4,1,12,3,10,3,1,B03,7,6,1,8,2,5,,11,11,1,13,4,120.653432,24.221104,2
8513,66000,387130000C,(04)23274275,(04)23288582,2025,8,22,20,44,臺中市,西屯區,0,0,0,7,,,50,,,,,,,,,,,,,,12,,,,,B03,,,1,,2,,,51,51,1,13,4,120.664345,24.176124,3
8514,66000,387130000C,(04)23274275,(04)23288582,2025,8,22,20,50,臺中市,梧棲區,0,2,0,7,1,6,30,4,1,1,5,4,6,6,4,4,10,5,5,2,15,2,9,1,1,C03,7,9,3,19,2,11,,12,12,1,6,4,120.531212,24.240582,2
8515,66000,387130000C,(04)23274275,(04)23288582,2025,8,22,20,51,臺中市,西屯區,0,0,0,7,,,50,,,,,,,,,,,,,,14,,,,,B03,,,1,,1,,,59,59,1,12,4,120.647847,24.196114,3
8516,66000,387130000C,(04)23274275,(04)23288582,2025,8,22,20,55,臺中市,大雅區,0,1,0,7,1,6,60,13,9,1,5,4,6,6,4,4,1,3,5,1,17,2,9,1,4,C03,7,9,1,10,2,12,,84,84,1,13,4,120.667265,24.235705,2
8517,66000,387130000C,(04)23274275,(04)23288582,2025,8,22,20,58,臺中市,西屯區,0,1,0,7,1,6,50,4,1,1,5,4,6,6,1,1,5,4,4,2,16,3,10,3,1,B03,7,6,1,8,2,8,,11,11,1,12,4,120.637283,24.173182,2
8518,66000,387130000C,(04)23274275,(04)23288582,2025,8,22,21,0,臺中市,烏日區,0,0,0,7,,,30,,,,,,,,,,,,,,14,,,,,B03,,,1,,1,,,49,49,1,6,4,120.616372,24.110954,3
8519,66000,387130000C,(04)23274275,(04)23288582,2025,8,22,21,0,臺中市,烏日區,0,0,0,7,,,70,,,,,,,,,,,,,,13,,,,,B03,,,3,,2,,,7,7,1,6,4,120.604008,24.109443,3
8520,66000,387130000C,(04)23274275,(04)23288582,2025,8,22,21,4,臺中市,北屯區,0,0,0,7,,,50,,,,,,,,,,,,,,13,,,,,B03,,,1,,1,,,59,59,1,12,4,120.72281,24.161586,3
8521,66000,387130000C,(04)23274275,(04)23288582,2025,8,22,21,7,臺中市,北屯區,0,0,0,7,,,50,,,,,,,,,,,,,,17,,,,,B12,,,1,,2,,,48,48,1,12,4,120.665883,24.190574,3
8522,66000,387130000C,(04)23274275,(04)23288582,2025,8,22,21,16,臺中市,南屯區,0,1,0,7,1,6,50,13,7,1,5,4,6,6,4,4,5,5,4,2,13,3,10,3,1,B03,7,9,1,8,2,5,,59,59,1,12,4,120.636134,24.143505,2
8523,66000,387130000C,(04)23274275,(04)23288582,2025,8,22,21,19,臺中市,神岡區,0,1,0,7,1,6,30,4,1,1,5,4,6,6,3,1,10,5,5,2,17,3,10,5,4,B03,7,6,1,8,2,1,,24,24,1,12,4,120.671979,24.255599,2
8524,66000,387130000C,(04)23274275,(04)23288582,2025,8,22,21,27,臺中市,后里區,0,0,0,7,,,50,,,,,,,,,,,,,,17,,,,,C03,,,1,,1,,,58,58,1,6,4,120.674739,24.31693,3
8525,66000,387130000C,(04)23274275,(04)23288582,2025,8,22,21,37,臺中市,西屯區,0,1,0,7,1,6,50,4,1,1,5,4,6,6,1,1,1,4,4,2,15,3,10,5,4,C03,7,9,1,10,2,12,,21,21,1,12,4,120.653258,24.160817,2
8526,66000,387130000C,(04)23274275,(04)23288582,2025,8,22,21,47,臺中市,東勢區,0,1,0,7,2,6,50,5,1,1,5,4,6,6,4,4,10,5,5,2,17,3,10,3,1,B03,7,6,1,8,2,1,,12,12,1,12,4,120.825546,24.258905,2
8527,66000,387130000C,(04)23274275,(04)23288582,2025,8,22,21,59,臺中市,后里區,0,1,0,7,1,6,50,13,7,1,5,4,6,6,4,4,9,4,4,2,17,2,9,1,1,C03,7,6,1,10,2,11,,84,84,1,6,4,120.707017,24.30646,2
8528,66000,387130000C,(04)23274275,(04)23288582,2025,8,22,22,1,臺中市,南屯區,0,0,0,7,,,50,,,,,,,,,,,,,,17,,,,,B02,,,1,,2,,,51,51,1,13,4,120.636942,24.15429,3
8529,66000,387130000C,(04)23274275,(04)23288582,2025,8,22,22,2,臺中市,西區,0,1,0,7,1,6,50,3,7,1,5,4,6,6,1,1,1,3,5,2,13,3,10,5,4,B03,7,9,1,8,2,1,,7,7,1,12,4,120.666157,24.153332,2
8530,66000,387130000C,(04)23274275,(04)23288582,2025,8,22,22,7,臺中市,北屯區,0,0,0,7,,,50,,,,,,,,,,,,,,17,,,,,B12,,,1,,9,,,51,51,2,12,4,120.685464,24.186554,3
8531,66000,387130000C,(04)23274275,(04)23288582,2025,8,22,22,9,臺中市,大里區,0,0,0,7,,,50,,,,,,,,,,,,,,16,,,,,B03,,,1,,2,,,24,24,1,13,4,120.66524,24.096849,3
8532,66000,387130000C,(04)23274275,(04)23288582,2025,8,22,22,12,臺中市,北屯區,0,0,0,7,,,50,,,,,,,,,,,,,,17,,,,,B03,,,1,,1,,,50,50,1,12,4,120.684894,24.168565,3
8533,66000,387130000C,(04)23274275,(04)23288582,2025,8,22,22,13,臺中市,南區,0,2,0,7,1,6,50,13,7,1,5,4,6,6,4,4,5,4,4,2,18,2,9,5,4,C03,7,9,1,10,2,15,,84,84,1,6,4,120.653509,24.121939,2
8534,66000,387130000C,(04)23274275,(04)23288582,2025,8,22,22,15,臺中市,西屯區,0,0,0,7,,,50,,,,,,,,,,,,,,17,,,,,,,,,,,,,119,119,1,,,120.662891,24.172401,3
8535,66000,387130000C,(04)23274275,(04)23288582,2025,8,22,22,20,臺中市,西區,0,0,0,7,,,50,,,,,,,,,,,,,,,,,,,B03,,,3,,9,,,84,84,1,12,4,120.666885,24.129216,3
8536,66000,387130000C,(04)23274275,(04)23288582,2025,8,22,22,30,臺中市,大雅區,0,0,0,7,,,30,,,,,,,,,,,,,,,,,,,B03,,,1,,2,,,85,85,1,13,4,120.669007,24.214704,3
8537,66000,387130000C,(04)23274275,(04)23288582,2025,8,22,22,31,臺中市,西屯區,0,0,0,7,,,50,,,,,,,,,,,,,,17,,,,,C03,,,1,,1,,,84,84,1,12,2,120.645472,24.175895,3
8538,66000,387130000C,(04)23274275,(04)23288582,2025,8,22,22,38,臺中市,西屯區,0,0,0,7,,,50,,,,,,,,,,,,,,17,,,,,B03,,,1,,1,,,8,8,1,12,4,120.644821,24.175041,3
8539,66000,387130000C,(04)23274275,(04)23288582,2025,8,22,22,46,臺中市,北屯區,0,2,0,7,1,6,50,3,1,1,5,4,6,6,2,1,10,5,5,2,13,2,9,2,1,C03,7,9,1,10,2,14,,8,8,1,6,4,120.667056,24.180179,2
8540,66000,387130000C,(04)23274275,(04)23288582,2025,8,22,22,47,臺中市,北屯區,0,0,0,7,,,50,,,,,,,,,,,,,,13,,,,,B03,,,1,,1,,,82,82,1,12,4,120.702846,24.169506,3
8541,66000,387130000C,(04)23274275,(04)23288582,2025,8,22,22,53,臺中市,西屯區,0,1,0,7,1,6,40,3,8,1,5,4,6,6,4,4,1,5,3,2,16,2,9,2,1,C03,7,9,1,10,2,14,,7,7,1,12,4,120.615055,24.183417,2
8542,66000,387130000C,(04)23274275,(04)23288582,2025,8,22,22,54,臺中市,南屯區,0,0,0,7,1,6,40,13,8,1,5,4,6,6,4,4,1,4,4,2,11,3,10,1,1,C03,7,9,1,10,7,11,,53,53,1,12,4,120.636872,24.152349,3
8543,66000,387130000C,(04)23274275,(04)23288582,2025,8,22,23,3,臺中市,北屯區,0,0,0,7,,,50,,,,,,,,,,,,,,17,,,,,,,,,,,,,86,86,1,,,120.709424,24.177155,3
8544,66000,387130000C,(04)23274275,(04)23288582,2025,8,22,23,8,臺中市,東區,0,0,0,7,,,50,,,,,,,,,,,,,,,,,,,B03,,,1,,2,,,51,51,1,13,4,120.687304,24.13531,3
8545,66000,387130000C,(04)23274275,(04)23288582,2025,8,22,23,10,臺中市,龍井區,0,0,0,7,,,30,,,,,,,,,,,,,,,,,,,B03,,,1,,2,,,84,84,1,6,4,120.547859,24.183956,3
8546,66000,387130000C,(04)23274275,(04)23288582,2025,8,22,23,13,臺中市,北區,0,1,0,7,1,6,50,3,2,1,5,4,6,6,4,4,1,4,5,1,16,3,10,3,1,B03,7,5,1,8,2,2,,14,14,1,12,4,120.699398,24.158098,2
8547,66000,387130000C,(04)23274275,(04)23288582,2025,8,22,23,40,臺中市,北區,0,1,0,7,1,6,50,4,1,1,5,4,6,6,3,1,5,5,5,2,15,3,10,3,1,B03,7,9,3,19,2,2,,20,20,1,12,4,120.673636,24.153047,2
8548,66000,387130000C,(04)23274275,(04)23288582,2025,8,22,23,41,臺中市,西屯區,0,1,0,7,1,6,40,4,1,1,5,4,6,6,1,1,10,5,5,2,15,2,9,1,1,C03,7,9,1,10,2,11,,21,21,1,12,4,120.634613,24.164953,2
8549,66000,387130000C,(04)23274275,(04)23288582,2025,8,22,23,53,臺中市,中區,0,0,0,7,,,50,,,,,,,,,,,,,,17,,,,,B03,,,1,,1,,,7,7,1,12,4,120.674256,24.14284,3
8550,66000,387130000C,(04)23274275,(04)23288582,2025,8,22,23,55,臺中市,太平區,0,0,0,7,,,50,,,,,,,,,,,,,,,,,,,B03,,,1,,2,,,56,56,1,12,4,120.732566,24.13578,3
8551,66000,387130000C,(04)23274275,(04)23288582,2025,8,23,0,4,臺中市,北屯區,0,1,0,7,1,6,50,13,9,1,5,4,6,6,4,4,1,4,5,2,16,3,10,3,1,B03,7,5,1,8,2,5,,20,20,1,13,4,120.669756,24.176958,2
8552,66000,387130000C,(04)23274275,(04)23288582,2025,8,23,0,4,臺中市,西屯區,0,1,0,7,1,6,40,4,1,1,5,4,6,6,2,1,1,4,1,2,18,2,9,5,4,C03,7,9,1,11,2,12,,59,59,1,13,4,120.6162,24.170923,2
8553,66000,387130000C,(04)23274275,(04)23288582,2025,8,23,0,25,臺中市,大雅區,0,1,0,7,1,6,60,13,9,1,5,4,6,6,4,4,1,3,5,1,17,2,9,1,4,C03,7,9,1,10,2,11,,7,7,1,13,4,120.654502,24.222502,2
8554,66000,387130000C,(04)23274275,(04)23288582,2025,8,23,0,41,臺中市,北屯區,0,0,0,7,,,40,,,,,,,,,,,,,,,,,,,B03,,,1,,11,,,49,49,1,6,4,120.683817,24.193545,3
8555,66000,387130000C,(04)23274275,(04)23288582,2025,8,23,0,59,臺中市,東區,0,1,0,7,1,6,50,4,1,1,5,4,6,6,1,1,10,5,5,2,13,3,10,5,1,A11,7,14,1,2,2,3,,77,77,1,6,4,120.693024,24.134762,2
8556,66000,387130000C,(04)23274275,(04)23288582,2025,8,23,1,6,臺中市,西屯區,0,1,0,7,1,6,50,4,2,1,5,4,6,6,2,1,10,5,5,2,13,3,10,3,1,B03,7,9,1,8,2,1,,59,59,1,12,4,120.662138,24.165401,2
8557,66000,387130000C,(04)23274275,(04)23288582,2025,8,23,1,57,臺中市,沙鹿區,0,0,0,7,1,6,30,13,9,1,5,4,6,6,4,4,10,5,5,2,12,,,,,B03,,,1,,2,,,50,50,1,12,4,120.574803,24.242261,3
8558,66000,387130000C,(04)23274275,(04)23288582,2025,8,23,2,24,臺中市,大肚區,0,1,0,7,1,6,50,13,9,1,5,4,6,6,4,4,9,5,5,1,17,2,9,1,1,C03,7,9,1,10,2,11,,8,8,1,6,4,120.576801,24.164215,2
8559,66000,387130000C,(04)23274275,(04)23288582,2025,8,23,3,34,臺中市,南區,0,1,0,7,1,6,50,13,9,1,5,4,6,6,4,4,5,5,5,2,12,2,9,2,1,C03,7,9,3,19,2,11,,59,59,1,13,4,120.6842,24.131578,2
8560,66000,387130000C,(04)23274275,(04)23288582,2025,8,23,3,37,臺中市,南屯區,0,2,0,7,1,6,50,4,1,1,5,4,1,6,1,1,10,5,5,2,16,3,10,3,1,B03,7,6,1,8,5,8,,11,11,1,12,4,120.611003,24.145837,2
8561,66000,387130000C,(04)23274275,(04)23288582,2025,8,23,3,40,臺中市,北屯區,0,1,0,7,1,6,50,4,2,1,5,4,6,6,2,1,5,5,5,2,30,2,8,2,1,C03,7,9,1,10,2,11,,55,55,1,12,4,120.703788,24.159735,2
8562,66000,387130000C,(04)23274275,(04)23288582,2025,8,23,5,12,臺中市,大里區,0,0,0,7,,,50,,,,,,,,,,,,,,17,,,,,G06,,,7,,1,,,7,7,1,6,4,120.70337,24.107391,3
8563,66000,387130000C,(04)23274275,(04)23288582,2025,8,23,5,45,臺中市,大甲區,0,1,0,7,1,6,50,13,9,1,5,4,6,6,4,4,9,5,5,1,17,2,9,1,1,C04,7,9,5,19,2,11,,84,84,1,12,4,120.625607,24.342323,2
8564,66000,387130000C,(04)23274275,(04)23288582,2025,8,23,6,0,臺中市,烏日區,0,2,0,7,2,6,50,4,1,1,5,4,6,6,2,1,1,4,5,1,16,2,9,1,1,C03,7,9,5,8,2,11,,21,21,1,6,4,120.63806,24.107875,2
8565,66000,387130000C,(04)23274275,(04)23288582,2025,8,23,6,9,臺中市,豐原區,0,0,0,7,1,6,30,3,2,1,5,4,6,6,4,4,10,5,5,2,11,3,10,1,1,C03,7,9,1,10,1,14,,41,41,1,12,4,120.7186,24.237665,3
8566,66000,387130000C,(04)23274275,(04)23288582,2025,8,23,6,44,臺中市,潭子區,0,0,0,7,3,6,60,4,2,1,5,4,6,6,1,1,10,5,5,2,13,3,10,3,1,B03,7,9,5,19,4,1,,59,59,1,12,4,120.708055,24.227679,3
8567,66000,387130000C,(04)23274275,(04)23288582,2025,8,23,6,57,臺中市,大肚區,0,2,0,7,2,6,40,3,1,1,5,4,6,6,2,1,10,5,5,2,13,2,9,1,1,C03,7,12,1,10,2,13,,84,84,1,6,4,120.582758,24.168266,2
8568,66000,387130000C,(04)23274275,(04)23288582,2025,8,23,7,20,臺中市,沙鹿區,0,1,0,7,2,6,50,3,1,1,5,4,6,6,4,4,10,5,5,2,3,3,10,2,1,C03,7,9,1,10,2,14,,84,84,1,6,4,120.572025,24.21028,2
8569,66000,387130000C,(04)23274275,(04)23288582,2025,8,23,7,22,臺中市,東勢區,0,2,0,7,2,6,50,4,2,1,5,4,6,6,3,1,8,4,5,1,12,2,9,1,1,C03,7,9,1,10,2,11,,84,84,1,12,4,120.855498,24.235837,2
8570,66000,387130000C,(04)23274275,(04)23288582,2025,8,23,7,25,臺中市,西屯區,0,2,0,7,2,6,50,13,9,1,5,4,6,6,4,4,5,5,5,2,16,2,9,4,1,F01,7,1,7,21,1,11,,51,51,1,12,4,120.640291,24.176252,2
8571,66000,387130000C,(04)23274275,(04)23288582,2025,8,23,7,28,臺中市,大里區,0,0,0,7,,,50,,,,,,,,,,,,,,12,,,,,B03,,,1,,1,,,51,51,1,12,4,120.696913,24.089137,3
8572,66000,387130000C,(04)23274275,(04)23288582,2025,8,23,7,35,臺中市,龍井區,0,0,0,7,,,30,,,,,,,,,,,,,,11,,,,,B03,,,1,,1,,,8,8,1,6,4,120.572557,24.179784,3
8573,66000,387130000C,(04)23274275,(04)23288582,2025,8,23,7,39,臺中市,豐原區,0,0,0,7,,,30,,,,,,,,,,,,,,11,,,,,B03,,,1,,2,,,8,8,1,13,4,120.731773,24.271713,3
8574,66000,387130000C,(04)23274275,(04)23288582,2025,8,23,7,40,臺中市,東區,0,0,0,7,,,50,,,,,,,,,,,,,,17,,,,,B02,,,1,,2,,,8,8,1,13,4,120.698082,24.144429,3
8575,66000,387130000C,(04)23274275,(04)23288582,2025,8,23,7,48,臺中市,清水區,0,0,0,7,,,50,,,,,,,,,,,,,,,,,,,C03,,,1,,9,,,8,8,1,12,4,120.574055,24.269318,3
8576,66000,387130000C,(04)23274275,(04)23288582,2025,8,23,7,58,臺中市,東區,0,1,0,7,2,6,50,4,19,1,5,4,6,6,2,1,10,5,5,2,3,3,10,3,1,B02,7,6,1,4,2,8,,10,10,1,12,4,120.697023,24.13703,2
8577,66000,387130000C,(04)23274275,(04)23288582,2025,8,23,8,2,臺中市,沙鹿區,0,2,0,7,2,6,30,3,1,1,5,4,6,6,4,4,10,5,5,2,16,2,8,1,1,C03,7,6,1,10,2,11,14,12,12,1,6,4,120.56616,24.234818,2
8578,66000,387130000C,(04)23274275,(04)23288582,2025,8,23,8,6,臺中市,北屯區,0,0,0,7,,,50,,,,,,,,,,,,,,,,,,,B03,,,1,,1,,,7,7,1,13,4,120.697213,24.170142,3
8579,66000,387130000C,(04)23274275,(04)23288582,2025,8,23,8,8,臺中市,南區,0,0,0,7,,,50,,,,,,,,,,,,,,13,,,,,B12,,,1,,1,,,84,84,1,12,4,120.653455,24.122745,3
8580,66000,387130000C,(04)23274275,(04)23288582,2025,8,23,8,13,臺中市,大甲區,0,2,0,7,3,6,50,3,2,1,5,4,6,6,1,1,5,5,4,1,13,2,9,2,1,F03,7,9,7,21,2,11,,7,7,1,6,4,120.629982,24.353627,2
8581,66000,387130000C,(04)23274275,(04)23288582,2025,8,23,8,16,臺中市,東區,0,2,0,7,2,6,50,13,7,1,5,4,6,6,4,4,9,4,4,2,17,2,9,2,1,C03,7,1,3,19,2,14,,51,51,1,13,4,120.691132,24.147578,2
8582,66000,387130000C,(04)23274275,(04)23288582,2025,8,23,8,17,臺中市,烏日區,0,1,0,7,2,6,60,13,12,1,5,4,6,6,4,4,1,4,4,1,17,3,10,3,1,B03,7,14,1,8,2,7,,77,77,1,6,4,120.633576,24.106266,2
8583,66000,387130000C,(04)23274275,(04)23288582,2025,8,23,8,23,臺中市,沙鹿區,0,0,0,7,,,50,,,,,,,,,,,,,,,,,,,C03,,,1,,1,,,7,7,1,6,4,120.568694,24.223213,3