序號,縣市別代碼,機關代碼,市話,傳真,年,月,日,時,分,縣市,區,死亡數量,受傷數量,2-30,天候,道路照明設備,道路類別,道路速限,道路型態,事故位置,路面鋪裝,路面狀態,路面缺陷,障礙物,視距,號誌種類,號誌動作,分向設施,快車道或一般車道間,快慢車道間,路面邊線,事故類型及型態,受傷程度,主要傷處,保護裝備,行動電話或功能裝置,當事者區分(類別),車輛用途,當事者行動狀態,駕照狀態,駕照種類,飲酒情形,車輛撞擊部位最初,車輛撞擊部位其他,肇事因素個別,肇事因素主要,肇事逃逸,職業,共享經濟或外送平台,GPS座標X,GPS座標Y,事故類別
8810,66000,387130000C,(04)23274275,(04)23288582,2025,8,23,16,0,臺中市,北區,0,0,0,7,,,50,,,,,,,,,,,,,,13,,,,,B01,,,1,,2,,,7,7,1,13,4,120.684368,24.153997,3
8811,66000,387130000C,(04)23274275,(04)23288582,2025,8,23,16,3,臺中市,霧峰區,0,1,0,7,2,6,30,13,9,1,5,4,6,6,4,4,5,4,5,1,16,3,10,3,1,B03,7,5,1,8,2,2,,47,47,1,6,4,120.695543,24.063114,2
8812,66000,387130000C,(04)23274275,(04)23288582,2025,8,23,16,4,臺中市,南屯區,0,0,0,7,,,50,,,,,,,,,,,,,,,,,,,B03,,,1,,1,,,84,84,1,13,4,120.646707,24.150896,3
8813,66000,387130000C,(04)23274275,(04)23288582,2025,8,23,16,5,臺中市,大里區,0,0,0,7,,,50,,,,,,,,,,,,,,16,,,,,B03,,,1,,2,,,14,14,1,13,4,120.68291,24.116464,3
8814,66000,387130000C,(04)23274275,(04)23288582,2025,8,23,16,5,臺中市,太平區,0,2,0,6,2,6,50,13,9,1,5,4,6,6,4,4,5,4,5,1,13,2,3,3,1,B03,7,9,1,8,2,1,,59,59,1,6,4,120.715725,24.133258,2
8815,66000,387130000C,(04)23274275,(04)23288582,2025,8,23,16,10,臺中市,太平區,0,0,0,7,,,50,,,,,,,,,,,,,,,,,,,B03,,,1,,2,,,84,84,1,6,4,120.711541,24.126303,3
8816,66000,387130000C,(04)23274275,(04)23288582,2025,8,23,16,15,臺中市,西屯區,0,0,0,7,,,50,,,,,,,,,,,,,,13,,,,,B12,,,1,,1,,,7,7,1,13,4,120.648382,24.163501,3
8817,66000,387130000C,(04)23274275,(04)23288582,2025,8,23,16,15,臺中市,大肚區,0,1,0,7,3,6,50,13,8,1,5,4,6,6,4,4,5,5,4,2,17,2,7,1,1,F01,7,9,7,21,7,12,,8,8,1,6,4,120.55008,24.147915,2
8818,66000,387130000C,(04)23274275,(04)23288582,2025,8,23,16,18,臺中市,東區,0,0,0,7,,,50,,,,,,,,,,,,,,13,,,,,B03,,,1,,1,,,7,7,1,12,4,120.709301,24.135849,4
8819,66000,387130000C,(04)23274275,(04)23288582,2025,8,23,16,18,臺中市,大里區,0,0,0,7,,,50,,,,,,,,,,,,,,14,,,,,B03,,,1,,2,,,49,49,1,13,4,120.678467,24.099286,3
8820,66000,387130000C,(04)23274275,(04)23288582,2025,8,23,16,22,臺中市,南區,0,0,0,7,,,50,,,,,,,,,,,,,,,,,,,B03,,,1,,1,,,7,7,1,12,4,120.661151,24.121314,3
8821,66000,387130000C,(04)23274275,(04)23288582,2025,8,23,16,22,臺中市,太平區,0,0,0,7,,,50,,,,,,,,,,,,,,,,,,,B02,,,1,,2,,,59,59,1,12,4,120.724834,24.108054,3
8822,66000,387130000C,(04)23274275,(04)23288582,2025,8,23,16,22,臺中市,大甲區,0,0,0,7,,,50,,,,,,,,,,,,,,30,,,,,B03,,,1,,1,,,56,56,1,6,4,120.61882,24.338493,3
8823,66000,387130000C,(04)23274275,(04)23288582,2025,8,23,16,28,臺中市,東區,0,0,0,7,,,50,,,,,,,,,,,,,,,,,,,B03,,,1,,1,,,40,40,1,12,4,120.694199,24.15246,3
8824,66000,387130000C,(04)23274275,(04)23288582,2025,8,23,16,28,臺中市,南區,0,0,0,7,,,50,,,,,,,,,,,,,,,,,,,B03,,,1,,1,,,49,49,1,12,4,120.680023,24.126712,4
8825,66000,387130000C,(04)23274275,(04)23288582,2025,8,23,16,29,臺中市,太平區,0,1,0,6,2,6,30,13,9,1,5,4,6,6,4,4,10,5,5,2,17,2,8,4,1,F01,7,9,7,21,1,12,,84,84,1,12,4,120.739178,24.158873,2
8826,66000,387130000C,(04)23274275,(04)23288582,2025,8,23,16,29,臺中市,沙鹿區,0,0,0,7,,,50,,,,,,,,,,,,,,,,,,,B03,,,1,,2,,,8,8,1,12,4,120.561816,24.243982,3
8827,66000,387130000C,(04)23274275,(04)23288582,2025,8,23,16,30,臺中市,大里區,0,1,0,7,2,6,50,18,24,1,5,4,6,6,4,4,5,5,5,2,18,2,9,5,4,C03,7,15,1,10,2,12,,84,84,1,13,4,120.709161,24.099488,2
8828,66000,387130000C,(04)23274275,(04)23288582,2025,8,23,16,31,臺中市,西區,0,1,0,7,2,6,50,4,1,1,5,4,6,6,2,1,10,5,5,2,13,2,9,1,1,C03,7,9,1,10,2,11,,84,84,1,6,4,120.665166,24.146894,2
8829,66000,387130000C,(04)23274275,(04)23288582,2025,8,23,16,32,臺中市,西屯區,0,0,0,7,,,60,,,,,,,,,,,,,,13,,,,,C03,,,1,,1,,,59,59,1,12,4,120.650392,24.162261,3
8830,66000,387130000C,(04)23274275,(04)23288582,2025,8,23,16,34,臺中市,大里區,0,0,0,7,,,50,,,,,,,,,,,,,,12,,,,,B12,,,1,,9,,,8,8,1,13,4,120.678872,24.111804,3
8831,66000,387130000C,(04)23274275,(04)23288582,2025,8,23,16,35,臺中市,沙鹿區,0,1,0,7,2,6,50,13,9,1,5,4,6,6,4,4,5,5,5,1,13,3,10,1,1,C03,7,9,1,10,2,11,12,7,7,1,6,4,120.570295,24.217181,2
8832,66000,387130000C,(04)23274275,(04)23288582,2025,8,23,16,35,臺中市,豐原區,0,0,0,7,,,50,,,,,,,,,,,,,,17,,,,,C03,,,1,,2,,,78,78,1,12,4,120.717048,24.251806,3
8833,66000,387130000C,(04)23274275,(04)23288582,2025,8,23,16,43,臺中市,后里區,0,0,0,7,2,6,40,13,9,1,5,4,6,6,4,4,,5,5,1,20,,,,,B03,,,1,,2,,,59,59,1,6,4,120.706474,24.302495,3
8834,66000,387130000C,(04)23274275,(04)23288582,2025,8,23,16,44,臺中市,西屯區,0,2,0,7,2,6,40,13,7,1,5,4,6,6,1,1,3,2,4,2,13,2,9,2,1,C03,7,9,1,10,2,11,,7,7,1,12,4,120.639083,24.164986,2
8835,66000,387130000C,(04)23274275,(04)23288582,2025,8,23,16,45,臺中市,南區,0,1,0,7,2,6,50,13,7,1,5,4,6,6,4,4,1,4,4,2,13,2,9,2,1,C03,7,8,1,10,2,11,,7,7,1,12,4,120.651325,24.112361,2
8836,66000,387130000C,(04)23274275,(04)23288582,2025,8,23,16,47,臺中市,西屯區,0,0,0,7,,,50,,,,,,,,,,,,,,17,,,,,,,,,,,,,119,119,1,,5,120.626271,24.185609,3
8837,66000,387130000C,(04)23274275,(04)23288582,2025,8,23,16,49,臺中市,神岡區,0,0,0,7,,,50,,,,,,,,,,,,,,30,,,,,B03,,,1,,2,,,51,51,1,12,4,120.696586,24.248576,3
8838,66000,387130000C,(04)23274275,(04)23288582,2025,8,23,16,50,臺中市,北區,0,0,0,7,,,50,,,,,,,,,,,,,,,,,,,B03,,,1,,1,,,48,48,1,12,4,120.66922,24.164911,3
8839,66000,387130000C,(04)23274275,(04)23288582,2025,8,23,16,50,臺中市,北區,0,0,0,7,,,40,,,,,,,,,,,,,,,,,,,C03,,,1,,9,,,78,78,1,12,4,120.674197,24.163775,3
8840,66000,387130000C,(04)23274275,(04)23288582,2025,8,23,16,50,臺中市,北屯區,0,0,0,7,2,6,50,13,9,1,5,4,6,6,4,4,10,5,5,2,13,3,10,5,4,A11,7,9,1,1,2,1,,59,59,1,12,4,120.671342,24.189352,3
8841,66000,387130000C,(04)23274275,(04)23288582,2025,8,23,16,53,臺中市,北區,0,2,0,7,3,6,50,4,2,1,5,4,6,6,1,1,5,5,5,2,17,2,9,1,1,C03,7,6,1,10,2,12,,11,11,1,12,4,120.671757,24.171667,2
8842,66000,387130000C,(04)23274275,(04)23288582,2025,8,23,16,54,臺中市,東區,0,0,0,7,,,50,,,,,,,,,,,,,,,,,,,B01,,,1,,1,,,7,7,1,12,4,120.687808,24.139679,3
8843,66000,387130000C,(04)23274275,(04)23288582,2025,8,23,16,54,臺中市,西屯區,0,1,0,7,2,6,50,4,1,1,5,4,6,6,1,1,1,4,5,2,16,3,10,3,1,B03,7,5,1,8,2,2,,11,11,1,12,4,120.655099,24.176111,2
8844,66000,387130000C,(04)23274275,(04)23288582,2025,8,23,16,55,臺中市,西屯區,0,0,0,7,,,50,,,,,,,,,,,,,,13,,,,,B03,,,1,,1,,,7,7,1,12,4,120.64797,24.174363,3
8845,66000,387130000C,(04)23274275,(04)23288582,2025,8,23,16,56,臺中市,北區,0,0,0,7,,,40,,,,,,,,,,,,,,13,,,,,B01,,,1,,1,,,7,7,1,13,4,120.683508,24.148272,3
8846,66000,387130000C,(04)23274275,(04)23288582,2025,8,23,17,2,臺中市,清水區,0,0,0,7,,,50,,,,,,,,,,,,,,,,,,,C03,,,1,,1,,,84,84,1,12,4,120.578365,24.277852,3
8847,66000,387130000C,(04)23274275,(04)23288582,2025,8,23,17,3,臺中市,大甲區,0,0,0,7,,,50,,,,,,,,,,,,,,,,,,,B03,,,1,,1,,,39,39,1,6,4,120.653064,24.389552,3
8848,66000,387130000C,(04)23274275,(04)23288582,2025,8,23,17,10,臺中市,西屯區,0,0,0,7,,,50,,,,,,,,,,,,,,9,,,,,B03,,,1,,1,,,49,49,1,12,4,120.622285,24.183425,3
8849,66000,387130000C,(04)23274275,(04)23288582,2025,8,23,17,13,臺中市,烏日區,0,1,0,7,2,6,30,3,1,1,5,4,6,6,4,4,10,5,5,2,15,3,10,3,1,B03,7,15,1,8,2,1,,14,14,1,6,4,120.626959,24.104548,2
8850,66000,387130000C,(04)23274275,(04)23288582,2025,8,23,17,17,臺中市,外埔區,0,2,0,7,2,6,50,5,1,1,5,4,6,6,1,1,10,5,5,2,12,2,9,1,1,C03,7,6,3,19,2,14,,11,11,1,12,4,120.665065,24.321865,2
8851,66000,387130000C,(04)23274275,(04)23288582,2025,8,23,17,20,臺中市,南區,0,2,0,7,3,6,50,4,1,1,5,4,6,6,2,1,3,5,5,2,12,3,10,3,1,B03,7,5,1,8,2,5,,11,11,1,6,4,120.669051,24.128577,2
8852,66000,387130000C,(04)23274275,(04)23288582,2025,8,23,17,20,臺中市,北屯區,0,1,0,7,2,6,50,3,1,1,5,4,6,6,4,4,10,5,5,2,16,3,10,1,1,C03,7,6,1,10,2,11,,14,14,1,12,4,120.705885,24.173025,2
8853,66000,387130000C,(04)23274275,(04)23288582,2025,8,23,17,22,臺中市,西區,0,0,0,7,,,50,,,,,,,,,,,,,,,,,,,C03,,,1,,1,,,8,8,1,12,4,120.662004,24.153758,3
8854,66000,387130000C,(04)23274275,(04)23288582,2025,8,23,17,24,臺中市,南屯區,0,0,0,7,,,50,,,,,,,,,,,,,,20,,,,,B03,,,1,,2,,,49,49,1,12,4,120.607152,24.133838,3
8855,66000,387130000C,(04)23274275,(04)23288582,2025,8,23,17,25,臺中市,豐原區,0,0,0,7,,,50,,,,,,,,,,,,,,14,,,,,B03,,,1,,2,,,49,49,1,12,4,120.715342,24.240883,3
8856,66000,387130000C,(04)23274275,(04)23288582,2025,8,23,17,26,臺中市,西區,0,4,0,7,2,6,50,4,1,1,5,4,6,6,1,1,10,5,5,2,15,2,9,3,1,B03,7,9,1,8,2,1,,21,21,1,12,4,120.671994,24.135147,2
8857,66000,387130000C,(04)23274275,(04)23288582,2025,8,23,17,29,臺中市,東勢區,0,2,0,7,3,6,50,4,1,1,5,4,6,6,4,4,5,5,5,1,17,2,8,2,1,C04,7,1,1,8,2,14,,51,51,1,6,4,120.831062,24.249266,2
8858,66000,387130000C,(04)23274275,(04)23288582,2025,8,23,17,30,臺中市,豐原區,0,0,0,7,,,50,,,,,,,,,,,,,,17,,,,,B03,,,1,,2,,,43,43,1,12,4,120.751463,24.270878,3
8859,66000,387130000C,(04)23274275,(04)23288582,2025,8,23,17,32,臺中市,東區,0,0,0,7,,,50,,,,,,,,,,,,,,,,,,,B03,,,1,,9,,,49,49,2,12,4,120.690439,24.132999,3
8860,66000,387130000C,(04)23274275,(04)23288582,2025,8,23,17,35,臺中市,南區,0,0,0,7,,,50,,,,,,,,,,,,,,,,,,,C03,,,1,,2,,,49,49,1,12,4,120.658501,24.12501,3
8861,66000,387130000C,(04)23274275,(04)23288582,2025,8,23,17,35,臺中市,大里區,0,1,0,7,2,6,50,4,1,1,5,4,6,6,1,1,10,5,5,2,16,3,10,1,1,C03,7,6,1,10,2,11,,11,11,1,6,4,120.695823,24.09651,2
8862,66000,387130000C,(04)23274275,(04)23288582,2025,8,23,17,37,臺中市,南區,0,0,0,7,,,40,,,,,,,,,,,,,,13,,,,,C03,,,1,,1,,,7,7,1,12,4,120.653541,24.113792,3
8863,66000,387130000C,(04)23274275,(04)23288582,2025,8,23,17,38,臺中市,北屯區,0,1,0,7,3,6,50,3,2,1,5,4,6,6,4,4,1,4,5,2,12,2,8,1,1,C03,7,8,1,10,2,14,,40,40,1,12,4,120.660171,24.19247,2
8864,66000,387130000C,(04)23274275,(04)23288582,2025,8,23,17,45,臺中市,南屯區,0,1,0,7,2,6,50,13,9,1,5,4,6,6,4,4,9,5,5,2,17,3,10,3,1,B03,7,11,1,8,2,8,,45,45,1,13,4,120.652593,24.136025,2
8865,66000,387130000C,(04)23274275,(04)23288582,2025,8,23,17,48,臺中市,南屯區,0,0,0,7,,,50,,,,,,,,,,,,,,24,,,,,B12,,,5,,11,,,84,84,1,12,4,120.638565,24.135945,3
8866,66000,387130000C,(04)23274275,(04)23288582,2025,8,23,17,50,臺中市,潭子區,0,1,0,7,3,6,50,4,1,1,5,4,6,6,1,1,5,4,4,2,17,3,10,3,1,B03,7,11,1,8,2,4,,84,84,1,13,4,120.703197,24.207223,2
8867,66000,387130000C,(04)23274275,(04)23288582,2025,8,23,17,50,臺中市,大里區,0,0,0,7,,,50,,,,,,,,,,,,,,,,,,,B03,,,1,,2,,,49,49,1,12,4,120.6792,24.100201,3
8868,66000,387130000C,(04)23274275,(04)23288582,2025,8,23,17,51,臺中市,大里區,0,0,0,7,,,50,,,,,,,,,,,,,,17,,,,,C03,,,1,,2,,,78,78,1,12,4,120.695147,24.091165,3
8869,66000,387130000C,(04)23274275,(04)23288582,2025,8,23,17,52,臺中市,豐原區,0,0,0,7,,,50,,,,,,,,,,,,,,13,,,,,A12,,,1,,2,,,7,7,1,12,4,120.753537,24.273149,3
8870,66000,387130000C,(04)23274275,(04)23288582,2025,8,23,17,58,臺中市,西區,0,0,0,7,,,50,,,,,,,,,,,,,,,,,,,B03,,,1,,1,,,84,84,1,6,4,120.666201,24.140524,3
8871,66000,387130000C,(04)23274275,(04)23288582,2025,8,23,18,0,臺中市,西屯區,0,1,0,7,1,6,50,4,1,1,5,4,1,6,2,1,10,5,5,2,16,3,10,3,1,B03,7,5,1,8,1,2,,11,11,1,12,4,120.637283,24.173182,2
8872,66000,387130000C,(04)23274275,(04)23288582,2025,8,23,18,1,臺中市,西屯區,0,0,0,7,,,50,,,,,,,,,,,,,,12,,,,,B03,,,1,,1,,,39,39,1,13,4,120.636462,24.160562,3
8873,66000,387130000C,(04)23274275,(04)23288582,2025,8,23,18,10,臺中市,霧峰區,0,1,0,7,2,6,50,4,1,1,5,4,6,6,4,4,10,5,5,2,16,2,9,1,1,C03,7,6,1,10,2,14,,14,14,1,12,4,120.697886,24.064696,2
8874,66000,387130000C,(04)23274275,(04)23288582,2025,8,23,18,11,臺中市,北區,0,0,0,7,,,50,,,,,,,,,,,,,,,,,,,C03,,,1,,1,,,49,49,1,12,4,120.688958,24.153269,3
8875,66000,387130000C,(04)23274275,(04)23288582,2025,8,23,18,15,臺中市,西屯區,0,1,0,7,1,6,50,3,2,1,5,4,6,6,1,1,5,4,5,2,17,2,9,1,1,C03,7,9,1,10,2,11,,7,7,1,12,4,120.637037,24.172111,2
8876,66000,387130000C,(04)23274275,(04)23288582,2025,8,23,18,16,臺中市,太平區,0,0,0,7,,,50,,,,,,,,,,,,,,,,,,,C03,,,1,,2,,,7,7,1,6,4,120.71574,24.119158,3
8877,66000,387130000C,(04)23274275,(04)23288582,2025,8,23,18,20,臺中市,霧峰區,0,0,0,7,,,40,,,,,,,,,,,,,,17,,,,,B03,,,1,8,2,,,84,84,1,13,4,120.699555,24.071583,3
8878,66000,387130000C,(04)23274275,(04)23288582,2025,8,23,18,25,臺中市,北區,0,1,0,7,1,6,50,4,1,1,5,4,6,6,4,4,5,5,5,2,15,3,10,3,1,B03,7,9,1,8,2,5,,12,12,1,13,4,120.673655,24.158459,2
8879,66000,387130000C,(04)23274275,(04)23288582,2025,8,23,18,36,臺中市,南屯區,0,0,0,7,,,50,,,,,,,,,,,,,,,,,,,B11,,,1,,2,,,84,84,1,13,4,120.651186,24.152665,3
8880,66000,387130000C,(04)23274275,(04)23288582,2025,8,23,18,42,臺中市,太平區,0,1,0,7,1,6,50,13,9,1,5,4,6,6,4,4,9,5,5,1,16,2,9,1,1,C03,7,4,1,10,2,11,,1,1,1,6,2,120.710209,24.159864,2
8881,66000,387130000C,(04)23274275,(04)23288582,2025,8,23,18,48,臺中市,太平區,0,0,0,7,,,40,,,,,,,,,,,,,,,,,,,B03,,,1,,2,,,59,59,1,6,4,120.726719,24.114875,3
8882,66000,387130000C,(04)23274275,(04)23288582,2025,8,23,18,51,臺中市,西屯區,0,2,0,7,1,6,50,4,4,1,5,4,6,6,1,1,3,4,3,2,13,2,7,1,1,C03,7,9,1,10,2,11,,7,7,1,12,4,120.64935,24.162526,2
8883,66000,387130000C,(04)23274275,(04)23288582,2025,8,23,18,58,臺中市,南區,0,0,0,7,,,50,,,,,,,,,,,,,,,,,,,B03,,,5,,1,,,50,50,1,12,4,120.650662,24.1157,3
8884,66000,387130000C,(04)23274275,(04)23288582,2025,8,23,19,10,臺中市,北屯區,0,1,0,7,1,6,30,5,1,1,5,4,6,6,1,1,10,5,5,2,17,3,10,3,1,B03,7,6,1,4,2,8,,58,58,1,6,4,120.709492,24.171224,2
8885,66000,387130000C,(04)23274275,(04)23288582,2025,8,23,19,10,臺中市,梧棲區,0,2,0,7,1,6,60,13,9,1,5,4,6,6,1,1,1,2,5,1,16,3,10,3,1,B03,7,5,1,8,2,16,,47,47,1,6,4,120.534702,24.246675,2
8886,66000,387130000C,(04)23274275,(04)23288582,2025,8,23,19,14,臺中市,北屯區,0,0,0,7,,,50,,,,,,,,,,,,,,16,,,,,B03,,,3,19,1,,,48,48,1,12,4,120.715533,24.163955,3
8887,66000,387130000C,(04)23274275,(04)23288582,2025,8,23,19,15,臺中市,西屯區,0,0,0,7,,,40,,,,,,,,,,,,,,16,,,,,B03,,,1,,1,,,59,59,1,12,4,120.602633,24.182917,3
8888,66000,387130000C,(04)23274275,(04)23288582,2025,8,23,19,18,臺中市,西屯區,0,0,0,7,,,30,,,,,,,,,,,,,,21,,,,,B03,,,1,,2,,,8,8,1,12,4,120.651021,24.160686,3
8889,66000,387130000C,(04)23274275,(04)23288582,2025,8,23,19,20,臺中市,西區,0,0,0,7,,,50,,,,,,,,,,,,,,,,,,,C03,,,1,,1,,,7,7,1,12,4,120.655434,24.15132,3
8890,66000,387130000C,(04)23274275,(04)23288582,2025,8,23,19,26,臺中市,北屯區,0,3,0,7,1,6,50,4,1,1,5,4,6,6,2,1,10,5,5,2,16,2,5,3,1,B03,7,6,1,8,2,2,,11,11,1,12,4,120.668248,24.197949,2
8891,66000,387130000C,(04)23274275,(04)23288582,2025,8,23,19,29,臺中市,南屯區,0,0,0,6,,,50,,,,,,,,,,,,,,17,,,,,B03,,,1,,1,,,8,8,1,12,4,120.64982,24.15081,3
8892,66000,387130000C,(04)23274275,(04)23288582,2025,8,23,19,30,臺中市,北區,0,1,0,7,1,6,40,13,9,1,5,4,6,6,4,4,1,4,4,2,17,2,7,1,1,C03,7,9,1,10,2,14,,7,7,1,12,4,120.671318,24.173655,2
8893,66000,387130000C,(04)23274275,(04)23288582,2025,8,23,19,31,臺中市,北區,0,1,0,7,1,6,40,13,8,1,5,4,6,6,4,4,1,4,4,2,13,2,8,1,1,F03,7,9,7,21,2,11,,84,84,1,12,4,120.686775,24.154916,2
8894,66000,387130000C,(04)23274275,(04)23288582,2025,8,23,19,31,臺中市,南區,0,0,0,7,,,50,,,,,,,,,,,,,,,,,,,C03,,,1,,2,,,84,84,1,12,4,120.679895,24.128958,3
8895,66000,387130000C,(04)23274275,(04)23288582,2025,8,23,19,40,臺中市,清水區,0,0,0,7,1,6,40,13,8,1,5,4,6,6,4,4,8,3,3,1,12,,,,,B03,,,1,,1,,,51,51,1,12,4,120.557376,24.274072,3
8896,66000,387130000C,(04)23274275,(04)23288582,2025,8,23,19,41,臺中市,北屯區,0,0,0,7,,,50,,,,,,,,,,,,,,17,,,,,B02,,,1,,2,,,51,51,1,12,4,120.689817,24.171456,3
8897,66000,387130000C,(04)23274275,(04)23288582,2025,8,23,19,44,臺中市,西區,0,1,0,7,2,6,50,4,1,1,5,4,6,6,1,1,10,5,5,2,16,3,10,3,1,B03,7,5,1,8,2,2,,11,11,1,12,4,120.665275,24.147883,2
8898,66000,387130000C,(04)23274275,(04)23288582,2025,8,23,19,48,臺中市,北區,0,0,0,7,,,,,,,,,,,,,,,,,28,,,,,,,,,,,,,118,118,1,,5,120.701372,24.156322,3
8899,66000,387130000C,(04)23274275,(04)23288582,2025,8,23,19,48,臺中市,梧棲區,0,1,0,7,1,6,60,3,1,1,5,4,6,6,4,4,1,4,5,2,16,2,9,1,1,F03,7,9,7,21,6,14,,59,59,1,6,4,120.540269,24.259674,2
8900,66000,387130000C,(04)23274275,(04)23288582,2025,8,23,19,53,臺中市,太平區,0,0,0,7,,,50,,,,,,,,,,,,,,13,,,,,B03,,,1,,2,,,7,7,1,6,4,120.713045,24.125552,3
8901,66000,387130000C,(04)23274275,(04)23288582,2025,8,23,19,53,臺中市,豐原區,0,1,0,7,1,6,50,13,9,1,5,4,6,6,4,4,9,5,5,2,17,2,9,1,1,C03,7,9,1,10,2,16,,84,84,1,12,4,120.718654,24.247582,2
8902,66000,387130000C,(04)23274275,(04)23288582,2025,8,23,19,55,臺中市,潭子區,0,0,0,6,,,40,,,,,,,,,,,,,,,,,,,B03,,,1,,2,,,84,84,1,13,4,120.722224,24.224352,3
8903,66000,387130000C,(04)23274275,(04)23288582,2025,8,23,19,59,臺中市,潭子區,0,0,0,6,,,30,,,,,,,,,,,,,,,,,,,B03,,,1,,2,,,84,84,1,13,4,120.694425,24.218344,3
8904,66000,387130000C,(04)23274275,(04)23288582,2025,8,23,20,15,臺中市,大雅區,0,1,0,7,1,6,40,3,1,1,5,4,6,6,4,4,10,5,5,2,17,2,7,2,1,C03,7,6,1,10,2,11,,48,48,1,12,4,120.644228,24.206739,2
8905,66000,387130000C,(04)23274275,(04)23288582,2025,8,23,20,17,臺中市,梧棲區,0,1,0,7,1,6,70,3,1,1,5,4,6,6,1,1,10,5,5,2,16,3,10,3,1,B03,7,5,1,8,2,2,,47,47,1,6,4,120.547726,24.245631,2
8906,66000,387130000C,(04)23274275,(04)23288582,2025,8,23,20,20,臺中市,北屯區,0,0,0,7,,,50,,,,,,,,,,,,,,17,,,,,C03,,,1,,1,,,50,50,1,6,4,120.685848,24.169634,3
8907,66000,387130000C,(04)23274275,(04)23288582,2025,8,23,20,20,臺中市,西屯區,0,0,0,7,,,50,,,,,,,,,,,,,,14,,,,,B03,,,1,,1,,,49,49,1,12,4,120.647384,24.159428,3
8908,66000,387130000C,(04)23274275,(04)23288582,2025,8,23,20,21,臺中市,西區,0,0,0,7,,,30,,,,,,,,,,,,,,,,,,,B03,,,1,,1,,,50,50,1,6,4,120.66301,24.1355,3
8909,66000,387130000C,(04)23274275,(04)23288582,2025,8,23,20,22,臺中市,大里區,0,1,0,7,1,6,50,13,9,1,5,4,6,6,4,4,5,4,5,1,18,2,9,5,4,C03,7,9,1,10,2,14,,84,84,1,13,4,120.688273,24.102603,2
8910,66000,387130000C,(04)23274275,(04)23288582,2025,8,23,20,22,臺中市,豐原區,0,0,0,7,,,50,,,,,,,,,,,,,,17,,,,,B03,,,1,,2,,,50,50,1,12,4,120.719556,24.251665,3
8911,66000,387130000C,(04)23274275,(04)23288582,2025,8,23,21,0,臺中市,沙鹿區,0,0,0,7,1,6,60,4,7,1,5,4,6,6,1,1,1,3,1,2,12,,,,,B02,,,1,,2,,,40,40,1,12,4,120.562399,24.240498,3
8912,66000,387130000C,(04)23274275,(04)23288582,2025,8,23,21,3,臺中市,西區,0,1,0,7,1,6,50,4,2,1,5,4,6,6,2,1,5,5,5,1,17,3,10,3,1,B03,7,3,1,8,2,6,,50,50,1,13,4,120.659809,24.154721,2
8913,66000,387130000C,(04)23274275,(04)23288582,2025,8,23,21,11,臺中市,東區,0,0,0,7,,,40,,,,,,,,,,,,,,14,,,,,B03,,,1,,1,,,49,49,1,12,4,120.697593,24.138848,3
8914,66000,387130000C,(04)23274275,(04)23288582,2025,8,23,21,11,臺中市,豐原區,0,0,0,7,,,30,,,,,,,,,,,,,,17,,,,,C03,,,1,,2,,,84,84,1,12,4,120.721134,24.251651,3
8915,66000,387130000C,(04)23274275,(04)23288582,2025,8,23,21,14,臺中市,大肚區,0,1,0,7,1,6,50,13,9,1,5,4,6,6,4,4,9,5,5,1,18,2,9,2,1,C03,7,9,1,10,2,12,,43,43,1,12,4,120.571858,24.155836,2
8916,66000,387130000C,(04)23274275,(04)23288582,2025,8,23,21,17,臺中市,沙鹿區,0,2,0,7,1,6,50,3,1,1,5,4,6,6,4,4,10,5,5,2,17,2,7,1,1,C03,7,6,1,10,1,11,,14,14,1,12,4,120.571866,24.216146,2
8917,66000,387130000C,(04)23274275,(04)23288582,2025,8,23,21,18,臺中市,西屯區,0,1,0,7,1,6,50,13,8,1,5,4,6,6,4,4,5,4,4,2,16,3,10,3,1,B03,7,5,1,8,1,2,,20,20,1,12,4,120.637592,24.172848,2
8918,66000,387130000C,(04)23274275,(04)23288582,2025,8,23,21,30,臺中市,南區,0,2,0,7,1,6,50,4,1,1,5,4,6,6,2,1,3,4,5,2,13,2,9,1,1,C03,7,9,1,10,2,12,,7,7,1,12,4,120.658228,24.117583,2
8919,66000,387130000C,(04)23274275,(04)23288582,2025,8,23,21,40,臺中市,沙鹿區,0,0,0,7,,,50,,,,,,,,,,,,,,15,,,,,C03,,,1,,2,,,15,15,1,12,4,120.558464,24.236745,4
8920,66000,387130000C,(04)23274275,(04)23288582,2025,8,23,21,43,臺中市,太平區,0,2,0,7,1,6,30,3,1,1,5,4,6,6,4,4,10,5,5,2,16,3,10,3,1,B03,7,6,1,8,2,4,,65,65,1,13,4,120.717299,24.143559,2
8921,66000,387130000C,(04)23274275,(04)23288582,2025,8,23,21,50,臺中市,西屯區,0,0,0,7,,,50,,,,,,,,,,,,,,17,,,,,B03,,,1,,2,,,59,59,1,12,4,120.648767,24.168809,3
8922,66000,387130000C,(04)23274275,(04)23288582,2025,8,23,21,51,臺中市,潭子區,0,0,0,7,,,50,,,,,,,,,,,,,,,,,,,B03,,,1,,2,,,40,40,1,12,4,120.723667,24.218003,3
8923,66000,387130000C,(04)23274275,(04)23288582,2025,8,23,21,52,臺中市,南區,0,0,0,7,,,50,,,,,,,,,,,,,,,,,,,B03,,,1,,1,,,7,7,1,6,4,120.652004,24.118419,4