序號,縣市別代碼,機關代碼,市話,傳真,年,月,日,時,分,縣市,區,死亡數量,受傷數量,2-30,天候,道路照明設備,道路類別,道路速限,道路型態,事故位置,路面鋪裝,路面狀態,路面缺陷,障礙物,視距,號誌種類,號誌動作,分向設施,快車道或一般車道間,快慢車道間,路面邊線,事故類型及型態,受傷程度,主要傷處,保護裝備,行動電話或功能裝置,當事者區分(類別),車輛用途,當事者行動狀態,駕照狀態,駕照種類,飲酒情形,車輛撞擊部位最初,車輛撞擊部位其他,肇事因素個別,肇事因素主要,肇事逃逸,職業,共享經濟或外送平台,GPS座標X,GPS座標Y,事故類別
9599,66000,387130000C,(04)23274275,(04)23288582,2025,8,25,19,18,臺中市,北屯區,0,0,0,7,,,50,,,,,,,,,,,,,,13,,,,,B03,,,1,8,2,,,84,84,1,12,4,120.689056,24.163151,3
9600,66000,387130000C,(04)23274275,(04)23288582,2025,8,25,19,23,臺中市,神岡區,0,0,0,7,,,50,,,,,,,,,,,,,,13,,,,,B03,,,1,,1,,,84,84,1,13,4,120.692608,24.248189,3
9601,66000,387130000C,(04)23274275,(04)23288582,2025,8,25,19,35,臺中市,大雅區,0,0,0,7,,,40,,,,,,,,,,,,,,13,,,,,B03,,,1,,1,,,7,7,1,12,4,120.650927,24.209863,3
9602,66000,387130000C,(04)23274275,(04)23288582,2025,8,25,19,36,臺中市,大里區,0,0,0,7,,,50,,,,,,,,,,,,,,,,,,,B03,,,1,,2,,,51,51,1,12,4,120.690308,24.102498,3
9603,66000,387130000C,(04)23274275,(04)23288582,2025,8,25,19,40,臺中市,后里區,0,0,0,7,2,6,40,13,2,1,5,4,6,6,4,4,5,5,5,1,12,3,10,3,1,B03,7,1,1,8,1,8,,51,51,1,12,4,120.715277,24.30604,3
9604,66000,387130000C,(04)23274275,(04)23288582,2025,8,25,19,44,臺中市,太平區,0,0,0,7,,,50,,,,,,,,,,,,,,16,,,,,B03,,,1,,1,,,14,14,1,12,4,120.713302,24.151843,3
9605,66000,387130000C,(04)23274275,(04)23288582,2025,8,25,19,45,臺中市,西區,0,1,0,7,1,6,50,3,1,1,5,4,6,6,4,4,10,5,5,2,17,3,10,1,1,C03,7,9,1,10,9,16,,68,68,1,12,4,120.654638,24.140539,2
9606,66000,387130000C,(04)23274275,(04)23288582,2025,8,25,19,47,臺中市,梧棲區,0,0,0,7,,,40,,,,,,,,,,,,,,13,,,,,B03,,,1,,1,,,84,84,1,6,4,120.537122,24.251288,3
9607,66000,387130000C,(04)23274275,(04)23288582,2025,8,25,19,49,臺中市,北屯區,0,0,0,7,,,30,,,,,,,,,,,,,,17,,,,,B03,,,1,,2,,,59,59,1,12,4,120.68921,24.167925,3
9608,66000,387130000C,(04)23274275,(04)23288582,2025,8,25,19,53,臺中市,西區,0,0,0,7,,,30,,,,,,,,,,,,,,14,,,,,B03,,,1,,1,,,49,49,1,12,4,120.662837,24.149938,3
9609,66000,387130000C,(04)23274275,(04)23288582,2025,8,25,19,57,臺中市,大里區,0,1,0,7,1,6,50,3,2,1,5,4,4,6,4,4,5,5,4,1,2,2,8,6,5,H01,8,16,7,21,10,17,,109,109,1,6,5,120.677017,24.099782,2
9610,66000,387130000C,(04)23274275,(04)23288582,2025,8,25,20,0,臺中市,大里區,0,0,0,7,,,50,,,,,,,,,,,,,,,,,,,C04,,,1,,2,,,38,38,1,12,4,120.692224,24.114931,3
9611,66000,387130000C,(04)23274275,(04)23288582,2025,8,25,20,1,臺中市,梧棲區,0,0,0,7,,,70,,,,,,,,,,,,,,16,,,,,B03,,,1,,2,,,40,40,1,6,4,120.548856,24.245191,3
9612,66000,387130000C,(04)23274275,(04)23288582,2025,8,25,20,3,臺中市,太平區,0,0,0,7,,,50,,,,,,,,,,,,,,,,,,,C03,,,1,,1,,,35,35,1,12,4,120.724586,24.149461,3
9613,66000,387130000C,(04)23274275,(04)23288582,2025,8,25,20,6,臺中市,西區,0,0,0,7,,,50,,,,,,,,,,,,,,,,,,,B03,,,1,,2,,,84,84,1,6,4,120.671812,24.140644,3
9614,66000,387130000C,(04)23274275,(04)23288582,2025,8,25,20,13,臺中市,清水區,0,0,0,7,,,70,,,,,,,,,,,,,,,,,,,B03,,,1,,2,,,58,58,1,12,4,120.603478,24.311347,3
9615,66000,387130000C,(04)23274275,(04)23288582,2025,8,25,20,17,臺中市,沙鹿區,0,0,0,7,,,50,,,,,,,,,,,,,,17,,,,,B03,,,1,,2,,,8,8,1,6,4,120.573495,24.224551,3
9616,66000,387130000C,(04)23274275,(04)23288582,2025,8,25,20,20,臺中市,霧峰區,0,1,0,7,1,6,60,3,1,1,5,4,6,6,1,1,10,5,5,2,17,3,10,3,1,B03,7,6,1,10,2,8,,20,20,1,6,4,120.697077,24.029527,2
9617,66000,387130000C,(04)23274275,(04)23288582,2025,8,25,20,22,臺中市,烏日區,0,0,0,7,2,6,50,3,8,1,5,4,6,6,1,1,1,4,4,2,30,3,10,3,1,B02,7,5,1,8,2,5,,85,85,1,6,4,120.615814,24.11615,3
9618,66000,387130000C,(04)23274275,(04)23288582,2025,8,25,20,26,臺中市,中區,0,0,0,7,,,50,,,,,,,,,,,,,,,,,,,C03,,,1,,1,,,36,36,1,12,4,120.681747,24.144666,3
9619,66000,387130000C,(04)23274275,(04)23288582,2025,8,25,20,29,臺中市,西屯區,0,0,0,7,,,30,,,,,,,,,,,,,,17,,,,,,,,,,,,,119,119,1,,,120.652311,24.171296,3
9620,66000,387130000C,(04)23274275,(04)23288582,2025,8,25,20,30,臺中市,大肚區,0,0,0,7,,,50,,,,,,,,,,,,,,,,,,,B03,,,1,,2,,,87,87,1,6,4,120.5762,24.118946,3
9621,66000,387130000C,(04)23274275,(04)23288582,2025,8,25,20,37,臺中市,北屯區,0,2,0,7,1,3,80,13,9,1,5,4,6,6,4,4,3,4,5,2,12,2,9,3,1,B03,7,8,1,8,2,7,,40,40,1,13,4,120.72003,24.16438,2
9622,66000,387130000C,(04)23274275,(04)23288582,2025,8,25,20,38,臺中市,西區,0,0,0,6,,,50,,,,,,,,,,,,,,,,,,,B03,,,1,,2,,,56,56,1,12,4,120.671994,24.135147,3
9623,66000,387130000C,(04)23274275,(04)23288582,2025,8,25,20,45,臺中市,豐原區,0,0,0,7,,,50,,,,,,,,,,,,,,17,,,,,B03,,,1,,2,,,50,50,1,13,4,120.714798,24.249613,3
9624,66000,387130000C,(04)23274275,(04)23288582,2025,8,25,20,51,臺中市,南屯區,0,0,0,7,,,50,,,,,,,,,,,,,,,,,,,B03,,,1,,1,,,84,84,1,13,4,120.653038,24.135749,3
9625,66000,387130000C,(04)23274275,(04)23288582,2025,8,25,20,53,臺中市,北區,0,1,0,7,1,6,50,13,9,1,5,4,6,6,1,1,10,4,5,2,17,3,10,5,4,B03,7,15,1,8,2,4,,42,42,1,13,4,120.698191,24.155707,2
9626,66000,387130000C,(04)23274275,(04)23288582,2025,8,25,20,54,臺中市,南屯區,0,0,0,7,,,50,,,,,,,,,,,,,,17,,,,,B03,,,1,,1,,,51,51,1,6,4,120.615577,24.149938,3
9627,66000,387130000C,(04)23274275,(04)23288582,2025,8,25,21,2,臺中市,霧峰區,0,1,0,5,1,6,50,4,1,1,4,4,6,6,1,1,9,5,5,1,18,2,9,1,1,C03,7,9,1,10,2,14,,84,84,1,12,4,120.701339,24.067095,2
9628,66000,387130000C,(04)23274275,(04)23288582,2025,8,25,21,8,臺中市,北區,0,0,0,6,,,50,,,,,,,,,,,,,,,,,,,C03,,,1,,11,,,84,84,1,13,4,120.685079,24.151991,3
9629,66000,387130000C,(04)23274275,(04)23288582,2025,8,25,21,9,臺中市,北屯區,0,0,0,7,,,50,,,,,,,,,,,,,,17,,,,,B03,,,1,,2,,,51,51,1,6,4,120.705105,24.188385,3
9630,66000,387130000C,(04)23274275,(04)23288582,2025,8,25,21,11,臺中市,西屯區,0,1,0,7,1,6,50,3,1,1,5,4,6,6,4,4,10,5,5,2,15,3,10,5,4,B03,7,9,5,8,2,1,,12,12,1,12,4,120.636815,24.179053,2
9631,66000,387130000C,(04)23274275,(04)23288582,2025,8,25,21,12,臺中市,霧峰區,0,2,0,5,1,6,50,4,1,1,4,4,6,6,1,1,10,5,5,2,15,2,8,2,1,C03,7,9,1,10,2,11,,21,21,1,5,4,120.701598,24.070631,2
9632,66000,387130000C,(04)23274275,(04)23288582,2025,8,25,21,14,臺中市,清水區,0,0,0,7,,,60,,,,,,,,,,,,,,,,,,,A41,,,1,,1,,,58,58,1,12,4,120.547237,24.275282,4
9633,66000,387130000C,(04)23274275,(04)23288582,2025,8,25,21,20,臺中市,大甲區,0,0,0,7,,,30,,,,,,,,,,,,,,,,,,,A11,,,1,,1,,,8,8,1,6,4,120.631614,24.342676,3
9634,66000,387130000C,(04)23274275,(04)23288582,2025,8,25,21,28,臺中市,大里區,0,0,0,5,,,50,,,,,,,,,,,,,,12,,,,,A41,,,1,,2,,,1,1,1,12,4,120.713298,24.09412,3
9635,66000,387130000C,(04)23274275,(04)23288582,2025,8,25,21,32,臺中市,太平區,0,0,0,6,,,50,,,,,,,,,,,,,,17,,,,,B03,,,1,,2,,,84,84,1,12,4,120.718888,24.133459,3
9636,66000,387130000C,(04)23274275,(04)23288582,2025,8,25,21,35,臺中市,梧棲區,0,0,0,7,,,50,,,,,,,,,,,,,,17,,,,,C03,,,1,,1,,,39,39,1,6,4,120.531322,24.25719,3
9637,66000,387130000C,(04)23274275,(04)23288582,2025,8,25,21,40,臺中市,大里區,0,3,0,5,1,6,40,13,9,1,4,4,6,6,4,4,10,5,5,2,2,2,9,2,1,F03,7,9,7,21,2,11,,84,84,1,13,4,120.714579,24.091278,2
9638,66000,387130000C,(04)23274275,(04)23288582,2025,8,25,21,45,臺中市,沙鹿區,0,0,0,7,,,50,,,,,,,,,,,,,,17,,,,,B03,,,1,,2,,,39,39,1,6,4,120.562767,24.243885,3
9639,66000,387130000C,(04)23274275,(04)23288582,2025,8,25,21,52,臺中市,烏日區,0,1,0,5,1,6,30,3,1,1,4,4,6,6,4,4,10,5,5,2,18,2,9,1,1,C03,7,9,1,10,2,11,12,84,84,1,8,4,120.604657,24.10805,2
9640,66000,387130000C,(04)23274275,(04)23288582,2025,8,25,21,58,臺中市,北區,0,1,0,5,1,6,50,4,2,1,4,4,6,6,2,1,5,5,4,2,13,2,9,1,1,C03,7,9,1,10,2,11,,7,7,1,13,4,120.665132,24.160464,2
9641,66000,387130000C,(04)23274275,(04)23288582,2025,8,25,22,0,臺中市,西屯區,0,0,0,5,,,60,,,,,,,,,,,,,,12,,,,,B03,,,1,,9,,,8,8,1,12,4,120.653258,24.160817,3
9642,66000,387130000C,(04)23274275,(04)23288582,2025,8,25,22,1,臺中市,南區,0,1,0,5,1,6,50,3,8,1,4,4,6,6,4,4,3,4,4,2,13,2,9,2,1,C03,7,9,1,10,2,11,,7,7,1,5,4,120.67,24.114523,2
9643,66000,387130000C,(04)23274275,(04)23288582,2025,8,25,22,6,臺中市,沙鹿區,0,2,0,7,1,6,50,3,1,1,5,4,6,6,4,4,10,5,5,2,16,2,1,3,1,B01,7,6,1,4,2,1,,12,12,1,6,4,120.5665,24.235592,2
9644,66000,387130000C,(04)23274275,(04)23288582,2025,8,25,22,12,臺中市,龍井區,0,1,0,5,1,6,50,13,9,1,4,4,6,6,4,4,10,4,4,2,12,3,10,3,1,B03,7,7,1,8,2,6,,40,40,1,12,4,120.545991,24.194581,2
9645,66000,387130000C,(04)23274275,(04)23288582,2025,8,25,22,13,臺中市,西屯區,0,1,0,7,1,6,50,3,1,1,4,4,6,6,1,1,10,5,5,2,16,3,10,3,1,B03,7,5,1,8,2,6,,84,84,1,12,4,120.662968,24.163798,2
9646,66000,387130000C,(04)23274275,(04)23288582,2025,8,25,22,16,臺中市,太平區,0,1,0,5,1,6,50,13,9,1,4,4,6,6,4,4,9,5,5,2,17,2,9,2,1,C03,7,9,1,10,2,14,,84,84,1,12,4,120.724125,24.139021,2
9647,66000,387130000C,(04)23274275,(04)23288582,2025,8,25,22,17,臺中市,東區,0,2,0,7,1,6,50,4,9,1,4,4,6,6,3,1,5,5,5,2,16,2,9,5,4,C03,7,6,1,10,2,14,,20,20,1,6,4,120.69006,24.13594,2
9648,66000,387130000C,(04)23274275,(04)23288582,2025,8,25,22,32,臺中市,北屯區,0,1,0,5,2,6,50,4,1,1,4,4,6,6,1,1,10,5,5,2,17,3,10,5,4,C03,7,8,1,10,9,16,,20,20,1,12,4,120.688551,24.163843,2
9649,66000,387130000C,(04)23274275,(04)23288582,2025,8,25,23,0,臺中市,南屯區,0,0,0,7,1,6,50,13,9,1,5,4,6,6,1,1,5,2,5,2,13,,,,,B03,,,1,,1,,,7,7,1,12,4,120.648027,24.146805,3
9650,66000,387130000C,(04)23274275,(04)23288582,2025,8,25,23,3,臺中市,東區,0,2,0,6,1,6,40,4,1,1,4,4,6,6,4,4,10,5,5,2,16,2,9,2,1,C03,7,5,1,10,2,12,,47,47,1,6,4,120.706078,24.14325,2
9651,66000,387130000C,(04)23274275,(04)23288582,2025,8,25,23,19,臺中市,南區,0,1,0,5,1,6,50,5,1,1,4,4,6,6,2,1,10,5,5,2,18,2,9,1,1,C03,7,9,1,10,2,14,,84,84,1,12,4,120.66152,24.121821,2
9652,66000,387130000C,(04)23274275,(04)23288582,2025,8,25,23,28,臺中市,西區,0,0,0,7,,,50,,,,,,,,,,,,,,,,,,,B03,,,1,,1,,,40,40,1,12,4,120.673839,24.14706,3
9653,66000,387130000C,(04)23274275,(04)23288582,2025,8,26,0,15,臺中市,北區,0,1,0,7,1,6,50,4,1,1,5,4,6,6,1,1,5,5,4,2,16,3,10,3,1,B03,7,11,1,8,2,5,,25,25,1,12,4,120.677771,24.149798,2
9654,66000,387130000C,(04)23274275,(04)23288582,2025,8,26,0,22,臺中市,北區,0,1,0,7,1,6,50,13,7,1,5,4,6,6,4,4,9,5,4,2,3,3,10,3,1,B03,7,9,2,19,2,8,,59,59,1,13,4,120.682581,24.148782,2
9655,66000,387130000C,(04)23274275,(04)23288582,2025,8,26,0,46,臺中市,大里區,0,0,0,7,,,30,,,,,,,,,,,,,,,,,,,B03,,,1,,2,,,8,8,1,12,4,120.688094,24.074048,4
9656,66000,387130000C,(04)23274275,(04)23288582,2025,8,26,1,13,臺中市,中區,0,0,0,7,,,50,,,,,,,,,,,,,,,,,,,B03,,,1,,2,,,49,49,1,12,4,120.677428,24.146059,3
9657,66000,387130000C,(04)23274275,(04)23288582,2025,8,26,2,52,臺中市,西屯區,0,0,0,7,,,50,,,,,,,,,,,,,,23,,,,,B02,,,1,,2,,,56,56,1,12,4,120.644387,24.163188,3
9658,66000,387130000C,(04)23274275,(04)23288582,2025,8,26,3,1,臺中市,北區,0,0,0,7,,,50,,,,,,,,,,,,,,13,,,,,B03,,,1,,1,,,59,59,1,12,4,120.685725,24.155948,3
9659,66000,387130000C,(04)23274275,(04)23288582,2025,8,26,3,47,臺中市,東區,0,1,0,7,1,6,50,3,1,1,5,4,6,6,4,4,10,5,5,2,24,2,7,3,1,B03,7,6,1,8,2,1,,59,59,1,13,4,120.696533,24.125027,2
9660,66000,387130000C,(04)23274275,(04)23288582,2025,8,26,4,20,臺中市,中區,0,0,0,7,,,50,,,,,,,,,,,,,,,,,,,B01,,,1,,9,,,23,23,1,12,4,120.676494,24.142291,3
9661,66000,387130000C,(04)23274275,(04)23288582,2025,8,26,6,3,臺中市,清水區,0,0,0,7,,,50,,,,,,,,,,,,,,,,,,,B03,,,1,,2,,,59,59,1,12,4,120.601032,24.304368,3
9662,66000,387130000C,(04)23274275,(04)23288582,2025,8,26,6,13,臺中市,東區,0,1,0,7,2,6,40,4,1,1,5,4,6,6,1,1,10,5,5,2,16,3,10,2,1,C03,7,5,1,9,2,13,,47,47,1,6,4,120.69956,24.144656,2
9663,66000,387130000C,(04)23274275,(04)23288582,2025,8,26,6,40,臺中市,龍井區,0,1,0,7,2,6,30,4,1,1,5,4,6,6,4,4,10,5,5,2,15,2,9,1,1,F03,7,9,7,21,2,11,,15,15,1,6,4,120.549756,24.188569,2
9664,66000,387130000C,(04)23274275,(04)23288582,2025,8,26,6,40,臺中市,和平區,0,0,0,7,,,25,,,,,,,,,,,,,,11,,,,,A04,,,1,,2,,,41,41,1,12,4,120.895784,24.225363,4
9665,66000,387130000C,(04)23274275,(04)23288582,2025,8,26,6,49,臺中市,西區,0,1,0,7,1,6,50,13,9,1,5,4,6,6,4,4,5,4,5,2,17,2,9,5,4,C03,7,9,1,10,2,11,,7,7,1,12,4,120.665641,24.146855,2
9666,66000,387130000C,(04)23274275,(04)23288582,2025,8,26,6,56,臺中市,烏日區,0,1,0,7,3,6,30,13,8,1,5,4,6,6,4,4,10,4,4,2,12,2,5,3,1,B01,7,1,1,4,2,8,,51,51,1,6,4,120.616348,24.112384,2
9667,66000,387130000C,(04)23274275,(04)23288582,2025,8,26,6,59,臺中市,豐原區,0,0,0,7,,,50,,,,,,,,,,,,,,12,,,,,B03,,,1,,2,,,8,8,1,12,4,120.749411,24.267975,3
9668,66000,387130000C,(04)23274275,(04)23288582,2025,8,26,7,12,臺中市,北屯區,0,1,0,7,2,6,50,4,1,1,5,4,6,6,2,1,10,5,5,2,16,3,10,3,1,B03,7,5,1,8,2,5,,20,20,1,12,4,120.722543,24.176029,2
9669,66000,387130000C,(04)23274275,(04)23288582,2025,8,26,7,14,臺中市,沙鹿區,0,0,0,7,,,50,,,,,,,,,,,,,,,,,,,B03,,,1,,1,,,84,84,1,12,4,120.579842,24.215369,3
9670,66000,387130000C,(04)23274275,(04)23288582,2025,8,26,7,15,臺中市,沙鹿區,0,0,0,7,,,30,,,,,,,,,,,,,,15,,,,,C03,,,1,,2,,,12,12,1,12,4,120.556652,24.22043,4
9671,66000,387130000C,(04)23274275,(04)23288582,2025,8,26,7,18,臺中市,沙鹿區,0,1,0,7,2,6,30,3,9,1,5,4,6,6,4,4,10,4,5,2,17,3,10,3,1,B03,7,9,1,8,2,1,,7,7,1,6,4,120.552154,24.215761,2
9672,66000,387130000C,(04)23274275,(04)23288582,2025,8,26,7,18,臺中市,豐原區,0,1,0,7,2,6,50,13,9,1,5,4,6,6,4,4,5,5,5,2,18,2,9,1,1,C03,7,7,1,10,2,12,,84,84,1,12,4,120.703812,24.238454,2
9673,66000,387130000C,(04)23274275,(04)23288582,2025,8,26,7,20,臺中市,豐原區,0,0,0,7,,,50,,,,,,,,,,,,,,17,,,,,B03,,,1,,2,,,48,48,1,13,4,120.712859,24.25029,3
9674,66000,387130000C,(04)23274275,(04)23288582,2025,8,26,7,24,臺中市,西區,0,1,0,7,2,6,50,4,1,1,5,4,6,6,2,1,10,5,5,2,16,3,10,1,1,C03,7,6,1,10,2,11,,11,11,1,6,4,120.65512,24.1488,2
9675,66000,387130000C,(04)23274275,(04)23288582,2025,8,26,7,29,臺中市,北區,0,1,0,7,2,6,50,4,2,1,5,4,6,6,2,1,10,5,5,2,30,2,9,2,1,C03,7,9,1,10,2,11,,84,84,1,13,4,120.684441,24.142473,2
9676,66000,387130000C,(04)23274275,(04)23288582,2025,8,26,7,30,臺中市,北區,0,0,0,7,,,50,,,,,,,,,,,,,,12,,,,,B03,,,1,,1,,,59,59,1,12,4,120.670165,24.159786,3
9677,66000,387130000C,(04)23274275,(04)23288582,2025,8,26,7,33,臺中市,梧棲區,0,0,0,7,,,50,,,,,,,,,,,,,,13,,,,,B03,,,1,,2,,,82,82,1,12,4,120.538244,24.252757,3
9678,66000,387130000C,(04)23274275,(04)23288582,2025,8,26,7,36,臺中市,北屯區,0,1,0,7,2,6,40,13,8,1,5,4,6,6,4,4,5,5,4,2,17,3,10,5,4,C03,7,9,1,10,2,11,,58,58,1,12,4,120.680936,24.19051,2
9679,66000,387130000C,(04)23274275,(04)23288582,2025,8,26,7,42,臺中市,東區,0,0,0,7,,,50,,,,,,,,,,,,,,11,,,,,B12,,,1,,1,,,84,84,1,12,4,120.707623,24.145406,3
9680,66000,387130000C,(04)23274275,(04)23288582,2025,8,26,7,44,臺中市,豐原區,0,0,0,7,,,50,,,,,,,,,,,,,,13,,,,,B03,,,1,,2,,,59,59,1,12,4,120.723149,24.245573,3
9681,66000,387130000C,(04)23274275,(04)23288582,2025,8,26,7,45,臺中市,大肚區,0,0,0,7,,,70,,,,,,,,,,,,,,,,,,,B03,,,1,,1,,,8,8,1,6,4,120.546996,24.157126,3
9682,66000,387130000C,(04)23274275,(04)23288582,2025,8,26,7,46,臺中市,西屯區,0,1,0,7,2,6,50,4,1,1,5,4,6,6,1,1,10,5,5,2,16,3,10,5,4,B12,7,6,1,8,2,2,,11,11,1,12,4,120.623958,24.185497,2
9683,66000,387130000C,(04)23274275,(04)23288582,2025,8,26,7,47,臺中市,東區,0,1,0,7,3,6,40,4,2,1,5,4,6,6,1,1,1,4,4,2,13,2,7,5,4,C03,7,9,1,10,1,11,,84,84,1,12,4,120.694218,24.149646,2
9684,66000,387130000C,(04)23274275,(04)23288582,2025,8,26,7,48,臺中市,南屯區,0,2,0,7,2,6,60,4,2,1,5,4,6,6,2,1,5,4,5,2,13,3,10,3,1,A03,7,14,1,2,2,1,,59,59,1,12,4,120.641575,24.134848,2
9685,66000,387130000C,(04)23274275,(04)23288582,2025,8,26,7,48,臺中市,龍井區,0,0,0,7,2,6,50,3,2,1,5,4,6,6,4,4,10,5,5,2,14,,,,,B03,,,1,,1,,,49,49,1,12,4,120.591988,24.188841,3
9686,66000,387130000C,(04)23274275,(04)23288582,2025,8,26,7,51,臺中市,太平區,0,0,0,7,,,50,,,,,,,,,,,,,,16,,,,,C03,,,1,,2,,,12,12,1,6,4,120.729846,24.125595,3
9687,66000,387130000C,(04)23274275,(04)23288582,2025,8,26,7,53,臺中市,大甲區,0,0,0,7,,,50,,,,,,,,,,,,,,12,,,,,B12,,,1,,1,,,84,84,1,6,4,120.615418,24.34932,3
9688,66000,387130000C,(04)23274275,(04)23288582,2025,8,26,7,54,臺中市,大甲區,0,0,0,7,,,50,,,,,,,,,,,,,,,,,,,B03,,,1,,1,,,49,49,1,6,4,120.636552,24.358984,3
9689,66000,387130000C,(04)23274275,(04)23288582,2025,8,26,7,55,臺中市,南區,0,2,0,7,2,6,50,4,1,1,5,4,6,6,2,1,3,4,5,2,17,2,9,2,1,C03,7,9,1,9,2,12,,84,84,1,13,4,120.652766,24.117995,2
9690,66000,387130000C,(04)23274275,(04)23288582,2025,8,26,8,0,臺中市,南屯區,0,0,0,7,,,50,,,,,,,,,,,,,,13,,,,,C03,,,1,,1,,,7,7,1,6,4,120.646832,24.139881,3
9691,66000,387130000C,(04)23274275,(04)23288582,2025,8,26,8,2,臺中市,西區,0,0,0,7,,,50,,,,,,,,,,,,,,17,,,,,B03,,,1,,1,,,78,78,1,12,4,120.67772,24.136017,3
9692,66000,387130000C,(04)23274275,(04)23288582,2025,8,26,8,3,臺中市,西屯區,0,1,0,7,2,6,50,4,1,1,5,4,6,6,2,1,10,5,5,2,16,3,10,3,1,B03,7,6,1,8,2,2,,11,11,1,12,4,120.611644,24.187191,2
9693,66000,387130000C,(04)23274275,(04)23288582,2025,8,26,8,3,臺中市,西屯區,0,1,0,7,2,6,50,4,1,1,5,4,6,6,1,1,5,4,4,2,17,2,9,2,1,C03,7,9,1,9,2,14,,84,84,1,12,4,120.621777,24.190971,2
9694,66000,387130000C,(04)23274275,(04)23288582,2025,8,26,8,8,臺中市,霧峰區,0,1,0,7,2,6,50,4,1,1,5,4,6,6,1,1,10,5,5,2,17,3,10,3,1,B03,7,6,1,8,2,2,,11,11,1,6,4,120.693941,24.058983,2
9695,66000,387130000C,(04)23274275,(04)23288582,2025,8,26,8,9,臺中市,北區,0,1,0,7,3,6,50,13,9,1,5,4,6,6,4,4,10,4,5,2,12,2,9,1,1,C03,7,8,1,10,2,14,,40,40,1,12,4,120.674201,24.16464,2
9696,66000,387130000C,(04)23274275,(04)23288582,2025,8,26,8,9,臺中市,北屯區,0,1,0,7,2,6,50,4,2,1,5,2,6,6,1,1,5,5,5,2,17,2,9,1,1,C03,7,4,1,10,2,14,,85,85,1,6,4,120.683853,24.179173,2
9697,66000,387130000C,(04)23274275,(04)23288582,2025,8,26,8,10,臺中市,大肚區,0,0,0,7,,,70,,,,,,,,,,,,,,,,,,,B03,,,1,,1,,,7,7,1,6,4,120.547836,24.155523,3
9698,66000,387130000C,(04)23274275,(04)23288582,2025,8,26,8,11,臺中市,西區,0,0,0,7,,,50,,,,,,,,,,,,,,,,,,,C03,,,1,10,1,,,84,84,1,13,4,120.66774,24.13095,3
9699,66000,387130000C,(04)23274275,(04)23288582,2025,8,26,8,13,臺中市,潭子區,0,0,0,7,,,50,,,,,,,,,,,,,,,,,,,C03,,,1,,2,,,43,43,1,13,4,120.710473,24.211119,3
9700,66000,387130000C,(04)23274275,(04)23288582,2025,8,26,8,13,臺中市,南屯區,0,1,0,7,3,6,50,4,9,1,5,4,6,6,4,4,5,5,5,2,30,2,9,3,1,B03,7,9,1,8,2,1,,6,6,1,12,4,120.642658,24.150351,2
9701,66000,387130000C,(04)23274275,(04)23288582,2025,8,26,8,13,臺中市,北屯區,0,1,0,7,3,6,50,13,8,1,5,4,6,6,4,4,1,4,4,2,17,2,9,2,1,C03,7,9,1,10,2,12,,84,84,1,6,4,120.715807,24.182547,2
9702,66000,387130000C,(04)23274275,(04)23288582,2025,8,26,8,14,臺中市,南屯區,0,0,0,7,,,50,,,,,,,,,,,,,,13,,,,,B12,,,1,,1,,,7,7,1,12,4,120.643911,24.12863,3
9703,66000,387130000C,(04)23274275,(04)23288582,2025,8,26,8,14,臺中市,龍井區,0,1,0,7,2,6,50,13,14,1,5,4,6,6,4,4,4,5,5,1,17,3,10,3,1,B03,7,11,1,8,2,8,,39,39,1,6,4,120.523775,24.202997,2
9704,66000,387130000C,(04)23274275,(04)23288582,2025,8,26,8,18,臺中市,霧峰區,0,0,0,7,,,50,,,,,,,,,,,,,,14,,,,,B03,,,1,,1,,,49,49,1,6,4,120.697228,24.060473,3
9705,66000,387130000C,(04)23274275,(04)23288582,2025,8,26,8,19,臺中市,大甲區,0,1,0,7,3,6,50,3,2,1,5,4,6,6,1,1,3,4,4,1,12,3,10,3,1,B03,7,7,1,8,2,2,,40,40,1,6,4,120.617436,24.342952,2
9706,66000,387130000C,(04)23274275,(04)23288582,2025,8,26,8,20,臺中市,北屯區,0,0,0,7,,3,80,,,,,,,,,,,,,,12,,,,,B03,,,1,,2,,,40,40,1,6,4,120.720883,24.1699,3
9707,66000,387130000C,(04)23274275,(04)23288582,2025,8,26,8,21,臺中市,南區,0,1,0,7,2,6,50,4,1,1,5,4,6,6,4,4,5,2,5,2,17,3,10,3,1,B03,7,9,3,19,2,16,,15,15,1,13,4,120.675668,24.128467,2
9708,66000,387130000C,(04)23274275,(04)23288582,2025,8,26,8,21,臺中市,西屯區,0,1,0,7,2,6,50,5,1,1,5,4,6,6,2,1,10,5,5,2,11,3,10,3,4,B02,7,9,1,8,2,8,,20,20,1,12,4,120.606354,24.16178,2
9709,66000,387130000C,(04)23274275,(04)23288582,2025,8,26,8,24,臺中市,梧棲區,0,2,0,7,3,6,50,4,1,1,5,4,6,6,4,4,10,5,5,2,16,2,9,1,1,C03,7,6,1,10,2,11,,14,14,1,6,4,120.541086,24.256391,2
9710,66000,387130000C,(04)23274275,(04)23288582,2025,8,26,8,25,臺中市,南屯區,0,0,0,7,,,60,,,,,,,,,,,,,,13,,,,,B03,,,1,,1,,,84,84,1,12,4,120.635711,24.143383,3
9711,66000,387130000C,(04)23274275,(04)23288582,2025,8,26,8,26,臺中市,東區,0,2,0,7,2,6,50,4,1,1,5,4,6,6,1,1,10,5,5,2,16,2,3,3,1,B03,7,5,1,8,1,5,,85,85,1,12,4,120.699913,24.142778,2