序號,縣市別代碼,機關代碼,市話,傳真,年,月,日,時,分,縣市,區,死亡數量,受傷數量,2-30,天候,道路照明設備,道路類別,道路速限,道路型態,事故位置,路面鋪裝,路面狀態,路面缺陷,障礙物,視距,號誌種類,號誌動作,分向設施,快車道或一般車道間,快慢車道間,路面邊線,事故類型及型態,受傷程度,主要傷處,保護裝備,行動電話或功能裝置,當事者區分(類別),車輛用途,當事者行動狀態,駕照狀態,駕照種類,飲酒情形,車輛撞擊部位最初,車輛撞擊部位其他,肇事因素個別,肇事因素主要,肇事逃逸,職業,共享經濟或外送平台,GPS座標X,GPS座標Y,事故類別
9823,66000,387130000C,(04)23274275,(04)23288582,2025,8,26,13,33,臺中市,北區,0,2,0,7,2,6,50,4,2,1,5,4,6,6,4,4,10,5,5,2,17,2,9,2,1,C03,7,9,1,10,2,11,,15,15,1,13,4,120.695882,24.1566,2
9824,66000,387130000C,(04)23274275,(04)23288582,2025,8,26,13,35,臺中市,沙鹿區,0,0,0,7,,,50,,,,,,,,,,,,,,17,,,,,B03,,,1,,9,,,51,51,1,6,4,120.562094,24.233444,3
9825,66000,387130000C,(04)23274275,(04)23288582,2025,8,26,13,40,臺中市,大雅區,0,0,0,7,,,50,,,,,,,,,,,,,,,,,,,B03,,,1,,1,,,49,49,1,13,4,120.648634,24.216104,3
9826,66000,387130000C,(04)23274275,(04)23288582,2025,8,26,13,41,臺中市,北區,0,1,0,7,3,6,50,3,1,1,5,4,6,6,4,4,1,4,5,2,16,3,10,3,1,B03,7,5,1,8,2,6,,20,20,1,12,4,120.672225,24.16235,2
9827,66000,387130000C,(04)23274275,(04)23288582,2025,8,26,13,44,臺中市,南區,0,0,0,7,,,40,,,,,,,,,,,,,,17,,,,,C03,,,1,,1,,,84,84,1,13,4,120.675172,24.124121,3
9828,66000,387130000C,(04)23274275,(04)23288582,2025,8,26,13,48,臺中市,豐原區,0,0,0,7,,,50,,,,,,,,,,,,,,12,,,,,B03,,,1,,2,,,8,8,1,12,4,120.700514,24.249386,4
9829,66000,387130000C,(04)23274275,(04)23288582,2025,8,26,13,51,臺中市,南區,0,1,0,7,2,6,50,4,3,1,5,4,6,6,1,1,9,4,4,2,14,3,10,3,1,B03,7,2,1,8,2,3,,49,49,1,13,4,120.677303,24.130575,2
9830,66000,387130000C,(04)23274275,(04)23288582,2025,8,26,13,54,臺中市,烏日區,0,0,0,7,,,50,,,,,,,,,,,,,,30,,,,,,,,,,,,,112,112,1,,,120.638133,24.107711,3
9831,66000,387130000C,(04)23274275,(04)23288582,2025,8,26,13,55,臺中市,清水區,0,1,0,7,2,6,50,4,2,1,5,4,6,6,1,1,8,3,4,2,13,2,9,3,1,B12,7,9,1,8,2,1,,7,7,1,12,4,120.570889,24.259669,2
9832,66000,387130000C,(04)23274275,(04)23288582,2025,8,26,13,56,臺中市,大里區,0,2,0,7,2,6,50,13,7,1,5,4,6,6,4,4,3,4,4,1,16,2,8,1,1,C03,7,1,1,10,2,14,,51,51,1,6,4,120.696742,24.08599,2
9833,66000,387130000C,(04)23274275,(04)23288582,2025,8,26,14,0,臺中市,豐原區,0,1,0,7,1,6,50,4,1,1,5,4,6,6,1,1,5,4,4,2,17,3,10,3,1,B03,7,6,1,8,2,4,,85,85,1,6,4,120.716464,24.260541,2
9834,66000,387130000C,(04)23274275,(04)23288582,2025,8,26,14,0,臺中市,豐原區,0,1,0,7,2,6,50,4,1,1,5,4,6,6,4,4,5,5,5,2,15,2,9,1,1,C03,7,9,1,10,2,12,,15,15,1,13,4,120.719914,24.252562,2
9835,66000,387130000C,(04)23274275,(04)23288582,2025,8,26,14,4,臺中市,西屯區,0,1,0,7,2,6,50,4,2,1,5,4,6,6,2,1,5,4,5,2,17,3,10,3,1,B03,7,5,1,8,2,1,,20,20,1,12,4,120.656599,24.163595,2
9836,66000,387130000C,(04)23274275,(04)23288582,2025,8,26,14,5,臺中市,北區,0,0,0,7,,,50,,,,,,,,,,,,,,13,,,,,B03,,,1,,1,,,7,7,1,13,4,120.664356,24.162564,3
9837,66000,387130000C,(04)23274275,(04)23288582,2025,8,26,14,6,臺中市,大里區,0,0,0,7,,,50,,,,,,,,,,,,,,,,,,,B12,,,1,,2,,,7,7,1,12,4,120.683543,24.104325,3
9838,66000,387130000C,(04)23274275,(04)23288582,2025,8,26,14,8,臺中市,大里區,0,1,0,7,2,6,50,4,1,1,5,4,6,6,1,1,5,5,5,1,16,2,9,1,1,C03,7,6,1,10,2,14,,65,65,1,13,4,120.687412,24.102232,2
9839,66000,387130000C,(04)23274275,(04)23288582,2025,8,26,14,12,臺中市,西區,0,0,0,7,3,6,50,13,9,1,5,4,6,6,4,4,10,5,5,2,14,,,,,B03,,,1,,1,,,85,85,1,13,4,120.664286,24.149738,3
9840,66000,387130000C,(04)23274275,(04)23288582,2025,8,26,14,15,臺中市,南區,0,1,0,7,2,6,50,13,9,1,5,4,6,6,4,4,5,5,5,2,17,3,10,3,1,B12,7,1,1,4,2,4,,51,51,1,13,4,120.654876,24.119411,2
9841,66000,387130000C,(04)23274275,(04)23288582,2025,8,26,14,15,臺中市,北屯區,0,0,0,7,,,50,,,,,,,,,,,,,,13,,,,,C03,,,1,,1,,,7,7,1,6,4,120.70977,24.18233,3
9842,66000,387130000C,(04)23274275,(04)23288582,2025,8,26,14,20,臺中市,南區,0,0,0,7,,,50,,,,,,,,,,,,,,14,,,,,B12,,,1,,1,,,49,49,1,12,4,120.668175,24.116009,3
9843,66000,387130000C,(04)23274275,(04)23288582,2025,8,26,14,22,臺中市,北區,0,0,0,7,,,50,,,,,,,,,,,,,,13,,,,,B03,,,1,,1,,,7,7,1,13,4,120.694237,24.156508,3
9844,66000,387130000C,(04)23274275,(04)23288582,2025,8,26,14,25,臺中市,西區,0,2,0,7,2,6,50,4,1,1,5,4,6,6,1,1,9,4,5,2,9,2,9,1,1,C03,7,9,1,10,2,16,,72,72,1,12,4,120.665279,24.144329,2
9845,66000,387130000C,(04)23274275,(04)23288582,2025,8,26,14,26,臺中市,南屯區,0,0,0,7,,,60,,,,,,,,,,,,,,13,,,,,B03,,,1,,1,,,59,59,1,12,4,120.637429,24.150225,4
9846,66000,387130000C,(04)23274275,(04)23288582,2025,8,26,14,27,臺中市,西屯區,0,0,0,7,,,40,,,,,,,,,,,,,,14,,,,,B03,,,1,,1,,,51,51,1,12,4,120.661127,24.202293,3
9847,66000,387130000C,(04)23274275,(04)23288582,2025,8,26,14,30,臺中市,沙鹿區,0,0,0,7,2,6,50,13,14,1,5,4,6,6,4,4,4,3,4,2,12,,,,,B12,,,1,,1,,,50,50,1,12,4,120.582681,24.224004,3
9848,66000,387130000C,(04)23274275,(04)23288582,2025,8,26,14,38,臺中市,東區,0,1,0,7,2,6,50,13,9,1,5,4,6,6,4,4,7,5,5,2,13,3,10,3,1,B03,7,9,1,8,2,1,,7,7,1,12,4,120.708894,24.140603,2
9849,66000,387130000C,(04)23274275,(04)23288582,2025,8,26,14,38,臺中市,沙鹿區,0,1,0,7,2,6,50,18,24,1,5,4,6,6,1,3,1,4,5,1,16,3,10,3,1,A12,7,6,1,7,2,7,,20,20,1,12,4,120.614352,24.239507,2
9850,66000,387130000C,(04)23274275,(04)23288582,2025,8,26,14,41,臺中市,霧峰區,0,2,0,7,2,6,60,13,7,1,5,4,6,6,4,4,1,4,4,1,13,2,8,3,1,A12,7,9,1,7,2,1,,58,58,1,13,4,120.695583,24.057836,2
9851,66000,387130000C,(04)23274275,(04)23288582,2025,8,26,14,42,臺中市,西區,0,0,0,7,,,50,,,,,,,,,,,,,,17,,,,,B03,,,1,,9,,,51,51,1,12,4,120.670002,24.147099,3
9852,66000,387130000C,(04)23274275,(04)23288582,2025,8,26,14,42,臺中市,東區,0,0,0,7,,,50,,,,,,,,,,,,,,,,,,,B03,,,1,,1,,,45,45,1,12,4,120.711277,24.146198,3
9853,66000,387130000C,(04)23274275,(04)23288582,2025,8,26,14,45,臺中市,北屯區,0,0,0,7,,,50,,,,,,,,,,,,,,10,,,,,C03,,,1,,2,,,4,4,1,6,4,120.691349,24.172172,3
9854,66000,387130000C,(04)23274275,(04)23288582,2025,8,26,14,45,臺中市,神岡區,0,0,0,7,,,50,,,,,,,,,,,,,,12,,,,,B12,,,1,,1,,,50,50,1,12,4,120.680931,24.247646,3
9855,66000,387130000C,(04)23274275,(04)23288582,2025,8,26,14,48,臺中市,大雅區,0,0,0,7,,,30,,,,,,,,,,,,,,17,,,,,A11,,,1,,2,,,8,8,1,12,4,120.640397,24.209454,3
9856,66000,387130000C,(04)23274275,(04)23288582,2025,8,26,14,48,臺中市,大肚區,0,0,0,7,,,50,,,,,,,,,,,,,,,,,,,B03,,,1,,2,,,4,4,1,6,4,120.540649,24.154063,3
9857,66000,387130000C,(04)23274275,(04)23288582,2025,8,26,14,49,臺中市,西區,0,0,0,6,,,50,,,,,,,,,,,,,,,,,,,C03,,,1,,2,,,50,50,1,12,4,120.675055,24.143849,3
9858,66000,387130000C,(04)23274275,(04)23288582,2025,8,26,14,50,臺中市,大里區,0,0,0,7,,,50,,,,,,,,,,,,,,,,,,,B12,,,1,,2,,,49,49,1,12,4,120.676225,24.100165,3
9859,66000,387130000C,(04)23274275,(04)23288582,2025,8,26,14,56,臺中市,南屯區,0,0,0,7,,,50,,,,,,,,,,,,,,,,,,,B03,,,3,,1,,,84,84,1,13,4,120.609753,24.13845,4
9860,66000,387130000C,(04)23274275,(04)23288582,2025,8,26,14,56,臺中市,北屯區,0,2,0,7,1,6,50,4,2,1,5,4,6,6,1,1,3,4,4,2,28,2,9,1,1,C03,7,9,1,10,2,11,,84,84,1,13,4,120.665202,24.184077,2
9861,66000,387130000C,(04)23274275,(04)23288582,2025,8,26,14,58,臺中市,太平區,0,2,0,6,3,6,50,4,1,1,5,4,6,6,4,4,10,5,5,2,15,2,9,1,1,C03,7,9,1,10,2,11,,15,15,1,6,4,120.71441,24.139954,2
9862,66000,387130000C,(04)23274275,(04)23288582,2025,8,26,15,0,臺中市,西區,0,2,0,6,2,6,50,13,9,1,5,4,6,6,4,4,5,4,5,2,17,2,9,1,1,C03,7,9,1,10,2,11,,84,84,1,12,4,120.666072,24.150605,2
9863,66000,387130000C,(04)23274275,(04)23288582,2025,8,26,15,3,臺中市,北區,0,0,0,6,2,6,50,3,9,1,5,4,6,6,4,4,2,4,5,2,13,3,10,1,1,C03,7,9,1,10,1,11,,7,7,1,12,4,120.684576,24.150692,3
9864,66000,387130000C,(04)23274275,(04)23288582,2025,8,26,15,7,臺中市,東區,0,0,0,5,,3,80,,,,,,,,,,,,,,,,,,,A41,,,1,,1,,,40,40,1,6,4,120.708634,24.134608,3
9865,66000,387130000C,(04)23274275,(04)23288582,2025,8,26,15,7,臺中市,大里區,0,1,0,7,2,6,50,13,9,1,5,4,6,6,4,4,5,4,5,1,18,2,9,1,1,F01,7,9,7,21,2,11,,87,87,1,12,4,120.708225,24.106222,2
9866,66000,387130000C,(04)23274275,(04)23288582,2025,8,26,15,10,臺中市,南屯區,0,0,0,7,,,50,,,,,,,,,,,,,,,,,,,B03,,,1,,1,,,58,58,1,6,4,120.61181,24.14869,3
9867,66000,387130000C,(04)23274275,(04)23288582,2025,8,26,15,13,臺中市,西屯區,0,2,0,7,2,6,40,4,1,1,5,4,6,6,2,1,10,5,5,2,13,2,9,1,1,C03,7,9,1,10,2,11,,7,7,1,13,4,120.655601,24.199887,2
9868,66000,387130000C,(04)23274275,(04)23288582,2025,8,26,15,15,臺中市,梧棲區,0,0,0,7,,,50,,,,,,,,,,,,,,13,,,,,A11,,,1,,2,,,7,7,1,6,4,120.52566,24.224492,3
9869,66000,387130000C,(04)23274275,(04)23288582,2025,8,26,15,17,臺中市,西屯區,0,0,0,7,,,50,,,,,,,,,,,,,,16,,,,,B03,,,1,,2,,,59,59,1,12,4,120.651625,24.16739,3
9870,66000,387130000C,(04)23274275,(04)23288582,2025,8,26,15,20,臺中市,大安區,0,1,0,7,3,6,50,18,9,1,5,4,6,6,1,1,5,5,5,1,20,2,9,1,1,C03,7,9,1,10,2,11,,68,68,1,12,4,120.585115,24.376861,2
9871,66000,387130000C,(04)23274275,(04)23288582,2025,8,26,15,29,臺中市,大里區,0,0,0,7,,,50,,,,,,,,,,,,,,,,,,,C03,,,1,,2,,,78,78,1,12,4,120.689959,24.105998,3
9872,66000,387130000C,(04)23274275,(04)23288582,2025,8,26,15,30,臺中市,西區,0,0,0,7,,,50,,,,,,,,,,,,,,12,,,,,C03,,,1,,9,,,39,39,1,12,4,120.666736,24.141067,3
9873,66000,387130000C,(04)23274275,(04)23288582,2025,8,26,15,46,臺中市,西屯區,0,0,0,7,,,30,,,,,,,,,,,,,,14,,,,,B03,,,1,,1,,,8,8,1,13,4,120.663702,24.16496,3
9874,66000,387130000C,(04)23274275,(04)23288582,2025,8,26,15,50,臺中市,潭子區,0,0,0,7,,,50,,,,,,,,,,,,,,17,,,,,B03,,,1,,2,,,84,84,1,12,4,120.702054,24.216256,3
9875,66000,387130000C,(04)23274275,(04)23288582,2025,8,26,15,50,臺中市,沙鹿區,0,0,0,7,2,6,50,3,8,1,5,4,6,6,1,1,1,3,4,2,14,,,,,B03,,,1,,1,,,49,49,1,12,4,120.567713,24.206071,3
9876,66000,387130000C,(04)23274275,(04)23288582,2025,8,26,15,51,臺中市,西屯區,0,0,0,7,,,30,,,,,,,,,,,,,,14,,,,,B03,,,1,,2,,,49,49,1,12,4,120.639232,24.157231,3
9877,66000,387130000C,(04)23274275,(04)23288582,2025,8,26,15,52,臺中市,西區,0,1,0,7,3,6,50,4,1,1,5,4,6,6,2,1,10,5,5,2,12,3,10,3,1,B03,7,5,1,8,2,5,,84,84,1,6,4,120.660951,24.159175,2
9878,66000,387130000C,(04)23274275,(04)23288582,2025,8,26,15,52,臺中市,龍井區,0,0,0,7,,,60,,,,,,,,,,,,,,13,,,,,B03,,,1,,1,,,84,84,1,6,4,120.582453,24.187458,3
9879,66000,387130000C,(04)23274275,(04)23288582,2025,8,26,15,53,臺中市,北區,0,1,0,7,2,6,50,13,9,1,5,4,6,6,4,4,8,3,5,2,17,3,10,3,1,B03,7,9,1,8,1,5,,84,84,1,13,4,120.663396,24.162712,2
9880,66000,387130000C,(04)23274275,(04)23288582,2025,8,26,15,55,臺中市,烏日區,0,0,0,7,,,50,,,,,,,,,,,,,,,,,,,B03,,,1,,1,,,7,7,1,13,4,120.616162,24.105905,3
9881,66000,387130000C,(04)23274275,(04)23288582,2025,8,26,15,59,臺中市,北區,0,0,0,6,2,6,50,4,2,1,5,4,6,6,1,1,5,4,5,2,14,3,10,1,1,C03,7,2,1,10,1,12,,49,49,1,12,4,120.682077,24.154584,3
9882,66000,387130000C,(04)23274275,(04)23288582,2025,8,26,15,59,臺中市,東勢區,0,3,0,7,2,6,60,4,1,1,5,4,6,6,1,1,10,5,5,2,17,3,10,3,1,B03,7,1,1,8,2,8,,85,85,1,12,4,120.795681,24.286133,2
9883,66000,387130000C,(04)23274275,(04)23288582,2025,8,26,16,0,臺中市,南屯區,0,1,0,6,2,3,50,13,9,1,5,4,6,6,4,4,1,4,5,2,17,3,10,3,1,B12,7,7,1,8,1,5,,40,40,1,12,4,120.621618,24.134699,2
9884,66000,387130000C,(04)23274275,(04)23288582,2025,8,26,16,0,臺中市,龍井區,0,1,0,7,2,6,40,13,8,1,5,4,6,6,4,4,1,3,1,1,18,2,9,2,1,F01,7,9,7,21,2,15,,59,59,1,13,4,120.510549,24.221626,2
9885,66000,387130000C,(04)23274275,(04)23288582,2025,8,26,16,3,臺中市,南屯區,0,1,0,7,2,6,50,4,1,1,5,4,6,6,1,1,9,5,5,2,17,3,10,3,1,B03,7,6,1,8,2,1,,11,11,1,13,4,120.637309,24.130189,2
9886,66000,387130000C,(04)23274275,(04)23288582,2025,8,26,16,4,臺中市,豐原區,0,0,0,7,,,50,,,,,,,,,,,,,,,,,,,C03,,,1,,2,,,71,71,1,13,4,120.730719,24.265476,3
9887,66000,387130000C,(04)23274275,(04)23288582,2025,8,26,16,5,臺中市,大甲區,0,0,0,7,,,50,,,,,,,,,,,,,,,,,,,B12,,,1,,2,,,8,8,1,6,4,120.629353,24.425396,4
9888,66000,387130000C,(04)23274275,(04)23288582,2025,8,26,16,6,臺中市,大甲區,0,2,0,7,3,6,50,3,1,1,5,4,6,6,4,4,10,5,5,2,16,2,8,1,1,C03,7,6,1,10,2,11,,14,14,1,6,4,120.649381,24.402702,2
9889,66000,387130000C,(04)23274275,(04)23288582,2025,8,26,16,7,臺中市,北屯區,0,0,0,7,,,50,,,,,,,,,,,,,,17,,,,,B03,,,1,,2,,,84,84,1,13,4,120.671321,24.174637,3
9890,66000,387130000C,(04)23274275,(04)23288582,2025,8,26,16,7,臺中市,霧峰區,0,1,0,7,2,6,60,3,1,1,5,4,6,6,3,1,3,4,4,1,13,3,10,2,1,C04,7,9,1,11,2,13,,91,91,1,13,4,120.69557,24.052776,2
9891,66000,387130000C,(04)23274275,(04)23288582,2025,8,26,16,9,臺中市,龍井區,0,0,0,7,,,60,,,,,,,,,,,,,,13,,,,,B03,,,1,,1,,,7,7,1,6,4,120.573422,24.185409,3
9892,66000,387130000C,(04)23274275,(04)23288582,2025,8,26,16,12,臺中市,南屯區,0,0,0,7,,,50,,,,,,,,,,,,,,14,,,,,B03,,,5,,2,,,50,50,1,6,4,120.649322,24.148775,3
9893,66000,387130000C,(04)23274275,(04)23288582,2025,8,26,16,14,臺中市,南屯區,0,0,0,7,,,50,,,,,,,,,,,,,,,,,,,B03,,,1,,1,,,84,84,1,12,4,120.649908,24.147851,3
9894,66000,387130000C,(04)23274275,(04)23288582,2025,8,26,16,15,臺中市,西屯區,0,0,0,7,,,50,,,,,,,,,,,,,,,,,,,B03,,,1,,1,,,59,59,1,12,4,120.634366,24.164686,3
9895,66000,387130000C,(04)23274275,(04)23288582,2025,8,26,16,20,臺中市,西屯區,0,0,0,7,,,40,,,,,,,,,,,,,,14,,,,,B12,,,1,,2,,,49,49,1,12,4,120.656337,24.197938,3
9896,66000,387130000C,(04)23274275,(04)23288582,2025,8,26,16,24,臺中市,北屯區,0,0,0,7,,,50,,,,,,,,,,,,,,12,,,,,B03,,,1,,1,,,35,35,1,12,4,120.720752,24.176015,3
9897,66000,387130000C,(04)23274275,(04)23288582,2025,8,26,16,26,臺中市,中區,0,2,0,6,2,9,30,4,1,1,5,4,6,6,4,4,10,5,5,2,17,2,9,1,1,C03,7,9,1,10,2,11,,15,15,1,12,4,120.681383,24.141561,2
9898,66000,387130000C,(04)23274275,(04)23288582,2025,8,26,16,28,臺中市,北區,0,0,0,7,,,50,,,,,,,,,,,,,,,,,,,B03,,,1,,1,,,7,7,1,13,4,120.674616,24.162533,3
9899,66000,387130000C,(04)23274275,(04)23288582,2025,8,26,16,36,臺中市,北區,0,0,0,7,3,6,50,13,9,1,5,4,6,6,4,4,10,5,5,2,30,,,,,B13,,,1,,2,,,59,59,1,13,4,120.684853,24.153285,3
9900,66000,387130000C,(04)23274275,(04)23288582,2025,8,26,16,36,臺中市,西屯區,0,0,0,7,,,30,,,,,,,,,,,,,,12,,,,,A12,,,1,,1,,,8,8,1,12,4,120.634806,24.171753,3
9901,66000,387130000C,(04)23274275,(04)23288582,2025,8,26,16,39,臺中市,太平區,0,0,0,7,,,40,,,,,,,,,,,,,,14,,,,,B12,,,1,,2,,,49,49,1,6,4,120.722565,24.157299,3
9902,66000,387130000C,(04)23274275,(04)23288582,2025,8,26,16,40,臺中市,東區,0,0,0,7,,,50,,,,,,,,,,,,,,17,,,,,B13,,,1,,9,,,40,40,1,12,4,120.695607,24.141115,3
9903,66000,387130000C,(04)23274275,(04)23288582,2025,8,26,16,40,臺中市,東區,0,0,0,7,,,30,,,,,,,,,,,,,,17,,,,,B12,,,1,,2,,,84,84,1,6,4,120.697761,24.132125,3
9904,66000,387130000C,(04)23274275,(04)23288582,2025,8,26,16,41,臺中市,大雅區,0,0,0,7,,,50,,,,,,,,,,,,,,13,,,,,B03,,,1,,2,,,56,56,1,12,4,120.647025,24.229252,3
9905,66000,387130000C,(04)23274275,(04)23288582,2025,8,26,16,41,臺中市,西屯區,0,1,0,7,2,6,50,4,1,1,5,4,6,6,2,1,10,5,5,2,16,3,10,3,1,B03,7,5,1,8,1,5,,11,11,1,13,4,120.635305,24.176109,2
9906,66000,387130000C,(04)23274275,(04)23288582,2025,8,26,16,45,臺中市,外埔區,0,0,0,7,2,6,30,13,9,1,5,4,6,6,4,4,10,5,5,1,17,3,10,2,1,C03,7,1,1,10,2,13,14,51,51,1,12,4,120.663839,24.334155,3
9907,66000,387130000C,(04)23274275,(04)23288582,2025,8,26,16,47,臺中市,中區,0,0,0,7,3,6,50,13,9,1,5,4,6,6,4,4,8,3,5,2,13,,,,,B03,,,1,,1,,,59,59,1,13,4,120.678498,24.141426,3
9908,66000,387130000C,(04)23274275,(04)23288582,2025,8,26,16,51,臺中市,潭子區,0,0,0,7,,,0,,,,,,,,,,,,,,14,,,,,A12,,,6,,1,,,87,87,1,13,4,120.690608,24.213339,3
9909,66000,387130000C,(04)23274275,(04)23288582,2025,8,26,16,55,臺中市,北屯區,0,0,0,7,,,50,,,,,,,,,,,,,,,,,,,B03,,,1,,1,,,8,8,1,13,4,120.667812,24.178998,3
9910,66000,387130000C,(04)23274275,(04)23288582,2025,8,26,16,57,臺中市,南區,0,3,0,6,2,6,40,4,1,1,5,4,6,6,4,4,10,5,5,2,15,2,9,1,1,C03,7,9,1,10,2,12,,15,15,1,12,4,120.669989,24.123026,2
9911,66000,387130000C,(04)23274275,(04)23288582,2025,8,26,16,58,臺中市,潭子區,0,0,0,7,,,30,,,,,,,,,,,,,,,,,,,B03,,,1,,2,,,8,8,1,12,4,120.707426,24.211588,3
9912,66000,387130000C,(04)23274275,(04)23288582,2025,8,26,17,8,臺中市,龍井區,0,2,0,7,2,6,50,4,20,1,5,4,6,6,2,1,10,5,5,2,3,2,9,1,1,C03,7,9,1,10,2,11,,84,84,1,6,4,120.584242,24.181973,2
9913,66000,387130000C,(04)23274275,(04)23288582,2025,8,26,17,9,臺中市,潭子區,0,0,0,7,,,40,,,,,,,,,,,,,,9,,,,,B03,,,1,,2,,,50,50,1,12,4,120.702677,24.208925,3
9914,66000,387130000C,(04)23274275,(04)23288582,2025,8,26,17,10,臺中市,南屯區,0,0,0,7,,,40,,,,,,,,,,,,,,,,,,,B03,,,1,,1,,,50,50,1,6,4,120.63399,24.144956,3
9915,66000,387130000C,(04)23274275,(04)23288582,2025,8,26,17,10,臺中市,太平區,0,1,0,7,2,6,50,4,1,1,5,4,6,6,1,1,10,5,5,2,17,3,10,3,1,B01,7,6,1,1,2,1,,11,11,1,12,4,120.737795,24.131614,2
9916,66000,387130000C,(04)23274275,(04)23288582,2025,8,26,17,11,臺中市,后里區,0,1,0,7,2,6,50,3,1,1,5,4,6,6,4,4,9,5,5,1,3,3,10,3,1,B03,7,6,1,8,2,1,,10,10,1,12,4,120.725046,24.308968,2
9917,66000,387130000C,(04)23274275,(04)23288582,2025,8,26,17,12,臺中市,西區,0,0,0,6,,,50,,,,,,,,,,,,,,,,,,,C03,,,1,,1,,,7,7,1,12,4,120.665268,24.146718,3
9918,66000,387130000C,(04)23274275,(04)23288582,2025,8,26,17,13,臺中市,西屯區,0,2,0,6,2,6,40,3,1,5,5,4,6,6,4,4,10,5,5,2,3,2,8,5,4,C03,7,9,1,10,2,11,14,10,10,1,12,4,120.663533,24.164189,2
9919,66000,387130000C,(04)23274275,(04)23288582,2025,8,26,17,15,臺中市,東區,0,2,0,7,2,6,50,4,1,1,5,4,6,6,1,1,10,5,5,2,13,2,9,2,1,C03,7,9,1,10,2,11,,84,84,1,13,4,120.708692,24.142722,2
9920,66000,387130000C,(04)23274275,(04)23288582,2025,8,26,17,15,臺中市,沙鹿區,0,0,0,7,,,50,,,,,,,,,,,,,,13,,,,,B03,,,1,,1,,,7,7,1,12,4,120.567025,24.2033,3
9921,66000,387130000C,(04)23274275,(04)23288582,2025,8,26,17,17,臺中市,西屯區,0,0,0,7,,,30,,,,,,,,,,,,,,14,,,,,B12,,,1,,3,,,50,50,1,12,4,120.618152,24.179608,3
9922,66000,387130000C,(04)23274275,(04)23288582,2025,8,26,17,17,臺中市,大里區,0,1,0,6,2,6,40,4,1,1,5,4,6,6,1,1,10,5,5,2,13,3,10,2,1,C03,7,9,1,10,2,11,,7,7,1,6,4,120.688739,24.081152,2
9923,66000,387130000C,(04)23274275,(04)23288582,2025,8,26,17,20,臺中市,南屯區,0,1,0,6,1,6,50,4,2,1,5,4,6,6,2,1,5,4,4,2,17,3,10,3,1,B03,7,9,1,8,2,1,,58,58,1,12,4,120.632419,24.126789,2
9924,66000,387130000C,(04)23274275,(04)23288582,2025,8,26,17,20,臺中市,北屯區,0,1,0,7,2,6,40,4,1,1,5,4,6,6,2,1,10,5,5,2,16,3,10,3,1,B03,7,5,1,8,1,1,,84,84,1,13,4,120.702303,24.186533,2
9925,66000,387130000C,(04)23274275,(04)23288582,2025,8,26,17,22,臺中市,南屯區,0,0,0,7,,,50,,,,,,,,,,,,,,,,,,,B03,,,1,,1,,,8,8,1,13,4,120.624293,24.149322,3
9926,66000,387130000C,(04)23274275,(04)23288582,2025,8,26,17,22,臺中市,西屯區,0,0,0,7,,,40,,,,,,,,,,,,,,14,,,,,B03,,,1,,1,,,49,49,1,12,4,120.641214,24.161,3
9927,66000,387130000C,(04)23274275,(04)23288582,2025,8,26,17,23,臺中市,北屯區,0,3,0,7,2,6,50,13,9,1,5,4,3,3,4,4,5,5,5,2,17,3,10,1,1,C03,7,1,1,10,2,11,,51,51,1,12,4,120.696342,24.169797,2
9928,66000,387130000C,(04)23274275,(04)23288582,2025,8,26,17,25,臺中市,豐原區,0,0,0,7,,,50,,,,,,,,,,,,,,12,,,,,C03,,,1,,2,,,84,84,1,13,4,120.720658,24.267377,3
9929,66000,387130000C,(04)23274275,(04)23288582,2025,8,26,17,30,臺中市,西區,0,1,0,7,2,6,50,3,1,1,5,4,6,6,4,4,10,5,5,2,17,3,10,1,1,C03,7,6,1,10,2,12,,14,14,1,12,4,120.659444,24.135293,2
9930,66000,387130000C,(04)23274275,(04)23288582,2025,8,26,17,30,臺中市,北屯區,0,1,0,6,2,6,50,4,1,1,5,4,6,6,4,4,10,5,5,2,15,3,10,2,1,C03,7,9,1,10,2,11,,15,15,1,12,4,120.697453,24.161189,2
9931,66000,387130000C,(04)23274275,(04)23288582,2025,8,26,17,30,臺中市,龍井區,0,2,0,7,2,6,40,13,8,1,5,4,6,6,4,4,1,3,1,1,13,2,9,2,1,C03,7,9,1,10,2,11,,7,7,1,6,4,120.546385,24.217555,2
9932,66000,387130000C,(04)23274275,(04)23288582,2025,8,26,17,30,臺中市,大甲區,0,1,0,7,3,6,30,13,9,1,5,4,6,6,4,4,10,5,5,2,7,2,9,6,5,H01,8,20,7,21,10,17,,98,98,1,1,5,120.605017,24.362767,2
9933,66000,387130000C,(04)23274275,(04)23288582,2025,8,26,17,34,臺中市,北屯區,0,1,0,7,2,6,50,13,7,1,5,4,6,6,4,4,10,4,4,2,17,2,9,5,4,C03,7,8,1,10,2,14,,40,40,1,12,4,120.688835,24.169306,2
9934,66000,387130000C,(04)23274275,(04)23288582,2025,8,26,17,35,臺中市,北屯區,0,1,0,6,2,6,50,11,9,1,5,4,6,6,4,4,4,3,5,1,17,2,9,2,1,C03,7,9,1,10,2,11,12,85,85,1,12,4,120.742478,24.176493,2
9935,66000,387130000C,(04)23274275,(04)23288582,2025,8,26,17,35,臺中市,龍井區,0,2,0,7,2,6,40,13,8,1,5,4,6,6,4,4,1,3,1,1,13,2,9,2,1,C03,7,9,1,10,2,11,,7,7,1,6,4,120.546385,24.217555,2