序號,縣市別代碼,機關代碼,市話,傳真,年,月,日,時,分,縣市,區,死亡數量,受傷數量,2-30,天候,道路照明設備,道路類別,道路速限,道路型態,事故位置,路面鋪裝,路面狀態,路面缺陷,障礙物,視距,號誌種類,號誌動作,分向設施,快車道或一般車道間,快慢車道間,路面邊線,事故類型及型態,受傷程度,主要傷處,保護裝備,行動電話或功能裝置,當事者區分(類別),車輛用途,當事者行動狀態,駕照狀態,駕照種類,飲酒情形,車輛撞擊部位最初,車輛撞擊部位其他,肇事因素個別,肇事因素主要,肇事逃逸,職業,共享經濟或外送平台,GPS座標X,GPS座標Y,事故類別
9936,66000,387130000C,(04)23274275,(04)23288582,2025,8,26,17,35,臺中市,神岡區,0,1,0,7,2,6,50,13,9,1,5,4,6,6,4,4,9,5,5,1,18,2,9,4,1,F01,7,9,7,21,8,14,,53,53,1,6,4,120.658585,24.254958,2
9937,66000,387130000C,(04)23274275,(04)23288582,2025,8,26,17,37,臺中市,西區,0,1,0,5,3,6,50,4,2,1,4,4,6,6,1,1,10,5,5,2,16,3,10,3,1,B03,7,5,1,8,2,2,,47,47,1,12,4,120.66774,24.13095,2
9938,66000,387130000C,(04)23274275,(04)23288582,2025,8,26,17,37,臺中市,霧峰區,0,0,0,5,,,30,,,,,,,,,,,,,,17,,,,,C03,,,1,,2,,,41,41,1,13,4,120.649803,24.085227,3
9939,66000,387130000C,(04)23274275,(04)23288582,2025,8,26,17,37,臺中市,梧棲區,0,0,0,7,,,40,,,,,,,,,,,,,,13,,,,,B13,,,1,,1,,,7,7,1,6,4,120.525621,24.224383,3
9940,66000,387130000C,(04)23274275,(04)23288582,2025,8,26,17,40,臺中市,西區,0,0,0,5,,,50,,,,,,,,,,,,,,,,,,,B03,,,1,,1,,,84,84,1,12,4,120.660201,24.15084,3
9941,66000,387130000C,(04)23274275,(04)23288582,2025,8,26,17,40,臺中市,西屯區,0,2,0,7,2,6,50,13,12,1,5,4,6,6,4,4,5,4,4,2,16,2,9,5,4,C03,7,7,1,10,2,13,,40,40,1,13,2,120.632988,24.170174,2
9942,66000,387130000C,(04)23274275,(04)23288582,2025,8,26,17,40,臺中市,大甲區,0,2,0,7,3,6,50,3,1,1,5,4,6,6,3,1,10,5,5,2,16,2,7,1,1,C03,7,6,1,10,2,11,,20,20,1,6,4,120.614057,24.33652,2
9943,66000,387130000C,(04)23274275,(04)23288582,2025,8,26,17,41,臺中市,西區,0,0,0,7,,,50,,,,,,,,,,,,,,13,,,,,B03,,,1,,1,,,7,7,1,12,4,120.660911,24.150843,3
9944,66000,387130000C,(04)23274275,(04)23288582,2025,8,26,17,42,臺中市,梧棲區,0,1,0,7,2,6,30,4,1,1,5,4,6,6,4,4,10,5,5,2,15,2,9,1,1,C03,7,9,1,10,2,14,,12,12,1,6,4,120.543994,24.253207,2
9945,66000,387130000C,(04)23274275,(04)23288582,2025,8,26,17,44,臺中市,梧棲區,0,2,0,7,3,6,50,13,9,1,5,4,6,6,4,4,1,4,5,2,2,2,8,1,1,C03,7,9,1,10,2,11,,7,7,1,6,4,120.528154,24.244705,2
9946,66000,387130000C,(04)23274275,(04)23288582,2025,8,26,17,45,臺中市,中區,0,1,0,5,2,6,50,4,1,1,4,4,6,6,4,4,10,5,5,2,18,2,9,1,1,C03,7,9,1,10,2,14,12,6,6,1,12,4,120.684521,24.140692,2
9947,66000,387130000C,(04)23274275,(04)23288582,2025,8,26,17,45,臺中市,南屯區,0,1,0,5,2,6,50,4,1,1,4,4,6,6,1,1,5,5,5,2,17,3,10,3,1,B03,7,1,1,8,2,16,,51,51,1,13,4,120.645577,24.135968,2
9948,66000,387130000C,(04)23274275,(04)23288582,2025,8,26,17,45,臺中市,豐原區,0,0,0,7,,,50,,,,,,,,,,,,,,,,,,,B03,,,1,,9,,,7,7,1,13,4,120.736799,24.27286,3
9949,66000,387130000C,(04)23274275,(04)23288582,2025,8,26,17,46,臺中市,東區,0,0,0,5,,,50,,,,,,,,,,,,,,,,,,,C03,,,1,,2,,,7,7,1,6,4,120.707113,24.14069,3
9950,66000,387130000C,(04)23274275,(04)23288582,2025,8,26,17,46,臺中市,北屯區,0,0,0,7,,3,80,,,,,,,,,,,,,,13,,,,,B03,,,1,,1,,,7,7,1,13,4,120.693831,24.200928,3
9951,66000,387130000C,(04)23274275,(04)23288582,2025,8,26,17,47,臺中市,太平區,0,0,0,6,,3,80,,,,,,,,,,,,,,17,,,,,B03,,,1,,2,,,40,40,1,12,4,120.714272,24.148696,3
9952,66000,387130000C,(04)23274275,(04)23288582,2025,8,26,17,47,臺中市,太平區,0,2,0,5,2,6,50,3,1,1,4,4,6,6,4,4,10,5,5,2,16,2,8,2,1,C03,7,6,1,10,2,12,,48,48,1,13,4,120.726803,24.149904,2
9953,66000,387130000C,(04)23274275,(04)23288582,2025,8,26,17,47,臺中市,清水區,0,0,0,7,2,6,50,4,2,1,5,4,6,6,1,1,8,3,4,1,12,,,,,B03,,,1,,1,,,40,40,1,12,4,120.547818,24.277514,3
9954,66000,387130000C,(04)23274275,(04)23288582,2025,8,26,17,48,臺中市,北屯區,0,3,0,5,2,6,50,4,1,1,4,4,6,6,4,4,10,5,5,2,12,2,9,2,1,C03,7,9,1,10,2,11,,84,84,1,12,4,120.679428,24.181803,2
9955,66000,387130000C,(04)23274275,(04)23288582,2025,8,26,17,49,臺中市,南區,0,0,0,5,,,50,,,,,,,,,,,,,,13,,,,,C03,,,1,,1,,,7,7,1,6,4,120.646959,24.110619,3
9956,66000,387130000C,(04)23274275,(04)23288582,2025,8,26,17,50,臺中市,東區,0,0,0,7,,,50,,,,,,,,,,,,,,30,,,,,B03,,,1,,2,,,87,87,1,12,4,120.696417,24.132307,3
9957,66000,387130000C,(04)23274275,(04)23288582,2025,8,26,17,51,臺中市,西屯區,0,1,0,7,1,6,50,13,9,1,4,4,6,6,4,4,5,4,5,2,13,3,10,1,1,C03,7,14,1,10,2,13,,59,59,1,12,4,120.637849,24.180286,2
9958,66000,387130000C,(04)23274275,(04)23288582,2025,8,26,17,51,臺中市,龍井區,0,1,0,7,2,6,40,13,8,1,5,4,6,6,4,4,1,3,1,1,13,3,10,2,1,C03,7,9,1,10,2,11,,7,7,1,6,4,120.546516,24.217391,2
9959,66000,387130000C,(04)23274275,(04)23288582,2025,8,26,17,53,臺中市,大里區,0,0,0,5,,,50,,,,,,,,,,,,,,17,,,,,B12,,,1,,1,,,8,8,1,12,4,120.680629,24.107911,3
9960,66000,387130000C,(04)23274275,(04)23288582,2025,8,26,17,54,臺中市,大里區,0,0,0,5,,,50,,,,,,,,,,,,,,,,,,,B03,,,1,,2,,,84,84,1,12,4,120.690209,24.121088,3
9961,66000,387130000C,(04)23274275,(04)23288582,2025,8,26,17,55,臺中市,大里區,0,0,0,5,,,50,,,,,,,,,,,,,,,,,,,B03,,,1,,1,,,8,8,1,12,4,120.690909,24.100987,3
9962,66000,387130000C,(04)23274275,(04)23288582,2025,8,26,17,57,臺中市,北區,0,1,0,5,3,6,50,4,2,1,4,4,6,6,1,1,5,2,3,2,17,3,10,5,4,B03,7,7,1,8,2,2,,40,40,1,13,4,120.68396,24.146313,2
9963,66000,387130000C,(04)23274275,(04)23288582,2025,8,26,17,57,臺中市,西屯區,0,0,0,7,,,50,,,,,,,,,,,,,,,,,,,C03,,,1,,1,,,59,59,1,12,4,120.624586,24.182089,3
9964,66000,387130000C,(04)23274275,(04)23288582,2025,8,26,17,57,臺中市,大里區,0,1,0,5,2,6,50,4,1,1,4,4,6,6,4,4,10,5,5,2,15,2,9,1,1,C03,7,9,1,10,2,11,,13,13,1,12,4,120.699488,24.103688,2
9965,66000,387130000C,(04)23274275,(04)23288582,2025,8,26,17,59,臺中市,龍井區,0,2,0,7,2,6,50,4,1,1,5,4,6,6,2,1,10,5,5,2,15,2,9,1,1,C03,7,1,1,10,2,13,,51,51,1,6,4,120.581398,24.175646,2
9966,66000,387130000C,(04)23274275,(04)23288582,2025,8,26,18,0,臺中市,東區,0,0,0,7,,,50,,,,,,,,,,,,,,,,,,,,,,,,,,,117,117,1,,,120.705238,24.148197,3
9967,66000,387130000C,(04)23274275,(04)23288582,2025,8,26,18,0,臺中市,北屯區,0,1,0,5,2,6,50,13,9,1,4,4,6,6,4,4,5,4,5,2,17,3,10,1,1,C03,7,11,1,10,9,12,,39,39,1,12,4,120.711652,24.172239,2
9968,66000,387130000C,(04)23274275,(04)23288582,2025,8,26,18,0,臺中市,北屯區,0,0,0,5,,3,80,,,,,,,,,,,,,,,,,,,B03,,,1,,1,,,7,7,1,12,4,120.694144,24.201018,3
9969,66000,387130000C,(04)23274275,(04)23288582,2025,8,26,18,0,臺中市,西屯區,0,0,0,7,,,50,,,,,,,,,,,,,,13,,,,,C03,,,1,,1,,,7,7,1,12,4,120.630852,24.170874,3
9970,66000,387130000C,(04)23274275,(04)23288582,2025,8,26,18,1,臺中市,潭子區,0,0,0,7,,3,80,,,,,,,,,,,,,,13,,,,,B03,,,1,,1,,,56,56,1,12,4,120.718079,24.197644,3
9971,66000,387130000C,(04)23274275,(04)23288582,2025,8,26,18,3,臺中市,北區,0,1,0,5,1,6,40,3,2,1,4,4,6,6,1,1,1,4,4,2,13,2,9,1,1,C03,7,9,1,10,2,11,,7,7,1,12,4,120.672706,24.168761,2
9972,66000,387130000C,(04)23274275,(04)23288582,2025,8,26,18,5,臺中市,大里區,0,1,0,5,1,6,60,13,7,1,4,4,6,6,4,4,1,4,4,1,13,2,9,1,1,C03,7,9,1,10,2,11,,84,84,1,12,4,120.669905,24.103586,2
9973,66000,387130000C,(04)23274275,(04)23288582,2025,8,26,18,6,臺中市,西屯區,0,0,0,7,,,50,,,,,,,,,,,,,,17,,,,,C03,,,1,,9,,,84,84,1,12,4,120.657481,24.196252,3
9974,66000,387130000C,(04)23274275,(04)23288582,2025,8,26,18,9,臺中市,北屯區,0,0,0,5,,,30,,,,,,,,,,,,,,17,,,,,B03,,,1,,9,,,8,8,1,13,4,120.701603,24.16756,3
9975,66000,387130000C,(04)23274275,(04)23288582,2025,8,26,18,10,臺中市,潭子區,0,2,0,6,1,6,50,13,9,1,4,4,6,6,4,4,1,4,5,2,17,2,9,2,1,C03,7,9,1,10,2,12,,85,85,1,13,4,120.704665,24.200413,2
9976,66000,387130000C,(04)23274275,(04)23288582,2025,8,26,18,10,臺中市,大里區,0,0,0,5,,,60,,,,,,,,,,,,,,,,,,,B12,,,1,,2,,,7,7,1,13,4,120.671703,24.084205,3
9977,66000,387130000C,(04)23274275,(04)23288582,2025,8,26,18,11,臺中市,北屯區,0,1,0,5,1,6,30,4,1,1,4,4,6,6,4,4,10,5,5,2,15,3,10,3,1,B02,7,9,1,8,3,1,,15,15,1,12,4,120.679829,24.190613,2
9978,66000,387130000C,(04)23274275,(04)23288582,2025,8,26,18,11,臺中市,北屯區,0,1,0,5,1,6,50,3,1,1,4,4,6,6,1,1,10,5,5,2,12,2,9,1,1,C03,7,5,1,10,2,12,,59,59,1,12,4,120.702274,24.159826,2
9979,66000,387130000C,(04)23274275,(04)23288582,2025,8,26,18,12,臺中市,龍井區,0,4,0,7,2,6,40,13,8,1,5,4,6,6,4,4,1,5,1,1,13,2,9,2,1,C03,7,9,1,10,2,11,,7,7,1,6,4,120.545061,24.21766,2
9980,66000,387130000C,(04)23274275,(04)23288582,2025,8,26,18,14,臺中市,大里區,0,1,0,5,2,6,50,4,1,1,4,4,6,6,1,1,10,5,5,2,17,2,9,2,1,C03,7,14,1,10,2,11,,84,84,1,12,4,120.690909,24.100987,2
9981,66000,387130000C,(04)23274275,(04)23288582,2025,8,26,18,15,臺中市,潭子區,0,0,0,5,,,50,,,,,,,,,,,,,,9,,,,,B03,,,1,,2,,,84,84,1,12,4,120.706366,24.207025,3
9982,66000,387130000C,(04)23274275,(04)23288582,2025,8,26,18,15,臺中市,東區,0,0,0,5,,,50,,,,,,,,,,,,,,,,,,,B03,,,1,,2,,,85,85,1,12,4,120.686857,24.143113,4
9983,66000,387130000C,(04)23274275,(04)23288582,2025,8,26,18,17,臺中市,大雅區,0,1,0,6,1,6,30,4,1,1,5,4,6,6,4,4,10,5,5,1,16,3,10,1,1,F03,7,6,7,21,2,11,,12,12,1,4,4,120.639595,24.214643,2
9984,66000,387130000C,(04)23274275,(04)23288582,2025,8,26,18,17,臺中市,北屯區,0,0,0,5,,,50,,,,,,,,,,,,,,13,,,,,B03,,,1,,2,,,7,7,1,12,4,120.701823,24.165121,3
9985,66000,387130000C,(04)23274275,(04)23288582,2025,8,26,18,18,臺中市,北區,0,2,0,5,1,6,50,13,9,1,4,4,6,6,4,4,1,4,5,2,17,3,10,3,1,B03,7,7,1,8,2,5,,40,40,1,12,4,120.666988,24.173034,2
9986,66000,387130000C,(04)23274275,(04)23288582,2025,8,26,18,20,臺中市,太平區,0,1,0,7,1,6,50,4,1,1,5,4,6,6,1,1,10,5,5,2,17,3,10,3,1,B03,7,6,1,8,2,8,,48,48,1,12,4,120.744263,24.158909,2
9987,66000,387130000C,(04)23274275,(04)23288582,2025,8,26,18,21,臺中市,北區,0,2,0,5,3,9,50,13,24,1,4,4,6,6,4,4,5,5,4,2,17,2,9,5,4,C03,7,6,1,10,2,11,,48,48,1,13,4,120.675675,24.167756,2
9988,66000,387130000C,(04)23274275,(04)23288582,2025,8,26,18,22,臺中市,北屯區,0,0,0,5,,,50,,,,,,,,,,,,,,17,,,,,B03,,,1,,9,,,84,,1,12,4,120.702274,24.159826,3
9989,66000,387130000C,(04)23274275,(04)23288582,2025,8,26,18,25,臺中市,潭子區,0,2,0,5,2,6,30,3,1,1,4,4,6,6,4,4,10,5,5,2,17,3,10,6,1,F01,7,6,7,21,2,14,,84,84,1,12,4,120.703477,24.220795,2
9990,66000,387130000C,(04)23274275,(04)23288582,2025,8,26,18,26,臺中市,西區,0,2,0,5,2,6,30,4,1,1,4,4,6,6,4,4,10,5,5,2,17,2,9,1,1,C03,7,9,1,10,2,11,,15,15,1,12,4,120.660566,24.160943,2
9991,66000,387130000C,(04)23274275,(04)23288582,2025,8,26,18,28,臺中市,南屯區,0,2,0,5,3,6,50,3,1,1,4,4,6,6,4,4,10,5,5,2,17,3,10,3,1,B03,7,6,1,8,2,1,,84,84,1,12,4,120.654579,24.140597,2
9992,66000,387130000C,(04)23274275,(04)23288582,2025,8,26,18,31,臺中市,西屯區,0,1,0,5,1,6,50,3,1,1,4,4,6,6,1,1,10,5,5,1,18,2,9,2,1,C03,7,6,1,10,2,14,,59,59,1,12,4,120.651916,24.176124,2
9993,66000,387130000C,(04)23274275,(04)23288582,2025,8,26,18,31,臺中市,西屯區,0,0,0,5,,,50,,,,,,,,,,,,,,12,,,,,B03,,,1,,1,,,43,43,1,12,4,120.655834,24.170548,3
9994,66000,387130000C,(04)23274275,(04)23288582,2025,8,26,18,32,臺中市,西屯區,0,0,0,5,,,30,,,,,,,,,,,,,,30,,,,,A11,,,1,,9,,,8,8,1,12,4,120.647741,24.182006,3
9995,66000,387130000C,(04)23274275,(04)23288582,2025,8,26,18,33,臺中市,北屯區,0,0,0,5,,,50,,,,,,,,,,,,,,13,,,,,B03,,,1,,1,,,84,84,1,13,4,120.672378,24.175678,3
9996,66000,387130000C,(04)23274275,(04)23288582,2025,8,26,18,38,臺中市,北屯區,0,0,0,5,,,50,,,,,,,,,,,,,,14,,,,,B03,,,1,,10,,,49,49,1,13,4,120.688095,24.185314,3
9997,66000,387130000C,(04)23274275,(04)23288582,2025,8,26,18,39,臺中市,北屯區,0,1,0,5,2,6,50,3,1,1,4,4,6,6,2,1,10,5,5,2,16,3,10,3,1,B03,7,6,1,8,2,1,,11,11,1,12,4,120.710575,24.178252,2
9998,66000,387130000C,(04)23274275,(04)23288582,2025,8,26,18,40,臺中市,北屯區,0,1,0,7,2,6,50,4,1,1,5,4,6,6,1,1,10,5,5,2,13,2,9,5,4,C03,7,9,1,8,2,11,,7,7,1,12,4,120.709699,24.164769,2
9999,66000,387130000C,(04)23274275,(04)23288582,2025,8,26,18,45,臺中市,西屯區,0,0,0,5,,3,80,,,,,,,,,,,,,,12,,,,,B03,,,3,,1,,,40,40,1,12,4,120.634948,24.179291,3
10000,66000,387130000C,(04)23274275,(04)23288582,2025,8,26,18,48,臺中市,中區,0,0,0,5,,,50,,,,,,,,,,,,,,12,,,,,B03,,,1,,1,,,8,8,1,12,4,120.679157,24.145556,3
10001,66000,387130000C,(04)23274275,(04)23288582,2025,8,26,18,50,臺中市,東區,0,0,0,5,,,,,,,,,,,,,,,,,17,,,,,,,,,,,,,119,119,1,,,120.706451,24.148502,3
10002,66000,387130000C,(04)23274275,(04)23288582,2025,8,26,18,52,臺中市,南區,0,0,0,5,,,30,,,,,,,,,,,,,,11,,,,,B03,,,1,,9,,,84,84,1,12,4,120.674716,24.13181,3
10003,66000,387130000C,(04)23274275,(04)23288582,2025,8,26,18,53,臺中市,南區,0,1,0,5,1,6,50,3,2,1,4,4,6,6,1,1,1,4,4,2,18,2,9,1,1,C03,7,9,1,10,2,14,,6,6,1,6,4,120.66615,24.127113,2
10004,66000,387130000C,(04)23274275,(04)23288582,2025,8,26,18,54,臺中市,北區,0,1,0,5,1,6,50,5,2,1,4,4,6,6,2,1,10,5,5,2,18,2,9,2,1,C03,7,9,1,10,2,12,,84,84,1,13,4,120.702404,24.159594,2
10005,66000,387130000C,(04)23274275,(04)23288582,2025,8,26,18,54,臺中市,清水區,0,2,0,7,1,6,50,3,1,1,5,4,6,6,4,4,5,5,5,2,17,2,9,2,1,C03,7,15,1,10,2,11,,12,12,1,12,4,120.558472,24.269626,2
10006,66000,387130000C,(04)23274275,(04)23288582,2025,8,26,18,59,臺中市,東區,0,1,0,7,3,6,50,4,9,1,4,4,6,6,1,1,5,5,5,2,16,3,10,5,4,C03,7,5,1,10,2,12,,20,20,1,6,4,120.697241,24.127219,2
10007,66000,387130000C,(04)23274275,(04)23288582,2025,8,26,19,0,臺中市,大雅區,0,0,0,7,,,30,,,,,,,,,,,,,,17,,,,,B03,,,1,,2,,,84,84,1,13,4,120.666939,24.2351,3
10008,66000,387130000C,(04)23274275,(04)23288582,2025,8,26,19,2,臺中市,南區,0,0,0,7,,,50,,,,,,,,,,,,,,13,,,,,B03,,,1,,1,,,7,7,1,12,4,120.679394,24.122376,4
10009,66000,387130000C,(04)23274275,(04)23288582,2025,8,26,19,2,臺中市,西屯區,0,0,0,7,,,50,,,,,,,,,,,,,,13,,,,,B03,,,1,,1,,,7,7,1,13,4,120.622185,24.174168,3
10010,66000,387130000C,(04)23274275,(04)23288582,2025,8,26,19,3,臺中市,北屯區,0,3,0,5,1,6,50,4,1,1,4,4,6,6,2,1,10,5,5,2,15,2,8,1,1,C03,7,9,1,10,2,12,,21,21,1,13,4,120.665071,24.183786,2
10011,66000,387130000C,(04)23274275,(04)23288582,2025,8,26,19,6,臺中市,北屯區,0,0,0,7,,,50,,,,,,,,,,,,,,,,,,,B03,,,1,,1,,,84,84,1,12,4,120.71921,24.175783,3
10012,66000,387130000C,(04)23274275,(04)23288582,2025,8,26,19,20,臺中市,西屯區,0,1,0,7,1,6,40,13,8,1,4,4,6,6,4,4,1,4,1,2,17,3,10,1,1,C04,7,9,1,10,2,12,,84,84,1,12,1,120.649188,24.163244,2
10013,66000,387130000C,(04)23274275,(04)23288582,2025,8,26,19,20,臺中市,大里區,0,0,0,7,,,40,,,,,,,,,,,,,,,,,,,,,,,,,,,86,86,1,,,120.693824,24.079423,3
10014,66000,387130000C,(04)23274275,(04)23288582,2025,8,26,19,21,臺中市,北屯區,0,1,0,5,1,6,40,4,1,1,4,4,6,6,2,1,10,5,5,2,17,2,9,1,1,C03,7,9,1,10,2,11,,84,84,1,13,4,120.665073,24.183774,2
10015,66000,387130000C,(04)23274275,(04)23288582,2025,8,26,19,22,臺中市,潭子區,0,1,0,5,1,6,50,13,8,1,4,4,6,6,4,4,5,4,4,2,18,2,9,2,1,C03,7,9,1,10,2,14,,59,59,1,13,4,120.688657,24.210783,2
10016,66000,387130000C,(04)23274275,(04)23288582,2025,8,26,19,30,臺中市,北屯區,0,0,0,7,,,1,,,,,,,,,,,,,,17,,,,,B03,,,1,8,9,,,59,59,1,12,4,120.718612,24.175656,3
10017,66000,387130000C,(04)23274275,(04)23288582,2025,8,26,19,31,臺中市,西屯區,0,0,0,6,,,50,,,,,,,,,,,,,,,,,,,B01,,,1,,2,,,14,14,1,12,4,120.64499,24.172972,3
10018,66000,387130000C,(04)23274275,(04)23288582,2025,8,26,19,36,臺中市,神岡區,0,0,0,7,,,50,,,,,,,,,,,,,,2,,,,,B03,,,1,,1,,,59,59,1,12,4,120.696554,24.248704,3
10019,66000,387130000C,(04)23274275,(04)23288582,2025,8,26,19,37,臺中市,北屯區,0,0,0,5,,,50,,,,,,,,,,,,,,12,,,,,B01,,,1,,1,,,84,84,1,12,4,120.686209,24.188846,3
10020,66000,387130000C,(04)23274275,(04)23288582,2025,8,26,19,39,臺中市,西屯區,0,1,0,5,1,6,30,3,1,1,4,4,6,6,4,4,10,5,5,2,16,3,10,3,1,B03,7,6,1,8,2,5,,12,12,1,13,4,120.644503,24.174027,2
10021,66000,387130000C,(04)23274275,(04)23288582,2025,8,26,19,40,臺中市,南屯區,0,1,0,6,1,6,40,13,8,1,4,4,6,6,4,4,9,5,4,2,30,2,9,1,1,C03,7,9,1,10,2,14,,83,83,1,6,4,120.633034,24.157892,2
10022,66000,387130000C,(04)23274275,(04)23288582,2025,8,26,19,40,臺中市,霧峰區,0,1,0,6,1,6,50,4,1,1,5,4,6,6,1,1,10,5,5,1,17,2,9,1,1,C03,7,9,1,10,2,14,,84,84,1,13,4,120.703016,24.07078,2
10023,66000,387130000C,(04)23274275,(04)23288582,2025,8,26,19,40,臺中市,龍井區,0,0,0,7,,,50,,,,,,,,,,,,,,12,,,,,B03,,,1,,2,,,7,7,1,6,4,120.592801,24.18144,3
10024,66000,387130000C,(04)23274275,(04)23288582,2025,8,26,19,50,臺中市,南屯區,0,0,0,7,,,30,,,,,,,,,,,,,,,,,,,B03,,,1,,1,,,58,58,1,6,4,120.612624,24.144301,3
10025,66000,387130000C,(04)23274275,(04)23288582,2025,8,26,19,55,臺中市,大里區,0,0,0,7,,,30,,,,,,,,,,,,,,,,,,,B03,,,1,,1,,,8,8,1,6,4,120.703221,24.090082,3
10026,66000,387130000C,(04)23274275,(04)23288582,2025,8,26,19,58,臺中市,東區,0,0,0,7,,,50,,,,,,,,,,,,,,14,,,,,B03,,,1,,2,,,49,49,1,6,4,120.686787,24.13158,3
10027,66000,387130000C,(04)23274275,(04)23288582,2025,8,26,20,0,臺中市,沙鹿區,0,1,0,7,1,6,40,13,8,1,5,4,6,6,4,4,1,5,5,1,28,2,9,2,1,C03,7,9,1,10,2,11,,59,59,1,6,4,120.581146,24.213068,2
10028,66000,387130000C,(04)23274275,(04)23288582,2025,8,26,20,9,臺中市,大雅區,0,1,0,7,1,6,30,13,9,1,5,4,6,6,4,4,10,5,5,1,14,3,10,3,1,B12,7,2,1,8,2,7,,49,49,1,13,4,120.643613,24.226513,2
10029,66000,387130000C,(04)23274275,(04)23288582,2025,8,26,20,9,臺中市,大肚區,0,0,0,7,,,50,,,,,,,,,,,,,,14,,,,,B03,,,1,,2,,,49,49,1,6,4,120.544828,24.153257,3
10030,66000,387130000C,(04)23274275,(04)23288582,2025,8,26,20,10,臺中市,南區,0,0,0,7,,,30,,,,,,,,,,,,,,,,,,,B03,,,1,,9,,,84,84,1,6,4,120.653882,24.111514,3
10031,66000,387130000C,(04)23274275,(04)23288582,2025,8,26,20,25,臺中市,北區,0,1,0,5,3,6,50,18,24,1,4,4,6,6,1,1,10,5,5,2,17,2,7,5,4,C03,7,9,1,10,2,11,,7,7,1,13,4,120.6666,24.158645,2
10032,66000,387130000C,(04)23274275,(04)23288582,2025,8,26,20,26,臺中市,清水區,0,0,0,7,1,6,50,13,7,1,5,4,6,6,2,1,1,4,4,2,13,3,10,3,1,B03,7,15,5,19,4,1,,84,84,1,12,4,120.574334,24.266475,3
10033,66000,387130000C,(04)23274275,(04)23288582,2025,8,26,20,27,臺中市,烏日區,0,1,0,7,2,6,40,5,1,1,5,4,6,6,4,4,10,5,5,2,17,2,8,5,4,C03,7,6,1,10,2,13,,25,25,1,12,4,120.586691,24.113263,2
10034,66000,387130000C,(04)23274275,(04)23288582,2025,8,26,20,37,臺中市,神岡區,0,1,0,7,2,6,1,13,9,1,5,4,6,6,4,4,7,5,5,1,28,,,,,,,,,,,,,118,118,1,,,120.657333,24.251338,2
10035,66000,387130000C,(04)23274275,(04)23288582,2025,8,26,20,39,臺中市,大里區,0,1,0,7,1,6,50,3,1,1,5,4,6,6,4,4,10,5,5,2,17,3,10,3,1,B12,7,11,1,8,2,8,,44,44,1,12,4,120.67467,24.09821,2
10036,66000,387130000C,(04)23274275,(04)23288582,2025,8,26,20,39,臺中市,龍井區,0,2,0,7,1,6,5,3,1,1,5,4,6,6,4,4,9,4,4,2,28,2,9,1,1,C02,7,9,1,9,2,11,,59,59,1,6,4,120.521651,24.19908,2
10037,66000,387130000C,(04)23274275,(04)23288582,2025,8,26,20,40,臺中市,沙鹿區,0,0,0,6,,,30,,,,,,,,,,,,,,14,,,,,B03,,,1,,2,,,49,49,1,12,4,120.566,24.230926,3
10038,66000,387130000C,(04)23274275,(04)23288582,2025,8,26,20,43,臺中市,梧棲區,0,1,0,7,1,6,50,3,1,1,5,4,6,6,4,4,10,5,5,2,16,2,9,1,1,C03,7,6,1,10,2,11,,48,48,1,6,4,120.543388,24.251647,2
10039,66000,387130000C,(04)23274275,(04)23288582,2025,8,26,20,44,臺中市,南區,0,1,0,7,1,6,50,13,9,1,5,4,6,6,4,4,5,5,5,2,18,2,9,1,1,C03,7,9,1,10,2,14,,87,87,1,12,4,120.657702,24.128939,2
10040,66000,387130000C,(04)23274275,(04)23288582,2025,8,26,20,58,臺中市,豐原區,0,3,0,7,2,6,50,3,9,1,5,4,6,6,3,1,5,5,5,1,17,2,9,2,1,C03,7,6,1,10,2,14,,48,48,1,13,4,120.719343,24.24249,2
10041,66000,387130000C,(04)23274275,(04)23288582,2025,8,26,21,2,臺中市,潭子區,0,2,0,6,1,6,50,13,9,1,5,4,6,6,4,4,9,5,5,1,17,2,5,2,1,C03,7,15,1,10,2,12,,84,84,1,13,4,120.71008,24.207222,2
10042,66000,387130000C,(04)23274275,(04)23288582,2025,8,26,21,10,臺中市,神岡區,0,0,0,7,,,60,,,,,,,,,,,,,,17,,,,,B03,,,1,,2,,,40,40,1,12,4,120.683887,24.246452,3
10043,66000,387130000C,(04)23274275,(04)23288582,2025,8,26,21,16,臺中市,清水區,0,2,0,7,3,6,50,3,1,1,5,4,6,6,4,4,5,5,5,2,17,2,8,1,1,C03,7,1,1,10,2,14,,51,51,1,12,4,120.575745,24.271216,2
10044,66000,387130000C,(04)23274275,(04)23288582,2025,8,26,21,31,臺中市,北區,0,0,0,7,,,50,,,,,,,,,,,,,,12,,,,,B03,,,1,,2,,,84,84,1,13,4,120.678258,24.158339,3
10045,66000,387130000C,(04)23274275,(04)23288582,2025,8,26,21,32,臺中市,潭子區,0,1,0,6,1,6,50,4,1,1,4,4,6,6,1,1,10,5,5,2,16,3,10,3,1,B03,7,5,1,8,2,8,,22,22,1,13,4,120.718325,24.21811,2
10046,66000,387130000C,(04)23274275,(04)23288582,2025,8,26,21,40,臺中市,南區,0,0,0,6,,,50,,,,,,,,,,,,,,,,,,,C03,,,1,,2,,,51,51,1,12,4,120.655984,24.113708,3
10047,66000,387130000C,(04)23274275,(04)23288582,2025,8,26,21,43,臺中市,西區,0,2,0,7,1,6,50,3,1,1,5,4,6,6,4,4,10,5,5,2,16,2,9,5,4,C03,7,1,1,10,2,14,,51,51,1,12,2,120.65513,24.149932,2