序號,縣市別代碼,機關代碼,市話,傳真,年,月,日,時,分,縣市,區,死亡數量,受傷數量,2-30,天候,道路照明設備,道路類別,道路速限,道路型態,事故位置,路面鋪裝,路面狀態,路面缺陷,障礙物,視距,號誌種類,號誌動作,分向設施,快車道或一般車道間,快慢車道間,路面邊線,事故類型及型態,受傷程度,主要傷處,保護裝備,行動電話或功能裝置,當事者區分(類別),車輛用途,當事者行動狀態,駕照狀態,駕照種類,飲酒情形,車輛撞擊部位最初,車輛撞擊部位其他,肇事因素個別,肇事因素主要,肇事逃逸,職業,共享經濟或外送平台,GPS座標X,GPS座標Y,事故類別
10159,66000,387130000C,(04)23274275,(04)23288582,2025,8,27,9,20,臺中市,豐原區,0,1,0,7,3,6,60,13,7,1,5,4,6,6,4,4,1,4,4,2,17,2,9,1,1,C03,7,8,5,19,2,14,,40,40,1,13,4,120.715735,24.26306,2
10160,66000,387130000C,(04)23274275,(04)23288582,2025,8,27,9,21,臺中市,北區,0,1,0,7,2,6,30,13,9,1,5,4,6,6,3,1,8,3,4,1,9,3,10,2,1,C03,7,9,1,10,2,11,,7,7,1,13,4,120.6666,24.158645,2
10161,66000,387130000C,(04)23274275,(04)23288582,2025,8,27,9,21,臺中市,東區,0,0,0,7,,,50,,,,,,,,,,,,,,12,,,,,B11,,,1,,2,,,76,76,1,13,4,120.697361,24.134334,3
10162,66000,387130000C,(04)23274275,(04)23288582,2025,8,27,9,23,臺中市,南區,0,1,0,7,2,6,50,13,8,1,5,4,6,6,4,4,5,5,4,2,12,3,10,3,1,B03,7,7,1,6,2,5,,40,40,1,12,4,120.672011,24.119502,2
10163,66000,387130000C,(04)23274275,(04)23288582,2025,8,27,9,27,臺中市,潭子區,0,0,0,7,,,30,,,,,,,,,,,,,,,,,,,B03,,,1,,2,,,84,84,1,13,4,120.691735,24.212289,3
10164,66000,387130000C,(04)23274275,(04)23288582,2025,8,27,9,27,臺中市,北屯區,0,0,0,7,,,30,,,,,,,,,,,,,,14,,,,,B03,,,1,,1,,,49,49,1,6,4,120.683701,24.191623,3
10165,66000,387130000C,(04)23274275,(04)23288582,2025,8,27,9,28,臺中市,西屯區,0,0,0,7,,,30,,,,,,,,,,,,,,,,,,,B03,,,1,,2,,,43,43,1,12,4,120.655962,24.157721,3
10166,66000,387130000C,(04)23274275,(04)23288582,2025,8,27,9,29,臺中市,霧峰區,0,0,0,7,,,30,,,,,,,,,,,,,,,,,,,B03,,,1,,2,,,49,49,1,13,4,120.703543,24.058546,3
10167,66000,387130000C,(04)23274275,(04)23288582,2025,8,27,9,32,臺中市,北屯區,0,1,0,7,3,6,50,3,1,1,5,4,6,6,4,4,10,5,5,2,16,3,10,3,1,B03,7,5,1,8,2,5,,84,84,1,13,4,120.676272,24.173854,2
10168,66000,387130000C,(04)23274275,(04)23288582,2025,8,27,9,34,臺中市,西屯區,0,0,0,7,,,50,,,,,,,,,,,,,,17,,,,,B03,,,1,,1,,,84,84,1,12,4,120.636765,24.18138,3
10169,66000,387130000C,(04)23274275,(04)23288582,2025,8,27,9,35,臺中市,西屯區,0,0,0,7,,,50,,,,,,,,,,,,,,17,,,,,B03,,,1,,2,,,59,59,1,12,4,120.643468,24.18244,3
10170,66000,387130000C,(04)23274275,(04)23288582,2025,8,27,9,41,臺中市,南屯區,0,0,0,7,,,60,,,,,,,,,,,,,,12,,,,,B12,,,1,,1,,,8,8,1,12,4,120.635711,24.143383,3
10171,66000,387130000C,(04)23274275,(04)23288582,2025,8,27,9,41,臺中市,豐原區,0,0,0,7,,,50,,,,,,,,,,,,,,17,,,,,B12,,,1,,2,,,40,40,1,12,4,120.754602,24.274061,3
10172,66000,387130000C,(04)23274275,(04)23288582,2025,8,27,9,43,臺中市,大里區,0,1,0,7,2,6,50,13,9,1,5,4,6,6,4,4,5,5,5,2,17,3,10,3,1,B03,7,11,1,8,2,2,,45,45,1,12,4,120.676723,24.097851,2
10173,66000,387130000C,(04)23274275,(04)23288582,2025,8,27,9,57,臺中市,西屯區,0,1,0,7,2,6,40,13,11,1,5,4,6,6,4,4,1,3,4,1,17,2,9,4,4,F02,7,9,7,21,2,16,,85,85,1,12,4,120.664511,24.177715,2
10174,66000,387130000C,(04)23274275,(04)23288582,2025,8,27,9,58,臺中市,西屯區,0,0,0,7,,,50,,,,,,,,,,,,,,15,,,,,B03,,,3,,1,,,11,11,1,13,4,120.64227,24.177771,3
10175,66000,387130000C,(04)23274275,(04)23288582,2025,8,27,10,0,臺中市,南屯區,0,1,0,7,3,6,50,4,1,1,5,4,6,6,2,1,10,5,5,2,16,3,10,5,4,B03,7,9,1,8,2,5,,59,59,1,6,4,120.651383,24.134897,2
10176,66000,387130000C,(04)23274275,(04)23288582,2025,8,27,10,4,臺中市,東區,0,1,0,7,2,6,50,4,1,1,5,4,6,6,3,1,10,5,5,2,15,2,9,1,1,C03,7,9,1,10,2,11,,20,20,1,12,4,120.692936,24.129648,2
10177,66000,387130000C,(04)23274275,(04)23288582,2025,8,27,10,12,臺中市,南屯區,0,0,0,7,3,6,50,13,8,1,5,4,6,6,4,4,1,4,3,2,13,,,,,B03,,,1,,1,,,7,7,1,12,4,120.629314,24.128465,3
10178,66000,387130000C,(04)23274275,(04)23288582,2025,8,27,10,20,臺中市,北區,0,1,0,7,2,6,50,13,8,1,5,4,6,6,4,4,3,4,4,2,17,3,10,3,1,B03,7,7,1,8,2,2,,40,40,1,12,4,120.688893,24.153521,2
10179,66000,387130000C,(04)23274275,(04)23288582,2025,8,27,10,21,臺中市,梧棲區,0,0,0,7,,,70,,,,,,,,,,,,,,12,,,,,B03,,,1,,2,,,40,40,1,12,4,120.544256,24.246919,4
10180,66000,387130000C,(04)23274275,(04)23288582,2025,8,27,10,22,臺中市,中區,0,0,0,7,3,6,50,4,4,1,5,4,6,6,2,1,10,5,5,2,13,,,,,C03,,,1,,1,,,7,7,1,13,4,120.684401,24.142209,3
10181,66000,387130000C,(04)23274275,(04)23288582,2025,8,27,10,24,臺中市,清水區,0,0,0,7,,,50,,,,,,,,,,,,,,11,,,,,C03,,,1,,9,,,48,48,1,13,4,120.579068,24.272958,3
10182,66000,387130000C,(04)23274275,(04)23288582,2025,8,27,10,26,臺中市,大里區,0,2,0,7,3,6,50,4,1,1,5,4,6,6,2,1,5,4,4,1,16,2,9,5,4,C03,7,6,1,10,2,12,,11,11,1,13,4,120.694794,24.111392,2
10183,66000,387130000C,(04)23274275,(04)23288582,2025,8,27,10,33,臺中市,大甲區,0,0,0,7,,,50,,,,,,,,,,,,,,,,,,,H04,,,7,,10,,,95,95,1,12,4,120.629176,24.344446,3
10184,66000,387130000C,(04)23274275,(04)23288582,2025,8,27,10,34,臺中市,北屯區,0,0,0,7,,,50,,,,,,,,,,,,,,13,,,,,B03,,,1,,1,,,59,59,1,12,4,120.692789,24.165052,4
10185,66000,387130000C,(04)23274275,(04)23288582,2025,8,27,10,43,臺中市,西屯區,0,0,0,7,,,50,,,,,,,,,,,,,,13,,,,,C03,,,1,,1,,,7,7,1,12,4,120.625215,24.180904,3
10186,66000,387130000C,(04)23274275,(04)23288582,2025,8,27,10,48,臺中市,清水區,0,0,0,7,2,6,70,4,2,1,5,4,6,6,1,1,8,3,3,1,13,,,,,A22,,,1,,2,,,7,7,1,12,4,120.552648,24.293968,3
10187,66000,387130000C,(04)23274275,(04)23288582,2025,8,27,10,50,臺中市,清水區,0,0,0,7,,,50,,,,,,,,,,,,,,13,,,,,B03,,,1,,2,,,7,7,1,13,4,120.577072,24.27218,3
10188,66000,387130000C,(04)23274275,(04)23288582,2025,8,27,10,53,臺中市,大雅區,0,0,0,7,,,60,,,,,,,,,,,,,,,,,,,B03,,,1,,1,,,8,8,1,13,4,120.646834,24.222394,3
10189,66000,387130000C,(04)23274275,(04)23288582,2025,8,27,10,53,臺中市,霧峰區,0,1,0,7,2,6,50,4,1,1,5,4,6,6,1,1,10,5,5,2,15,3,10,3,1,B13,7,9,1,8,2,2,,21,21,1,6,4,120.695017,24.065904,2
10190,66000,387130000C,(04)23274275,(04)23288582,2025,8,27,10,57,臺中市,龍井區,0,0,0,7,2,6,40,5,2,1,5,4,6,6,2,1,5,5,5,2,10,,,,,C03,,,1,,1,,,6,6,1,5,4,120.581758,24.175784,3
10191,66000,387130000C,(04)23274275,(04)23288582,2025,8,27,11,0,臺中市,后里區,0,2,0,7,2,6,40,4,1,1,5,4,6,6,1,1,1,4,4,1,15,2,9,2,1,C03,7,9,1,8,2,12,,21,21,1,12,4,120.72287,24.311598,2
10192,66000,387130000C,(04)23274275,(04)23288582,2025,8,27,11,1,臺中市,大雅區,0,0,0,7,,,50,,,,,,,,,,,,,,11,,,,,B12,,,1,,11,,,87,87,1,12,4,120.669192,24.221191,3
10193,66000,387130000C,(04)23274275,(04)23288582,2025,8,27,11,2,臺中市,北屯區,0,0,0,7,,,50,,,,,,,,,,,,,,12,,,,,A12,,,1,,2,,,8,8,1,6,4,120.701775,24.181577,3
10194,66000,387130000C,(04)23274275,(04)23288582,2025,8,27,11,2,臺中市,西屯區,0,2,0,7,2,6,50,4,1,1,5,4,6,6,1,1,10,5,5,2,17,2,9,5,4,C03,7,9,1,10,2,12,,8,8,1,12,4,120.637487,24.175913,2
10195,66000,387130000C,(04)23274275,(04)23288582,2025,8,27,11,3,臺中市,西屯區,0,0,0,7,,,50,,,,,,,,,,,,,,13,,,,,C03,,,1,,1,,,59,59,1,12,4,120.634326,24.179806,3
10196,66000,387130000C,(04)23274275,(04)23288582,2025,8,27,11,5,臺中市,中區,0,0,0,7,,,50,,,,,,,,,,,,,,17,,,,,C03,,,1,,9,,,84,84,1,12,4,120.682782,24.140477,3
10197,66000,387130000C,(04)23274275,(04)23288582,2025,8,27,11,7,臺中市,西區,0,1,0,7,2,6,50,13,9,1,5,4,6,6,4,4,9,4,5,2,12,2,9,1,1,C03,7,1,1,10,2,14,,51,51,1,12,4,120.680908,24.136733,2
10198,66000,387130000C,(04)23274275,(04)23288582,2025,8,27,11,7,臺中市,北區,0,1,0,7,3,6,50,4,1,1,5,4,6,6,4,4,10,5,5,2,15,2,9,1,1,C03,7,9,1,10,2,11,,20,20,1,12,4,120.684417,24.152984,2
10199,66000,387130000C,(04)23274275,(04)23288582,2025,8,27,11,7,臺中市,豐原區,0,0,0,7,,,50,,,,,,,,,,,,,,17,,,,,B03,,,1,,2,,,84,84,1,12,4,120.722181,24.259084,3
10200,66000,387130000C,(04)23274275,(04)23288582,2025,8,27,11,8,臺中市,南區,0,1,0,7,2,6,40,13,8,1,5,4,6,6,4,4,3,4,4,2,17,2,9,2,1,C03,7,9,1,10,2,14,,84,84,1,13,4,120.653503,24.113441,2
10201,66000,387130000C,(04)23274275,(04)23288582,2025,8,27,11,10,臺中市,神岡區,0,1,0,7,2,6,40,4,2,1,5,4,6,6,1,1,5,5,4,2,17,3,10,5,4,B03,7,1,1,8,2,8,,51,51,1,12,4,120.65721,24.256031,2
10202,66000,387130000C,(04)23274275,(04)23288582,2025,8,27,11,10,臺中市,豐原區,0,2,0,7,1,6,50,4,1,1,5,4,6,6,1,1,5,4,4,2,17,2,9,1,1,C03,7,9,1,10,2,11,,7,7,1,6,4,120.716119,24.261421,2
10203,66000,387130000C,(04)23274275,(04)23288582,2025,8,27,11,23,臺中市,西區,0,0,0,7,,,50,,,,,,,,,,,,,,,,,,,B01,,,1,,1,,,49,49,1,13,4,120.672743,24.1472,3
10204,66000,387130000C,(04)23274275,(04)23288582,2025,8,27,11,26,臺中市,龍井區,0,0,0,7,2,6,50,13,9,1,5,4,6,6,4,4,10,5,5,2,14,,,,,C03,,,1,,1,,,49,49,1,6,4,120.587007,24.18121,3
10205,66000,387130000C,(04)23274275,(04)23288582,2025,8,27,11,31,臺中市,西區,0,0,0,7,,,50,,,,,,,,,,,,,,,,,,,B02,,,1,,1,,,51,51,1,13,4,120.658841,24.142936,3
10206,66000,387130000C,(04)23274275,(04)23288582,2025,8,27,11,32,臺中市,新社區,0,0,0,7,,,50,,,,,,,,,,,,,,13,,,,,B03,,,1,,1,,,7,7,1,13,4,120.811454,24.225579,3
10207,66000,387130000C,(04)23274275,(04)23288582,2025,8,27,11,33,臺中市,北區,0,0,0,7,,,50,,,,,,,,,,,,,,13,,,,,C03,,,1,,1,,,84,84,1,12,4,120.686323,24.154903,3
10208,66000,387130000C,(04)23274275,(04)23288582,2025,8,27,11,34,臺中市,大雅區,0,0,0,7,,,30,,,,,,,,,,,,,,,,,,,B03,,,1,,1,,,14,14,1,13,4,120.672284,24.231153,3
10209,66000,387130000C,(04)23274275,(04)23288582,2025,8,27,11,34,臺中市,東勢區,0,1,0,7,3,6,60,13,9,1,5,4,6,6,4,4,5,5,5,1,16,3,10,3,1,B03,7,6,1,8,2,8,,34,34,1,6,4,120.824218,24.261396,2
10210,66000,387130000C,(04)23274275,(04)23288582,2025,8,27,11,38,臺中市,北屯區,0,0,0,7,,,50,,,,,,,,,,,,,,12,,,,,B12,,,1,,1,,,59,59,1,6,4,120.676094,24.201367,4
10211,66000,387130000C,(04)23274275,(04)23288582,2025,8,27,11,44,臺中市,太平區,0,1,0,7,2,6,30,5,2,1,5,4,6,6,3,1,10,5,5,2,16,2,9,1,1,C03,7,11,1,10,2,14,,45,45,1,12,4,120.738584,24.157222,2
10212,66000,387130000C,(04)23274275,(04)23288582,2025,8,27,11,46,臺中市,豐原區,0,0,0,7,,,50,,,,,,,,,,,,,,17,,,,,C03,,,1,,2,,,78,78,1,12,4,120.72922,24.243761,4
10213,66000,387130000C,(04)23274275,(04)23288582,2025,8,27,11,52,臺中市,北屯區,0,1,0,7,3,6,50,3,1,1,5,4,6,6,1,1,10,5,5,2,16,3,10,3,1,B03,7,11,1,8,2,6,,20,20,1,12,4,120.723,24.181584,2
10214,66000,387130000C,(04)23274275,(04)23288582,2025,8,27,11,52,臺中市,太平區,0,0,0,7,,,30,,,,,,,,,,,,,,,,,,,,,,,,,,,119,119,1,,,120.71872,24.118531,3
10215,66000,387130000C,(04)23274275,(04)23288582,2025,8,27,11,52,臺中市,梧棲區,0,0,0,7,,,50,,,,,,,,,,,,,,13,,,,,B03,,,1,,1,,,7,7,1,6,4,120.532705,24.259785,3
10216,66000,387130000C,(04)23274275,(04)23288582,2025,8,27,11,52,臺中市,豐原區,0,1,0,7,2,6,50,13,9,1,1,4,6,6,4,4,5,5,4,2,18,2,9,1,1,C03,7,9,1,10,1,16,,84,84,1,12,4,120.716102,24.251429,2
10217,66000,387130000C,(04)23274275,(04)23288582,2025,8,27,11,55,臺中市,南屯區,0,0,0,7,,,50,,,,,,,,,,,,,,13,,,,,B03,,,1,,1,,,59,59,1,12,4,120.61021,24.138631,3
10218,66000,387130000C,(04)23274275,(04)23288582,2025,8,27,11,56,臺中市,北區,0,0,0,7,,,50,,,,,,,,,,,,,,13,,,,,B03,,,1,,1,,,7,7,1,13,4,120.685238,24.16221,3
10219,66000,387130000C,(04)23274275,(04)23288582,2025,8,27,11,56,臺中市,豐原區,0,1,0,6,2,6,50,4,7,1,5,4,6,6,2,1,5,4,4,2,16,2,9,1,1,C03,7,9,1,10,2,12,,7,7,1,12,4,120.7128,24.250943,2
10220,66000,387130000C,(04)23274275,(04)23288582,2025,8,27,11,58,臺中市,北區,0,1,0,7,2,6,50,13,9,1,5,4,6,6,4,4,3,4,5,2,17,3,10,1,1,C03,7,9,3,19,2,11,,59,59,1,12,4,120.693795,24.161492,2
10221,66000,387130000C,(04)23274275,(04)23288582,2025,8,27,12,4,臺中市,東勢區,0,2,0,7,2,6,50,4,1,1,5,4,6,6,1,1,10,5,5,2,13,2,9,1,1,C03,7,9,1,10,2,12,,6,6,1,12,4,120.830548,24.253698,2
10222,66000,387130000C,(04)23274275,(04)23288582,2025,8,27,12,5,臺中市,北屯區,0,0,0,7,,,50,,,,,,,,,,,,,,13,,,,,B03,,,1,,1,,,59,59,1,6,4,120.694943,24.181587,3
10223,66000,387130000C,(04)23274275,(04)23288582,2025,8,27,12,8,臺中市,南屯區,0,0,0,7,,3,40,,,,,,,,,,,,,,12,,,,,B03,,,1,,1,,,8,8,1,6,4,120.62329,24.150271,3
10224,66000,387130000C,(04)23274275,(04)23288582,2025,8,27,12,8,臺中市,大里區,0,2,0,7,3,6,50,13,9,1,5,4,6,6,4,4,3,4,5,1,13,2,8,1,1,C03,7,9,1,10,2,11,,84,84,1,13,4,120.693054,24.090162,2
10225,66000,387130000C,(04)23274275,(04)23288582,2025,8,27,12,8,臺中市,清水區,0,1,0,7,2,6,50,13,8,1,5,4,6,6,4,4,8,3,4,2,16,3,10,3,1,B03,7,7,1,8,2,6,,40,40,1,12,4,120.572095,24.258885,2
10226,66000,387130000C,(04)23274275,(04)23288582,2025,8,27,12,10,臺中市,西屯區,0,0,0,7,,,40,,,,,,,,,,,,,,,,,,,B03,,,1,,2,,,50,50,1,12,4,120.640605,24.157813,4
10227,66000,387130000C,(04)23274275,(04)23288582,2025,8,27,12,10,臺中市,烏日區,0,0,0,7,,,50,,,,,,,,,,,,,,13,,,,,B12,,,1,,1,,,7,7,1,6,4,120.626336,24.105374,3
10228,66000,387130000C,(04)23274275,(04)23288582,2025,8,27,12,12,臺中市,西區,0,1,0,7,2,6,30,4,1,1,5,4,6,6,4,4,10,5,5,2,15,3,10,3,1,B12,7,9,1,8,2,2,,15,15,1,12,4,120.664959,24.139507,2
10229,66000,387130000C,(04)23274275,(04)23288582,2025,8,27,12,15,臺中市,沙鹿區,0,0,0,7,2,6,50,13,8,1,5,4,6,6,4,4,4,3,4,2,14,,,,,B03,,,1,,1,,,49,49,1,12,4,120.566231,24.234973,3
10230,66000,387130000C,(04)23274275,(04)23288582,2025,8,27,12,19,臺中市,大里區,0,0,0,7,,,30,,,,,,,,,,,,,,12,,,,,B03,,,1,,2,,,8,8,1,6,4,120.693811,24.12037,3
10231,66000,387130000C,(04)23274275,(04)23288582,2025,8,27,12,20,臺中市,南區,0,2,0,7,2,6,40,13,8,1,5,4,6,6,4,4,1,4,4,2,13,2,9,2,1,C03,7,9,1,10,2,11,14,7,7,1,12,4,120.654634,24.11478,2
10232,66000,387130000C,(04)23274275,(04)23288582,2025,8,27,12,20,臺中市,太平區,0,1,0,7,3,6,50,4,1,1,5,4,6,6,4,4,10,5,5,2,17,2,8,1,1,C03,7,9,1,10,2,14,,59,59,1,6,4,120.716943,24.116902,2
10233,66000,387130000C,(04)23274275,(04)23288582,2025,8,27,12,20,臺中市,豐原區,0,0,0,7,,,50,,,,,,,,,,,,,,17,,,,,B03,,,1,,2,,,49,49,1,13,4,120.726166,24.251698,3
10234,66000,387130000C,(04)23274275,(04)23288582,2025,8,27,12,23,臺中市,西區,0,1,0,7,2,6,50,13,9,1,5,4,6,6,1,1,5,4,5,2,17,3,10,3,1,B03,7,14,1,8,2,2,,77,77,1,13,4,120.674336,24.137119,2
10235,66000,387130000C,(04)23274275,(04)23288582,2025,8,27,12,24,臺中市,太平區,0,0,0,7,,,50,,,,,,,,,,,,,,17,,,,,A11,,,1,,9,,,84,84,1,12,4,120.72595,24.126496,3
10236,66000,387130000C,(04)23274275,(04)23288582,2025,8,27,12,30,臺中市,南屯區,0,0,0,7,3,6,50,13,7,1,5,4,6,6,4,4,3,4,4,2,13,,,,,B03,,,1,,1,,,84,84,1,12,4,120.649054,24.150703,3
10237,66000,387130000C,(04)23274275,(04)23288582,2025,8,27,12,36,臺中市,東勢區,0,0,0,7,,,50,,,,,,,,,,,,,,14,,,,,B03,,,1,,1,,,49,49,1,13,4,120.83039,24.257526,3
10238,66000,387130000C,(04)23274275,(04)23288582,2025,8,27,12,40,臺中市,大里區,0,3,0,7,2,6,50,4,2,1,5,4,6,6,4,4,4,3,5,1,17,2,9,1,1,C03,7,9,1,10,2,11,,12,12,1,6,4,120.709642,24.08645,2
10239,66000,387130000C,(04)23274275,(04)23288582,2025,8,27,12,44,臺中市,太平區,0,0,0,7,,,50,,,,,,,,,,,,,,,,,,,B03,,,1,,2,,,49,49,1,12,4,120.71625,24.155629,3
10240,66000,387130000C,(04)23274275,(04)23288582,2025,8,27,12,46,臺中市,西區,0,0,0,7,,,30,,,,,,,,,,,,,,,,,,,B03,,,1,,1,,,49,49,1,13,4,120.662357,24.149159,3
10241,66000,387130000C,(04)23274275,(04)23288582,2025,8,27,12,47,臺中市,南屯區,0,1,0,7,2,6,50,13,8,1,5,4,6,6,1,1,1,3,1,1,30,2,9,1,1,F03,7,9,7,21,2,11,,59,59,1,12,4,120.62328,24.152015,2
10242,66000,387130000C,(04)23274275,(04)23288582,2025,8,27,12,50,臺中市,北屯區,0,0,0,7,,,50,,,,,,,,,,,,,,17,,,,,B03,,,3,,1,,,51,51,1,13,4,120.691817,24.171742,3
10243,66000,387130000C,(04)23274275,(04)23288582,2025,8,27,12,50,臺中市,西屯區,0,0,0,7,,,0,,,,,,,,,,,,,,9,,,,,C03,,,1,,1,,,8,8,1,12,4,120.65037,24.176807,3
10244,66000,387130000C,(04)23274275,(04)23288582,2025,8,27,12,51,臺中市,太平區,0,1,0,7,2,6,50,4,1,1,5,4,6,6,1,1,10,5,5,2,15,3,10,3,1,B03,7,9,1,8,2,1,,20,20,1,12,4,120.71609,24.133521,2
10245,66000,387130000C,(04)23274275,(04)23288582,2025,8,27,12,52,臺中市,清水區,0,0,0,5,2,6,50,4,1,1,5,4,6,6,1,1,8,3,4,2,12,,,,,B03,,,1,,1,,,51,51,1,12,4,120.5757,24.269355,3
10246,66000,387130000C,(04)23274275,(04)23288582,2025,8,27,12,56,臺中市,大里區,0,0,0,7,,3,80,,,,,,,,,,,,,,,,,,,B12,,,1,,11,,,73,73,1,6,4,120.690704,24.098029,3
10247,66000,387130000C,(04)23274275,(04)23288582,2025,8,27,12,59,臺中市,大肚區,0,2,0,7,2,6,50,13,9,1,5,4,6,6,1,1,5,5,5,1,13,2,9,2,1,C03,7,9,1,10,2,11,,88,88,1,5,4,120.580359,24.171967,2
10248,66000,387130000C,(04)23274275,(04)23288582,2025,8,27,13,0,臺中市,后里區,0,0,0,7,2,6,50,13,9,1,5,4,6,6,4,4,9,5,5,2,14,3,10,3,1,B03,7,2,1,8,1,6,,49,49,1,12,4,120.752725,24.30022,3
10249,66000,387130000C,(04)23274275,(04)23288582,2025,8,27,13,3,臺中市,北區,0,1,0,7,3,6,50,4,1,1,5,4,6,6,1,1,10,5,5,2,13,3,10,3,1,B03,7,9,1,8,2,8,,59,59,1,12,4,120.674402,24.171548,2
10250,66000,387130000C,(04)23274275,(04)23288582,2025,8,27,13,13,臺中市,太平區,0,0,0,7,,,50,,,,,,,,,,,,,,,,,,,B01,,,1,,2,,,47,47,1,6,4,120.720421,24.117112,3
10251,66000,387130000C,(04)23274275,(04)23288582,2025,8,27,13,14,臺中市,西區,0,1,0,7,2,6,0,13,9,1,5,4,6,6,4,4,3,4,5,2,17,2,9,2,1,C03,7,15,1,10,2,11,,84,84,1,12,4,120.654816,24.151043,2
10252,66000,387130000C,(04)23274275,(04)23288582,2025,8,27,13,15,臺中市,北屯區,0,0,0,7,,,30,,,,,,,,,,,,,,10,,,,,C03,,,1,,2,,,85,85,1,12,4,120.662656,24.191128,4
10253,66000,387130000C,(04)23274275,(04)23288582,2025,8,27,13,21,臺中市,西區,0,0,0,7,3,6,50,13,9,1,5,4,6,6,4,4,4,1,5,2,12,,,,,B03,,,1,,1,,,76,76,1,13,4,120.673128,24.136678,3
10254,66000,387130000C,(04)23274275,(04)23288582,2025,8,27,13,21,臺中市,石岡區,0,1,0,7,2,6,30,4,1,1,5,4,6,6,3,1,10,5,5,2,16,2,9,1,1,C03,7,5,1,10,2,14,,24,24,1,12,4,120.775256,24.276621,2
10255,66000,387130000C,(04)23274275,(04)23288582,2025,8,27,13,23,臺中市,西區,0,0,0,7,,,50,,,,,,,,,,,,,,17,,,,,B03,,,1,,1,,,84,84,1,12,4,120.673021,24.146183,3
10256,66000,387130000C,(04)23274275,(04)23288582,2025,8,27,13,25,臺中市,南屯區,0,1,0,7,2,6,50,4,1,1,5,4,6,6,4,4,10,5,5,2,12,4,11,3,1,B03,7,5,1,8,2,5,,14,14,1,12,4,120.641887,24.148784,2
10257,66000,387130000C,(04)23274275,(04)23288582,2025,8,27,13,30,臺中市,大里區,0,1,0,7,2,6,50,13,9,1,5,4,6,6,4,4,9,4,5,2,17,3,10,2,1,C03,7,7,1,10,2,13,,84,84,1,12,4,120.679441,24.117029,2
10258,66000,387130000C,(04)23274275,(04)23288582,2025,8,27,13,30,臺中市,梧棲區,0,0,0,7,,,50,,,,,,,,,,,,,,13,,,,,B03,,,1,,1,,,7,7,1,6,4,120.537423,24.262082,3
10259,66000,387130000C,(04)23274275,(04)23288582,2025,8,27,13,32,臺中市,南屯區,0,0,0,7,,,50,,,,,,,,,,,,,,17,,,,,B03,,,1,,2,,,50,50,1,13,4,120.63444,24.15605,3
10260,66000,387130000C,(04)23274275,(04)23288582,2025,8,27,13,37,臺中市,北屯區,0,0,0,7,,,50,,,,,,,,,,,,,,9,,,,,B12,,,1,,2,,,51,51,1,6,4,120.728993,24.172775,4
10261,66000,387130000C,(04)23274275,(04)23288582,2025,8,27,13,38,臺中市,潭子區,0,1,0,6,2,6,50,4,19,1,5,4,6,6,2,1,10,5,5,2,3,3,10,3,1,B03,7,5,1,8,2,1,,10,10,1,12,4,120.702514,24.193999,2
10262,66000,387130000C,(04)23274275,(04)23288582,2025,8,27,13,43,臺中市,龍井區,0,0,0,7,,,60,,,,,,,,,,,,,,,,,,,B03,,,1,,1,,,56,56,1,6,4,120.532887,24.194206,3
10263,66000,387130000C,(04)23274275,(04)23288582,2025,8,27,13,47,臺中市,北屯區,0,1,0,7,2,6,50,13,9,1,5,4,6,6,4,4,9,5,5,2,13,2,3,1,1,C03,7,9,1,10,1,11,,54,54,1,6,4,120.704194,24.184708,2
10264,66000,387130000C,(04)23274275,(04)23288582,2025,8,27,13,48,臺中市,沙鹿區,0,2,0,7,2,6,50,5,1,1,5,4,6,6,1,1,10,5,5,2,17,3,10,3,1,B03,7,9,1,8,2,2,,21,21,1,6,4,120.559972,24.234468,2
10265,66000,387130000C,(04)23274275,(04)23288582,2025,8,27,13,55,臺中市,潭子區,0,0,0,7,,,50,,,,,,,,,,,,,,,,,,,,,,,,,,,86,86,1,,,120.703966,24.215646,3
10266,66000,387130000C,(04)23274275,(04)23288582,2025,8,27,13,56,臺中市,北屯區,0,1,0,7,3,6,30,3,1,1,5,4,6,6,4,4,10,5,5,2,17,2,9,2,1,C03,7,9,1,10,2,12,,84,84,1,6,2,120.661676,24.191636,2
10267,66000,387130000C,(04)23274275,(04)23288582,2025,8,27,14,3,臺中市,北區,0,1,0,7,2,6,30,13,9,1,5,4,6,6,4,4,10,5,5,2,17,2,9,5,4,C03,7,9,1,10,2,11,,84,84,1,12,4,120.680861,24.167929,2
10268,66000,387130000C,(04)23274275,(04)23288582,2025,8,27,14,7,臺中市,西屯區,0,1,0,7,2,6,50,3,1,1,5,4,6,6,2,1,10,5,5,2,12,3,10,5,4,A11,7,7,1,3,2,5,,8,8,1,13,4,120.664106,24.176351,2
10269,66000,387130000C,(04)23274275,(04)23288582,2025,8,27,14,18,臺中市,北區,0,1,0,7,2,6,50,3,7,1,5,4,6,6,4,4,1,4,4,2,18,2,9,5,4,C03,7,12,1,10,2,12,,84,84,1,13,4,120.687694,24.146686,2
10270,66000,387130000C,(04)23274275,(04)23288582,2025,8,27,14,19,臺中市,西屯區,0,0,0,7,,,60,,,,,,,,,,,,,,13,,,,,B03,,,1,,1,,,7,7,1,12,4,120.639348,24.169027,3