序號,縣市別代碼,機關代碼,市話,傳真,年,月,日,時,分,縣市,區,死亡數量,受傷數量,2-30,天候,道路照明設備,道路類別,道路速限,道路型態,事故位置,路面鋪裝,路面狀態,路面缺陷,障礙物,視距,號誌種類,號誌動作,分向設施,快車道或一般車道間,快慢車道間,路面邊線,事故類型及型態,受傷程度,主要傷處,保護裝備,行動電話或功能裝置,當事者區分(類別),車輛用途,當事者行動狀態,駕照狀態,駕照種類,飲酒情形,車輛撞擊部位最初,車輛撞擊部位其他,肇事因素個別,肇事因素主要,肇事逃逸,職業,共享經濟或外送平台,GPS座標X,GPS座標Y,事故類別
10603,66000,387130000C,(04)23274275,(04)23288582,2025,8,28,12,18,臺中市,大里區,0,1,0,7,3,6,50,4,1,1,5,4,6,6,1,1,10,5,5,2,16,3,10,3,1,B03,7,6,1,8,2,2,,11,11,1,6,4,120.682319,24.100391,2
10604,66000,387130000C,(04)23274275,(04)23288582,2025,8,28,12,19,臺中市,沙鹿區,0,0,0,7,,,60,,,,,,,,,,,,,,,,,,,A04,,,1,,2,,,8,8,1,13,4,120.580595,24.21745,3
10605,66000,387130000C,(04)23274275,(04)23288582,2025,8,28,12,20,臺中市,龍井區,0,1,0,7,2,6,50,4,1,1,5,4,6,6,4,4,5,5,5,2,16,3,10,2,1,C03,7,6,1,10,2,14,,8,8,1,6,4,120.581129,24.18511,2
10606,66000,387130000C,(04)23274275,(04)23288582,2025,8,28,12,20,臺中市,豐原區,0,0,0,7,,,50,,,,,,,,,,,,,,17,,,,,B03,,,3,,1,,,78,78,1,12,4,120.719477,24.253572,3
10607,66000,387130000C,(04)23274275,(04)23288582,2025,8,28,12,22,臺中市,東區,0,1,0,7,2,6,50,5,1,1,5,4,6,6,2,1,10,5,5,2,13,3,10,2,1,C03,7,9,1,10,1,11,,7,7,1,12,4,120.701035,24.144512,2
10608,66000,387130000C,(04)23274275,(04)23288582,2025,8,28,12,22,臺中市,太平區,0,2,0,7,3,6,50,4,1,1,5,4,6,6,1,1,10,5,5,2,16,2,9,1,1,C03,7,6,1,10,2,11,,23,23,1,6,4,120.713834,24.158994,2
10609,66000,387130000C,(04)23274275,(04)23288582,2025,8,28,12,23,臺中市,北屯區,0,1,0,7,2,6,50,13,9,1,5,4,6,6,2,1,5,4,5,2,13,2,8,1,1,C03,7,9,1,10,2,11,,7,7,1,12,4,120.698991,24.170309,2
10610,66000,387130000C,(04)23274275,(04)23288582,2025,8,28,12,23,臺中市,大甲區,0,0,0,7,,,30,,,,,,,,,,,,,,30,,,,,B03,,,1,,1,,,50,50,1,6,4,120.617919,24.346795,3
10611,66000,387130000C,(04)23274275,(04)23288582,2025,8,28,12,24,臺中市,北屯區,0,2,0,7,3,6,50,4,1,1,5,4,6,6,1,1,10,5,5,2,15,2,9,2,1,C03,7,9,1,10,2,11,,21,21,1,13,4,120.679534,24.174011,2
10612,66000,387130000C,(04)23274275,(04)23288582,2025,8,28,12,26,臺中市,西屯區,0,1,0,7,2,6,35,3,1,1,5,4,6,6,4,4,10,5,5,2,12,3,10,2,4,C03,7,5,1,10,2,13,,14,14,1,12,4,120.630524,24.173254,2
10613,66000,387130000C,(04)23274275,(04)23288582,2025,8,28,12,28,臺中市,西區,0,0,0,7,3,6,,13,9,1,5,4,6,6,4,4,8,3,5,2,17,,,,,,,,,,,,,119,119,1,,,120.660311,24.146639,3
10614,66000,387130000C,(04)23274275,(04)23288582,2025,8,28,12,29,臺中市,西區,0,0,0,7,,,50,,,,,,,,,,,,,,13,,,,,B12,,,1,,1,,,84,84,1,12,4,120.65899,24.155572,3
10615,66000,387130000C,(04)23274275,(04)23288582,2025,8,28,12,45,臺中市,大里區,0,2,0,7,3,6,30,4,1,1,5,4,6,6,4,4,10,5,5,2,10,2,9,1,1,C03,7,9,1,10,2,11,14,58,58,1,6,4,120.680899,24.115771,2
10616,66000,387130000C,(04)23274275,(04)23288582,2025,8,28,12,52,臺中市,北屯區,0,1,0,7,3,6,50,4,1,1,5,4,6,6,1,1,10,5,5,2,15,2,8,1,1,C03,7,9,1,10,2,12,,21,21,1,12,4,120.719611,24.180137,2
10617,66000,387130000C,(04)23274275,(04)23288582,2025,8,28,13,1,臺中市,北屯區,0,2,0,7,3,6,0,13,21,1,5,4,6,6,4,4,10,5,5,2,17,2,8,2,1,C03,7,9,1,10,2,12,,39,39,1,6,4,120.665941,24.181954,2
10618,66000,387130000C,(04)23274275,(04)23288582,2025,8,28,13,5,臺中市,東區,0,1,0,7,2,6,30,13,9,1,5,4,6,6,4,4,5,5,5,2,17,3,10,1,1,C03,7,1,1,10,2,16,,85,85,1,12,4,120.691518,24.13076,2
10619,66000,387130000C,(04)23274275,(04)23288582,2025,8,28,13,7,臺中市,后里區,0,0,0,7,3,6,40,3,1,1,5,4,6,6,1,1,4,4,4,1,17,3,10,3,1,B03,7,10,1,8,2,8,,20,20,1,6,4,120.71045,24.310812,3
10620,66000,387130000C,(04)23274275,(04)23288582,2025,8,28,13,8,臺中市,西屯區,0,0,0,7,,,50,,,,,,,,,,,,,,,,,,,B12,,,1,,2,,,84,84,1,12,4,120.647403,24.158642,3
10621,66000,387130000C,(04)23274275,(04)23288582,2025,8,28,13,9,臺中市,西區,0,1,0,7,2,6,50,3,1,1,5,4,6,6,1,1,10,5,5,2,17,2,9,2,1,C03,7,11,3,19,2,14,,45,45,1,12,4,120.665275,24.143257,2
10622,66000,387130000C,(04)23274275,(04)23288582,2025,8,28,13,15,臺中市,豐原區,0,0,0,7,,,50,,,,,,,,,,,,,,17,,,,,C03,,,1,,2,,,4,4,1,12,4,120.733768,24.253983,3
10623,66000,387130000C,(04)23274275,(04)23288582,2025,8,28,13,16,臺中市,神岡區,0,1,0,7,3,6,50,13,7,1,5,4,6,6,4,4,5,4,4,1,16,3,10,3,1,B03,7,11,1,8,2,4,,39,39,1,13,4,120.669973,24.256984,2
10624,66000,387130000C,(04)23274275,(04)23288582,2025,8,28,13,17,臺中市,潭子區,0,1,0,7,2,6,50,4,1,1,5,4,6,6,3,1,5,5,4,1,17,3,10,2,1,C03,7,6,1,10,2,14,,20,20,1,13,4,120.704352,24.207145,2
10625,66000,387130000C,(04)23274275,(04)23288582,2025,8,28,13,17,臺中市,南區,0,0,0,7,,,30,,,,,,,,,,,,,,14,,,,,B03,,,1,,1,,,49,49,1,12,4,120.66684,24.115302,3
10626,66000,387130000C,(04)23274275,(04)23288582,2025,8,28,13,22,臺中市,南屯區,0,1,0,7,1,6,50,3,2,1,5,4,6,6,4,4,5,4,4,2,16,2,9,5,4,C03,7,5,1,10,2,14,,14,14,1,13,4,120.616192,24.153034,2
10627,66000,387130000C,(04)23274275,(04)23288582,2025,8,28,13,22,臺中市,太平區,0,0,0,7,,,50,,,,,,,,,,,,,,13,,,,,C03,,,3,,1,,,7,7,1,12,4,120.700571,24.147974,3
10628,66000,387130000C,(04)23274275,(04)23288582,2025,8,28,13,23,臺中市,南區,0,3,0,7,1,6,50,4,1,1,5,4,6,6,4,4,10,5,5,2,15,2,9,1,1,C03,7,9,1,10,2,11,,15,15,1,12,4,120.68237,24.13462,2
10629,66000,387130000C,(04)23274275,(04)23288582,2025,8,28,13,37,臺中市,東區,0,1,0,7,1,6,50,13,8,1,5,4,6,6,4,4,9,4,5,2,18,2,9,1,1,F01,7,8,7,21,2,14,12,84,84,1,12,1,120.689263,24.140063,2
10630,66000,387130000C,(04)23274275,(04)23288582,2025,8,28,13,38,臺中市,南屯區,0,0,0,7,,,50,,,,,,,,,,,,,,,,,,,B03,,,1,,2,,,51,51,1,13,4,120.612022,24.13893,3
10631,66000,387130000C,(04)23274275,(04)23288582,2025,8,28,13,42,臺中市,大里區,0,0,0,7,,,50,,,,,,,,,,,,,,12,,,,,B03,,,1,,1,,,8,8,1,13,4,120.685035,24.106618,3
10632,66000,387130000C,(04)23274275,(04)23288582,2025,8,28,13,46,臺中市,潭子區,0,2,0,7,3,6,40,4,1,1,5,4,6,6,4,4,10,5,5,2,15,2,9,2,1,C03,7,9,1,10,2,11,,15,15,1,13,4,120.70311,24.195691,2
10633,66000,387130000C,(04)23274275,(04)23288582,2025,8,28,13,54,臺中市,南屯區,0,0,0,7,,,60,,,,,,,,,,,,,,13,,,,,B11,,,1,,1,,,7,7,1,13,4,120.623147,24.145457,3
10634,66000,387130000C,(04)23274275,(04)23288582,2025,8,28,13,55,臺中市,東區,0,0,0,7,,,50,,,,,,,,,,,,,,16,,,,,,,,,,,,,84,84,1,,,120.689795,24.138248,3
10635,66000,387130000C,(04)23274275,(04)23288582,2025,8,28,13,56,臺中市,大雅區,0,0,0,7,,,30,,,,,,,,,,,,,,,,,,,B03,,,1,,1,,,50,50,1,13,4,120.668334,24.236245,3
10636,66000,387130000C,(04)23274275,(04)23288582,2025,8,28,13,59,臺中市,東勢區,0,1,0,7,2,6,50,13,9,1,5,4,6,6,4,4,4,4,5,1,17,3,10,3,1,B03,7,9,1,8,2,7,,85,85,1,12,4,120.812103,24.304294,2
10637,66000,387130000C,(04)23274275,(04)23288582,2025,8,28,14,0,臺中市,沙鹿區,0,1,0,7,2,6,50,13,9,1,5,4,6,6,4,4,5,5,5,2,17,3,10,3,1,B03,7,1,1,8,2,4,,51,51,1,13,4,120.575933,24.225405,2
10638,66000,387130000C,(04)23274275,(04)23288582,2025,8,28,14,1,臺中市,南區,0,0,0,7,,,50,,,,,,,,,,,,,,17,,,,,B03,,,1,,2,,,55,55,1,12,4,120.668281,24.11566,3
10639,66000,387130000C,(04)23274275,(04)23288582,2025,8,28,14,3,臺中市,西區,0,1,0,7,2,6,40,13,8,1,5,4,6,6,4,4,5,4,4,2,18,2,9,1,1,C03,7,9,1,10,2,11,,84,84,1,12,4,120.66545,24.150494,2
10640,66000,387130000C,(04)23274275,(04)23288582,2025,8,28,14,4,臺中市,潭子區,0,0,0,7,,,50,,,,,,,,,,,,,,,,,,,B13,,,1,,2,,,39,39,1,13,4,120.681117,24.207565,3
10641,66000,387130000C,(04)23274275,(04)23288582,2025,8,28,14,4,臺中市,西區,0,3,0,7,2,6,40,4,1,1,5,4,6,6,2,1,10,5,5,2,13,2,9,2,1,C03,7,9,1,10,2,11,12,7,7,1,12,4,120.665551,24.153562,2
10642,66000,387130000C,(04)23274275,(04)23288582,2025,8,28,14,4,臺中市,北區,0,0,0,7,,,50,,,,,,,,,,,,,,16,,,,,B03,,,1,,1,,,20,20,1,12,4,120.676619,24.156148,3
10643,66000,387130000C,(04)23274275,(04)23288582,2025,8,28,14,9,臺中市,烏日區,0,1,0,7,2,6,50,13,7,1,5,4,6,6,4,4,5,4,4,2,3,3,10,1,1,C03,7,9,1,10,2,11,,84,84,1,6,4,120.637447,24.109647,2
10644,66000,387130000C,(04)23274275,(04)23288582,2025,8,28,14,10,臺中市,西區,0,0,0,7,,,50,,,,,,,,,,,,,,,,,,,B03,,,1,,2,,,84,84,1,12,4,120.664087,24.154014,3
10645,66000,387130000C,(04)23274275,(04)23288582,2025,8,28,14,12,臺中市,東區,0,0,0,7,,,50,,,,,,,,,,,,,,13,,,,,B03,,,1,,1,,,7,7,1,12,4,120.696485,24.138879,3
10646,66000,387130000C,(04)23274275,(04)23288582,2025,8,28,14,17,臺中市,西屯區,0,1,0,7,2,6,50,4,1,1,5,4,6,6,1,1,8,4,4,1,13,2,9,5,4,C03,7,6,1,10,2,13,,87,87,1,13,4,120.660451,24.164449,2
10647,66000,387130000C,(04)23274275,(04)23288582,2025,8,28,14,21,臺中市,大安區,0,1,0,7,3,6,50,3,2,1,5,4,6,6,4,4,5,4,5,1,16,3,10,3,1,A11,7,5,1,8,2,2,,14,14,1,6,4,120.589188,24.378261,2
10648,66000,387130000C,(04)23274275,(04)23288582,2025,8,28,14,22,臺中市,大雅區,0,0,0,7,,,50,,,,,,,,,,,,,,14,,,,,B03,,,1,,1,,,84,84,1,13,4,120.654191,24.229309,3
10649,66000,387130000C,(04)23274275,(04)23288582,2025,8,28,14,24,臺中市,北區,0,1,0,7,2,6,50,4,1,1,5,4,6,6,2,1,10,5,5,2,17,3,10,3,1,B03,7,5,1,8,2,5,,11,11,1,13,4,120.689517,24.157825,2
10650,66000,387130000C,(04)23274275,(04)23288582,2025,8,28,14,24,臺中市,西屯區,0,1,0,7,2,6,50,3,1,1,5,4,6,6,1,1,10,5,5,2,13,2,9,5,4,C03,7,9,1,10,2,11,,7,7,1,12,4,120.656573,24.169656,2
10651,66000,387130000C,(04)23274275,(04)23288582,2025,8,28,14,24,臺中市,新社區,0,1,0,7,3,6,30,13,9,1,5,4,6,6,4,4,10,5,5,1,12,3,10,5,4,B12,7,6,5,19,2,2,,84,84,1,12,4,120.792223,24.216289,2
10652,66000,387130000C,(04)23274275,(04)23288582,2025,8,28,14,29,臺中市,北區,0,1,0,7,2,6,50,4,1,1,5,4,6,6,4,4,5,5,5,2,15,3,10,3,1,B03,7,9,1,8,2,5,,20,20,1,12,4,120.672084,24.158481,2
10653,66000,387130000C,(04)23274275,(04)23288582,2025,8,28,14,40,臺中市,潭子區,0,0,0,7,,3,80,,,,,,,,,,,,,,,,,,,A12,,,1,,9,,,68,68,1,13,4,120.709739,24.200514,3
10654,66000,387130000C,(04)23274275,(04)23288582,2025,8,28,14,40,臺中市,烏日區,0,1,0,7,3,6,70,13,14,1,5,4,6,6,4,4,1,4,4,1,17,3,10,1,1,C03,7,6,1,10,2,13,,84,84,1,6,4,120.602853,24.110256,2
10655,66000,387130000C,(04)23274275,(04)23288582,2025,8,28,14,42,臺中市,西區,0,1,0,7,2,6,50,4,1,1,5,4,6,6,1,1,10,5,5,2,15,2,9,2,1,C03,7,9,1,10,2,12,,21,21,1,12,4,120.66019,24.135132,2
10656,66000,387130000C,(04)23274275,(04)23288582,2025,8,28,14,42,臺中市,北屯區,0,2,0,7,3,6,50,4,1,1,4,4,6,6,4,4,10,5,5,2,17,2,9,2,1,C03,7,9,1,10,2,11,,15,15,1,13,4,120.695515,24.186084,2
10657,66000,387130000C,(04)23274275,(04)23288582,2025,8,28,14,42,臺中市,神岡區,0,1,0,7,1,6,50,13,9,1,5,4,6,6,3,1,5,5,5,1,13,2,9,1,4,F01,7,9,7,21,2,11,,7,7,1,12,4,120.712173,24.257419,2
10658,66000,387130000C,(04)23274275,(04)23288582,2025,8,28,14,45,臺中市,中區,0,0,0,7,,,50,,,,,,,,,,,,,,,,,,,B03,,,1,,2,,,8,8,1,12,4,120.68102,24.142326,3
10659,66000,387130000C,(04)23274275,(04)23288582,2025,8,28,14,50,臺中市,北屯區,0,1,0,7,2,6,50,5,1,1,5,4,6,6,2,1,10,5,5,2,16,3,10,1,1,C03,7,6,1,9,2,12,,48,48,1,12,4,120.686483,24.188133,2
10660,66000,387130000C,(04)23274275,(04)23288582,2025,8,28,14,53,臺中市,北區,0,1,0,7,2,6,50,13,9,1,5,4,6,6,4,4,1,3,5,2,12,2,9,2,1,C04,7,9,1,10,1,14,,43,43,1,13,4,120.669044,24.173242,2
10661,66000,387130000C,(04)23274275,(04)23288582,2025,8,28,14,57,臺中市,北區,0,0,0,7,,,50,,,,,,,,,,,,,,,,,,,B03,,,1,,1,,,40,40,1,12,4,120.681974,24.144412,3
10662,66000,387130000C,(04)23274275,(04)23288582,2025,8,28,15,0,臺中市,南屯區,0,0,0,7,,,50,,,,,,,,,,,,,,,,,,,B03,,,1,,2,,,42,42,1,6,4,120.638993,24.144783,4
10663,66000,387130000C,(04)23274275,(04)23288582,2025,8,28,15,7,臺中市,豐原區,0,1,0,7,2,6,30,13,9,1,5,4,6,6,4,4,10,5,5,2,17,3,10,3,1,B03,7,6,1,8,2,8,,48,48,1,13,4,120.739808,24.251838,2
10664,66000,387130000C,(04)23274275,(04)23288582,2025,8,28,15,8,臺中市,大甲區,0,0,0,7,,,50,,,,,,,,,,,,,,13,,,,,B03,,,1,,2,,,7,7,1,12,4,120.651983,24.383497,3
10665,66000,387130000C,(04)23274275,(04)23288582,2025,8,28,15,9,臺中市,西屯區,0,0,0,7,,,50,,,,,,,,,,,,,,13,,,,,B03,,,1,,1,,,59,59,1,12,4,120.63396,24.160565,3
10666,66000,387130000C,(04)23274275,(04)23288582,2025,8,28,15,10,臺中市,大里區,0,1,0,7,2,6,50,4,1,1,5,4,6,6,1,1,10,5,5,2,17,3,10,1,1,C03,7,9,1,10,2,11,,7,7,1,12,4,120.665532,24.096973,2
10667,66000,387130000C,(04)23274275,(04)23288582,2025,8,28,15,12,臺中市,南屯區,0,0,0,7,,,50,,,,,,,,,,,,,,13,,,,,B03,,,1,,1,,,55,55,1,13,4,120.644052,24.146869,3
10668,66000,387130000C,(04)23274275,(04)23288582,2025,8,28,15,16,臺中市,大里區,0,0,0,7,,,50,,,,,,,,,,,,,,,,,,,B03,,,1,,2,,,7,7,1,6,4,120.703545,24.092031,3
10669,66000,387130000C,(04)23274275,(04)23288582,2025,8,28,15,19,臺中市,北屯區,0,0,0,7,,,50,,,,,,,,,,,,,,12,,,,,C03,,,1,,1,,,42,42,1,12,4,120.66968,24.177502,3
10670,66000,387130000C,(04)23274275,(04)23288582,2025,8,28,15,20,臺中市,霧峰區,0,1,0,7,2,6,40,3,1,1,5,4,6,6,1,1,5,5,5,1,16,3,10,3,1,B02,7,5,1,8,2,6,,11,11,1,13,4,120.678418,24.064625,2
10671,66000,387130000C,(04)23274275,(04)23288582,2025,8,28,15,26,臺中市,霧峰區,0,0,0,7,,,50,,,,,,,,,,,,,,17,,,,,A04,,,1,,2,,,50,50,1,12,4,120.695985,24.014504,3
10672,66000,387130000C,(04)23274275,(04)23288582,2025,8,28,15,30,臺中市,西屯區,0,2,0,7,2,6,50,4,1,1,5,4,6,6,2,1,10,5,5,2,16,2,7,2,1,C03,7,11,1,10,2,12,,45,45,1,13,4,120.649352,24.175004,2
10673,66000,387130000C,(04)23274275,(04)23288582,2025,8,28,15,30,臺中市,梧棲區,0,1,0,7,2,6,50,4,1,1,5,4,6,6,1,1,10,5,5,2,16,2,9,1,1,C03,7,6,1,10,2,12,,48,48,1,5,4,120.539353,24.261669,2
10674,66000,387130000C,(04)23274275,(04)23288582,2025,8,28,15,30,臺中市,后里區,0,1,0,7,2,8,30,13,13,2,5,4,6,6,4,4,5,5,5,2,18,2,9,1,1,F02,7,9,7,21,2,11,,59,59,1,12,4,120.732603,24.297766,2
10675,66000,387130000C,(04)23274275,(04)23288582,2025,8,28,15,34,臺中市,北區,0,2,0,7,2,6,50,13,9,1,5,4,6,6,2,1,9,4,5,2,17,2,9,1,1,C03,7,11,3,19,2,13,,45,45,1,13,4,120.674863,24.15557,2
10676,66000,387130000C,(04)23274275,(04)23288582,2025,8,28,15,40,臺中市,清水區,0,0,0,7,2,6,60,5,2,1,5,4,6,6,1,1,8,3,4,1,13,,,,,B03,,,1,,1,,,7,7,1,12,4,120.596946,24.306064,3
10677,66000,387130000C,(04)23274275,(04)23288582,2025,8,28,15,40,臺中市,神岡區,0,0,0,7,,,60,,,,,,,,,,,,,,12,,,,,B03,,,1,,1,,,7,7,1,13,4,120.697803,24.248522,3
10678,66000,387130000C,(04)23274275,(04)23288582,2025,8,28,15,44,臺中市,龍井區,0,2,0,7,3,6,30,4,1,1,5,4,6,6,4,4,10,5,5,1,17,2,9,2,1,C03,7,9,1,10,2,12,,15,15,1,12,4,120.532074,24.191255,2
10679,66000,387130000C,(04)23274275,(04)23288582,2025,8,28,15,49,臺中市,北屯區,0,0,0,7,,,50,,,,,,,,,,,,,,17,,,,,B03,,,1,,1,,,45,45,1,12,4,120.719047,24.162884,3
10680,66000,387130000C,(04)23274275,(04)23288582,2025,8,28,15,50,臺中市,西屯區,0,1,0,7,2,6,50,3,9,1,5,4,6,6,4,4,5,4,5,2,13,3,10,3,1,A12,7,9,1,7,2,1,,7,7,1,12,4,120.642537,24.19635,2
10681,66000,387130000C,(04)23274275,(04)23288582,2025,8,28,15,51,臺中市,潭子區,0,2,0,7,3,6,50,13,7,1,5,4,3,3,4,4,5,5,4,2,16,2,1,4,1,F01,7,11,7,21,2,11,,46,46,1,13,4,120.701276,24.208116,2
10682,66000,387130000C,(04)23274275,(04)23288582,2025,8,28,15,53,臺中市,東區,0,1,0,7,1,6,50,4,1,1,5,4,6,4,2,1,10,5,5,2,17,3,10,5,4,B03,7,6,1,8,2,2,,48,48,1,13,4,120.700132,24.138881,2
10683,66000,387130000C,(04)23274275,(04)23288582,2025,8,28,15,55,臺中市,大雅區,0,0,0,7,,,0,,,,,,,,,,,,,,,,,,,F03,,,7,,1,,,84,84,1,13,4,120.650107,24.216423,3
10684,66000,387130000C,(04)23274275,(04)23288582,2025,8,28,15,58,臺中市,太平區,0,1,0,7,2,6,50,3,1,1,5,4,6,6,1,1,10,5,5,2,17,2,9,5,4,C03,7,1,1,10,2,14,,51,51,1,6,4,120.712551,24.149755,2
10685,66000,387130000C,(04)23274275,(04)23288582,2025,8,28,16,0,臺中市,潭子區,0,0,0,7,,,50,,,,,,,,,,,,,,,,,,,B12,,,1,,2,,,50,50,1,13,4,120.700712,24.215685,3
10686,66000,387130000C,(04)23274275,(04)23288582,2025,8,28,16,0,臺中市,西屯區,0,2,0,7,2,6,40,13,8,1,5,4,6,6,1,1,1,4,5,2,13,2,9,5,4,C03,7,9,1,10,2,11,,7,7,1,12,4,120.61499,24.18309,2
10687,66000,387130000C,(04)23274275,(04)23288582,2025,8,28,16,1,臺中市,北屯區,0,0,0,7,,,50,,,,,,,,,,,,,,14,,,,,B12,,,1,,1,,,49,49,1,13,4,120.674029,24.174933,3
10688,66000,387130000C,(04)23274275,(04)23288582,2025,8,28,16,8,臺中市,大雅區,0,0,0,7,,,40,,,,,,,,,,,,,,14,,,,,A11,,,1,,1,,,49,49,1,13,4,120.658571,24.220379,3
10689,66000,387130000C,(04)23274275,(04)23288582,2025,8,28,16,8,臺中市,大里區,0,1,0,7,2,6,50,4,1,1,5,4,6,6,1,1,10,5,5,1,16,3,10,3,1,B03,7,5,1,8,2,5,,38,38,1,12,4,120.688028,24.094635,2
10690,66000,387130000C,(04)23274275,(04)23288582,2025,8,28,16,10,臺中市,神岡區,0,0,0,7,,,60,,,,,,,,,,,,,,12,,,,,F01,,,1,,2,,,7,7,1,13,4,120.710503,24.26105,3
10691,66000,387130000C,(04)23274275,(04)23288582,2025,8,28,16,11,臺中市,西區,0,1,0,7,2,6,50,4,1,1,5,4,6,6,4,4,10,5,5,2,17,2,9,1,1,C03,7,6,1,10,2,11,,14,14,1,12,4,120.660207,24.152541,2
10692,66000,387130000C,(04)23274275,(04)23288582,2025,8,28,16,11,臺中市,后里區,0,1,0,7,2,6,50,3,1,1,5,4,6,6,4,4,10,5,5,2,16,3,10,3,1,B03,7,6,1,8,2,8,,14,14,1,12,4,120.708969,24.305553,2
10693,66000,387130000C,(04)23274275,(04)23288582,2025,8,28,16,22,臺中市,大甲區,0,0,0,7,,,50,,,,,,,,,,,,,,30,,,,,B02,,,1,,2,,,50,50,1,6,4,120.622557,24.346546,3
10694,66000,387130000C,(04)23274275,(04)23288582,2025,8,28,16,26,臺中市,西區,0,0,0,7,,,50,,,,,,,,,,,,,,,,,,,B12,,,1,,1,,,84,84,1,12,4,120.662455,24.147953,3
10695,66000,387130000C,(04)23274275,(04)23288582,2025,8,28,16,28,臺中市,西屯區,0,0,0,7,,,50,,,,,,,,,,,,,,17,,,,,B03,,,1,,2,,,8,8,1,12,4,120.637527,24.176028,3
10696,66000,387130000C,(04)23274275,(04)23288582,2025,8,28,16,28,臺中市,西屯區,0,0,0,7,,,40,,,,,,,,,,,,,,13,,,,,C03,,,1,,1,,,7,7,1,13,4,120.624558,24.178557,3
10697,66000,387130000C,(04)23274275,(04)23288582,2025,8,28,16,28,臺中市,大甲區,0,5,0,7,1,6,50,13,9,1,5,4,6,6,4,4,5,4,5,2,13,3,10,3,1,B03,7,14,1,8,2,1,,84,84,1,12,4,120.632489,24.345662,2
10698,66000,387130000C,(04)23274275,(04)23288582,2025,8,28,16,30,臺中市,沙鹿區,0,0,0,7,,,50,,,,,,,,,,,,,,14,,,,,B03,,,1,,2,,,49,49,1,12,4,120.566212,24.243471,3
10699,66000,387130000C,(04)23274275,(04)23288582,2025,8,28,16,35,臺中市,北屯區,0,0,0,7,,,50,,,,,,,,,,,,,,13,,,,,B03,,,1,,1,,,84,84,1,12,4,120.66864,24.173476,3
10700,66000,387130000C,(04)23274275,(04)23288582,2025,8,28,16,37,臺中市,北屯區,0,1,0,7,2,6,50,4,1,1,5,4,6,6,4,4,10,5,5,2,15,3,10,3,1,B03,7,9,1,8,2,2,,15,15,1,6,4,120.70171,24.185835,2
10701,66000,387130000C,(04)23274275,(04)23288582,2025,8,28,16,37,臺中市,西屯區,0,0,0,7,,,50,,,,,,,,,,,,,,17,,,,,B03,,,1,,1,,,8,8,1,13,4,120.62342,24.185647,3
10702,66000,387130000C,(04)23274275,(04)23288582,2025,8,28,16,37,臺中市,沙鹿區,0,0,0,7,,,50,,,,,,,,,,,,,,,,,,,B03,,,1,,1,,,7,7,1,13,4,120.566269,24.233304,3
10703,66000,387130000C,(04)23274275,(04)23288582,2025,8,28,16,39,臺中市,西屯區,0,0,0,7,,,50,,,,,,,,,,,,,,13,,,,,B03,,,1,,2,,,59,59,1,12,4,120.599331,24.162779,3
10704,66000,387130000C,(04)23274275,(04)23288582,2025,8,28,16,41,臺中市,東區,0,1,0,7,3,6,50,4,9,1,5,4,6,6,4,4,5,5,5,2,17,3,10,5,4,B03,7,6,1,8,2,1,,20,20,1,6,4,120.706053,24.143841,2
10705,66000,387130000C,(04)23274275,(04)23288582,2025,8,28,16,45,臺中市,南區,0,1,0,7,3,6,50,13,9,1,5,4,6,6,4,4,1,4,4,2,17,3,10,3,1,B12,7,15,1,8,2,6,,20,20,1,6,4,120.649908,24.121032,2
10706,66000,387130000C,(04)23274275,(04)23288582,2025,8,28,16,52,臺中市,潭子區,0,0,0,7,,,50,,,,,,,,,,,,,,,,,,,B03,,,1,,2,,,26,26,1,13,4,120.709106,24.200742,3
10707,66000,387130000C,(04)23274275,(04)23288582,2025,8,28,16,53,臺中市,南屯區,0,1,0,7,3,6,50,13,7,1,5,4,6,6,4,4,1,4,4,2,17,2,9,1,1,C03,7,7,1,10,2,11,,40,40,1,13,4,120.642235,24.1509,2
10708,66000,387130000C,(04)23274275,(04)23288582,2025,8,28,16,54,臺中市,大里區,0,1,0,7,3,6,40,4,2,1,5,4,6,6,2,1,3,4,3,1,12,2,9,5,4,C03,7,1,1,10,2,11,,51,51,1,13,4,120.688213,24.094449,2
10709,66000,387130000C,(04)23274275,(04)23288582,2025,8,28,16,57,臺中市,南屯區,0,1,0,7,2,6,30,3,1,1,5,4,6,6,4,4,10,5,5,2,13,2,8,1,1,C03,7,5,1,10,1,11,,7,7,1,12,4,120.585512,24.138892,2
10710,66000,387130000C,(04)23274275,(04)23288582,2025,8,28,17,0,臺中市,豐原區,0,0,0,7,2,6,50,3,1,1,5,4,6,6,4,4,5,5,4,2,12,3,10,3,1,B03,7,11,1,8,2,5,,84,84,1,12,4,120.735921,24.24209,3
10711,66000,387130000C,(04)23274275,(04)23288582,2025,8,28,17,6,臺中市,東區,0,0,0,7,,,50,,,,,,,,,,,,,,,,,,,C03,,,1,,2,,,7,7,1,6,4,120.687118,24.141533,3
10712,66000,387130000C,(04)23274275,(04)23288582,2025,8,28,17,6,臺中市,東區,0,2,0,7,1,6,50,4,1,1,5,4,6,6,2,1,10,5,5,2,13,2,9,5,4,C03,7,9,1,10,2,11,11,7,7,1,13,4,120.700042,24.139061,2
10713,66000,387130000C,(04)23274275,(04)23288582,2025,8,28,17,7,臺中市,豐原區,0,2,0,7,2,6,50,4,1,1,5,4,6,6,4,4,5,4,4,2,13,2,7,5,4,C03,7,15,5,19,2,11,,7,7,1,12,4,120.725086,24.246504,2