序號,縣市別代碼,機關代碼,市話,傳真,年,月,日,時,分,縣市,區,死亡數量,受傷數量,2-30,天候,道路照明設備,道路類別,道路速限,道路型態,事故位置,路面鋪裝,路面狀態,路面缺陷,障礙物,視距,號誌種類,號誌動作,分向設施,快車道或一般車道間,快慢車道間,路面邊線,事故類型及型態,受傷程度,主要傷處,保護裝備,行動電話或功能裝置,當事者區分(類別),車輛用途,當事者行動狀態,駕照狀態,駕照種類,飲酒情形,車輛撞擊部位最初,車輛撞擊部位其他,肇事因素個別,肇事因素主要,肇事逃逸,職業,共享經濟或外送平台,GPS座標X,GPS座標Y,事故類別
10714,66000,387130000C,(04)23274275,(04)23288582,2025,8,28,17,8,臺中市,西區,0,1,0,7,2,6,50,4,1,1,5,4,6,6,2,1,10,5,5,2,16,3,10,3,1,B03,7,6,1,8,2,2,,11,11,1,12,4,120.657392,24.145129,2
10715,66000,387130000C,(04)23274275,(04)23288582,2025,8,28,17,8,臺中市,北屯區,0,0,0,7,,,50,,,,,,,,,,,,,,13,,,,,B03,,,1,,1,,,59,59,1,12,4,120.681889,24.179807,3
10716,66000,387130000C,(04)23274275,(04)23288582,2025,8,28,17,8,臺中市,大里區,0,0,0,7,,3,80,,,,,,,,,,,,,,,,,,,B03,,,1,,11,,,7,7,1,6,4,120.690704,24.098029,3
10717,66000,387130000C,(04)23274275,(04)23288582,2025,8,28,17,12,臺中市,神岡區,0,1,0,7,1,6,50,3,1,1,5,4,6,6,4,4,10,5,5,1,16,3,10,1,1,C03,7,6,3,19,2,11,,48,48,1,12,4,120.701419,24.27367,2
10718,66000,387130000C,(04)23274275,(04)23288582,2025,8,28,17,14,臺中市,霧峰區,0,0,0,7,,,30,,,,,,,,,,,,,,16,,,,,C03,,,1,,2,,,42,42,1,13,4,120.666287,24.037705,3
10719,66000,387130000C,(04)23274275,(04)23288582,2025,8,28,17,15,臺中市,東區,0,0,0,7,,,50,,,,,,,,,,,,,,,,,,,B01,,,1,,1,,,49,49,1,6,4,120.705049,24.136315,3
10720,66000,387130000C,(04)23274275,(04)23288582,2025,8,28,17,15,臺中市,西屯區,0,0,0,7,,,50,,,,,,,,,,,,,,12,,,,,B03,,,1,,1,,,26,26,1,13,4,120.648203,24.160369,3
10721,66000,387130000C,(04)23274275,(04)23288582,2025,8,28,17,15,臺中市,龍井區,0,0,0,7,,,30,,,,,,,,,,,,,,,,,,,F03,,,1,,2,,,13,13,1,12,4,120.504689,24.207064,3
10722,66000,387130000C,(04)23274275,(04)23288582,2025,8,28,17,16,臺中市,潭子區,0,0,0,7,,,50,,,,,,,,,,,,,,,,,,,C03,,,1,,2,,,49,49,1,13,4,120.699426,24.215539,3
10723,66000,387130000C,(04)23274275,(04)23288582,2025,8,28,17,17,臺中市,大里區,0,1,0,7,2,6,50,4,1,1,5,4,6,6,1,1,5,4,5,1,16,3,10,3,1,B03,7,5,1,8,2,2,,84,84,1,6,4,120.696017,24.096523,2
10724,66000,387130000C,(04)23274275,(04)23288582,2025,8,28,17,20,臺中市,潭子區,0,1,0,6,2,6,50,3,1,1,5,4,6,6,1,1,5,5,5,1,17,3,10,3,1,B03,7,9,1,8,2,8,,84,84,1,13,4,120.707373,24.215506,2
10725,66000,387130000C,(04)23274275,(04)23288582,2025,8,28,17,21,臺中市,南屯區,0,0,0,7,,,40,,,,,,,,,,,,,,17,,,,,C03,,,1,,1,,,50,50,1,12,4,120.637505,24.138878,4
10726,66000,387130000C,(04)23274275,(04)23288582,2025,8,28,17,22,臺中市,西區,0,2,0,7,2,6,40,13,8,1,5,4,6,6,4,4,5,5,4,2,18,2,9,1,1,C03,7,9,1,10,2,11,,84,84,1,13,4,120.670247,24.134196,2
10727,66000,387130000C,(04)23274275,(04)23288582,2025,8,28,17,22,臺中市,大里區,0,2,0,7,2,6,50,4,1,1,5,4,6,6,4,4,10,5,5,2,17,3,10,1,1,C03,7,5,1,10,2,14,,14,14,1,12,4,120.682382,24.10529,2
10728,66000,387130000C,(04)23274275,(04)23288582,2025,8,28,17,22,臺中市,大甲區,0,1,0,7,2,6,50,3,1,1,5,4,6,6,4,4,10,5,5,2,16,3,10,3,1,B03,7,6,1,8,2,1,,14,14,1,6,4,120.645854,24.408169,2
10729,66000,387130000C,(04)23274275,(04)23288582,2025,8,28,17,23,臺中市,北區,0,0,0,7,,,50,,,,,,,,,,,,,,17,,,,,B03,,,1,,2,,,85,85,1,12,4,120.673564,24.167325,3
10730,66000,387130000C,(04)23274275,(04)23288582,2025,8,28,17,23,臺中市,西屯區,0,1,0,7,2,6,40,3,8,1,5,4,6,6,4,4,10,5,5,2,16,3,10,5,4,B03,7,5,1,10,2,2,,14,14,1,12,4,120.638708,24.169633,2
10731,66000,387130000C,(04)23274275,(04)23288582,2025,8,28,17,26,臺中市,西區,0,1,0,7,2,6,50,3,1,1,5,4,6,6,4,4,10,5,5,2,30,2,9,6,1,F01,7,15,7,21,2,12,,84,84,1,12,4,120.671427,24.140511,2
10732,66000,387130000C,(04)23274275,(04)23288582,2025,8,28,17,26,臺中市,太平區,0,1,0,7,2,6,50,13,9,1,5,4,6,6,4,4,5,5,5,1,12,2,9,2,1,C03,7,8,1,10,2,14,,40,40,1,12,4,120.738362,24.131161,2
10733,66000,387130000C,(04)23274275,(04)23288582,2025,8,28,17,27,臺中市,南區,0,0,0,7,,,50,,,,,,,,,,,,,,15,,,,,C03,,,1,,2,,,24,24,1,6,4,120.665546,24.121469,3
10734,66000,387130000C,(04)23274275,(04)23288582,2025,8,28,17,27,臺中市,北屯區,0,1,0,7,2,6,50,4,1,1,5,4,6,6,2,1,5,4,4,2,16,2,9,2,1,C03,7,6,1,10,2,12,,11,11,1,12,4,120.680175,24.189007,2
10735,66000,387130000C,(04)23274275,(04)23288582,2025,8,28,17,27,臺中市,沙鹿區,0,0,0,7,,,50,,,,,,,,,,,,,,,,,,,B02,,,1,,2,,,14,14,1,13,4,120.554541,24.226075,3
10736,66000,387130000C,(04)23274275,(04)23288582,2025,8,28,17,28,臺中市,沙鹿區,0,0,0,7,,,60,,,,,,,,,,,,,,,,,,,B03,,,1,,1,,,21,21,1,6,4,120.569364,24.23707,3
10737,66000,387130000C,(04)23274275,(04)23288582,2025,8,28,17,29,臺中市,豐原區,0,1,0,7,2,6,50,3,7,1,5,4,6,6,4,4,5,5,4,2,12,2,8,1,1,C03,7,9,1,10,2,11,,7,7,1,12,4,120.711223,24.242984,2
10738,66000,387130000C,(04)23274275,(04)23288582,2025,8,28,17,30,臺中市,南屯區,0,0,0,7,,,50,,,,,,,,,,,,,,,,,,,C03,,,1,,1,,,7,7,1,6,4,120.634814,24.152706,4
10739,66000,387130000C,(04)23274275,(04)23288582,2025,8,28,17,30,臺中市,沙鹿區,0,0,0,7,,,60,,,,,,,,,,,,,,,,,,,B03,,,1,,1,,,59,59,1,6,4,120.566269,24.233304,3
10740,66000,387130000C,(04)23274275,(04)23288582,2025,8,28,17,33,臺中市,龍井區,0,1,0,7,3,6,60,3,1,1,5,4,6,6,4,4,5,4,5,1,17,3,10,3,1,B03,7,5,1,8,2,5,,39,39,1,12,4,120.512864,24.196553,2
10741,66000,387130000C,(04)23274275,(04)23288582,2025,8,28,17,36,臺中市,西區,0,0,0,7,,,30,,,,,,,,,,,,,,,,,,,C03,,,1,,1,,,8,8,1,12,4,120.658607,24.137375,3
10742,66000,387130000C,(04)23274275,(04)23288582,2025,8,28,17,37,臺中市,大里區,0,2,0,7,3,6,40,4,2,1,5,4,6,6,2,1,3,4,3,1,12,2,5,5,4,C03,7,6,3,19,2,11,,20,20,1,13,4,120.688056,24.094582,2
10743,66000,387130000C,(04)23274275,(04)23288582,2025,8,28,17,37,臺中市,烏日區,0,0,0,7,2,3,80,13,7,1,5,4,6,6,4,4,1,4,5,1,12,3,10,3,1,B03,7,8,1,8,5,2,,40,40,1,6,4,120.612587,24.10212,3
10744,66000,387130000C,(04)23274275,(04)23288582,2025,8,28,17,39,臺中市,潭子區,0,1,0,7,3,6,40,13,9,1,5,4,6,6,4,4,9,5,5,2,17,3,10,2,1,C03,7,9,1,10,2,12,,84,84,1,13,2,120.701873,24.187657,2
10745,66000,387130000C,(04)23274275,(04)23288582,2025,8,28,17,40,臺中市,西區,0,1,0,7,2,6,50,4,1,1,5,4,6,6,4,4,10,5,5,2,15,2,8,2,1,C03,7,9,3,19,2,12,,15,15,1,12,4,120.673685,24.150923,2
10746,66000,387130000C,(04)23274275,(04)23288582,2025,8,28,17,44,臺中市,北區,0,2,0,7,2,6,40,13,8,1,5,4,6,6,4,4,3,4,4,2,17,2,9,5,1,C03,7,9,1,10,2,12,,42,42,1,13,4,120.688828,24.146581,2
10747,66000,387130000C,(04)23274275,(04)23288582,2025,8,28,17,46,臺中市,北屯區,0,0,0,7,,,50,,,,,,,,,,,,,,13,,,,,B03,,,1,,1,,,59,59,1,13,4,120.661008,24.188875,3
10748,66000,387130000C,(04)23274275,(04)23288582,2025,8,28,17,52,臺中市,西區,0,0,0,7,,,50,,,,,,,,,,,,,,17,,,,,C03,,,1,,1,,,7,7,1,12,4,120.668193,24.150864,3
10749,66000,387130000C,(04)23274275,(04)23288582,2025,8,28,17,52,臺中市,烏日區,0,1,0,7,2,6,40,13,7,1,5,4,6,6,1,1,5,4,4,1,13,2,9,1,1,C03,7,8,1,10,2,13,,40,40,1,6,4,120.654847,24.09513,2
10750,66000,387130000C,(04)23274275,(04)23288582,2025,8,28,17,54,臺中市,沙鹿區,0,0,0,7,,,50,,,,,,,,,,,,,,,,,,,B03,,,1,,1,,,40,40,1,13,4,120.564231,24.239379,3
10751,66000,387130000C,(04)23274275,(04)23288582,2025,8,28,17,58,臺中市,烏日區,0,0,0,7,,,50,,,,,,,,,,,,,,13,,,,,B03,,,1,,1,,,7,7,1,6,4,120.618369,24.104409,4
10752,66000,387130000C,(04)23274275,(04)23288582,2025,8,28,17,59,臺中市,西屯區,0,0,0,7,,,50,,,,,,,,,,,,,,15,,,,,C03,,,1,,1,,,59,59,1,13,4,120.613992,24.174798,3
10753,66000,387130000C,(04)23274275,(04)23288582,2025,8,28,18,5,臺中市,南屯區,0,0,0,7,,,50,,,,,,,,,,,,,,,,,,,C03,,,1,,2,,,84,84,1,12,4,120.649983,24.133345,3
10754,66000,387130000C,(04)23274275,(04)23288582,2025,8,28,18,7,臺中市,大里區,0,1,0,7,2,6,50,4,2,1,5,4,6,6,1,1,10,5,5,1,17,2,9,1,1,C03,7,15,1,10,2,12,,84,84,1,12,4,120.681486,24.102625,2
10755,66000,387130000C,(04)23274275,(04)23288582,2025,8,28,18,9,臺中市,沙鹿區,0,0,0,7,,,50,,,,,,,,,,,,,,,,,,,B12,,,1,,1,,,59,59,1,6,4,120.559368,24.231898,3
10756,66000,387130000C,(04)23274275,(04)23288582,2025,8,28,18,10,臺中市,潭子區,0,1,0,6,2,6,60,3,2,1,5,4,6,6,1,1,1,4,4,1,17,3,10,2,1,C03,7,5,1,10,2,12,,11,11,1,13,4,120.708649,24.229879,2
10757,66000,387130000C,(04)23274275,(04)23288582,2025,8,28,18,10,臺中市,東勢區,0,1,0,7,3,6,50,13,9,1,5,4,6,6,4,4,9,5,5,1,18,2,9,5,4,C03,7,9,1,10,2,16,,59,59,1,12,4,120.828182,24.264203,2
10758,66000,387130000C,(04)23274275,(04)23288582,2025,8,28,18,10,臺中市,豐原區,0,0,0,7,,,60,,,,,,,,,,,,,,13,,,,,B03,,,1,,1,,,7,7,1,12,4,120.703129,24.239654,3
10759,66000,387130000C,(04)23274275,(04)23288582,2025,8,28,18,12,臺中市,大里區,0,1,0,7,2,6,50,13,9,1,5,4,6,6,4,4,9,5,5,1,17,2,7,1,1,C03,7,9,1,10,2,12,,7,7,1,6,4,120.716387,24.085831,2
10760,66000,387130000C,(04)23274275,(04)23288582,2025,8,28,18,13,臺中市,西屯區,0,0,0,7,,,40,,,,,,,,,,,,,,17,,,,,B03,,,1,,1,,,51,51,1,12,4,120.646196,24.185252,3
10761,66000,387130000C,(04)23274275,(04)23288582,2025,8,28,18,20,臺中市,潭子區,0,0,0,7,,,50,,,,,,,,,,,,,,,,,,,F01,,,7,,2,,,59,59,1,13,4,120.69642,24.195703,3
10762,66000,387130000C,(04)23274275,(04)23288582,2025,8,28,18,25,臺中市,大里區,0,0,0,7,,,50,,,,,,,,,,,,,,17,,,,,B03,,,1,,1,,,87,87,1,12,4,120.694065,24.084035,3
10763,66000,387130000C,(04)23274275,(04)23288582,2025,8,28,18,30,臺中市,南區,0,0,0,7,1,6,50,13,9,1,5,4,6,6,4,4,9,4,5,2,17,3,10,3,1,B12,7,2,1,8,1,6,,84,84,1,12,4,120.658623,24.114092,3
10764,66000,387130000C,(04)23274275,(04)23288582,2025,8,28,18,30,臺中市,西屯區,0,0,0,7,,,50,,,,,,,,,,,,,,16,,,,,C03,,,1,,1,,,48,48,1,13,4,120.637838,24.175669,3
10765,66000,387130000C,(04)23274275,(04)23288582,2025,8,28,18,31,臺中市,北區,0,1,0,7,1,6,50,3,2,1,5,4,6,6,1,1,5,4,5,2,12,2,9,1,1,C03,7,1,1,10,2,14,,84,84,1,13,4,120.70262,24.159684,2
10766,66000,387130000C,(04)23274275,(04)23288582,2025,8,28,18,31,臺中市,南區,0,0,0,7,,,50,,,,,,,,,,,,,,,,,,,C03,,,1,,9,,,84,84,1,13,4,120.679442,24.122594,3
10767,66000,387130000C,(04)23274275,(04)23288582,2025,8,28,18,31,臺中市,北屯區,0,0,0,7,,,50,,,,,,,,,,,,,,16,,,,,C03,,,1,,1,,,39,39,1,6,4,120.721003,24.175968,3
10768,66000,387130000C,(04)23274275,(04)23288582,2025,8,28,18,32,臺中市,南屯區,0,0,0,7,,,50,,,,,,,,,,,,,,,,,,,B03,,,1,,1,,,59,59,1,13,4,120.652991,24.136062,3
10769,66000,387130000C,(04)23274275,(04)23288582,2025,8,28,18,32,臺中市,霧峰區,0,2,0,7,1,6,40,13,9,1,5,4,6,6,4,4,5,5,5,1,11,2,7,2,1,C03,7,9,1,10,2,12,,39,39,1,13,4,120.690415,24.049173,2
10770,66000,387130000C,(04)23274275,(04)23288582,2025,8,28,18,35,臺中市,南屯區,0,0,0,7,,,30,,,,,,,,,,,,,,14,,,,,B13,,,1,,2,,,49,49,1,13,4,120.619183,24.149376,3
10771,66000,387130000C,(04)23274275,(04)23288582,2025,8,28,18,36,臺中市,南屯區,0,0,0,7,,,40,,,,,,,,,,,,,,13,,,,,C03,,,1,,1,,,7,7,1,12,4,120.621075,24.140223,3
10772,66000,387130000C,(04)23274275,(04)23288582,2025,8,28,18,40,臺中市,中區,0,1,0,6,1,6,50,13,9,1,5,4,6,6,4,4,9,5,5,2,17,2,9,1,1,C03,7,15,3,19,2,11,,8,8,1,12,4,120.684413,24.142167,2
10773,66000,387130000C,(04)23274275,(04)23288582,2025,8,28,18,40,臺中市,大里區,0,1,0,7,1,6,50,4,1,1,5,4,6,6,1,1,10,5,5,1,16,3,10,3,1,B02,7,5,1,8,2,5,,47,47,1,12,4,120.690393,24.092775,2
10774,66000,387130000C,(04)23274275,(04)23288582,2025,8,28,18,44,臺中市,新社區,0,0,0,7,,,50,,,,,,,,,,,,,,,,,,,B12,,,1,,2,,,49,49,1,12,4,120.809308,24.242036,3
10775,66000,387130000C,(04)23274275,(04)23288582,2025,8,28,18,45,臺中市,大里區,0,1,0,7,1,6,50,4,2,1,5,4,6,6,2,1,3,4,5,1,16,2,7,5,4,C03,7,9,1,10,2,14,,26,26,1,13,4,120.671629,24.102204,2
10776,66000,387130000C,(04)23274275,(04)23288582,2025,8,28,18,49,臺中市,北屯區,0,1,0,7,1,6,50,13,9,1,5,4,6,6,4,4,5,5,5,2,17,2,8,1,1,C03,7,9,1,10,2,12,,84,84,1,12,4,120.682143,24.179288,2
10777,66000,387130000C,(04)23274275,(04)23288582,2025,8,28,18,50,臺中市,南屯區,0,0,0,7,,,50,,,,,,,,,,,,,,,,,,,B03,,,1,,1,,,84,84,1,6,4,120.636395,24.142587,3
10778,66000,387130000C,(04)23274275,(04)23288582,2025,8,28,18,56,臺中市,南屯區,0,0,0,7,,,50,,,,,,,,,,,,,,,,,,,B03,,,1,,1,,,59,59,1,12,4,120.624731,24.132342,3
10779,66000,387130000C,(04)23274275,(04)23288582,2025,8,28,18,57,臺中市,中區,0,2,0,7,1,6,50,4,2,1,5,4,6,6,4,4,10,5,5,2,3,2,9,2,1,C03,7,9,1,9,2,11,,10,10,1,12,4,120.677131,24.14438,2
10780,66000,387130000C,(04)23274275,(04)23288582,2025,8,28,18,58,臺中市,西區,0,0,0,7,,,50,,,,,,,,,,,,,,17,,,,,B03,,,1,,1,,,35,35,1,12,4,120.66774,24.13095,3
10781,66000,387130000C,(04)23274275,(04)23288582,2025,8,28,18,59,臺中市,潭子區,0,0,0,7,,,60,,,,,,,,,,,,,,,,,,,B03,,,1,,2,,,49,49,1,13,4,120.702357,24.188205,3
10782,66000,387130000C,(04)23274275,(04)23288582,2025,8,28,18,59,臺中市,清水區,0,0,0,7,,,40,,,,,,,,,,,,,,,,,,,B03,,,1,,2,,,50,50,1,12,4,120.574345,24.266405,3
10783,66000,387130000C,(04)23274275,(04)23288582,2025,8,28,19,1,臺中市,北屯區,0,1,0,7,1,6,50,4,1,1,5,4,6,6,2,1,5,5,5,2,12,2,8,1,1,C03,7,9,1,10,1,14,,84,84,1,12,4,120.704567,24.186493,2
10784,66000,387130000C,(04)23274275,(04)23288582,2025,8,28,19,4,臺中市,烏日區,0,0,0,7,1,6,40,13,9,1,5,4,6,6,,4,10,5,5,2,14,3,10,3,1,B13,6,2,1,8,1,3,,49,49,1,6,4,120.635854,24.110457,3
10785,66000,387130000C,(04)23274275,(04)23288582,2025,8,28,19,7,臺中市,烏日區,0,0,0,7,,,50,,,,,,,,,,,,,,13,,,,,B03,,,1,,1,,,7,7,1,6,4,120.60936,24.11178,3
10786,66000,387130000C,(04)23274275,(04)23288582,2025,8,28,19,10,臺中市,后里區,0,2,0,7,1,6,50,4,1,1,5,4,6,6,1,1,10,5,5,2,11,3,10,3,1,B03,7,6,1,8,2,6,,11,11,1,12,4,120.72237,24.308876,2
10787,66000,387130000C,(04)23274275,(04)23288582,2025,8,28,19,15,臺中市,石岡區,0,1,0,7,1,6,50,5,1,1,5,4,5,5,2,1,2,3,2,1,12,2,9,5,4,C03,7,6,1,10,2,14,,23,23,1,12,4,120.816851,24.260221,2
10788,66000,387130000C,(04)23274275,(04)23288582,2025,8,28,19,18,臺中市,大里區,0,0,0,7,,,30,,,,,,,,,,,,,,,,,,,B03,,,1,,2,,,49,49,1,6,4,120.703865,24.082113,3
10789,66000,387130000C,(04)23274275,(04)23288582,2025,8,28,19,21,臺中市,大雅區,0,2,0,7,1,6,50,4,9,1,5,4,6,6,1,1,10,4,5,1,17,2,9,1,1,C03,7,6,1,10,2,11,,11,11,1,12,4,120.657083,24.24065,2
10790,66000,387130000C,(04)23274275,(04)23288582,2025,8,28,19,23,臺中市,大里區,0,0,0,7,,,50,,,,,,,,,,,,,,17,,,,,B03,,,1,,2,,,40,40,1,12,4,120.691854,24.101045,3
10791,66000,387130000C,(04)23274275,(04)23288582,2025,8,28,19,29,臺中市,西屯區,0,0,0,7,,,50,,,,,,,,,,,,,,13,,,,,B03,,,1,,1,,,7,7,1,12,4,120.635929,24.181912,3
10792,66000,387130000C,(04)23274275,(04)23288582,2025,8,28,19,31,臺中市,大肚區,0,0,0,7,,,70,,,,,,,,,,,,,,17,,,,,B03,,,1,,2,,,87,87,1,6,4,120.570755,24.121195,3
10793,66000,387130000C,(04)23274275,(04)23288582,2025,8,28,19,50,臺中市,南屯區,0,1,0,7,1,6,50,4,1,1,5,4,3,6,1,1,10,5,5,2,12,2,9,1,1,C03,7,12,1,10,2,14,,84,84,1,12,4,120.649927,24.140002,2
10794,66000,387130000C,(04)23274275,(04)23288582,2025,8,28,19,55,臺中市,南區,0,0,0,7,,,50,,,,,,,,,,,,,,,,,,,,,,,,,,,86,86,1,,,120.683749,24.119796,3
10795,66000,387130000C,(04)23274275,(04)23288582,2025,8,28,20,2,臺中市,中區,0,1,0,7,1,6,50,4,1,1,5,4,6,6,1,1,10,5,5,2,17,3,10,3,1,B03,7,6,1,8,2,6,,11,11,1,12,4,120.681402,24.139358,2
10796,66000,387130000C,(04)23274275,(04)23288582,2025,8,28,20,10,臺中市,清水區,0,1,0,7,3,6,50,13,9,1,5,4,6,6,4,4,1,4,4,1,17,3,10,3,1,B03,7,2,1,8,2,3,,49,49,1,12,4,120.566552,24.272527,2
10797,66000,387130000C,(04)23274275,(04)23288582,2025,8,28,20,33,臺中市,豐原區,0,0,0,7,,,50,,,,,,,,,,,,,,,,,,,C03,,,1,,2,,,7,7,1,13,4,120.719133,24.248088,3
10798,66000,387130000C,(04)23274275,(04)23288582,2025,8,28,20,39,臺中市,西屯區,0,0,0,7,,,50,,,,,,,,,,,,,,13,,,,,B03,,,1,,1,,,59,59,1,12,4,120.635236,24.182019,3
10799,66000,387130000C,(04)23274275,(04)23288582,2025,8,28,20,45,臺中市,南區,0,0,0,7,,,30,,,,,,,,,,,,,,,,,,,,,,,,,,,119,119,1,,,120.654564,24.110053,3
10800,66000,387130000C,(04)23274275,(04)23288582,2025,8,28,20,49,臺中市,東區,0,0,0,7,,,50,,,,,,,,,,,,,,,,,,,B03,,,4,,9,,,84,84,1,13,4,120.700918,24.135664,3
10801,66000,387130000C,(04)23274275,(04)23288582,2025,8,28,20,50,臺中市,梧棲區,0,0,0,7,,,50,,,,,,,,,,,,,,12,,,,,B03,,,1,,1,,,50,50,1,6,4,120.538123,24.247474,3
10802,66000,387130000C,(04)23274275,(04)23288582,2025,8,28,21,1,臺中市,豐原區,0,0,0,7,1,6,50,3,9,1,5,4,6,6,2,1,1,4,5,2,13,3,10,3,1,B03,7,9,3,8,2,1,,7,7,1,12,4,120.700889,24.249076,3
10803,66000,387130000C,(04)23274275,(04)23288582,2025,8,28,21,2,臺中市,東區,0,2,0,7,1,6,50,4,1,1,5,4,6,6,1,1,5,4,4,2,17,3,10,3,1,B03,7,6,1,8,2,1,,48,48,1,13,4,120.706043,24.141599,2
10804,66000,387130000C,(04)23274275,(04)23288582,2025,8,28,21,3,臺中市,西區,0,2,0,7,1,6,50,3,2,1,5,4,6,6,1,1,5,4,4,2,13,2,7,1,1,C03,7,9,1,10,2,11,,7,7,1,5,4,120.663852,24.14006,2
10805,66000,387130000C,(04)23274275,(04)23288582,2025,8,28,21,3,臺中市,太平區,0,0,0,7,,,40,,,,,,,,,,,,,,17,,,,,B03,,,1,,2,,,50,50,1,12,4,120.720214,24.157222,3
10806,66000,387130000C,(04)23274275,(04)23288582,2025,8,28,21,13,臺中市,西屯區,0,1,0,7,1,6,50,13,9,1,5,4,6,6,4,4,1,4,5,2,16,3,10,3,4,B03,7,5,1,8,2,5,,47,47,1,12,4,120.643839,24.171524,2
10807,66000,387130000C,(04)23274275,(04)23288582,2025,8,28,21,13,臺中市,西屯區,0,0,0,7,,,50,,,,,,,,,,,,,,8,,,,,C03,,,1,,1,,,59,59,1,13,4,120.603578,24.175013,3
10808,66000,387130000C,(04)23274275,(04)23288582,2025,8,28,21,17,臺中市,西屯區,0,1,0,7,1,6,50,3,1,1,5,4,6,6,4,4,10,5,5,2,17,2,9,1,1,C03,7,9,1,10,2,12,,59,59,1,13,4,120.644047,24.17868,2
10809,66000,387130000C,(04)23274275,(04)23288582,2025,8,28,21,30,臺中市,大雅區,0,0,0,7,,,30,,,,,,,,,,,,,,,,,,,B03,,,1,,2,,,8,8,1,12,4,120.645088,24.226991,3
10810,66000,387130000C,(04)23274275,(04)23288582,2025,8,28,21,30,臺中市,南屯區,0,0,0,7,,,50,,,,,,,,,,,,,,14,,,,,B03,,,1,,1,,,49,49,1,12,4,120.622643,24.150214,3
10811,66000,387130000C,(04)23274275,(04)23288582,2025,8,28,21,52,臺中市,太平區,0,0,0,7,,,50,,,,,,,,,,,,,,12,,,,,B03,,,1,,2,,,7,7,1,6,4,120.71199,24.133916,3
10812,66000,387130000C,(04)23274275,(04)23288582,2025,8,28,22,6,臺中市,霧峰區,0,1,0,7,3,6,50,13,7,1,5,4,6,6,4,4,5,4,4,2,17,3,10,2,1,C03,7,6,1,10,2,13,,85,85,1,13,4,120.696605,24.061192,2
10813,66000,387130000C,(04)23274275,(04)23288582,2025,8,28,22,25,臺中市,霧峰區,0,1,0,7,1,6,50,4,1,1,5,4,6,6,4,4,10,5,5,2,15,2,9,3,1,B03,7,9,1,8,2,2,,15,15,1,6,4,120.679048,24.060318,2
10814,66000,387130000C,(04)23274275,(04)23288582,2025,8,28,22,29,臺中市,西屯區,0,3,0,7,1,6,40,13,8,1,5,4,6,6,1,1,1,4,5,2,17,2,9,5,4,C03,7,9,1,10,2,11,,7,7,1,12,4,120.619111,24.181355,2
10815,66000,387130000C,(04)23274275,(04)23288582,2025,8,28,22,40,臺中市,南屯區,0,0,0,7,,,30,,,,,,,,,,,,,,,,,,,C03,,,1,,2,,,50,50,1,13,4,120.591293,24.148645,3
10816,66000,387130000C,(04)23274275,(04)23288582,2025,8,28,22,42,臺中市,北區,0,1,0,7,3,6,50,18,24,1,5,4,6,6,4,4,10,5,5,2,17,2,9,5,4,C03,7,6,1,10,2,12,,39,39,1,13,4,120.678714,24.147913,2
10817,66000,387130000C,(04)23274275,(04)23288582,2025,8,28,22,42,臺中市,北屯區,0,0,0,7,,,50,,,,,,,,,,,,,,14,,,,,B03,,,1,,2,,,49,49,1,13,4,120.691405,24.16669,3
10818,66000,387130000C,(04)23274275,(04)23288582,2025,8,28,22,58,臺中市,東區,0,1,0,7,1,6,50,4,2,1,5,4,6,6,1,1,5,4,5,2,17,3,10,3,1,B03,7,1,3,19,2,8,,51,51,1,6,4,120.690163,24.131725,2
10819,66000,387130000C,(04)23274275,(04)23288582,2025,8,28,23,6,臺中市,西屯區,0,0,0,7,,,50,,,,,,,,,,,,,,14,,,,,B03,,,1,,2,,,49,49,1,12,4,120.663169,24.178248,3
10820,66000,387130000C,(04)23274275,(04)23288582,2025,8,28,23,16,臺中市,西屯區,0,2,0,7,1,6,40,4,8,1,5,4,6,6,1,1,5,4,4,2,13,2,9,1,4,C03,7,9,1,10,2,11,,58,58,1,13,4,120.661482,24.163897,2
10821,66000,387130000C,(04)23274275,(04)23288582,2025,8,28,23,23,臺中市,東區,0,1,0,7,1,6,50,4,1,1,5,4,6,6,1,1,9,4,4,2,17,3,10,3,1,B03,7,15,3,19,2,16,,42,42,1,12,4,120.706136,24.140596,2
10822,66000,387130000C,(04)23274275,(04)23288582,2025,8,29,0,25,臺中市,北區,0,1,0,7,1,6,40,3,4,1,5,4,6,6,1,1,1,4,4,2,17,3,10,5,4,B01,7,15,1,8,1,5,,84,84,1,13,4,120.694243,24.158169,2
10823,66000,387130000C,(04)23274275,(04)23288582,2025,8,29,1,21,臺中市,梧棲區,0,0,0,7,,,50,,,,,,,,,,,,,,17,,,,,B03,,,1,,9,,,55,55,1,6,4,120.544898,24.259879,3
10824,66000,387130000C,(04)23274275,(04)23288582,2025,8,29,1,23,臺中市,龍井區,0,1,0,7,1,6,70,13,14,1,5,4,6,6,4,4,1,4,4,1,18,2,9,1,1,C03,7,9,1,10,2,14,,59,59,1,6,4,120.542414,24.170481,2
10825,66000,387130000C,(04)23274275,(04)23288582,2025,8,29,1,30,臺中市,北屯區,0,0,0,7,,,30,,,,,,,,,,,,,,9,,,,,C03,,,1,,1,,,84,84,1,6,4,120.707242,24.170766,3