序號,縣市別代碼,機關代碼,市話,傳真,年,月,日,時,分,縣市,區,死亡數量,受傷數量,2-30,天候,道路照明設備,道路類別,道路速限,道路型態,事故位置,路面鋪裝,路面狀態,路面缺陷,障礙物,視距,號誌種類,號誌動作,分向設施,快車道或一般車道間,快慢車道間,路面邊線,事故類型及型態,受傷程度,主要傷處,保護裝備,行動電話或功能裝置,當事者區分(類別),車輛用途,當事者行動狀態,駕照狀態,駕照種類,飲酒情形,車輛撞擊部位最初,車輛撞擊部位其他,肇事因素個別,肇事因素主要,肇事逃逸,職業,共享經濟或外送平台,GPS座標X,GPS座標Y,事故類別
10826,66000,387130000C,(04)23274275,(04)23288582,2025,8,29,1,35,臺中市,大里區,1,0,0,7,3,6,50,13,9,1,5,4,6,6,4,4,9,4,5,2,27,1,1,5,4,B03,7,9,1,8,2,1,,52,52,1,13,4,120.684914,24.079903,1
10827,66000,387130000C,(04)23274275,(04)23288582,2025,8,29,3,0,臺中市,大安區,0,1,0,7,3,6,30,13,9,1,5,2,6,6,4,4,10,5,5,2,20,2,9,2,1,F03,7,9,7,21,2,12,,59,59,1,6,4,120.57976,24.365093,2
10828,66000,387130000C,(04)23274275,(04)23288582,2025,8,29,3,56,臺中市,清水區,0,1,0,7,3,6,40,13,7,1,5,4,6,6,4,4,1,4,3,1,23,2,7,3,1,B03,7,8,1,8,2,2,,59,59,1,12,4,120.595809,24.305524,2
10829,66000,387130000C,(04)23274275,(04)23288582,2025,8,29,4,4,臺中市,大甲區,0,1,0,7,1,6,30,13,9,1,5,4,6,6,4,4,10,5,5,2,27,2,3,3,1,B03,7,9,1,8,2,5,,59,59,1,6,4,120.617551,24.356759,2
10830,66000,387130000C,(04)23274275,(04)23288582,2025,8,29,5,15,臺中市,西屯區,0,1,0,7,3,6,50,3,2,1,5,4,6,6,4,4,5,4,5,2,27,2,7,5,4,A12,7,9,1,6,2,1,,82,82,1,12,4,120.623195,24.181302,2
10831,66000,387130000C,(04)23274275,(04)23288582,2025,8,29,6,0,臺中市,大里區,0,0,0,7,3,6,50,13,8,1,5,4,6,6,4,4,5,5,4,2,12,,,,,A05,,,1,,3,,,84,84,1,12,4,120.711819,24.102197,3
10832,66000,387130000C,(04)23274275,(04)23288582,2025,8,29,6,6,臺中市,沙鹿區,0,1,0,7,3,6,50,11,7,1,5,4,6,6,4,4,5,5,4,2,18,2,9,2,1,C03,7,15,1,10,2,14,,6,6,1,6,4,120.566999,24.206313,2
10833,66000,387130000C,(04)23274275,(04)23288582,2025,8,29,6,9,臺中市,東勢區,0,0,0,7,,,30,,,,,,,,,,,,,,14,,,,,B02,,,1,,2,,,49,49,1,13,4,120.825703,24.255007,3
10834,66000,387130000C,(04)23274275,(04)23288582,2025,8,29,6,35,臺中市,梧棲區,0,0,0,7,,,70,,,,,,,,,,,,,,13,,,,,B03,,,1,,2,,,58,58,1,12,4,120.52526,24.253977,3
10835,66000,387130000C,(04)23274275,(04)23288582,2025,8,29,6,42,臺中市,大里區,0,2,0,7,3,6,30,4,1,1,5,4,6,6,4,4,10,5,5,2,15,2,9,1,1,C03,7,9,1,10,2,12,,12,12,1,12,4,120.70008,24.109014,2
10836,66000,387130000C,(04)23274275,(04)23288582,2025,8,29,6,42,臺中市,外埔區,0,0,0,7,2,6,50,13,9,1,5,4,6,6,4,4,5,4,4,1,13,,,,,B13,,,1,,2,,,59,59,1,6,4,120.639208,24.341259,3
10837,66000,387130000C,(04)23274275,(04)23288582,2025,8,29,6,50,臺中市,西區,0,1,0,7,3,6,0,13,21,2,5,4,6,6,4,4,10,5,5,2,15,2,7,2,1,C03,7,9,1,10,2,11,,39,39,1,6,4,120.658076,24.140272,2
10838,66000,387130000C,(04)23274275,(04)23288582,2025,8,29,6,58,臺中市,神岡區,0,0,0,7,,,30,,,,,,,,,,,,,,11,,,,,A12,,,1,,2,,,8,8,1,12,4,120.69892,24.274457,3
10839,66000,387130000C,(04)23274275,(04)23288582,2025,8,29,7,0,臺中市,潭子區,0,2,0,7,3,6,50,13,9,1,5,4,6,6,4,4,5,4,5,1,17,2,8,2,1,C03,7,11,1,10,2,14,,45,45,1,13,4,120.706732,24.21156,2
10840,66000,387130000C,(04)23274275,(04)23288582,2025,8,29,7,3,臺中市,北屯區,0,0,0,7,,,40,,,,,,,,,,,,,,,,,,,B03,,,1,,2,,,7,7,1,12,4,120.727377,24.160876,3
10841,66000,387130000C,(04)23274275,(04)23288582,2025,8,29,7,3,臺中市,烏日區,0,0,0,7,,,50,,,,,,,,,,,,,,13,,,,,B03,,,1,,9,,,7,7,1,6,4,120.635764,24.106995,3
10842,66000,387130000C,(04)23274275,(04)23288582,2025,8,29,7,8,臺中市,北屯區,0,0,0,7,,,50,,,,,,,,,,,,,,17,,,,,B02,,,1,,2,,,84,84,1,13,4,120.685099,24.177791,3
10843,66000,387130000C,(04)23274275,(04)23288582,2025,8,29,7,10,臺中市,梧棲區,0,1,0,7,2,6,50,4,2,1,5,4,6,6,4,4,10,5,5,2,3,3,10,3,1,B03,7,5,1,8,2,1,,84,84,1,12,4,120.536326,24.257118,2
10844,66000,387130000C,(04)23274275,(04)23288582,2025,8,29,7,11,臺中市,神岡區,0,0,0,7,,,50,,,,,,,,,,,,,,17,,,,,C03,,,1,,2,,,8,8,1,12,4,120.695716,24.235929,3
10845,66000,387130000C,(04)23274275,(04)23288582,2025,8,29,7,15,臺中市,大雅區,0,1,0,7,2,6,50,4,1,1,5,4,6,6,2,1,5,4,5,1,17,2,9,2,1,C03,7,9,1,10,2,12,,34,34,1,13,4,120.645458,24.221971,2
10846,66000,387130000C,(04)23274275,(04)23288582,2025,8,29,7,15,臺中市,北屯區,0,1,0,7,2,6,50,13,9,1,5,4,6,6,4,4,3,4,5,2,13,3,10,1,1,C03,7,9,1,9,2,11,,7,7,1,12,4,120.721717,24.181282,2
10847,66000,387130000C,(04)23274275,(04)23288582,2025,8,29,7,18,臺中市,西屯區,0,0,0,7,,,50,,,,,,,,,,,,,,,,,,,B03,,,1,,2,,,40,40,1,13,4,120.644885,24.171035,3
10848,66000,387130000C,(04)23274275,(04)23288582,2025,8,29,7,18,臺中市,梧棲區,0,1,0,7,3,6,30,4,1,1,5,4,6,6,4,4,10,5,5,2,15,2,9,1,1,C03,7,9,1,10,2,11,,12,12,1,6,4,120.54354,24.229733,2
10849,66000,387130000C,(04)23274275,(04)23288582,2025,8,29,7,20,臺中市,西屯區,0,1,0,7,1,6,50,4,1,1,5,4,6,6,1,1,10,5,5,1,12,3,10,1,1,C03,7,7,1,10,2,15,,40,40,1,12,4,120.632516,24.182843,2
10850,66000,387130000C,(04)23274275,(04)23288582,2025,8,29,7,22,臺中市,南屯區,0,2,0,7,2,6,30,4,1,1,5,4,6,6,4,4,9,5,5,2,17,2,7,2,1,C03,7,9,1,10,2,14,,6,6,1,13,4,120.60618,24.134031,2
10851,66000,387130000C,(04)23274275,(04)23288582,2025,8,29,7,22,臺中市,大肚區,0,0,0,7,,,50,,,,,,,,,,,,,,,,,,,B03,,,1,,2,,,7,7,1,6,4,120.552594,24.160052,3
10852,66000,387130000C,(04)23274275,(04)23288582,2025,8,29,7,23,臺中市,清水區,0,0,0,7,,,50,,,,,,,,,,,,,,,,,,,B03,,,1,,1,,,49,49,1,12,4,120.569251,24.261837,3
10853,66000,387130000C,(04)23274275,(04)23288582,2025,8,29,7,24,臺中市,太平區,0,0,0,7,2,6,50,,,,,,,,,,,,,,,,,,,B03,,,1,,2,2,,84,84,1,12,4,120.709342,24.154488,3
10854,66000,387130000C,(04)23274275,(04)23288582,2025,8,29,7,25,臺中市,北屯區,0,0,0,7,,,50,,,,,,,,,,,,,,12,,,,,B03,,,1,,2,,,51,51,1,12,4,120.683463,24.17287,3
10855,66000,387130000C,(04)23274275,(04)23288582,2025,8,29,7,25,臺中市,沙鹿區,0,2,0,7,2,6,40,13,8,1,5,4,6,6,1,1,1,4,4,1,13,2,8,1,1,C03,7,9,1,10,2,11,,7,7,1,12,4,120.600963,24.249789,2
10856,66000,387130000C,(04)23274275,(04)23288582,2025,8,29,7,25,臺中市,清水區,0,1,0,6,3,6,30,13,9,1,5,4,6,6,4,4,10,5,5,1,2,3,10,3,1,B03,7,2,1,8,2,3,,49,49,1,12,4,120.551334,24.297334,2
10857,66000,387130000C,(04)23274275,(04)23288582,2025,8,29,7,26,臺中市,北區,0,2,0,7,2,6,50,4,1,1,5,4,6,6,3,1,5,5,4,2,15,2,9,1,1,C03,7,9,1,10,2,11,14,24,24,1,13,4,120.679461,24.153583,2
10858,66000,387130000C,(04)23274275,(04)23288582,2025,8,29,7,31,臺中市,大雅區,0,2,0,6,3,6,50,13,9,1,5,4,6,6,4,4,7,2,5,2,17,2,9,1,1,C03,7,1,1,10,2,14,,51,51,1,12,4,120.668687,24.218967,2
10859,66000,387130000C,(04)23274275,(04)23288582,2025,8,29,7,31,臺中市,西屯區,0,0,0,7,,,50,,,,,,,,,,,,,,13,,,,,B03,,,1,,1,,,7,7,1,12,4,120.649796,24.162755,3
10860,66000,387130000C,(04)23274275,(04)23288582,2025,8,29,7,35,臺中市,東區,0,0,0,7,,,50,,,,,,,,,,,,,,,,,,,B03,,,1,,1,,,7,7,1,12,4,120.700821,24.135181,3
10861,66000,387130000C,(04)23274275,(04)23288582,2025,8,29,7,36,臺中市,潭子區,0,1,0,7,2,6,60,3,2,1,5,4,6,6,1,1,1,4,4,1,17,2,8,1,1,C03,7,9,1,10,2,11,,7,7,1,13,4,120.70382,24.202605,2
10862,66000,387130000C,(04)23274275,(04)23288582,2025,8,29,7,39,臺中市,南屯區,0,0,0,7,,,50,,,,,,,,,,,,,,,,,,,B03,,,1,,1,,,7,7,1,13,4,120.638358,24.147176,3
10863,66000,387130000C,(04)23274275,(04)23288582,2025,8,29,7,40,臺中市,南屯區,0,0,0,7,,,50,,,,,,,,,,,,,,14,,,,,B02,,,1,,1,,,49,49,1,12,4,120.629768,24.117757,3
10864,66000,387130000C,(04)23274275,(04)23288582,2025,8,29,7,40,臺中市,大里區,0,1,0,7,3,6,50,3,1,1,5,4,6,6,4,4,10,5,5,2,16,3,10,3,1,B03,7,11,3,19,2,5,,45,45,1,13,4,120.67709,24.099639,2
10865,66000,387130000C,(04)23274275,(04)23288582,2025,8,29,7,40,臺中市,太平區,0,1,0,7,3,6,50,3,1,1,5,4,6,6,4,4,5,5,4,1,16,2,9,2,1,C03,7,9,1,10,2,11,,84,84,1,12,4,120.733285,24.118437,2
10866,66000,387130000C,(04)23274275,(04)23288582,2025,8,29,7,40,臺中市,后里區,0,0,0,7,3,6,50,11,8,1,5,4,6,6,4,4,5,4,4,2,17,3,10,1,1,F03,7,9,7,21,2,12,,59,59,1,6,4,120.722989,24.296289,3
10867,66000,387130000C,(04)23274275,(04)23288582,2025,8,29,7,41,臺中市,南屯區,0,0,0,7,,,50,,,,,,,,,,,,,,13,,,,,B12,,,1,,1,,,7,7,1,12,4,120.630193,24.146756,3
10868,66000,387130000C,(04)23274275,(04)23288582,2025,8,29,7,41,臺中市,西屯區,0,1,0,7,2,6,50,4,1,1,5,4,6,6,1,1,10,5,5,2,17,2,9,5,4,C03,7,6,1,10,2,13,,11,11,1,12,4,120.639967,24.185145,2
10869,66000,387130000C,(04)23274275,(04)23288582,2025,8,29,7,41,臺中市,霧峰區,0,2,0,7,2,6,50,3,1,1,5,4,6,6,4,4,10,5,5,2,13,2,9,1,1,C03,7,9,1,10,2,11,,7,7,1,12,4,120.698983,24.075401,2
10870,66000,387130000C,(04)23274275,(04)23288582,2025,8,29,7,42,臺中市,西屯區,0,2,0,7,2,6,40,13,8,1,5,4,6,6,4,4,8,4,4,1,16,2,9,5,4,C03,7,7,1,10,2,12,,40,40,1,13,4,120.633307,24.170114,2
10871,66000,387130000C,(04)23274275,(04)23288582,2025,8,29,7,46,臺中市,龍井區,0,2,0,7,3,6,50,3,1,1,5,4,6,6,1,1,1,5,5,2,17,2,8,2,1,C03,7,15,3,19,2,14,,40,40,1,13,4,120.545542,24.190616,2
10872,66000,387130000C,(04)23274275,(04)23288582,2025,8,29,7,49,臺中市,大里區,0,1,0,7,2,6,30,13,9,1,5,4,6,6,4,4,10,5,5,1,18,2,9,1,1,F03,7,9,7,21,2,14,,84,84,1,4,4,120.69765,24.118823,2
10873,66000,387130000C,(04)23274275,(04)23288582,2025,8,29,7,50,臺中市,北屯區,0,1,0,7,2,6,50,13,9,1,5,4,5,6,4,4,1,4,5,2,12,2,8,1,1,C03,7,9,1,10,1,12,,84,84,1,12,4,120.692866,24.171073,2
10874,66000,387130000C,(04)23274275,(04)23288582,2025,8,29,7,51,臺中市,南屯區,0,1,0,7,2,6,60,4,1,1,5,4,6,6,4,4,7,2,5,2,15,3,10,3,1,B03,7,9,1,8,2,2,,15,15,1,12,4,120.646495,24.124159,2
10875,66000,387130000C,(04)23274275,(04)23288582,2025,8,29,7,52,臺中市,西區,0,1,0,7,2,6,50,13,8,1,5,4,6,6,4,4,3,4,4,2,17,3,10,1,1,C03,7,9,1,10,2,16,,68,68,1,6,4,120.659368,24.156875,2
10876,66000,387130000C,(04)23274275,(04)23288582,2025,8,29,7,52,臺中市,南屯區,0,0,0,7,,,50,,,,,,,,,,,,,,,,,,,B03,,,1,,2,,,49,49,1,13,4,120.630657,24.15135,3
10877,66000,387130000C,(04)23274275,(04)23288582,2025,8,29,7,52,臺中市,梧棲區,0,1,0,7,2,6,60,13,9,1,5,4,6,6,4,4,1,4,5,1,12,3,10,3,1,B03,7,1,1,8,1,5,,51,51,1,12,4,120.535042,24.246565,2
10878,66000,387130000C,(04)23274275,(04)23288582,2025,8,29,7,53,臺中市,大雅區,0,3,0,7,2,6,50,4,1,1,5,4,6,6,4,4,5,5,5,1,16,2,9,2,1,C03,7,6,1,10,2,11,,14,14,1,13,4,120.655755,24.227329,2
10879,66000,387130000C,(04)23274275,(04)23288582,2025,8,29,7,54,臺中市,北區,0,0,0,7,,,30,,,,,,,,,,,,,,,,,,,B03,,,1,,9,,,49,49,1,12,4,120.679464,24.15199,3
10880,66000,387130000C,(04)23274275,(04)23288582,2025,8,29,7,54,臺中市,太平區,0,0,0,7,2,6,50,,,,,,,,,,,,,,,,,,,B03,,,1,,2,1,,7,7,1,12,4,120.710948,24.140942,3
10881,66000,387130000C,(04)23274275,(04)23288582,2025,8,29,7,54,臺中市,大肚區,0,1,0,7,2,6,40,4,8,1,5,4,6,6,1,1,1,4,4,1,13,2,9,1,1,C03,7,9,1,10,2,11,,84,84,1,6,4,120.556625,24.128009,2
10882,66000,387130000C,(04)23274275,(04)23288582,2025,8,29,7,58,臺中市,西屯區,0,2,0,7,2,6,30,11,9,1,5,4,6,6,4,4,10,5,5,2,17,2,9,2,1,C03,7,6,1,10,2,14,,59,59,1,12,4,120.61242,24.161977,2
10883,66000,387130000C,(04)23274275,(04)23288582,2025,8,29,8,0,臺中市,清水區,0,0,0,7,,,30,,,,,,,,,,,,,,,,,,,B03,,,1,,1,,,15,15,1,12,4,120.556288,24.290458,3
10884,66000,387130000C,(04)23274275,(04)23288582,2025,8,29,8,2,臺中市,豐原區,0,0,0,7,,,50,,,,,,,,,,,,,,13,,,,,B12,,,1,,2,,,7,7,1,12,4,120.734723,24.259951,3
10885,66000,387130000C,(04)23274275,(04)23288582,2025,8,29,8,3,臺中市,烏日區,0,1,0,7,3,6,40,3,1,1,5,4,6,6,4,4,1,5,3,1,16,3,10,3,1,B12,7,5,1,6,2,5,,47,47,1,6,4,120.587568,24.113301,2
10886,66000,387130000C,(04)23274275,(04)23288582,2025,8,29,8,5,臺中市,北屯區,0,1,0,7,3,6,50,4,1,1,5,4,6,6,1,1,10,5,5,2,16,3,10,3,1,B03,7,6,1,8,2,8,,11,11,1,12,4,120.680215,24.175131,2
10887,66000,387130000C,(04)23274275,(04)23288582,2025,8,29,8,8,臺中市,東區,0,0,0,7,,,40,,,,,,,,,,,,,,16,,,,,C03,,,1,,2,,,48,48,1,12,4,120.695126,24.138883,3
10888,66000,387130000C,(04)23274275,(04)23288582,2025,8,29,8,8,臺中市,東區,0,0,0,7,,,50,,,,,,,,,,,,,,13,,,,,C03,,,1,,1,,,7,7,1,12,4,120.695189,24.138888,4
10889,66000,387130000C,(04)23274275,(04)23288582,2025,8,29,8,9,臺中市,大里區,0,1,0,7,3,6,70,13,7,1,5,4,6,6,4,4,1,3,5,1,12,3,10,3,1,B03,7,8,1,10,2,5,,40,40,1,12,4,120.664312,24.08632,2
10890,66000,387130000C,(04)23274275,(04)23288582,2025,8,29,8,10,臺中市,南區,0,0,0,7,,,50,,,,,,,,,,,,,,,,,,,C03,,,1,,1,,,7,7,1,6,4,120.670096,24.1245,3
10891,66000,387130000C,(04)23274275,(04)23288582,2025,8,29,8,11,臺中市,西屯區,0,0,0,7,,,60,,,,,,,,,,,,,,13,,,,,B03,,,1,,1,,,82,82,1,12,4,120.639383,24.169009,3
10892,66000,387130000C,(04)23274275,(04)23288582,2025,8,29,8,12,臺中市,北區,0,0,0,7,,,50,,,,,,,,,,,,,,17,,,,,B03,,,1,,2,2,,8,8,1,12,4,120.676326,24.160416,3
10893,66000,387130000C,(04)23274275,(04)23288582,2025,8,29,8,17,臺中市,西屯區,0,1,0,7,2,6,50,4,1,1,5,4,6,6,2,1,10,5,5,2,16,3,10,3,1,B03,7,6,1,8,2,1,,11,11,1,13,4,120.637283,24.173182,2
10894,66000,387130000C,(04)23274275,(04)23288582,2025,8,29,8,17,臺中市,西屯區,0,1,0,7,1,6,40,3,1,1,5,4,6,6,1,1,10,5,5,1,16,3,10,3,1,B03,7,5,1,8,2,5,,47,47,1,12,4,120.653849,24.176154,2
10895,66000,387130000C,(04)23274275,(04)23288582,2025,8,29,8,17,臺中市,烏日區,0,0,0,7,,,30,,,,,,,,,,,,,,16,,,,,B03,,,1,,1,,,14,14,1,6,4,120.636659,24.109276,3
10896,66000,387130000C,(04)23274275,(04)23288582,2025,8,29,8,18,臺中市,中區,0,0,0,7,,,50,,,,,,,,,,,,,,,,,,,B03,,,1,,1,,,8,8,1,12,4,120.681796,24.144577,3
10897,66000,387130000C,(04)23274275,(04)23288582,2025,8,29,8,18,臺中市,沙鹿區,0,0,0,7,,,40,,,,,,,,,,,,,,,,,,,C03,,,1,,2,,,48,48,1,13,4,120.582699,24.221488,3
10898,66000,387130000C,(04)23274275,(04)23288582,2025,8,29,8,19,臺中市,北屯區,0,0,0,7,2,6,50,13,9,1,5,4,6,6,4,4,1,3,4,2,12,3,10,1,1,C03,7,9,1,10,2,14,,85,85,1,12,4,120.670716,24.175815,3
10899,66000,387130000C,(04)23274275,(04)23288582,2025,8,29,8,20,臺中市,北區,0,1,0,7,2,6,50,4,2,1,5,4,6,6,2,1,10,5,5,2,13,2,9,2,1,C03,7,9,1,10,2,11,,7,7,1,13,4,120.670333,24.159367,2
10900,66000,387130000C,(04)23274275,(04)23288582,2025,8,29,8,20,臺中市,大里區,0,0,0,7,,,30,,,,,,,,,,,,,,17,,,,,C03,,,1,,1,,,87,87,1,6,4,120.696329,24.11111,4
10901,66000,387130000C,(04)23274275,(04)23288582,2025,8,29,8,20,臺中市,清水區,0,1,0,7,3,6,50,3,2,1,5,4,6,6,4,4,5,5,5,1,12,3,10,6,1,F01,7,6,7,21,2,14,,48,48,1,12,4,120.570327,24.269314,2
10902,66000,387130000C,(04)23274275,(04)23288582,2025,8,29,8,23,臺中市,西屯區,0,0,0,7,,,40,,,,,,,,,,,,,,13,,,,,C02,,,5,,2,,,7,7,1,12,4,120.644257,24.164782,3
10903,66000,387130000C,(04)23274275,(04)23288582,2025,8,29,8,25,臺中市,豐原區,0,2,0,7,2,6,0,4,21,1,5,4,6,6,4,4,10,5,5,2,9,2,9,1,1,C03,7,6,1,10,2,14,,84,84,1,12,4,120.724011,24.245228,2
10904,66000,387130000C,(04)23274275,(04)23288582,2025,8,29,8,32,臺中市,神岡區,0,1,0,7,1,6,50,5,1,1,5,4,6,6,1,1,1,4,5,1,15,3,10,5,4,A12,7,9,1,8,2,8,,21,21,1,12,4,120.662431,24.271696,2
10905,66000,387130000C,(04)23274275,(04)23288582,2025,8,29,8,34,臺中市,豐原區,0,0,0,7,,,50,,,,,,,,,,,,,,13,,,,,B03,,,1,,5,,,53,53,1,12,4,120.702447,24.24925,3
10906,66000,387130000C,(04)23274275,(04)23288582,2025,8,29,8,36,臺中市,龍井區,0,2,0,7,2,6,30,3,1,1,5,4,6,6,4,4,10,5,5,2,16,2,9,1,1,C03,7,5,1,10,2,14,,12,12,1,13,4,120.594091,24.190773,2
10907,66000,387130000C,(04)23274275,(04)23288582,2025,8,29,8,38,臺中市,南屯區,0,0,0,7,,,50,,,,,,,,,,,,,,,,,,,B03,,,1,,1,,,40,40,1,13,4,120.614322,24.143387,3
10908,66000,387130000C,(04)23274275,(04)23288582,2025,8,29,8,39,臺中市,大里區,0,1,0,7,2,6,50,13,9,1,5,4,6,6,2,1,5,5,5,1,12,2,9,1,1,C03,7,8,1,10,2,14,,35,35,1,6,4,120.690031,24.105899,2
10909,66000,387130000C,(04)23274275,(04)23288582,2025,8,29,8,40,臺中市,大雅區,0,1,0,7,3,6,40,13,7,1,5,4,6,6,4,4,5,2,4,1,18,2,9,1,1,C03,7,8,1,10,2,14,,84,84,1,12,4,120.650345,24.212333,2
10910,66000,387130000C,(04)23274275,(04)23288582,2025,8,29,8,43,臺中市,大雅區,0,1,0,7,2,6,30,13,9,1,5,4,6,6,4,4,10,5,5,1,12,3,10,3,1,B03,7,6,1,8,2,4,,84,84,1,13,4,120.631954,24.21315,2
10911,66000,387130000C,(04)23274275,(04)23288582,2025,8,29,8,43,臺中市,大里區,0,0,0,7,,,50,,,,,,,,,,,,,,15,,,,,B03,,,3,,2,,,15,15,1,13,4,120.69533,24.101377,3
10912,66000,387130000C,(04)23274275,(04)23288582,2025,8,29,8,45,臺中市,北屯區,0,1,0,7,3,6,50,13,9,1,5,4,6,6,4,4,5,4,5,2,12,3,10,2,1,C04,7,9,1,10,2,14,,85,85,1,12,4,120.679658,24.188364,2
10913,66000,387130000C,(04)23274275,(04)23288582,2025,8,29,8,48,臺中市,神岡區,0,0,0,7,,,30,,,,,,,,,,,,,,17,,,,,C03,,,1,,2,,,84,84,1,13,4,120.69057,24.246725,3
10914,66000,387130000C,(04)23274275,(04)23288582,2025,8,29,8,50,臺中市,北屯區,0,0,0,7,,,50,,,,,,,,,,,,,,11,,,,,B12,,,1,,9,,,39,39,2,13,4,120.690546,24.177902,3
10915,66000,387130000C,(04)23274275,(04)23288582,2025,8,29,8,50,臺中市,沙鹿區,0,0,0,7,,,50,,,,,,,,,,,,,,,,,,,B03,,,1,,1,,,49,49,1,13,4,120.579124,24.2185,3
10916,66000,387130000C,(04)23274275,(04)23288582,2025,8,29,8,52,臺中市,大里區,0,1,0,7,3,6,50,4,1,1,5,4,6,6,1,1,10,5,5,2,16,3,10,3,1,B12,7,5,1,8,2,5,,11,11,1,6,4,120.676353,24.113581,2
10917,66000,387130000C,(04)23274275,(04)23288582,2025,8,29,8,53,臺中市,神岡區,0,2,0,7,1,6,30,13,9,1,5,4,6,6,4,4,10,5,5,1,13,2,9,1,4,C03,7,9,1,10,2,11,,7,7,1,12,4,120.683448,24.275313,2
10918,66000,387130000C,(04)23274275,(04)23288582,2025,8,29,8,54,臺中市,大甲區,0,0,0,7,,,50,,,,,,,,,,,,,,,,,,,B12,,,1,,2,,,50,50,1,6,4,120.621516,24.34239,3
10919,66000,387130000C,(04)23274275,(04)23288582,2025,8,29,8,56,臺中市,大甲區,0,0,0,7,,,50,,,,,,,,,,,,,,13,,,,,C03,,,3,,1,,,7,7,1,12,4,120.620343,24.341945,3
10920,66000,387130000C,(04)23274275,(04)23288582,2025,8,29,8,57,臺中市,南屯區,0,0,0,7,,,50,,,,,,,,,,,,,,,,,,,B02,,,1,,2,,,7,7,1,13,4,120.64738,24.148768,3
10921,66000,387130000C,(04)23274275,(04)23288582,2025,8,29,8,58,臺中市,北屯區,0,1,0,7,2,6,50,4,4,1,5,4,6,6,2,1,3,2,5,2,13,2,9,1,1,C03,7,9,1,9,2,11,,7,7,1,12,4,120.685528,24.171783,2
10922,66000,387130000C,(04)23274275,(04)23288582,2025,8,29,8,58,臺中市,西屯區,0,1,0,7,2,6,50,13,9,1,5,4,6,6,4,4,5,5,5,2,17,3,10,5,4,B12,7,1,1,8,2,4,,51,51,1,12,4,120.649364,24.156905,2
10923,66000,387130000C,(04)23274275,(04)23288582,2025,8,29,9,4,臺中市,東區,0,1,0,7,2,6,50,3,1,1,5,4,6,6,4,4,10,5,5,2,17,3,10,3,1,B01,7,11,1,4,2,1,,45,45,1,12,4,120.707881,24.146691,2
10924,66000,387130000C,(04)23274275,(04)23288582,2025,8,29,9,4,臺中市,北屯區,0,1,0,7,3,6,50,4,1,1,5,4,6,6,2,1,10,5,5,2,15,3,10,1,1,C03,7,9,2,19,2,12,,21,21,1,12,4,120.685808,24.175746,2
10925,66000,387130000C,(04)23274275,(04)23288582,2025,8,29,9,4,臺中市,大里區,0,0,0,7,,,50,,,,,,,,,,,,,,,,,,,B12,,,1,,2,,,45,45,1,12,4,120.692558,24.081779,3
10926,66000,387130000C,(04)23274275,(04)23288582,2025,8,29,9,4,臺中市,大里區,0,0,0,7,,,50,,,,,,,,,,,,,,17,,,,,C03,,,1,,1,,,39,39,1,13,4,120.694399,24.087421,3
10927,66000,387130000C,(04)23274275,(04)23288582,2025,8,29,9,6,臺中市,沙鹿區,0,0,0,7,,,50,,,,,,,,,,,,,,13,,,,,C03,,,1,,2,,,7,7,1,12,4,120.614203,24.236804,4
10928,66000,387130000C,(04)23274275,(04)23288582,2025,8,29,9,7,臺中市,大雅區,0,1,0,7,2,6,50,4,1,1,5,4,6,6,1,1,5,5,5,1,16,2,9,2,1,C03,7,9,1,10,2,11,,21,21,1,13,4,120.629619,24.208717,2
10929,66000,387130000C,(04)23274275,(04)23288582,2025,8,29,9,9,臺中市,西屯區,0,0,0,7,,,70,,,,,,,,,,,,,,12,,,,,B01,,,1,,1,,,8,8,1,13,4,120.609578,24.184478,3
10930,66000,387130000C,(04)23274275,(04)23288582,2025,8,29,9,10,臺中市,清水區,0,2,0,7,2,6,50,4,1,1,5,4,6,6,4,4,9,3,4,1,17,2,9,1,1,C03,7,9,1,10,2,12,,15,15,1,12,4,120.555769,24.259266,2
10931,66000,387130000C,(04)23274275,(04)23288582,2025,8,29,9,12,臺中市,太平區,0,0,0,7,,,30,,,,,,,,,,,,,,16,,,,,B12,,,1,,1,,,51,51,1,12,4,120.71707,24.124071,3
10932,66000,387130000C,(04)23274275,(04)23288582,2025,8,29,9,14,臺中市,大里區,0,1,0,7,3,6,50,3,2,1,5,4,6,6,4,4,5,4,5,1,14,2,9,5,4,C03,7,2,1,10,2,13,,49,49,1,13,4,120.681741,24.111755,2
10933,66000,387130000C,(04)23274275,(04)23288582,2025,8,29,9,21,臺中市,西屯區,0,1,0,7,2,6,40,3,2,1,5,4,6,6,4,4,10,5,5,2,17,2,9,2,1,C03,7,5,1,10,2,14,,59,59,1,12,4,120.643345,24.178426,2
10934,66000,387130000C,(04)23274275,(04)23288582,2025,8,29,9,28,臺中市,東勢區,0,1,0,7,2,6,50,13,9,1,5,4,6,6,4,4,8,5,5,1,12,3,10,3,1,B03,7,4,1,8,2,2,,8,8,1,12,4,120.832133,24.247536,2
10935,66000,387130000C,(04)23274275,(04)23288582,2025,8,29,9,30,臺中市,西屯區,0,0,0,7,,,50,,,,,,,,,,,,,,12,,,,,A11,,,1,2,1,,,40,40,1,13,4,120.620524,24.171676,3
10936,66000,387130000C,(04)23274275,(04)23288582,2025,8,29,9,33,臺中市,大甲區,0,0,0,7,,,50,,,,,,,,,,,,,,,,,,,C03,,,1,,1,,,84,84,1,12,4,120.626009,24.349402,3