序號,縣市別代碼,機關代碼,市話,傳真,年,月,日,時,分,縣市,區,死亡數量,受傷數量,2-30,天候,道路照明設備,道路類別,道路速限,道路型態,事故位置,路面鋪裝,路面狀態,路面缺陷,障礙物,視距,號誌種類,號誌動作,分向設施,快車道或一般車道間,快慢車道間,路面邊線,事故類型及型態,受傷程度,主要傷處,保護裝備,行動電話或功能裝置,當事者區分(類別),車輛用途,當事者行動狀態,駕照狀態,駕照種類,飲酒情形,車輛撞擊部位最初,車輛撞擊部位其他,肇事因素個別,肇事因素主要,肇事逃逸,職業,共享經濟或外送平台,GPS座標X,GPS座標Y,事故類別
10937,66000,387130000C,(04)23274275,(04)23288582,2025,8,29,9,39,臺中市,西屯區,0,0,0,7,,,60,,,,,,,,,,,,,,,,,,,B03,,,1,,1,,,7,7,1,13,4,120.649575,24.163046,3
10938,66000,387130000C,(04)23274275,(04)23288582,2025,8,29,9,39,臺中市,大里區,0,0,0,7,,,50,,,,,,,,,,,,,,14,,,,,B03,,,1,,2,,,49,49,1,13,4,120.705509,24.105094,3
10939,66000,387130000C,(04)23274275,(04)23288582,2025,8,29,9,40,臺中市,潭子區,0,0,0,7,,3,40,,,,,,,,,,,,,,,,,,,B12,,,1,,2,,,84,84,1,13,4,120.709739,24.200514,3
10940,66000,387130000C,(04)23274275,(04)23288582,2025,8,29,9,45,臺中市,大里區,0,0,0,7,,,50,,,,,,,,,,,,,,16,,,,,B03,,,1,,1,,,14,14,1,13,4,120.678907,24.084394,3
10941,66000,387130000C,(04)23274275,(04)23288582,2025,8,29,9,49,臺中市,大肚區,0,1,0,7,2,6,50,13,8,1,5,4,6,6,4,4,1,4,4,1,16,3,10,3,1,B03,7,5,1,8,2,2,,47,47,1,12,4,120.573559,24.119853,2
10942,66000,387130000C,(04)23274275,(04)23288582,2025,8,29,9,49,臺中市,沙鹿區,0,0,0,7,,,50,,,,,,,,,,,,,,17,,,,,C03,,,1,,1,,,84,84,1,12,4,120.569391,24.238061,3
10943,66000,387130000C,(04)23274275,(04)23288582,2025,8,29,9,50,臺中市,南屯區,0,0,0,7,,,50,,,,,,,,,,,,,,13,,,,,B03,,,1,,1,,,57,57,1,12,4,120.624108,24.152316,3
10944,66000,387130000C,(04)23274275,(04)23288582,2025,8,29,9,51,臺中市,中區,0,1,0,7,2,6,50,4,2,1,5,4,6,6,1,1,10,5,5,2,13,3,10,3,1,B03,7,9,1,8,2,5,,59,59,1,12,4,120.679497,24.142426,2
10945,66000,387130000C,(04)23274275,(04)23288582,2025,8,29,9,51,臺中市,西屯區,0,2,0,7,1,6,50,4,1,1,5,4,6,6,1,1,10,5,5,1,16,2,9,2,1,C03,7,6,1,10,2,13,,84,84,1,12,4,120.664607,24.178252,2
10946,66000,387130000C,(04)23274275,(04)23288582,2025,8,29,9,55,臺中市,清水區,0,1,0,7,3,6,50,4,2,1,5,4,6,6,3,1,5,5,5,2,22,2,9,2,1,C03,7,9,1,10,2,12,,8,8,1,12,4,120.571879,24.279511,2
10947,66000,387130000C,(04)23274275,(04)23288582,2025,8,29,9,58,臺中市,西屯區,0,0,0,7,,,30,,,,,,,,,,,,,,17,,,,,B12,,,1,,9,,,59,59,1,12,4,120.646729,24.175587,3
10948,66000,387130000C,(04)23274275,(04)23288582,2025,8,29,9,59,臺中市,潭子區,0,0,0,7,,,30,,,,,,,,,,,,,,,,,,,A12,,,1,,11,,,85,85,1,13,4,120.692703,24.205465,3
10949,66000,387130000C,(04)23274275,(04)23288582,2025,8,29,9,59,臺中市,西屯區,0,0,0,7,,,60,,,,,,,,,,,,,,13,,,,,B02,,,1,,1,,,78,78,1,12,4,120.632317,24.170134,3
10950,66000,387130000C,(04)23274275,(04)23288582,2025,8,29,10,0,臺中市,北區,0,2,0,7,3,6,30,4,1,1,5,4,6,6,4,4,10,5,5,2,15,2,9,1,1,C03,7,9,1,10,2,11,,15,15,1,12,4,120.683597,24.146771,2
10951,66000,387130000C,(04)23274275,(04)23288582,2025,8,29,10,7,臺中市,南屯區,0,1,0,7,2,6,60,4,2,1,5,4,6,6,4,4,5,4,5,2,13,3,10,3,1,B03,7,9,3,19,2,5,,8,8,1,12,4,120.641686,24.146869,2
10952,66000,387130000C,(04)23274275,(04)23288582,2025,8,29,10,9,臺中市,西區,0,0,0,7,,,30,,,,,,,,,,,,,,,,,,,C03,,,1,,2,,,49,49,1,6,4,120.670079,24.134183,3
10953,66000,387130000C,(04)23274275,(04)23288582,2025,8,29,10,10,臺中市,西區,0,2,0,7,1,6,50,4,1,1,5,4,6,6,4,4,10,5,5,2,17,2,9,5,4,C03,7,9,1,10,1,11,,12,12,1,12,4,120.660984,24.146597,2
10954,66000,387130000C,(04)23274275,(04)23288582,2025,8,29,10,11,臺中市,清水區,0,0,0,7,2,6,50,4,1,1,5,4,6,6,1,1,8,3,4,1,17,,,,,B03,,,1,,1,,,58,58,1,12,4,120.560456,24.283967,3
10955,66000,387130000C,(04)23274275,(04)23288582,2025,8,29,10,19,臺中市,大里區,0,0,0,7,,,50,,,,,,,,,,,,,,,,,,,B03,,,1,,2,,,87,87,1,12,4,120.690064,24.092694,3
10956,66000,387130000C,(04)23274275,(04)23288582,2025,8,29,10,21,臺中市,豐原區,0,1,0,7,2,6,30,5,1,1,5,4,6,6,1,1,1,5,5,2,16,3,10,1,1,C03,7,6,1,10,2,14,,11,11,1,12,4,120.709195,24.252817,2
10957,66000,387130000C,(04)23274275,(04)23288582,2025,8,29,10,22,臺中市,北區,0,1,0,7,2,6,50,4,1,1,5,4,6,6,4,4,10,5,5,2,16,2,9,1,1,C03,7,6,1,10,2,12,,14,14,1,12,4,120.669688,24.160529,2
10958,66000,387130000C,(04)23274275,(04)23288582,2025,8,29,10,23,臺中市,南屯區,0,0,0,7,,,50,,,,,,,,,,,,,,12,,,,,C03,,,1,,9,,,8,8,1,13,4,120.649823,24.140331,3
10959,66000,387130000C,(04)23274275,(04)23288582,2025,8,29,10,23,臺中市,西屯區,0,1,0,7,2,6,50,4,1,1,5,4,6,6,1,1,10,5,5,2,15,2,9,5,4,C03,7,9,1,10,2,11,,21,21,1,12,4,120.63841,24.156875,2
10960,66000,387130000C,(04)23274275,(04)23288582,2025,8,29,10,23,臺中市,大甲區,0,1,0,7,3,6,50,4,1,1,5,4,6,6,1,1,10,5,5,2,17,2,7,3,1,B03,7,9,1,8,2,5,2,84,84,1,6,4,120.633313,24.356011,2
10961,66000,387130000C,(04)23274275,(04)23288582,2025,8,29,10,24,臺中市,烏日區,0,1,0,7,3,6,50,3,1,1,5,4,6,6,4,4,5,5,4,1,16,3,10,3,1,B03,7,11,1,8,2,7,,45,45,1,6,4,120.620252,24.106519,2
10962,66000,387130000C,(04)23274275,(04)23288582,2025,8,29,10,26,臺中市,潭子區,0,1,0,7,2,6,30,4,1,1,5,4,6,6,3,1,5,5,4,2,17,2,9,2,1,C03,7,9,1,10,2,11,,24,24,1,13,4,120.701795,24.192054,2
10963,66000,387130000C,(04)23274275,(04)23288582,2025,8,29,10,30,臺中市,北屯區,0,0,0,7,,,50,,,,,,,,,,,,,,12,,,,,B03,,,1,,2,,,59,59,1,12,4,120.684112,24.170962,3
10964,66000,387130000C,(04)23274275,(04)23288582,2025,8,29,10,31,臺中市,大里區,0,0,0,7,,,50,,,,,,,,,,,,,,13,,,,,C03,,,1,,9,,,84,84,1,13,4,120.679848,24.109185,4
10965,66000,387130000C,(04)23274275,(04)23288582,2025,8,29,10,32,臺中市,大雅區,0,1,0,7,3,6,50,3,2,1,5,4,6,6,4,4,5,2,5,1,17,3,10,3,1,B03,7,9,1,8,2,1,,59,59,1,12,4,120.648086,24.229365,2
10966,66000,387130000C,(04)23274275,(04)23288582,2025,8,29,10,33,臺中市,大里區,0,0,0,7,,,60,,,,,,,,,,,,,,12,,,,,B12,,,1,,2,,,50,50,1,13,4,120.686474,24.103008,3
10967,66000,387130000C,(04)23274275,(04)23288582,2025,8,29,10,36,臺中市,西區,0,1,0,7,2,6,50,4,1,1,5,4,6,6,2,1,10,5,5,2,16,3,10,5,1,B03,7,6,1,8,2,8,,48,48,1,6,4,120.670515,24.152178,2
10968,66000,387130000C,(04)23274275,(04)23288582,2025,8,29,10,37,臺中市,西區,0,0,0,7,,,40,,,,,,,,,,,,,,17,,,,,B12,,,1,,2,,,84,84,1,12,4,120.673223,24.14787,3
10969,66000,387130000C,(04)23274275,(04)23288582,2025,8,29,10,37,臺中市,南區,0,1,0,7,3,6,50,13,9,1,5,4,6,6,4,4,9,5,5,2,13,2,9,2,1,C03,7,9,1,10,2,11,,7,7,1,6,4,120.664317,24.118462,2
10970,66000,387130000C,(04)23274275,(04)23288582,2025,8,29,10,38,臺中市,大里區,0,0,0,7,,,50,,,,,,,,,,,,,,13,,,,,B03,,,1,,2,,,7,7,1,6,4,120.695302,24.099849,3
10971,66000,387130000C,(04)23274275,(04)23288582,2025,8,29,10,41,臺中市,北屯區,0,0,0,7,,,40,,,,,,,,,,,,,,,,,,,B03,,,1,,2,,,8,8,1,12,4,120.670442,24.176187,3
10972,66000,387130000C,(04)23274275,(04)23288582,2025,8,29,10,43,臺中市,南屯區,0,0,0,7,,,50,,,,,,,,,,,,,,,,,,,A11,,,1,,1,,,49,49,1,13,4,120.642191,24.13509,3
10973,66000,387130000C,(04)23274275,(04)23288582,2025,8,29,10,46,臺中市,大肚區,0,1,0,7,2,6,50,13,9,1,5,4,6,6,4,4,9,5,5,1,3,3,10,1,1,C03,7,9,1,10,2,11,,59,59,1,13,4,120.57948,24.169627,2
10974,66000,387130000C,(04)23274275,(04)23288582,2025,8,29,10,55,臺中市,北屯區,0,0,0,7,,,50,,,,,,,,,,,,,,14,,,,,B03,,,1,,1,,,49,49,1,13,4,120.685693,24.168531,3
10975,66000,387130000C,(04)23274275,(04)23288582,2025,8,29,10,56,臺中市,西區,0,1,0,7,1,6,50,4,1,1,5,4,6,6,4,4,3,4,4,2,17,3,10,5,4,B03,7,9,1,8,2,2,,87,87,1,12,4,120.657374,24.145755,2
10976,66000,387130000C,(04)23274275,(04)23288582,2025,8,29,10,57,臺中市,龍井區,0,0,0,7,,,30,,,,,,,,,,,,,,,,,,,B03,,,1,,1,,,15,15,1,12,4,120.53598,24.175673,3
10977,66000,387130000C,(04)23274275,(04)23288582,2025,8,29,10,58,臺中市,北區,0,0,0,7,,,50,,,,,,,,,,,,,,17,,,,,B03,,,1,,2,,,49,49,1,13,4,120.677343,24.15931,3
10978,66000,387130000C,(04)23274275,(04)23288582,2025,8,29,11,0,臺中市,和平區,0,0,0,7,,,50,,,,,,,,,,,,,,27,,,,,B12,,,3,,2,,,59,59,1,12,4,121.308408,24.320726,3
10979,66000,387130000C,(04)23274275,(04)23288582,2025,8,29,11,1,臺中市,大里區,0,0,0,7,,,50,,,,,,,,,,,,,,11,,,,,B12,,,1,,1,,,8,8,1,13,4,120.716107,24.08594,3
10980,66000,387130000C,(04)23274275,(04)23288582,2025,8,29,11,5,臺中市,豐原區,0,2,0,7,2,6,50,13,7,1,5,4,6,6,4,4,5,4,4,2,16,2,9,1,1,C03,7,11,1,10,2,14,,26,26,1,12,4,120.719141,24.253289,2
10981,66000,387130000C,(04)23274275,(04)23288582,2025,8,29,11,6,臺中市,南屯區,0,1,0,7,2,6,60,4,1,1,5,4,6,6,2,1,5,4,5,2,13,2,9,1,1,C03,7,6,1,10,2,13,,11,11,1,12,4,120.640739,24.148775,2
10982,66000,387130000C,(04)23274275,(04)23288582,2025,8,29,11,7,臺中市,西區,0,1,0,7,2,6,50,13,9,1,5,4,6,6,4,4,3,4,5,2,16,3,10,3,1,B03,7,7,1,8,2,5,,40,40,1,12,4,120.656458,24.140261,2
10983,66000,387130000C,(04)23274275,(04)23288582,2025,8,29,11,9,臺中市,北區,0,0,0,7,,,50,,,,,,,,,,,,,,13,,,,,B03,,,1,,1,,,7,7,1,13,4,120.688142,24.163244,3
10984,66000,387130000C,(04)23274275,(04)23288582,2025,8,29,11,10,臺中市,西屯區,0,0,0,7,,,50,,,,,,,,,,,,,,16,,,,,B12,,,1,,1,,,59,59,1,13,4,120.640853,24.165135,3
10985,66000,387130000C,(04)23274275,(04)23288582,2025,8,29,11,15,臺中市,龍井區,0,0,0,7,,,30,,,,,,,,,,,,,,,,,,,F03,,,7,,1,,,7,7,1,13,4,120.52367,24.219257,3
10986,66000,387130000C,(04)23274275,(04)23288582,2025,8,29,11,16,臺中市,西屯區,0,0,0,7,,,40,,,,,,,,,,,,,,13,,,,,B03,,,1,,1,,,7,7,1,12,4,120.638126,24.170086,3
10987,66000,387130000C,(04)23274275,(04)23288582,2025,8,29,11,17,臺中市,北屯區,0,0,0,7,,,40,,,,,,,,,,,,,,16,,,,,C03,,,1,,1,,,48,48,1,12,4,120.69063,24.17912,3
10988,66000,387130000C,(04)23274275,(04)23288582,2025,8,29,11,20,臺中市,北區,0,2,0,7,2,6,50,13,7,1,5,4,6,6,4,4,3,4,4,2,11,3,10,3,1,B03,7,8,1,8,2,8,,40,40,1,13,4,120.688767,24.146927,2
10989,66000,387130000C,(04)23274275,(04)23288582,2025,8,29,11,20,臺中市,北區,0,1,0,7,2,6,50,13,9,1,5,4,6,6,4,4,9,5,5,2,17,2,8,1,1,C03,7,9,1,10,2,11,,54,54,1,12,4,120.684151,24.160379,2
10990,66000,387130000C,(04)23274275,(04)23288582,2025,8,29,11,20,臺中市,南區,0,0,0,7,,,50,,,,,,,,,,,,,,,,,,,B03,,,1,,1,,,7,7,1,12,4,120.650576,24.120293,3
10991,66000,387130000C,(04)23274275,(04)23288582,2025,8,29,11,20,臺中市,太平區,0,0,0,7,,,50,,,,,,,,,,,,,,17,,,,,B03,,,1,,2,,,50,50,1,6,4,120.71297,24.144096,3
10992,66000,387130000C,(04)23274275,(04)23288582,2025,8,29,11,21,臺中市,梧棲區,0,1,0,7,3,6,40,13,8,1,5,4,6,6,4,4,1,4,1,1,13,2,9,1,1,C03,7,9,2,19,2,11,,7,7,1,6,4,120.529949,24.265739,2
10993,66000,387130000C,(04)23274275,(04)23288582,2025,8,29,11,23,臺中市,北屯區,0,0,0,7,,,50,,,,,,,,,,,,,,14,,,,,B03,,,1,,2,,,49,49,1,12,4,120.740903,24.178268,3
10994,66000,387130000C,(04)23274275,(04)23288582,2025,8,29,11,25,臺中市,西區,0,0,0,7,,,50,,,,,,,,,,,,,,,,,,,C03,,,1,,2,,,84,84,1,12,4,120.666591,24.150871,3
10995,66000,387130000C,(04)23274275,(04)23288582,2025,8,29,11,25,臺中市,西屯區,0,0,0,7,,,40,,,,,,,,,,,,,,12,,,,,B03,,,1,7,1,,,59,59,1,13,4,120.65188,24.161819,3
10996,66000,387130000C,(04)23274275,(04)23288582,2025,8,29,11,26,臺中市,西區,0,1,0,7,2,6,40,13,8,1,5,4,6,6,2,1,5,4,4,2,17,3,10,3,1,B03,7,15,1,8,2,2,,84,84,1,12,4,120.655226,24.153476,2
10997,66000,387130000C,(04)23274275,(04)23288582,2025,8,29,11,27,臺中市,西屯區,0,0,0,7,,,50,,,,,,,,,,,,,,,,,,,B03,,,1,,2,,,7,7,1,13,4,120.612823,24.171725,3
10998,66000,387130000C,(04)23274275,(04)23288582,2025,8,29,11,27,臺中市,太平區,0,1,0,7,2,6,50,3,1,1,5,4,6,6,4,4,10,5,5,2,3,2,7,6,5,H01,8,18,7,21,10,17,,95,95,1,4,5,120.721135,24.149395,2
10999,66000,387130000C,(04)23274275,(04)23288582,2025,8,29,11,28,臺中市,中區,0,0,0,7,,,50,,,,,,,,,,,,,,17,,,,,B03,,,1,,2,,,8,8,1,12,4,120.681104,24.139134,3
11000,66000,387130000C,(04)23274275,(04)23288582,2025,8,29,11,28,臺中市,北屯區,0,2,0,7,1,6,50,4,2,1,5,4,6,6,1,1,5,4,4,2,12,2,9,1,1,C03,7,6,1,10,2,11,,11,11,1,13,4,120.680487,24.189522,2
11001,66000,387130000C,(04)23274275,(04)23288582,2025,8,29,11,28,臺中市,大肚區,0,2,0,7,2,6,50,13,9,1,5,4,6,6,4,4,10,5,5,1,17,2,9,1,1,C03,7,1,1,10,2,12,11,20,20,1,12,4,120.575414,24.161303,2
11002,66000,387130000C,(04)23274275,(04)23288582,2025,8,29,11,30,臺中市,大雅區,0,1,0,7,1,6,30,3,2,1,5,4,6,6,3,1,5,5,4,1,17,3,10,3,1,B03,7,6,1,8,2,4,,20,20,1,13,4,120.630008,24.209757,2
11003,66000,387130000C,(04)23274275,(04)23288582,2025,8,29,11,30,臺中市,豐原區,0,2,0,7,2,6,50,3,1,1,5,4,6,6,2,1,5,4,4,2,17,2,9,1,1,C03,7,9,1,10,2,14,,21,21,1,12,4,120.715055,24.249115,2
11004,66000,387130000C,(04)23274275,(04)23288582,2025,8,29,11,32,臺中市,西屯區,0,0,0,7,,,50,,,,,,,,,,,,,,,,,,,A12,,,1,7,2,,,59,59,1,12,4,120.635277,24.182535,3
11005,66000,387130000C,(04)23274275,(04)23288582,2025,8,29,11,34,臺中市,西區,0,0,0,7,,,50,,,,,,,,,,,,,,,,,,,B12,,,1,,1,,,7,7,1,6,4,120.659066,24.156259,3
11006,66000,387130000C,(04)23274275,(04)23288582,2025,8,29,11,34,臺中市,東區,0,0,0,7,,,50,,,,,,,,,,,,,,13,,,,,B03,,,1,,1,,,84,84,1,12,4,120.709937,24.144473,3
11007,66000,387130000C,(04)23274275,(04)23288582,2025,8,29,11,35,臺中市,西區,0,1,0,7,1,6,50,18,24,1,5,4,6,6,4,4,5,4,4,2,17,3,10,5,4,C03,7,15,1,10,2,11,,84,84,1,12,4,120.663128,24.14306,2
11008,66000,387130000C,(04)23274275,(04)23288582,2025,8,29,11,35,臺中市,大里區,0,1,0,7,2,6,30,4,1,1,5,4,6,6,4,4,5,5,5,1,15,2,9,1,1,C03,7,9,1,10,2,14,12,18,18,1,6,4,120.683612,24.105808,2
11009,66000,387130000C,(04)23274275,(04)23288582,2025,8,29,11,36,臺中市,大里區,0,1,0,7,3,6,30,3,1,1,5,4,6,6,4,4,10,5,5,2,16,3,10,3,1,B03,7,5,1,8,2,8,,14,14,1,13,4,120.660078,24.101049,2
11010,66000,387130000C,(04)23274275,(04)23288582,2025,8,29,11,38,臺中市,北屯區,0,0,0,7,,,50,,,,,,,,,,,,,,14,,,,,B03,,,1,,2,,,49,49,1,13,4,120.686666,24.18377,4
11011,66000,387130000C,(04)23274275,(04)23288582,2025,8,29,11,39,臺中市,潭子區,0,1,0,7,3,6,40,3,1,1,5,4,6,6,4,4,10,5,5,2,17,3,10,1,1,C03,7,9,1,10,2,12,,4,4,1,13,4,120.704171,24.195727,2
11012,66000,387130000C,(04)23274275,(04)23288582,2025,8,29,11,40,臺中市,北屯區,0,2,0,7,3,6,50,13,9,1,5,4,6,6,2,1,1,4,5,2,13,2,9,3,1,B12,7,9,1,8,2,1,,84,84,1,12,4,120.669804,24.176542,2
11013,66000,387130000C,(04)23274275,(04)23288582,2025,8,29,11,41,臺中市,西屯區,0,0,0,7,,,0,,,,,,,,,,,,,,14,,,,,C03,,,1,,1,,,49,49,1,12,4,120.614966,24.182126,3
11014,66000,387130000C,(04)23274275,(04)23288582,2025,8,29,11,44,臺中市,沙鹿區,0,0,0,7,,,50,,,,,,,,,,,,,,,,,,,B03,,,1,,2,,,8,8,1,13,4,120.573553,24.22718,3
11015,66000,387130000C,(04)23274275,(04)23288582,2025,8,29,11,45,臺中市,北區,0,2,0,7,3,6,50,13,9,1,5,4,6,6,4,4,5,4,5,2,17,2,8,1,1,C03,7,9,1,10,2,14,,7,7,1,12,4,120.673882,24.166908,2
11016,66000,387130000C,(04)23274275,(04)23288582,2025,8,29,11,45,臺中市,沙鹿區,0,0,0,7,,,50,,,,,,,,,,,,,,14,,,,,B03,,,1,,1,,,78,78,1,12,4,120.55856,24.232302,3
11017,66000,387130000C,(04)23274275,(04)23288582,2025,8,29,11,46,臺中市,北屯區,0,1,0,7,2,6,50,13,9,1,5,4,6,6,4,4,3,4,5,2,13,2,9,1,1,C03,7,9,1,10,1,11,,43,43,1,12,4,120.667879,24.179333,2
11018,66000,387130000C,(04)23274275,(04)23288582,2025,8,29,11,46,臺中市,西屯區,0,1,0,7,2,6,50,3,1,1,5,4,6,6,1,1,10,5,5,2,13,3,10,5,4,B03,7,9,1,8,2,5,,7,7,1,12,4,120.638278,24.159295,2
11019,66000,387130000C,(04)23274275,(04)23288582,2025,8,29,11,48,臺中市,西屯區,0,1,0,7,2,6,50,4,1,1,5,4,6,6,1,1,8,4,5,1,17,3,10,5,4,B03,7,6,1,8,1,1,,11,11,1,13,4,120.621788,24.190963,2
11020,66000,387130000C,(04)23274275,(04)23288582,2025,8,29,11,50,臺中市,北區,0,0,0,7,,,50,,,,,,,,,,,,,,17,,,,,B12,,,1,,1,,,84,84,1,13,4,120.682391,24.166941,3
11021,66000,387130000C,(04)23274275,(04)23288582,2025,8,29,11,52,臺中市,東區,0,0,0,7,,,50,,,,,,,,,,,,,,,,,,,B03,,,1,,2,,,12,12,1,6,4,120.700344,24.13068,4
11022,66000,387130000C,(04)23274275,(04)23288582,2025,8,29,11,54,臺中市,豐原區,0,0,0,7,,,30,,,,,,,,,,,,,,14,,,,,B03,,,1,,1,,,49,49,1,12,4,120.726444,24.2453,3
11023,66000,387130000C,(04)23274275,(04)23288582,2025,8,29,11,55,臺中市,大雅區,0,0,0,7,,,50,,,,,,,,,,,,,,12,,,,,C03,,,1,,1,,,87,87,1,13,4,120.629613,24.20873,3
11024,66000,387130000C,(04)23274275,(04)23288582,2025,8,29,12,1,臺中市,西屯區,0,0,0,7,,,50,,,,,,,,,,,,,,12,,,,,B03,,,1,,1,,,47,47,1,12,4,120.656696,24.160744,3
11025,66000,387130000C,(04)23274275,(04)23288582,2025,8,29,12,2,臺中市,大甲區,0,0,0,7,,,50,,,,,,,,,,,,,,13,,,,,C03,,,1,,2,,,7,7,1,6,4,120.631274,24.342475,3
11026,66000,387130000C,(04)23274275,(04)23288582,2025,8,29,12,3,臺中市,西屯區,0,0,0,7,,,50,,,,,,,,,,,,,,17,,,,,B03,,,1,,1,,,84,84,1,13,4,120.654112,24.168679,3
11027,66000,387130000C,(04)23274275,(04)23288582,2025,8,29,12,7,臺中市,大里區,0,0,0,7,,,50,,,,,,,,,,,,,,17,,,,,G03,,,1,,1,,,84,84,1,6,4,120.666203,24.112051,3
11028,66000,387130000C,(04)23274275,(04)23288582,2025,8,29,12,10,臺中市,神岡區,0,0,0,7,,,50,,,,,,,,,,,,,,21,,,,,A11,,,1,,2,,,59,59,1,13,4,120.643966,24.248105,3
11029,66000,387130000C,(04)23274275,(04)23288582,2025,8,29,12,14,臺中市,霧峰區,0,0,0,7,,,30,,,,,,,,,,,,,,,,,,,C03,,,1,,2,,,8,8,1,12,4,120.699348,24.066769,3
11030,66000,387130000C,(04)23274275,(04)23288582,2025,8,29,12,18,臺中市,北屯區,0,1,0,7,3,6,50,4,1,1,5,4,6,6,1,1,10,5,5,2,15,3,10,3,1,B03,7,9,1,7,2,1,,21,21,1,12,4,120.704567,24.186493,2
11031,66000,387130000C,(04)23274275,(04)23288582,2025,8,29,12,18,臺中市,豐原區,0,1,0,7,2,6,50,3,1,1,5,3,6,6,4,4,5,5,4,2,17,2,9,2,1,C03,7,9,1,10,2,11,,58,58,1,13,4,120.698171,24.244839,2
11032,66000,387130000C,(04)23274275,(04)23288582,2025,8,29,12,28,臺中市,西屯區,0,0,0,7,,,50,,,,,,,,,,,,,,,,,,,B03,,,1,,1,,,40,40,1,13,4,120.648384,24.162643,3
11033,66000,387130000C,(04)23274275,(04)23288582,2025,8,29,12,28,臺中市,沙鹿區,0,0,0,7,,,60,,,,,,,,,,,,,,17,,,,,B12,,,1,,2,,,84,84,1,6,4,120.571274,24.23617,3
11034,66000,387130000C,(04)23274275,(04)23288582,2025,8,29,12,35,臺中市,沙鹿區,0,0,0,7,,,50,,,,,,,,,,,,,,,,,,,B03,,,1,,2,,,84,84,1,12,4,120.561151,24.242429,3
11035,66000,387130000C,(04)23274275,(04)23288582,2025,8,29,12,36,臺中市,南屯區,0,0,0,7,,,40,,,,,,,,,,,,,,,,,,,B12,,,1,,2,,,49,49,1,13,4,120.636235,24.145852,3
11036,66000,387130000C,(04)23274275,(04)23288582,2025,8,29,12,39,臺中市,西屯區,0,1,0,7,1,6,50,13,9,1,5,4,6,6,4,4,1,4,5,1,13,2,9,2,1,C03,7,9,1,10,2,12,,59,59,1,12,4,120.603038,24.184996,2
11037,66000,387130000C,(04)23274275,(04)23288582,2025,8,29,12,39,臺中市,太平區,0,2,0,7,3,6,40,3,2,1,5,4,6,6,1,1,5,5,4,2,13,2,8,1,1,C03,7,9,1,10,2,11,,84,84,2,12,4,120.713372,24.125474,2
11038,66000,387130000C,(04)23274275,(04)23288582,2025,8,29,12,40,臺中市,北區,0,2,0,7,2,6,50,4,1,1,5,4,6,6,4,4,10,5,5,2,15,2,9,1,1,C03,7,9,1,10,2,12,,15,15,1,12,4,120.677512,24.160114,2
11039,66000,387130000C,(04)23274275,(04)23288582,2025,8,29,12,40,臺中市,太平區,0,2,0,7,3,6,30,3,1,1,5,4,6,6,4,4,10,5,5,2,16,2,8,1,1,C03,7,6,3,19,2,14,,48,48,1,6,4,120.719971,24.153056,2
11040,66000,387130000C,(04)23274275,(04)23288582,2025,8,29,12,42,臺中市,西屯區,0,0,0,7,,,60,,,,,,,,,,,,,,12,,,,,A02,,,1,,2,,,40,40,1,12,4,120.646754,24.164269,3
11041,66000,387130000C,(04)23274275,(04)23288582,2025,8,29,12,53,臺中市,南屯區,0,1,0,7,1,6,50,4,2,1,5,4,6,6,1,1,1,4,4,2,17,3,10,5,4,B03,7,14,1,8,2,8,,76,76,1,13,4,120.640641,24.142577,2
11042,66000,387130000C,(04)23274275,(04)23288582,2025,8,29,12,54,臺中市,沙鹿區,0,0,0,7,,,50,,,,,,,,,,,,,,,,,,,B03,,,1,,1,,,7,7,1,13,4,120.567131,24.229311,3
11043,66000,387130000C,(04)23274275,(04)23288582,2025,8,29,12,55,臺中市,大里區,0,0,0,7,,,50,,,,,,,,,,,,,,12,,,,,C03,,,1,,2,,,8,8,1,13,4,120.684334,24.116958,3
11044,66000,387130000C,(04)23274275,(04)23288582,2025,8,29,12,55,臺中市,豐原區,0,0,0,7,,,30,,,,,,,,,,,,,,14,,,,,B03,,,1,,2,,,49,49,1,12,4,120.698043,24.244583,3
11045,66000,387130000C,(04)23274275,(04)23288582,2025,8,29,13,0,臺中市,南屯區,0,1,0,7,3,6,50,13,7,1,5,4,6,6,4,4,1,4,4,2,17,3,10,5,1,B11,7,14,1,3,2,4,,76,76,1,12,4,120.637005,24.152446,2
11046,66000,387130000C,(04)23274275,(04)23288582,2025,8,29,13,4,臺中市,西區,0,0,0,7,,,30,,,,,,,,,,,,,,,,,,,B03,,,1,,1,,,49,49,1,12,4,120.66297,24.150071,3
11047,66000,387130000C,(04)23274275,(04)23288582,2025,8,29,13,6,臺中市,龍井區,0,1,0,7,2,6,30,4,1,1,5,4,6,6,4,4,10,5,5,2,15,3,10,3,1,B03,7,9,1,8,2,2,,12,12,1,13,4,120.597112,24.189299,2
11048,66000,387130000C,(04)23274275,(04)23288582,2025,8,29,13,11,臺中市,西屯區,0,0,0,7,,,50,,,,,,,,,,,,,,13,,,,,B03,,,1,,1,,,59,59,1,12,4,120.644033,24.160964,4