序號,縣市別代碼,機關代碼,市話,傳真,年,月,日,時,分,縣市,區,死亡數量,受傷數量,2-30,天候,道路照明設備,道路類別,道路速限,道路型態,事故位置,路面鋪裝,路面狀態,路面缺陷,障礙物,視距,號誌種類,號誌動作,分向設施,快車道或一般車道間,快慢車道間,路面邊線,事故類型及型態,受傷程度,主要傷處,保護裝備,行動電話或功能裝置,當事者區分(類別),車輛用途,當事者行動狀態,駕照狀態,駕照種類,飲酒情形,車輛撞擊部位最初,車輛撞擊部位其他,肇事因素個別,肇事因素主要,肇事逃逸,職業,共享經濟或外送平台,GPS座標X,GPS座標Y,事故類別
11275,66000,387130000C,(04)23274275,(04)23288582,2025,8,29,20,5,臺中市,南屯區,0,1,0,7,1,6,50,13,9,1,5,4,6,6,4,4,9,5,5,2,28,3,10,3,1,B03,7,13,1,8,9,7,,77,77,1,12,4,120.643962,24.132079,2
11276,66000,387130000C,(04)23274275,(04)23288582,2025,8,29,20,6,臺中市,潭子區,0,1,0,7,1,6,50,3,1,1,5,4,6,6,4,4,5,4,5,2,17,3,10,3,1,B03,7,6,1,8,2,1,,84,84,1,12,4,120.697967,24.196923,2
11277,66000,387130000C,(04)23274275,(04)23288582,2025,8,29,20,10,臺中市,梧棲區,0,1,0,7,1,6,30,13,9,1,5,4,6,6,4,4,10,5,5,1,18,2,9,1,1,C03,7,12,1,10,2,14,,43,43,1,6,4,120.557775,24.241879,2
11278,66000,387130000C,(04)23274275,(04)23288582,2025,8,29,20,10,臺中市,沙鹿區,0,0,0,6,,,50,,,,,,,,,,,,,,,,,,,B03,,,1,,2,,,50,50,1,13,4,120.559104,24.235801,3
11279,66000,387130000C,(04)23274275,(04)23288582,2025,8,29,20,11,臺中市,北屯區,0,2,0,6,1,6,50,4,2,1,5,4,6,6,2,1,1,4,5,2,13,3,10,3,1,B03,7,9,1,8,2,1,,7,7,1,12,4,120.70774,24.182337,2
11280,66000,387130000C,(04)23274275,(04)23288582,2025,8,29,20,15,臺中市,大雅區,0,0,0,7,,,50,,,,,,,,,,,,,,,,,,,B03,,,1,,9,,,49,49,1,13,4,120.651093,24.227742,3
11281,66000,387130000C,(04)23274275,(04)23288582,2025,8,29,20,16,臺中市,潭子區,0,0,0,7,,,50,,,,,,,,,,,,,,,,,,,B03,,,1,,2,,,21,21,1,13,4,120.687842,24.216035,3
11282,66000,387130000C,(04)23274275,(04)23288582,2025,8,29,20,21,臺中市,北區,0,1,0,7,1,6,40,13,7,1,5,4,6,6,4,4,1,4,4,2,13,2,9,1,1,C03,7,15,3,19,2,11,,84,84,1,12,4,120.68407,24.146296,2
11283,66000,387130000C,(04)23274275,(04)23288582,2025,8,29,20,21,臺中市,太平區,0,0,0,7,,,50,,,,,,,,,,,,,,,,,,,B03,,,1,,1,,,59,59,1,6,4,120.709965,24.13485,3
11284,66000,387130000C,(04)23274275,(04)23288582,2025,8,29,20,24,臺中市,東區,0,0,0,7,,,50,,,,,,,,,,,,,,,,,,,B03,,,1,,2,,,7,7,1,6,4,120.685945,24.143183,3
11285,66000,387130000C,(04)23274275,(04)23288582,2025,8,29,20,24,臺中市,北屯區,0,0,0,7,,,50,,,,,,,,,,,,,,13,,,,,C03,,,1,,1,,,7,7,1,6,4,120.697451,24.170773,3
11286,66000,387130000C,(04)23274275,(04)23288582,2025,8,29,20,29,臺中市,沙鹿區,0,0,0,7,,,50,,,,,,,,,,,,,,17,,,,,,,,,,,,,119,119,1,,,120.572715,24.230497,3
11287,66000,387130000C,(04)23274275,(04)23288582,2025,8,29,20,32,臺中市,南區,0,0,0,7,,,50,,,,,,,,,,,,,,17,,,,,C03,,,1,,2,,,87,87,1,6,4,120.660534,24.116903,3
11288,66000,387130000C,(04)23274275,(04)23288582,2025,8,29,20,33,臺中市,南屯區,0,1,0,7,1,6,50,13,9,1,5,4,6,6,4,4,8,5,5,2,13,2,8,2,4,C03,7,9,1,10,2,11,12,7,7,1,13,4,120.643421,24.138318,2
11289,66000,387130000C,(04)23274275,(04)23288582,2025,8,29,20,35,臺中市,南區,0,2,0,7,1,6,50,3,1,1,5,4,6,6,4,4,10,5,5,2,17,2,7,2,1,C03,7,9,1,10,2,14,,20,20,1,13,4,120.662976,24.116864,2
11290,66000,387130000C,(04)23274275,(04)23288582,2025,8,29,20,39,臺中市,北區,0,0,0,7,,,50,,,,,,,,,,,,,,17,,,,,B03,,,1,,2,,,84,84,1,13,4,120.678689,24.152372,3
11291,66000,387130000C,(04)23274275,(04)23288582,2025,8,29,20,39,臺中市,北屯區,0,1,0,7,1,6,50,3,1,1,5,4,6,6,4,4,10,5,5,2,18,2,9,2,1,C03,7,9,1,10,2,12,,85,85,1,13,4,120.720506,24.161104,2
11292,66000,387130000C,(04)23274275,(04)23288582,2025,8,29,20,41,臺中市,豐原區,0,0,0,7,,,50,,,,,,,,,,,,,,16,,,,,B03,,,1,,2,,,11,11,1,12,4,120.74766,24.266563,3
11293,66000,387130000C,(04)23274275,(04)23288582,2025,8,29,20,49,臺中市,西屯區,0,1,0,7,1,6,30,3,9,1,5,4,6,6,4,4,8,5,5,1,12,2,9,2,4,C03,7,8,1,10,2,12,,8,8,1,12,4,120.652407,24.177128,2
11294,66000,387130000C,(04)23274275,(04)23288582,2025,8,29,20,55,臺中市,外埔區,0,0,0,7,2,6,40,13,9,1,5,4,6,6,4,4,10,5,5,2,12,,,,,B03,,,1,,2,,,84,84,1,6,4,120.63937,24.343556,3
11295,66000,387130000C,(04)23274275,(04)23288582,2025,8,29,21,5,臺中市,南屯區,0,0,0,7,,,50,,,,,,,,,,,,,,12,,,,,B03,,,1,,9,,,8,8,1,12,4,120.653579,24.14034,3
11296,66000,387130000C,(04)23274275,(04)23288582,2025,8,29,21,5,臺中市,太平區,0,0,0,7,1,6,50,,,,,,,,,,,,,,16,,,,,B03,,,1,,2,5,,14,14,1,12,4,120.709774,24.123301,3
11297,66000,387130000C,(04)23274275,(04)23288582,2025,8,29,21,7,臺中市,大肚區,0,1,0,7,1,6,50,13,9,1,5,4,6,6,4,4,5,5,5,1,17,2,9,5,4,C03,7,9,1,10,2,14,,7,7,1,5,4,120.580652,24.173708,2
11298,66000,387130000C,(04)23274275,(04)23288582,2025,8,29,21,8,臺中市,豐原區,0,0,0,7,1,6,50,5,9,1,5,4,6,6,4,4,1,2,5,2,12,3,10,3,1,B03,7,9,1,8,9,2,,84,84,1,12,4,120.729827,24.243406,3
11299,66000,387130000C,(04)23274275,(04)23288582,2025,8,29,21,11,臺中市,西屯區,0,0,0,7,,3,80,,,,,,,,,,,,,,17,,,,,B03,,,1,,2,,,40,40,1,12,4,120.634948,24.179291,4
11300,66000,387130000C,(04)23274275,(04)23288582,2025,8,29,21,14,臺中市,南屯區,0,0,0,7,,,40,,,,,,,,,,,,,,14,,,,,B03,,,1,,2,,,49,49,1,12,4,120.648191,24.153489,3
11301,66000,387130000C,(04)23274275,(04)23288582,2025,8,29,21,22,臺中市,大雅區,0,0,0,7,,,50,,,,,,,,,,,,,,,,,,,,,,,,,,,86,86,1,,,120.651761,24.227827,3
11302,66000,387130000C,(04)23274275,(04)23288582,2025,8,29,21,23,臺中市,清水區,0,2,0,7,3,6,50,4,1,1,5,4,6,6,1,1,9,4,5,1,16,2,9,1,1,C03,7,6,1,10,2,12,,11,11,1,12,4,120.565002,24.274055,2
11303,66000,387130000C,(04)23274275,(04)23288582,2025,8,29,21,30,臺中市,南屯區,0,1,0,7,2,6,50,4,1,1,5,4,6,6,2,1,9,4,1,2,17,2,9,1,1,C03,7,9,1,10,2,12,,21,21,1,12,4,120.623497,24.149515,2
11304,66000,387130000C,(04)23274275,(04)23288582,2025,8,29,21,34,臺中市,西屯區,0,0,0,7,,,70,,,,,,,,,,,,,,12,,,,,B03,,,1,,1,,,40,40,1,13,4,120.594506,24.182512,3
11305,66000,387130000C,(04)23274275,(04)23288582,2025,8,29,21,36,臺中市,北屯區,0,0,0,7,,,50,,,,,,,,,,,,,,16,,,,,B03,,,1,,2,,,47,47,1,12,4,120.660354,24.192168,4
11306,66000,387130000C,(04)23274275,(04)23288582,2025,8,29,21,42,臺中市,西屯區,0,0,0,7,,,50,,,,,,,,,,,,,,12,,,,,B03,,,1,,1,,,50,50,1,12,4,120.645809,24.175778,3
11307,66000,387130000C,(04)23274275,(04)23288582,2025,8,29,21,45,臺中市,南屯區,0,0,0,7,,,30,,,,,,,,,,,,,,17,,,,,B03,,,1,,9,,,87,87,1,12,4,120.639563,24.135922,4
11308,66000,387130000C,(04)23274275,(04)23288582,2025,8,29,21,45,臺中市,龍井區,0,1,0,7,1,6,50,5,1,1,5,4,6,6,1,1,10,5,5,2,17,2,9,5,4,C03,7,9,1,10,2,12,,7,7,1,6,4,120.573422,24.185409,2
11309,66000,387130000C,(04)23274275,(04)23288582,2025,8,29,21,48,臺中市,大甲區,0,0,0,7,,,50,,,,,,,,,,,,,,,,,,,B03,,,1,,2,,,45,45,1,6,4,120.629435,24.347956,3
11310,66000,387130000C,(04)23274275,(04)23288582,2025,8,29,21,56,臺中市,北區,0,0,0,7,,,30,,,,,,,,,,,,,,17,,,,,C03,,,6,,2,,,85,85,1,13,4,120.685401,24.162857,4
11311,66000,387130000C,(04)23274275,(04)23288582,2025,8,29,22,5,臺中市,東區,0,2,0,7,1,6,50,4,2,1,5,4,6,6,2,1,10,5,5,2,18,2,9,5,4,C03,7,9,1,10,2,12,,84,84,1,13,4,120.687778,24.144469,2
11312,66000,387130000C,(04)23274275,(04)23288582,2025,8,29,22,17,臺中市,北區,0,0,0,7,,,50,,,,,,,,,,,,,,13,,,,,B02,,,1,,2,,,84,84,1,12,4,120.674943,24.161266,3
11313,66000,387130000C,(04)23274275,(04)23288582,2025,8,29,22,17,臺中市,沙鹿區,0,1,0,6,1,6,50,13,7,1,5,4,6,6,4,4,3,3,3,1,17,2,9,5,4,C02,7,9,1,9,2,12,,84,84,1,13,4,120.560568,24.240432,2
11314,66000,387130000C,(04)23274275,(04)23288582,2025,8,29,22,20,臺中市,西屯區,0,1,0,7,1,6,60,4,1,1,5,4,6,6,2,1,10,5,5,2,13,2,9,2,1,C01,7,7,1,9,1,11,,7,7,1,13,4,120.646338,24.164628,2
11315,66000,387130000C,(04)23274275,(04)23288582,2025,8,29,22,20,臺中市,龍井區,0,0,0,7,,,50,,,,,,,,,,,,,,12,,,,,B03,,,1,,1,,,7,7,1,6,4,120.545542,24.190616,3
11316,66000,387130000C,(04)23274275,(04)23288582,2025,8,29,22,21,臺中市,西屯區,0,2,0,7,1,6,30,4,9,1,5,4,6,6,4,4,10,5,5,2,15,2,9,2,1,C03,7,9,3,19,2,12,,15,15,1,12,4,120.662075,24.167588,2
11317,66000,387130000C,(04)23274275,(04)23288582,2025,8,29,22,26,臺中市,西屯區,0,1,0,7,1,6,50,3,1,1,5,4,6,6,4,4,10,5,5,2,12,3,10,3,1,B01,7,5,1,4,2,5,,47,47,1,12,4,120.64446,24.178769,2
11318,66000,387130000C,(04)23274275,(04)23288582,2025,8,29,22,29,臺中市,西區,0,1,0,7,1,6,50,4,1,1,5,4,6,6,1,1,10,5,5,2,16,3,10,5,4,B01,7,6,1,4,2,2,,11,11,1,13,4,120.671879,24.149002,2
11319,66000,387130000C,(04)23274275,(04)23288582,2025,8,29,22,51,臺中市,西屯區,0,2,0,7,1,6,40,4,1,1,5,4,6,6,2,1,1,4,1,2,12,2,9,5,4,C03,7,7,3,19,2,12,,42,42,1,12,4,120.649796,24.162755,2
11320,66000,387130000C,(04)23274275,(04)23288582,2025,8,29,22,57,臺中市,烏日區,0,0,0,7,,,30,,,,,,,,,,,,,,13,,,,,B03,,,1,,2,,,82,82,1,6,4,120.652702,24.090065,3
11321,66000,387130000C,(04)23274275,(04)23288582,2025,8,29,23,0,臺中市,北屯區,0,0,0,7,,,50,,,,,,,,,,,,,,13,,,,,B03,,,1,8,1,,,84,84,1,6,4,120.671526,24.17406,3
11322,66000,387130000C,(04)23274275,(04)23288582,2025,8,29,23,25,臺中市,北區,0,0,0,7,,,40,,,,,,,,,,,,,,17,,,,,C03,,,1,,1,,,87,87,1,13,4,120.684907,24.147687,3
11323,66000,387130000C,(04)23274275,(04)23288582,2025,8,29,23,40,臺中市,北屯區,0,0,0,7,,,50,,,,,,,,,,,,,,9,,,,,B03,,,1,,2,,,84,84,1,6,4,120.669064,24.182382,3
11324,66000,387130000C,(04)23274275,(04)23288582,2025,8,29,23,40,臺中市,大里區,0,0,0,7,,,50,,,,,,,,,,,,,,13,,,,,B03,,,1,,2,,,59,59,1,12,4,120.695571,24.088021,3
11325,66000,387130000C,(04)23274275,(04)23288582,2025,8,30,0,2,臺中市,大雅區,0,1,0,7,1,6,30,4,1,1,5,4,6,6,4,4,10,5,5,2,17,2,9,1,1,C03,7,9,1,10,2,11,,20,20,1,12,4,120.643908,24.215906,2
11326,66000,387130000C,(04)23274275,(04)23288582,2025,8,30,0,4,臺中市,西屯區,0,0,0,7,,,50,,,,,,,,,,,,,,,,,,,B03,,,1,,11,,,86,86,2,12,4,120.642465,24.196486,3
11327,66000,387130000C,(04)23274275,(04)23288582,2025,8,30,0,18,臺中市,東區,0,0,0,7,,,50,,,,,,,,,,,,,,17,,,,,C03,,,1,,1,,,84,84,1,12,4,120.706238,24.148568,3
11328,66000,387130000C,(04)23274275,(04)23288582,2025,8,30,0,21,臺中市,西屯區,0,0,0,7,1,6,50,13,9,1,5,4,6,6,4,4,5,5,5,2,11,,,,,B03,,,3,,1,,,39,39,1,12,4,120.658614,24.164605,3
11329,66000,387130000C,(04)23274275,(04)23288582,2025,8,30,0,47,臺中市,北區,0,1,0,7,1,6,50,3,9,1,5,4,6,6,1,1,5,4,5,2,30,2,9,5,4,C03,7,9,1,10,2,11,,84,84,1,13,4,120.681014,24.157238,2
11330,66000,387130000C,(04)23274275,(04)23288582,2025,8,30,0,59,臺中市,西區,0,1,0,7,1,6,50,4,1,1,5,4,6,6,1,1,10,5,5,2,16,3,10,3,1,B03,7,5,1,8,2,5,,11,11,1,6,4,120.657375,24.146713,2
11331,66000,387130000C,(04)23274275,(04)23288582,2025,8,30,1,19,臺中市,北屯區,0,0,0,7,,3,80,,,,,,,,,,,,,,12,,,,,B03,,,1,8,9,,,84,84,1,6,4,120.721846,24.184116,3
11332,66000,387130000C,(04)23274275,(04)23288582,2025,8,30,1,40,臺中市,和平區,0,0,0,7,,,40,,,,,,,,,,,,,,12,,,,,B03,,,1,,2,,,59,59,1,7,4,121.025733,24.209394,3
11333,66000,387130000C,(04)23274275,(04)23288582,2025,8,30,3,4,臺中市,西屯區,0,1,0,7,1,6,50,13,9,1,5,4,6,6,4,4,7,4,5,2,2,3,10,5,4,B01,7,3,1,4,2,5,,50,50,1,12,4,120.635295,24.172867,2
11334,66000,387130000C,(04)23274275,(04)23288582,2025,8,30,3,15,臺中市,西區,0,0,0,7,,,50,,,,,,,,,,,,,,,,,,,B03,,,1,8,2,,,84,84,1,13,4,120.660143,24.150185,3
11335,66000,387130000C,(04)23274275,(04)23288582,2025,8,30,3,35,臺中市,南區,0,0,0,7,,,50,,,,,,,,,,,,,,17,,,,,B12,,,1,,2,,,8,8,1,12,4,120.681728,24.128917,3
11336,66000,387130000C,(04)23274275,(04)23288582,2025,8,30,3,43,臺中市,南區,0,1,0,7,1,6,50,13,9,1,5,4,6,6,4,4,1,4,5,2,17,2,9,2,1,C03,7,9,1,10,6,11,,53,53,1,12,4,120.658471,24.127953,2
11337,66000,387130000C,(04)23274275,(04)23288582,2025,8,30,3,58,臺中市,西屯區,0,1,0,7,1,6,40,13,8,1,5,4,6,6,4,4,1,5,3,1,18,2,9,2,1,C03,7,9,1,10,2,12,,59,59,1,12,4,120.642806,24.202301,2
11338,66000,387130000C,(04)23274275,(04)23288582,2025,8,30,4,26,臺中市,西屯區,0,1,0,7,1,6,30,4,1,1,5,4,6,6,4,4,5,4,4,2,15,3,10,5,4,C03,7,9,1,10,2,16,,12,12,1,12,4,120.644934,24.175421,2
11339,66000,387130000C,(04)23274275,(04)23288582,2025,8,30,4,35,臺中市,大肚區,0,1,0,7,1,6,70,13,12,1,5,4,6,6,4,4,1,4,4,1,12,3,10,1,1,C03,7,4,1,10,2,14,,1,1,1,5,4,120.569128,24.121396,2
11340,66000,387130000C,(04)23274275,(04)23288582,2025,8,30,5,11,臺中市,西屯區,0,0,0,7,,,50,,,,,,,,,,,,,,,,,,,B03,,,1,,9,,,8,8,1,13,4,120.63487,24.173953,3
11341,66000,387130000C,(04)23274275,(04)23288582,2025,8,30,5,28,臺中市,烏日區,0,1,0,7,2,6,50,4,1,1,5,4,6,6,4,4,10,5,5,2,17,2,9,6,2,F01,7,9,7,21,2,11,12,84,84,1,5,4,120.598883,24.109859,2
11342,66000,387130000C,(04)23274275,(04)23288582,2025,8,30,6,0,臺中市,北屯區,0,1,0,7,3,6,50,4,1,1,5,4,6,6,1,1,10,5,5,2,12,3,10,2,1,C03,7,5,1,10,2,13,,47,47,1,6,4,120.683698,24.193646,2
11343,66000,387130000C,(04)23274275,(04)23288582,2025,8,30,6,24,臺中市,烏日區,0,1,0,7,1,6,50,3,1,1,5,4,6,6,1,1,1,5,1,2,12,3,10,3,1,B12,7,5,1,8,2,2,,22,22,1,6,4,120.615691,24.105969,2
11344,66000,387130000C,(04)23274275,(04)23288582,2025,8,30,6,47,臺中市,清水區,0,1,0,7,3,6,40,4,1,1,5,4,6,6,3,3,10,5,5,2,15,2,9,1,1,C03,7,9,1,10,2,14,,12,12,1,12,4,120.560811,24.272473,2
11345,66000,387130000C,(04)23274275,(04)23288582,2025,8,30,6,48,臺中市,潭子區,0,1,0,7,3,6,50,11,9,1,5,4,6,6,4,4,1,5,5,1,20,2,7,2,1,C02,7,9,1,9,2,14,,84,84,1,13,4,120.712623,24.194293,2
11346,66000,387130000C,(04)23274275,(04)23288582,2025,8,30,6,48,臺中市,大肚區,0,0,0,7,,,50,,,,,,,,,,,,,,,,,,,B03,,,1,,9,,,50,50,1,6,4,120.544547,24.153639,3
11347,66000,387130000C,(04)23274275,(04)23288582,2025,8,30,6,50,臺中市,沙鹿區,0,1,0,7,2,6,50,4,2,1,5,4,6,6,2,1,1,4,4,2,16,2,9,1,1,C03,7,11,1,10,2,11,12,45,45,1,12,4,120.559028,24.234658,2
11348,66000,387130000C,(04)23274275,(04)23288582,2025,8,30,7,15,臺中市,大雅區,0,1,0,7,1,6,70,5,1,1,5,4,6,6,1,1,1,5,5,1,17,3,10,1,1,C03,7,9,1,10,2,11,,84,84,1,13,4,120.629962,24.241187,2
11349,66000,387130000C,(04)23274275,(04)23288582,2025,8,30,7,24,臺中市,西屯區,0,1,0,7,2,6,50,4,1,1,5,4,6,6,4,4,10,5,5,2,16,3,10,5,4,B03,7,6,1,8,1,8,,14,14,1,13,4,120.635443,24.186706,2
11350,66000,387130000C,(04)23274275,(04)23288582,2025,8,30,7,30,臺中市,南屯區,0,1,0,7,2,6,50,13,9,1,5,4,6,6,4,4,5,4,4,2,17,2,9,2,1,F03,7,9,7,21,1,11,,7,7,1,12,4,120.628928,24.145016,2
11351,66000,387130000C,(04)23274275,(04)23288582,2025,8,30,7,32,臺中市,神岡區,0,1,0,7,2,6,50,5,1,1,5,4,6,6,1,1,10,5,5,2,18,2,9,5,4,C03,7,1,1,10,2,12,,59,59,1,12,4,120.645439,24.253841,2
11352,66000,387130000C,(04)23274275,(04)23288582,2025,8,30,7,32,臺中市,豐原區,0,1,0,7,2,6,50,3,1,1,5,4,6,6,4,4,10,5,5,2,16,2,9,2,1,C03,7,11,1,10,2,13,,45,45,1,13,4,120.713677,24.245314,2
11353,66000,387130000C,(04)23274275,(04)23288582,2025,8,30,7,40,臺中市,大里區,0,1,0,7,2,6,50,4,2,1,5,4,6,6,2,2,1,5,4,1,13,2,9,1,1,C03,7,9,1,10,2,11,14,7,7,1,6,4,120.685242,24.103422,2
11354,66000,387130000C,(04)23274275,(04)23288582,2025,8,30,7,45,臺中市,清水區,0,1,0,7,3,6,30,3,1,1,5,4,6,2,4,4,10,5,5,1,16,3,10,3,1,B03,7,6,1,8,2,1,,14,14,1,12,4,120.553445,24.29291,2
11355,66000,387130000C,(04)23274275,(04)23288582,2025,8,30,7,45,臺中市,大甲區,0,0,0,7,,,30,,,,,,,,,,,,,,,,,,,F03,,,7,,1,,,51,51,1,12,4,120.622748,24.356105,3
11356,66000,387130000C,(04)23274275,(04)23288582,2025,8,30,7,55,臺中市,北屯區,0,0,0,7,,,50,,,,,,,,,,,,,,13,,,,,B03,,,1,,1,,,59,59,1,6,4,120.669652,24.173755,3
11357,66000,387130000C,(04)23274275,(04)23288582,2025,8,30,7,55,臺中市,大肚區,0,0,0,7,,,60,,,,,,,,,,,,,,12,,,,,B03,,,1,,2,,,40,40,1,6,4,120.547517,24.155971,3
11358,66000,387130000C,(04)23274275,(04)23288582,2025,8,30,8,0,臺中市,豐原區,0,2,0,7,2,6,50,4,1,1,5,4,6,6,2,1,5,5,5,2,17,2,9,2,1,C03,7,6,1,10,2,12,,11,11,1,12,4,120.719188,24.248104,2
11359,66000,387130000C,(04)23274275,(04)23288582,2025,8,30,8,1,臺中市,新社區,0,1,0,7,3,6,50,12,9,1,5,4,6,6,4,4,9,5,5,1,18,2,9,5,4,F01,7,9,7,21,2,16,,84,84,1,12,4,120.812925,24.174648,2
11360,66000,387130000C,(04)23274275,(04)23288582,2025,8,30,8,8,臺中市,西屯區,0,0,0,7,2,6,60,13,9,1,5,4,6,6,4,4,10,4,5,2,13,,,,,B03,,,1,,6,,,53,53,1,13,4,120.644955,24.165233,3
11361,66000,387130000C,(04)23274275,(04)23288582,2025,8,30,8,11,臺中市,西屯區,0,0,0,7,,,50,,,,,,,,,,,,,,,,,,,B12,,,5,,1,,,27,27,1,12,4,120.62904,24.163157,3
11362,66000,387130000C,(04)23274275,(04)23288582,2025,8,30,8,26,臺中市,潭子區,0,3,0,7,2,6,50,4,2,1,5,4,6,6,1,1,5,4,4,2,16,2,8,2,1,C03,7,1,3,19,2,14,,51,51,1,12,4,120.703604,24.212777,2
11363,66000,387130000C,(04)23274275,(04)23288582,2025,8,30,8,26,臺中市,豐原區,0,1,0,7,2,6,50,3,1,1,5,4,6,6,3,1,5,4,4,2,16,2,9,1,1,C03,7,6,3,19,2,12,,11,11,1,12,4,120.718928,24.257322,2
11364,66000,387130000C,(04)23274275,(04)23288582,2025,8,30,8,28,臺中市,大甲區,0,0,0,7,,,60,,,,,,,,,,,,,,13,,,,,B03,,,1,,1,,,84,84,1,13,4,120.617199,24.346128,3
11365,66000,387130000C,(04)23274275,(04)23288582,2025,8,30,8,30,臺中市,大雅區,0,0,0,7,,,50,,,,,,,,,,,,,,,,,,,B03,,,1,,2,,,56,56,1,13,4,120.667996,24.216033,3
11366,66000,387130000C,(04)23274275,(04)23288582,2025,8,30,8,36,臺中市,大雅區,0,1,0,7,3,6,30,4,1,1,5,4,6,6,1,1,10,5,5,2,17,3,10,2,1,C03,7,9,3,19,9,11,,21,21,1,12,4,120.655101,24.235011,2
11367,66000,387130000C,(04)23274275,(04)23288582,2025,8,30,8,38,臺中市,沙鹿區,0,0,0,7,,,1,,,,,,,,,,,,,,17,,,,,B03,,,1,,2,,,8,8,1,6,4,120.561427,24.232114,3
11368,66000,387130000C,(04)23274275,(04)23288582,2025,8,30,8,45,臺中市,大甲區,0,0,0,7,,,50,,,,,,,,,,,,,,,,,,,B03,,,1,,1,,,49,49,1,6,4,120.631079,24.343281,3
11369,66000,387130000C,(04)23274275,(04)23288582,2025,8,30,8,53,臺中市,西屯區,0,0,0,7,,,30,,,,,,,,,,,,,,12,,,,,B03,,,1,,1,,,51,51,1,12,4,120.633568,24.170042,3
11370,66000,387130000C,(04)23274275,(04)23288582,2025,8,30,9,2,臺中市,大里區,0,0,0,7,,,50,,,,,,,,,,,,,,13,,,,,B03,,,1,,1,,,59,59,1,13,4,120.703061,24.088076,3
11371,66000,387130000C,(04)23274275,(04)23288582,2025,8,30,9,3,臺中市,北屯區,0,0,0,7,,,50,,,,,,,,,,,,,,13,,,,,C03,,,1,,2,,,59,59,1,12,4,120.675695,24.177185,3
11372,66000,387130000C,(04)23274275,(04)23288582,2025,8,30,9,9,臺中市,霧峰區,0,1,0,7,3,6,50,3,2,1,5,4,6,6,4,4,9,5,4,1,17,3,10,1,1,C03,7,11,1,10,2,15,,46,46,1,12,4,120.699095,24.06896,2
11373,66000,387130000C,(04)23274275,(04)23288582,2025,8,30,9,10,臺中市,西屯區,0,0,0,7,,,40,,,,,,,,,,,,,,17,,,,,B03,,,1,,2,,,14,14,1,13,4,120.63698,24.184628,3
11374,66000,387130000C,(04)23274275,(04)23288582,2025,8,30,9,12,臺中市,大甲區,0,2,0,7,1,6,50,13,9,1,5,4,6,6,4,4,5,5,5,1,13,2,9,1,1,C03,7,9,1,10,2,11,,7,7,1,12,4,120.616865,24.347093,2
11375,66000,387130000C,(04)23274275,(04)23288582,2025,8,30,9,15,臺中市,東區,0,2,0,7,2,6,50,13,9,1,5,4,6,6,4,4,10,5,5,2,12,2,7,1,1,C03,7,9,1,10,2,14,,1,1,1,12,4,120.688862,24.124905,2
11376,66000,387130000C,(04)23274275,(04)23288582,2025,8,30,9,19,臺中市,西屯區,0,1,0,7,1,6,50,4,1,1,5,4,6,6,1,1,1,5,1,2,12,3,10,3,1,B03,7,5,1,8,2,5,,38,38,1,12,4,120.649796,24.162755,2
11377,66000,387130000C,(04)23274275,(04)23288582,2025,8,30,9,25,臺中市,南區,0,1,0,7,3,6,50,4,1,1,5,4,6,6,2,1,5,4,4,2,17,3,10,3,1,B03,7,5,1,8,9,16,,11,11,1,12,4,120.678708,24.13264,2
11378,66000,387130000C,(04)23274275,(04)23288582,2025,8,30,9,29,臺中市,西屯區,0,0,0,7,,,50,,,,,,,,,,,,,,14,,,,,B03,,,1,,2,,,49,49,1,13,4,120.655252,24.198441,3
11379,66000,387130000C,(04)23274275,(04)23288582,2025,8,30,9,29,臺中市,龍井區,0,1,0,7,2,6,60,18,24,1,5,4,6,6,1,1,10,5,5,2,20,2,9,3,1,B03,7,6,1,8,2,1,,84,84,1,6,4,120.542462,24.218072,2
11380,66000,387130000C,(04)23274275,(04)23288582,2025,8,30,9,30,臺中市,西區,0,1,0,7,2,6,50,3,1,1,5,4,6,6,1,1,10,5,5,2,15,3,10,3,1,B03,7,9,1,8,2,5,,21,21,1,12,4,120.658977,24.155921,2
11381,66000,387130000C,(04)23274275,(04)23288582,2025,8,30,9,36,臺中市,沙鹿區,0,0,0,7,,,50,,,,,,,,,,,,,,17,,,,,B03,,,1,,2,,,8,8,1,12,4,120.559946,24.238878,3
11382,66000,387130000C,(04)23274275,(04)23288582,2025,8,30,9,40,臺中市,東區,0,2,0,7,1,6,50,4,1,1,5,4,6,6,1,1,9,4,5,2,12,2,7,1,1,C03,7,9,1,10,2,11,,7,7,1,12,4,120.701456,24.138879,2
11383,66000,387130000C,(04)23274275,(04)23288582,2025,8,30,9,47,臺中市,豐原區,0,0,0,7,,,50,,,,,,,,,,,,,,17,,,,,B03,,,1,,2,,,8,8,1,13,4,120.722827,24.240187,3
11384,66000,387130000C,(04)23274275,(04)23288582,2025,8,30,9,48,臺中市,西屯區,0,0,0,7,,,40,,,,,,,,,,,,,,12,,,,,B03,,,1,,1,,,40,40,1,13,4,120.636867,24.170394,3
11385,66000,387130000C,(04)23274275,(04)23288582,2025,8,30,9,52,臺中市,北屯區,0,0,0,7,,,50,,,,,,,,,,,,,,,,,,,B03,,,1,,2,,,49,49,1,12,4,120.732637,24.17523,3
11386,66000,387130000C,(04)23274275,(04)23288582,2025,8,30,9,54,臺中市,東勢區,0,4,0,7,2,6,60,4,7,1,5,4,6,6,4,4,1,4,4,1,16,3,10,5,4,A12,7,11,1,3,2,8,,45,45,1,13,4,120.837612,24.225183,2