序號,縣市別代碼,機關代碼,市話,傳真,年,月,日,時,分,縣市,區,死亡數量,受傷數量,2-30,天候,道路照明設備,道路類別,道路速限,道路型態,事故位置,路面鋪裝,路面狀態,路面缺陷,障礙物,視距,號誌種類,號誌動作,分向設施,快車道或一般車道間,快慢車道間,路面邊線,事故類型及型態,受傷程度,主要傷處,保護裝備,行動電話或功能裝置,當事者區分(類別),車輛用途,當事者行動狀態,駕照狀態,駕照種類,飲酒情形,車輛撞擊部位最初,車輛撞擊部位其他,肇事因素個別,肇事因素主要,肇事逃逸,職業,共享經濟或外送平台,GPS座標X,GPS座標Y,事故類別
11727,66000,387130000C,(04)23274275,(04)23288582,2025,8,31,10,40,臺中市,后里區,0,2,0,7,2,6,50,13,9,1,5,4,6,6,1,1,1,4,5,1,13,2,9,1,1,C03,7,9,1,10,2,11,,84,84,1,6,4,120.680754,24.313652,2
11728,66000,387130000C,(04)23274275,(04)23288582,2025,8,31,10,50,臺中市,西屯區,0,0,0,7,,,30,,,,,,,,,,,,,,14,,,,,C03,,,1,,1,,,49,49,1,13,4,120.643111,24.176251,3
11729,66000,387130000C,(04)23274275,(04)23288582,2025,8,31,10,54,臺中市,太平區,0,1,0,7,2,6,50,13,7,1,5,4,6,6,4,4,5,4,4,1,13,2,9,2,1,C03,7,9,1,10,7,11,,53,53,1,13,4,120.729848,24.109694,2
11730,66000,387130000C,(04)23274275,(04)23288582,2025,8,31,10,56,臺中市,北屯區,0,0,0,7,,,50,,,,,,,,,,,,,,,,,,,B12,,,1,,1,,,49,49,1,13,4,120.690201,24.177012,4
11731,66000,387130000C,(04)23274275,(04)23288582,2025,8,31,10,57,臺中市,梧棲區,0,0,0,7,,,50,,,,,,,,,,,,,,15,,,,,B03,,,1,,1,,,4,4,1,6,4,120.53875,24.243463,3
11732,66000,387130000C,(04)23274275,(04)23288582,2025,8,31,10,58,臺中市,梧棲區,0,1,0,7,3,6,40,4,1,1,5,4,6,6,1,1,10,5,5,2,17,2,9,1,1,C03,7,4,1,10,2,12,,6,6,1,6,4,120.538681,24.249161,2
11733,66000,387130000C,(04)23274275,(04)23288582,2025,8,31,11,0,臺中市,東區,0,0,0,7,,,50,,,,,,,,,,,,,,17,,,,,,,,,,,,,85,85,1,,,120.689287,24.138778,4
11734,66000,387130000C,(04)23274275,(04)23288582,2025,8,31,11,0,臺中市,大里區,0,1,0,7,3,6,50,3,1,1,5,4,6,6,1,1,10,5,5,2,1,3,10,3,1,B03,7,6,1,8,2,8,,10,10,1,6,4,120.689828,24.114214,2
11735,66000,387130000C,(04)23274275,(04)23288582,2025,8,31,11,6,臺中市,太平區,0,0,0,7,,,50,,,,,,,,,,,,,,,,,,,B12,,,1,,9,,,49,49,1,12,4,120.723899,24.151233,3
11736,66000,387130000C,(04)23274275,(04)23288582,2025,8,31,11,14,臺中市,北區,0,1,0,7,3,6,50,3,2,1,5,4,6,6,4,4,5,5,5,2,17,3,10,1,1,C03,7,9,1,10,2,14,,84,84,1,12,4,120.681497,24.158122,2
11737,66000,387130000C,(04)23274275,(04)23288582,2025,8,31,11,14,臺中市,北屯區,0,1,0,7,2,6,50,13,7,1,5,4,6,6,4,4,10,4,4,2,18,2,9,5,4,C03,7,9,1,10,2,12,,59,59,1,12,4,120.696314,24.179669,2
11738,66000,387130000C,(04)23274275,(04)23288582,2025,8,31,11,15,臺中市,北屯區,0,0,0,7,,,50,,,,,,,,,,,,,,13,,,,,B03,,,1,,1,,,7,7,1,12,4,120.741475,24.180381,3
11739,66000,387130000C,(04)23274275,(04)23288582,2025,8,31,11,17,臺中市,東區,0,0,0,7,,,50,,,,,,,,,,,,,,,,,,,B12,,,1,,2,,,49,49,1,6,4,120.692474,24.140407,3
11740,66000,387130000C,(04)23274275,(04)23288582,2025,8,31,11,22,臺中市,大里區,0,0,0,7,,,60,,,,,,,,,,,,,,13,,,,,C03,,,1,,1,,,59,59,1,13,4,120.683427,24.103975,3
11741,66000,387130000C,(04)23274275,(04)23288582,2025,8,31,11,25,臺中市,太平區,0,0,0,7,,,50,,,,,,,,,,,,,,17,,,,,B03,,,1,,1,,,84,84,1,12,4,120.704192,24.155097,3
11742,66000,387130000C,(04)23274275,(04)23288582,2025,8,31,11,30,臺中市,北屯區,0,0,0,6,,,50,,,,,,,,,,,,,,17,,,,,C03,,,1,,1,,,50,50,1,6,4,120.722795,24.17622,3
11743,66000,387130000C,(04)23274275,(04)23288582,2025,8,31,11,31,臺中市,大里區,0,0,0,7,,,60,,,,,,,,,,,,,,13,,,,,B03,,,1,,2,,,84,84,1,6,4,120.690384,24.101041,3
11744,66000,387130000C,(04)23274275,(04)23288582,2025,8,31,11,37,臺中市,沙鹿區,0,0,0,7,,,1,,,,,,,,,,,,,,14,,,,,B03,,,1,,2,,,49,49,1,6,4,120.560512,24.237929,3
11745,66000,387130000C,(04)23274275,(04)23288582,2025,8,31,11,40,臺中市,太平區,0,1,0,7,3,6,40,13,8,1,4,4,6,6,4,4,5,5,4,2,16,3,10,2,1,C03,7,6,3,19,2,12,,39,39,1,12,4,120.716727,24.118391,2
11746,66000,387130000C,(04)23274275,(04)23288582,2025,8,31,11,41,臺中市,龍井區,0,0,0,7,,,30,,,,,,,,,,,,,,14,,,,,B03,,,1,,1,,,49,49,1,13,4,120.59303,24.189889,3
11747,66000,387130000C,(04)23274275,(04)23288582,2025,8,31,11,45,臺中市,烏日區,0,0,0,7,,,50,,,,,,,,,,,,,,9,,,,,B03,,,1,,1,,,87,87,1,6,4,120.61102,24.112858,3
11748,66000,387130000C,(04)23274275,(04)23288582,2025,8,31,11,48,臺中市,大肚區,0,0,0,7,,,30,,,,,,,,,,,,,,14,,,,,B03,,,1,,2,,,49,49,1,6,4,120.56116,24.125249,3
11749,66000,387130000C,(04)23274275,(04)23288582,2025,8,31,11,50,臺中市,北區,0,0,0,7,,,50,,,,,,,,,,,,,,,,,,,B03,,,1,,1,,,7,7,1,12,4,120.671407,24.171669,4
11750,66000,387130000C,(04)23274275,(04)23288582,2025,8,31,11,50,臺中市,大里區,0,0,0,7,,,30,,,,,,,,,,,,,,18,,,,,B03,,,1,,11,,,84,84,1,13,4,120.706233,24.091495,3
11751,66000,387130000C,(04)23274275,(04)23288582,2025,8,31,11,51,臺中市,豐原區,0,0,0,7,,,50,,,,,,,,,,,,,,15,,,,,B03,,,1,,2,,,15,15,1,13,4,120.734262,24.240975,3
11752,66000,387130000C,(04)23274275,(04)23288582,2025,8,31,11,52,臺中市,豐原區,0,1,0,7,2,6,30,4,1,1,5,4,6,6,4,4,5,4,4,2,17,3,10,2,1,C03,7,9,3,19,1,14,,12,12,2,12,4,120.705536,24.253424,2
11753,66000,387130000C,(04)23274275,(04)23288582,2025,8,31,11,56,臺中市,北區,0,0,0,7,,,50,,,,,,,,,,,,,,16,,,,,B03,,,1,,2,,,45,45,1,13,4,120.687984,24.151685,3
11754,66000,387130000C,(04)23274275,(04)23288582,2025,8,31,11,56,臺中市,北區,0,2,0,7,3,6,50,4,2,1,5,4,6,6,4,4,5,5,5,2,15,2,9,5,4,C03,7,9,3,19,2,14,,12,12,1,13,4,120.682083,24.166912,2
11755,66000,387130000C,(04)23274275,(04)23288582,2025,8,31,12,0,臺中市,南屯區,0,0,0,7,,,50,,,,,,,,,,,,,,,,,,,B03,,,1,,2,,,51,51,1,6,4,120.641858,24.145489,3
11756,66000,387130000C,(04)23274275,(04)23288582,2025,8,31,12,1,臺中市,西區,0,1,0,7,2,6,50,4,9,1,5,4,6,6,4,4,5,2,5,2,13,2,8,1,1,C03,7,9,1,10,2,11,,7,7,1,6,4,120.673915,24.147293,2
11757,66000,387130000C,(04)23274275,(04)23288582,2025,8,31,12,3,臺中市,西區,0,0,0,7,,,50,,,,,,,,,,,,,,,,,,,B03,,,1,,1,,,84,84,1,12,4,120.654846,24.150645,3
11758,66000,387130000C,(04)23274275,(04)23288582,2025,8,31,12,4,臺中市,龍井區,0,0,0,7,,,30,,,,,,,,,,,,,,14,,,,,B03,,,1,,2,,,94,94,1,13,4,120.578875,24.180767,3
11759,66000,387130000C,(04)23274275,(04)23288582,2025,8,31,12,7,臺中市,北屯區,0,0,0,7,,,50,,,,,,,,,,,,,,13,,,,,B03,,,1,,1,,,7,7,1,13,4,120.694219,24.17152,3
11760,66000,387130000C,(04)23274275,(04)23288582,2025,8,31,12,7,臺中市,西屯區,0,0,0,7,,,40,,,,,,,,,,,,,,,,,,,B03,,,1,4,1,,,7,7,1,13,4,120.644257,24.164782,3
11761,66000,387130000C,(04)23274275,(04)23288582,2025,8,31,12,10,臺中市,霧峰區,0,0,0,7,,,50,,,,,,,,,,,,,,12,,,,,B03,,,1,,2,,,8,8,1,13,4,120.698173,24.068306,3
11762,66000,387130000C,(04)23274275,(04)23288582,2025,8,31,12,12,臺中市,東區,0,1,0,6,2,6,50,3,1,1,5,4,6,6,1,1,10,5,5,2,17,3,10,3,1,B03,7,5,1,8,2,6,,39,39,1,12,4,120.689961,24.138231,2
11763,66000,387130000C,(04)23274275,(04)23288582,2025,8,31,12,19,臺中市,南屯區,0,0,0,7,,,60,,,,,,,,,,,,,,,,,,,B03,,,1,,1,,,59,59,1,13,4,120.631748,24.125647,3
11764,66000,387130000C,(04)23274275,(04)23288582,2025,8,31,12,20,臺中市,豐原區,0,0,0,7,,,50,,,,,,,,,,,,,,14,,,,,B03,,,1,,2,,,49,49,1,12,4,120.714871,24.251842,3
11765,66000,387130000C,(04)23274275,(04)23288582,2025,8,31,12,22,臺中市,后里區,0,0,0,7,3,6,30,11,9,1,5,4,6,6,4,4,10,5,5,2,10,3,10,3,1,B03,7,9,1,8,1,1,,41,41,1,6,4,120.698905,24.32086,3
11766,66000,387130000C,(04)23274275,(04)23288582,2025,8,31,12,26,臺中市,西屯區,0,1,0,7,1,6,50,4,1,1,5,4,6,6,4,4,10,4,5,1,16,2,9,2,1,C03,7,6,1,10,2,14,,48,48,1,12,4,120.63351,24.182195,2
11767,66000,387130000C,(04)23274275,(04)23288582,2025,8,31,12,42,臺中市,北區,0,0,0,7,,,50,,,,,,,,,,,,,,13,,,,,B01,,,1,,2,,,51,51,1,13,4,120.684154,24.159624,3
11768,66000,387130000C,(04)23274275,(04)23288582,2025,8,31,12,44,臺中市,北屯區,0,0,0,7,,,50,,,,,,,,,,,,,,12,,,,,B03,,,1,8,1,,,8,8,1,12,4,120.718658,24.175664,3
11769,66000,387130000C,(04)23274275,(04)23288582,2025,8,31,12,45,臺中市,南區,0,0,0,7,,,40,,,,,,,,,,,,,,,,,,,C03,,,1,,1,,,40,40,1,6,4,120.670073,24.117162,3
11770,66000,387130000C,(04)23274275,(04)23288582,2025,8,31,12,45,臺中市,沙鹿區,0,0,0,7,2,6,60,4,7,1,5,4,6,6,1,1,1,3,1,2,13,,,,,B03,,,1,,2,,,7,7,1,12,4,120.58331,24.250098,3
11771,66000,387130000C,(04)23274275,(04)23288582,2025,8,31,12,50,臺中市,西區,0,0,0,7,,,50,,,,,,,,,,,,,,16,,,,,C03,,,1,,2,,,11,11,1,13,4,120.660194,24.146693,3
11772,66000,387130000C,(04)23274275,(04)23288582,2025,8,31,12,55,臺中市,南屯區,0,0,0,7,,,50,,,,,,,,,,,,,,12,,,,,B03,,,1,,2,,,39,39,1,13,4,120.635981,24.147268,3
11773,66000,387130000C,(04)23274275,(04)23288582,2025,8,31,12,56,臺中市,西屯區,0,1,0,7,2,6,50,3,1,1,5,4,6,6,4,4,5,4,5,2,16,3,10,3,1,B03,7,6,1,8,2,5,,14,14,1,12,4,120.621042,24.186799,2
11774,66000,387130000C,(04)23274275,(04)23288582,2025,8,31,12,57,臺中市,西屯區,0,1,0,7,2,6,40,3,1,1,5,4,6,6,4,4,10,5,5,2,18,2,9,2,1,C03,7,9,1,10,2,12,,84,84,1,12,4,120.630503,24.180213,2
11775,66000,387130000C,(04)23274275,(04)23288582,2025,8,31,12,58,臺中市,大里區,0,0,0,7,,,30,,,,,,,,,,,,,,16,,,,,C03,,,1,,1,,,6,6,1,13,4,120.68098,24.115591,3
11776,66000,387130000C,(04)23274275,(04)23288582,2025,8,31,13,0,臺中市,東勢區,0,0,0,7,,,50,,,,,,,,,,,,,,,,,,,B03,,,1,,2,,,50,50,1,12,4,120.837984,24.244685,3
11777,66000,387130000C,(04)23274275,(04)23288582,2025,8,31,13,3,臺中市,北區,0,0,0,7,,,50,,,,,,,,,,,,,,,,,,,C03,,,1,,11,,,50,50,1,13,4,120.679506,24.157132,3
11778,66000,387130000C,(04)23274275,(04)23288582,2025,8,31,13,5,臺中市,大雅區,0,0,0,7,,,50,,,,,,,,,,,,,,,,,,,C03,,,4,,9,,,8,8,1,13,4,120.649964,24.221653,3
11779,66000,387130000C,(04)23274275,(04)23288582,2025,8,31,13,12,臺中市,霧峰區,0,0,0,7,,,40,,,,,,,,,,,,,,,,,,,B03,,,1,,1,,,84,84,1,6,4,120.696865,24.063904,3
11780,66000,387130000C,(04)23274275,(04)23288582,2025,8,31,13,16,臺中市,烏日區,0,1,0,7,3,6,70,3,2,1,5,4,6,6,2,1,1,4,4,1,16,3,10,3,1,B03,7,5,1,8,2,5,,47,47,1,6,4,120.594176,24.112653,2
11781,66000,387130000C,(04)23274275,(04)23288582,2025,8,31,13,19,臺中市,沙鹿區,0,1,0,7,2,6,40,13,8,1,5,4,6,6,4,4,3,3,3,1,17,3,10,5,4,B03,7,5,1,8,2,2,,47,47,1,13,4,120.580266,24.197668,2
11782,66000,387130000C,(04)23274275,(04)23288582,2025,8,31,13,27,臺中市,龍井區,0,0,0,7,,,50,,,,,,,,,,,,,,13,,,,,B12,,,1,,2,,,8,8,1,13,4,120.582522,24.178491,3
11783,66000,387130000C,(04)23274275,(04)23288582,2025,8,31,13,30,臺中市,中區,0,0,0,7,,,30,,,,,,,,,,,,,,,,,,,C02,,,1,,2,,,51,51,1,13,4,120.680788,24.13791,3
11784,66000,387130000C,(04)23274275,(04)23288582,2025,8,31,13,30,臺中市,南屯區,0,0,0,7,,,50,,,,,,,,,,,,,,,,,,,B03,,,1,,1,,,50,50,1,12,4,120.625818,24.140633,4
11785,66000,387130000C,(04)23274275,(04)23288582,2025,8,31,13,33,臺中市,大甲區,0,2,0,7,2,6,50,4,1,1,5,4,6,6,4,4,10,5,5,2,16,2,9,1,1,C03,7,6,1,11,2,12,,20,20,1,6,4,120.627676,24.351202,2
11786,66000,387130000C,(04)23274275,(04)23288582,2025,8,31,13,43,臺中市,太平區,0,1,0,6,2,6,50,3,1,1,5,4,6,6,4,4,10,5,5,2,16,3,10,2,1,C03,7,9,1,10,2,11,,84,84,1,13,4,120.717792,24.12314,2
11787,66000,387130000C,(04)23274275,(04)23288582,2025,8,31,13,45,臺中市,潭子區,0,0,0,7,,,30,,,,,,,,,,,,,,,,,,,B03,,,1,,1,,,7,7,1,12,4,120.716803,24.191219,3
11788,66000,387130000C,(04)23274275,(04)23288582,2025,8,31,13,45,臺中市,西區,0,2,0,7,2,6,50,4,1,1,5,4,6,6,1,1,10,5,5,2,16,3,10,3,1,B03,7,5,1,8,2,2,,65,65,1,12,4,120.66774,24.13095,2
11789,66000,387130000C,(04)23274275,(04)23288582,2025,8,31,13,45,臺中市,南屯區,0,1,0,7,2,6,50,4,1,1,5,4,6,6,2,1,9,4,3,2,12,3,10,3,1,B03,7,5,1,8,2,2,,11,11,1,12,4,120.652206,24.150785,2
11790,66000,387130000C,(04)23274275,(04)23288582,2025,8,31,13,45,臺中市,大里區,0,0,0,7,,,50,,,,,,,,,,,,,,,,,,,B03,,,1,,2,,,40,40,1,13,4,120.698357,24.081064,3
11791,66000,387130000C,(04)23274275,(04)23288582,2025,8,31,13,45,臺中市,沙鹿區,0,0,0,7,,,50,,,,,,,,,,,,,,17,,,,,C03,,,1,,2,,,59,59,1,6,4,120.559725,24.240378,3
11792,66000,387130000C,(04)23274275,(04)23288582,2025,8,31,13,51,臺中市,北區,0,2,0,7,2,6,50,4,1,1,5,4,6,6,2,1,10,5,5,2,16,2,9,1,1,C03,7,6,1,10,2,14,,11,11,1,12,4,120.682617,24.153271,2
11793,66000,387130000C,(04)23274275,(04)23288582,2025,8,31,13,51,臺中市,西屯區,0,0,0,7,,3,80,,,,,,,,,,,,,,13,,,,,B03,,,1,,2,,,40,40,1,13,4,120.655563,24.199556,3
11794,66000,387130000C,(04)23274275,(04)23288582,2025,8,31,14,1,臺中市,后里區,0,0,0,7,2,6,50,3,1,1,5,4,6,6,1,1,1,4,5,2,13,3,10,3,1,B03,7,6,1,8,2,1,,7,7,1,6,4,120.69352,24.317842,3
11795,66000,387130000C,(04)23274275,(04)23288582,2025,8,31,14,7,臺中市,西屯區,0,0,0,6,,,70,,,,,,,,,,,,,,13,,,,,B03,,,1,,1,,,59,59,1,12,4,120.606495,24.183743,3
11796,66000,387130000C,(04)23274275,(04)23288582,2025,8,31,14,10,臺中市,南屯區,0,0,0,7,,,50,,,,,,,,,,,,,,17,,,,,B03,,,1,,1,,,49,49,1,12,4,120.636049,24.147725,3
11797,66000,387130000C,(04)23274275,(04)23288582,2025,8,31,14,10,臺中市,大里區,0,0,0,7,,,50,,,,,,,,,,,,,,17,,,,,B03,,,1,,2,,,84,84,1,13,4,120.703552,24.093817,3
11798,66000,387130000C,(04)23274275,(04)23288582,2025,8,31,14,18,臺中市,東區,0,1,0,7,1,6,50,4,1,1,5,4,6,6,1,1,9,4,5,2,12,2,8,1,1,C03,7,6,1,10,2,11,12,7,7,1,12,4,120.689699,24.1328,2
11799,66000,387130000C,(04)23274275,(04)23288582,2025,8,31,14,26,臺中市,大里區,0,1,0,7,2,6,30,4,1,1,5,4,6,6,4,4,10,5,5,2,15,3,10,3,1,B03,7,9,1,8,2,5,,15,15,1,13,4,120.664747,24.101641,2
11800,66000,387130000C,(04)23274275,(04)23288582,2025,8,31,14,40,臺中市,大里區,0,0,0,7,,,,,,,,,,,,,,,,,17,,,,,,,,,,,,,119,119,1,,,120.686997,24.105243,3
11801,66000,387130000C,(04)23274275,(04)23288582,2025,8,31,14,40,臺中市,沙鹿區,0,2,0,7,2,6,30,11,9,1,5,4,6,6,4,4,10,5,5,2,10,2,9,2,1,C03,7,9,2,19,2,11,,41,41,1,12,4,120.575397,24.251985,2
11802,66000,387130000C,(04)23274275,(04)23288582,2025,8,31,14,40,臺中市,大甲區,0,0,0,7,,,,,,,,,,,,,,,,,,,,,,,,,,,,,,87,87,1,,,120.628723,24.346938,3
11803,66000,387130000C,(04)23274275,(04)23288582,2025,8,31,14,46,臺中市,霧峰區,0,0,0,7,,,50,,,,,,,,,,,,,,,,,,,B12,,,1,,1,,,78,78,1,12,4,120.696898,24.065024,3
11804,66000,387130000C,(04)23274275,(04)23288582,2025,8,31,14,47,臺中市,梧棲區,0,1,0,7,2,6,40,13,9,1,5,4,6,6,4,4,10,5,5,2,17,2,9,1,1,C03,7,9,3,19,2,11,,59,59,1,12,4,120.534712,24.249461,2
11805,66000,387130000C,(04)23274275,(04)23288582,2025,8,31,14,48,臺中市,大甲區,0,0,0,7,,,50,,,,,,,,,,,,,,15,,,,,B03,,,1,,1,,,15,15,1,6,4,120.645225,24.405212,3
11806,66000,387130000C,(04)23274275,(04)23288582,2025,8,31,14,49,臺中市,西區,0,0,0,7,,,,,,,,,,,,,,,,,,,,,,,,,,,,,,119,119,1,,,120.655964,24.143516,3
11807,66000,387130000C,(04)23274275,(04)23288582,2025,8,31,14,53,臺中市,大里區,0,0,0,7,,,50,,,,,,,,,,,,,,,,,,,B03,,,1,,2,,,84,84,1,6,4,120.707824,24.087002,3
11808,66000,387130000C,(04)23274275,(04)23288582,2025,8,31,14,55,臺中市,東區,0,0,0,6,,,50,,,,,,,,,,,,,,,,,,,B03,,,1,,1,,,50,50,1,12,4,120.708052,24.142767,3
11809,66000,387130000C,(04)23274275,(04)23288582,2025,8,31,14,56,臺中市,西區,0,0,0,7,,,50,,,,,,,,,,,,,,14,,,,,B03,,,3,,1,,,49,49,1,13,4,120.681148,24.13595,3
11810,66000,387130000C,(04)23274275,(04)23288582,2025,8,31,15,3,臺中市,西屯區,0,0,0,7,,,50,,,,,,,,,,,,,,16,,,,,B03,,,1,,1,,,48,48,1,12,4,120.656212,24.1598,3
11811,66000,387130000C,(04)23274275,(04)23288582,2025,8,31,15,6,臺中市,北屯區,0,0,0,7,,,50,,,,,,,,,,,,,,14,,,,,B03,,,1,,11,,,49,49,2,12,4,120.711996,24.172221,3
11812,66000,387130000C,(04)23274275,(04)23288582,2025,8,31,15,6,臺中市,大里區,0,0,0,7,,,50,,,,,,,,,,,,,,13,,,,,C03,,,1,,2,,,7,7,1,13,4,120.676072,24.101795,3
11813,66000,387130000C,(04)23274275,(04)23288582,2025,8,31,15,10,臺中市,北屯區,0,0,0,7,,,50,,,,,,,,,,,,,,,,,,,B03,,,1,,2,,,49,49,1,12,4,120.693307,24.178765,3
11814,66000,387130000C,(04)23274275,(04)23288582,2025,8,31,15,12,臺中市,北屯區,0,1,0,5,2,6,50,3,1,1,4,4,6,6,4,4,10,4,4,2,17,3,10,3,1,B03,7,5,1,8,2,8,,12,12,1,12,4,120.714055,24.164495,2
11815,66000,387130000C,(04)23274275,(04)23288582,2025,8,31,15,12,臺中市,西屯區,0,2,0,6,2,6,50,4,1,1,5,4,6,6,2,1,5,4,5,2,16,2,9,5,4,C03,7,9,1,10,2,14,,39,39,1,13,4,120.663965,24.164434,2
11816,66000,387130000C,(04)23274275,(04)23288582,2025,8,31,15,25,臺中市,大肚區,0,0,0,7,,,50,,,,,,,,,,,,,,,,,,,G03,,,1,,2,,,8,8,1,6,4,120.551145,24.137917,3
11817,66000,387130000C,(04)23274275,(04)23288582,2025,8,31,15,28,臺中市,東區,0,0,0,5,,,50,,,,,,,,,,,,,,14,,,,,B02,,,1,,1,,,51,51,1,12,4,120.688188,24.135892,3
11818,66000,387130000C,(04)23274275,(04)23288582,2025,8,31,15,29,臺中市,北區,0,1,0,5,3,6,50,5,1,1,4,4,6,6,2,1,10,5,5,2,17,3,10,5,4,B03,7,5,1,8,2,2,,47,47,1,13,4,120.676005,24.158266,2
11819,66000,387130000C,(04)23274275,(04)23288582,2025,8,31,15,30,臺中市,南屯區,0,0,0,7,,,50,,,,,,,,,,,,,,13,,,,,B12,,,1,,2,,,59,59,1,13,4,120.639859,24.141856,3
11820,66000,387130000C,(04)23274275,(04)23288582,2025,8,31,15,33,臺中市,沙鹿區,0,0,0,7,,,60,,,,,,,,,,,,,,,,,,,B03,,,1,,2,,,59,59,1,13,4,120.578418,24.223296,3
11821,66000,387130000C,(04)23274275,(04)23288582,2025,8,31,15,34,臺中市,潭子區,0,4,0,6,3,6,50,4,1,1,5,4,6,6,1,1,5,4,4,2,17,2,9,2,1,C03,7,5,1,10,2,11,,22,22,1,13,4,120.701601,24.20724,2
11822,66000,387130000C,(04)23274275,(04)23288582,2025,8,31,15,35,臺中市,沙鹿區,0,2,0,7,2,6,70,13,7,1,5,4,6,6,1,1,1,3,5,2,13,3,10,3,1,B03,7,9,1,8,2,1,,7,7,1,6,4,120.580923,24.201125,2
11823,66000,387130000C,(04)23274275,(04)23288582,2025,8,31,15,36,臺中市,太平區,0,1,0,5,3,6,50,4,1,1,4,4,6,6,2,1,10,5,5,2,16,3,10,3,1,B03,7,11,1,8,2,4,,45,45,1,11,4,120.733305,24.142747,2
11824,66000,387130000C,(04)23274275,(04)23288582,2025,8,31,15,44,臺中市,西區,0,1,0,7,2,6,50,4,1,1,5,4,6,6,1,1,10,5,5,2,9,3,10,3,1,B03,7,5,1,8,2,2,,20,20,1,13,4,120.660187,24.140158,2
11825,66000,387130000C,(04)23274275,(04)23288582,2025,8,31,15,55,臺中市,大雅區,0,1,0,7,3,6,60,13,8,1,5,4,6,6,4,4,1,3,4,1,17,3,10,5,4,B03,7,5,1,8,2,5,,84,84,1,13,4,120.646738,24.222107,2
11826,66000,387130000C,(04)23274275,(04)23288582,2025,8,31,15,55,臺中市,東區,0,0,0,7,,,50,,,,,,,,,,,,,,17,,,,,B03,,,1,,2,,,8,8,1,6,4,120.710604,24.143894,3
11827,66000,387130000C,(04)23274275,(04)23288582,2025,8,31,15,56,臺中市,龍井區,0,0,0,7,,,30,,,,,,,,,,,,,,,,,,,B03,,,1,,2,,,51,51,1,6,4,120.592335,24.188401,3
11828,66000,387130000C,(04)23274275,(04)23288582,2025,8,31,16,0,臺中市,南區,0,1,0,7,3,6,50,4,1,1,5,4,6,6,4,4,10,5,5,2,17,2,9,2,1,C03,7,1,1,10,2,11,,51,51,1,13,4,120.653421,24.123768,2
11829,66000,387130000C,(04)23274275,(04)23288582,2025,8,31,16,6,臺中市,東區,0,0,0,7,,,30,,,,,,,,,,,,,,,,,,,B11,,,1,,9,,,49,49,2,13,4,120.701993,24.139816,3
11830,66000,387130000C,(04)23274275,(04)23288582,2025,8,31,16,10,臺中市,北區,0,1,0,5,2,6,50,4,9,1,4,4,6,6,1,1,1,4,5,2,16,3,10,5,4,B02,7,5,1,8,2,5,,47,47,1,13,4,120.690878,24.159081,2
11831,66000,387130000C,(04)23274275,(04)23288582,2025,8,31,16,13,臺中市,潭子區,0,0,0,7,,,60,,,,,,,,,,,,,,,,,,,B03,,,1,,2,,,59,59,1,12,4,120.705108,24.20629,3
11832,66000,387130000C,(04)23274275,(04)23288582,2025,8,31,16,13,臺中市,北屯區,0,0,0,5,,,50,,,,,,,,,,,,,,13,,,,,B03,,,1,,1,,,59,59,1,12,4,120.708226,24.19068,3
11833,66000,387130000C,(04)23274275,(04)23288582,2025,8,31,16,14,臺中市,后里區,0,0,0,7,2,6,50,13,9,1,5,4,6,6,1,1,5,4,5,1,13,3,10,3,1,B03,7,9,1,8,1,1,,7,7,1,6,4,120.696372,24.313143,3
11834,66000,387130000C,(04)23274275,(04)23288582,2025,8,31,16,16,臺中市,后里區,0,0,0,7,,,50,,,,,,,,,,,,,,12,,,,,B03,,,1,,2,,,55,55,1,12,4,120.720667,24.309051,3
11835,66000,387130000C,(04)23274275,(04)23288582,2025,8,31,16,19,臺中市,北區,0,0,0,7,,,50,,,,,,,,,,,,,,17,,,,,B13,,,1,,1,,,84,84,1,13,4,120.680165,24.148234,3
11836,66000,387130000C,(04)23274275,(04)23288582,2025,8,31,16,19,臺中市,南區,0,1,0,7,2,6,50,3,1,1,5,4,6,6,1,1,10,5,5,2,17,3,10,3,1,B03,7,1,1,8,2,1,,51,51,1,12,4,120.644692,24.109955,2
11837,66000,387130000C,(04)23274275,(04)23288582,2025,8,31,16,21,臺中市,烏日區,0,0,0,7,2,6,50,3,1,1,5,4,6,6,4,4,5,5,5,2,13,3,10,3,1,B03,7,2,1,8,2,7,,49,49,1,6,4,120.606229,24.106257,3
11838,66000,387130000C,(04)23274275,(04)23288582,2025,8,31,16,27,臺中市,南屯區,0,1,0,5,2,3,80,13,9,1,4,4,6,6,4,4,1,4,5,1,13,3,10,3,1,B03,7,9,1,8,2,1,,7,7,1,12,4,120.623494,24.150119,2
11839,66000,387130000C,(04)23274275,(04)23288582,2025,8,31,16,39,臺中市,北區,0,3,0,5,3,6,50,13,7,1,4,4,6,6,4,4,5,5,4,2,17,2,9,2,1,C03,7,1,1,10,2,11,,51,51,1,12,4,120.670303,24.15536,2
11840,66000,387130000C,(04)23274275,(04)23288582,2025,8,31,16,40,臺中市,北屯區,0,1,0,5,2,6,50,4,2,1,4,4,6,6,1,1,5,5,4,2,17,3,10,1,1,C03,7,6,1,9,2,16,,85,85,1,6,4,120.690315,24.170302,2