序號,縣市別代碼,機關代碼,市話,傳真,年,月,日,時,分,縣市,區,死亡數量,受傷數量,2-30,天候,道路照明設備,道路類別,道路速限,道路型態,事故位置,路面鋪裝,路面狀態,路面缺陷,障礙物,視距,號誌種類,號誌動作,分向設施,快車道或一般車道間,快慢車道間,路面邊線,事故類型及型態,受傷程度,主要傷處,保護裝備,行動電話或功能裝置,當事者區分(類別),車輛用途,當事者行動狀態,駕照狀態,駕照種類,飲酒情形,車輛撞擊部位最初,車輛撞擊部位其他,肇事因素個別,肇事因素主要,肇事逃逸,職業,共享經濟或外送平台,GPS座標X,GPS座標Y,事故類別
11841,66000,387130000C,(04)23274275,(04)23288582,2025,8,31,16,44,臺中市,西屯區,0,0,0,5,,,60,,,,,,,,,,,,,,13,,,,,B03,,,1,,1,,,7,7,1,12,4,120.644075,24.165752,3
11842,66000,387130000C,(04)23274275,(04)23288582,2025,8,31,16,45,臺中市,后里區,0,0,0,7,3,6,50,13,9,1,5,4,6,6,4,4,5,5,5,2,17,3,10,3,1,C02,7,9,1,9,2,12,,84,84,1,6,4,120.73453,24.288673,3
11843,66000,387130000C,(04)23274275,(04)23288582,2025,8,31,16,46,臺中市,西屯區,0,0,0,5,,,50,,,,,,,,,,,,,,13,,,,,C03,,,1,,1,,,7,7,1,13,4,120.635303,24.167117,3
11844,66000,387130000C,(04)23274275,(04)23288582,2025,8,31,16,46,臺中市,梧棲區,0,0,0,7,,,90,,,,,,,,,,,,,,17,,,,,B03,,,1,,1,,,59,59,1,6,4,120.541335,24.261799,3
11845,66000,387130000C,(04)23274275,(04)23288582,2025,8,31,16,48,臺中市,北屯區,0,0,0,7,,,50,,,,,,,,,,,,,,,,,,,C03,,,1,,1,,,8,8,1,13,4,120.729701,24.161985,3
11846,66000,387130000C,(04)23274275,(04)23288582,2025,8,31,16,49,臺中市,后里區,0,2,0,7,3,6,30,4,1,1,5,4,6,6,4,4,5,5,5,1,16,2,9,1,1,C03,7,6,1,10,2,14,,12,12,1,6,4,120.717622,24.302947,2
11847,66000,387130000C,(04)23274275,(04)23288582,2025,8,31,16,50,臺中市,龍井區,0,0,0,7,,,50,,,,,,,,,,,,,,,,,,,F01,,,7,,2,,,85,85,1,6,4,120.59085,24.181081,3
11848,66000,387130000C,(04)23274275,(04)23288582,2025,8,31,16,51,臺中市,大里區,0,2,0,7,2,6,50,4,9,1,5,4,6,6,4,4,10,5,5,2,15,2,9,2,1,C03,7,9,1,10,2,12,,15,15,1,12,4,120.693507,24.108084,2
11849,66000,387130000C,(04)23274275,(04)23288582,2025,8,31,16,52,臺中市,梧棲區,0,1,0,7,2,3,90,13,7,1,5,4,6,6,4,4,5,5,5,1,17,3,10,3,1,B03,7,9,5,8,4,1,,59,59,1,6,4,120.541218,24.261415,2
11850,66000,387130000C,(04)23274275,(04)23288582,2025,8,31,16,54,臺中市,石岡區,0,0,0,7,,,30,,,,,,,,,,,,,,,,,,,B03,,,1,,2,,,49,49,1,12,4,120.805847,24.270402,3
11851,66000,387130000C,(04)23274275,(04)23288582,2025,8,31,16,55,臺中市,西區,0,1,0,7,1,6,50,4,1,1,5,4,6,6,4,4,10,5,5,1,17,3,10,5,4,B03,7,9,1,8,2,2,,15,15,1,12,4,120.660207,24.152541,2
11852,66000,387130000C,(04)23274275,(04)23288582,2025,8,31,16,55,臺中市,北屯區,0,0,0,5,,,40,,,,,,,,,,,,,,,,,,,C03,,,1,,1,,,84,84,1,12,4,120.684075,24.172585,3
11853,66000,387130000C,(04)23274275,(04)23288582,2025,8,31,16,57,臺中市,東勢區,0,0,0,7,,,50,,,,,,,,,,,,,,13,,,,,B03,,,1,,1,,,78,78,1,13,4,120.832334,24.246523,3
11854,66000,387130000C,(04)23274275,(04)23288582,2025,8,31,16,58,臺中市,沙鹿區,0,1,0,7,2,6,30,5,1,1,5,4,6,6,4,4,10,5,5,2,15,2,9,1,1,C03,7,9,1,10,2,11,,12,12,1,5,4,120.56953,24.240993,2
11855,66000,387130000C,(04)23274275,(04)23288582,2025,8,31,17,0,臺中市,西區,0,0,0,7,,,50,,,,,,,,,,,,,,12,,,,,B03,,,1,,1,,,8,8,1,13,4,120.675855,24.133176,3
11856,66000,387130000C,(04)23274275,(04)23288582,2025,8,31,17,1,臺中市,外埔區,0,0,0,7,2,6,50,11,9,1,5,4,6,6,2,1,9,2,5,2,13,,,,,B03,,,1,,2,,,7,7,1,13,4,120.638997,24.341481,3
11857,66000,387130000C,(04)23274275,(04)23288582,2025,8,31,17,4,臺中市,北屯區,0,2,0,7,2,6,50,13,9,1,5,4,6,6,4,4,1,4,5,2,13,2,9,1,1,C03,7,9,1,10,2,11,,7,7,1,12,4,120.685776,24.179356,2
11858,66000,387130000C,(04)23274275,(04)23288582,2025,8,31,17,5,臺中市,東區,0,3,0,7,2,6,50,4,19,1,5,4,6,6,2,1,10,5,5,2,3,2,9,2,1,C03,7,9,1,10,2,11,,10,10,1,6,4,120.689245,24.140246,2
11859,66000,387130000C,(04)23274275,(04)23288582,2025,8,31,17,5,臺中市,清水區,0,2,0,7,3,6,60,4,1,1,5,4,6,6,1,1,1,4,5,1,16,3,10,3,1,B03,7,5,1,8,2,2,,11,11,1,12,4,120.547013,24.27551,2
11860,66000,387130000C,(04)23274275,(04)23288582,2025,8,31,17,5,臺中市,豐原區,0,2,0,7,1,6,50,13,9,1,5,4,6,6,4,4,1,4,5,2,17,2,9,1,1,C03,7,9,1,10,8,11,,7,7,1,6,4,120.707994,24.250414,2
11861,66000,387130000C,(04)23274275,(04)23288582,2025,8,31,17,5,臺中市,神岡區,0,0,0,7,,,50,,,,,,,,,,,,,,17,,,,,B03,,,1,,1,,,42,42,1,13,4,120.691812,24.247902,3
11862,66000,387130000C,(04)23274275,(04)23288582,2025,8,31,17,6,臺中市,梧棲區,0,0,0,7,,,50,,,,,,,,,,,,,,14,,,,,B03,,,3,,2,,,49,49,1,6,4,120.528605,24.254237,3
11863,66000,387130000C,(04)23274275,(04)23288582,2025,8,31,17,10,臺中市,烏日區,0,0,0,7,,,50,,,,,,,,,,,,,,13,,,,,B03,,,1,,1,,,7,7,1,6,4,120.607386,24.111052,3
11864,66000,387130000C,(04)23274275,(04)23288582,2025,8,31,17,12,臺中市,南區,0,1,0,7,3,6,50,4,1,1,5,4,6,6,2,1,10,5,5,2,17,3,10,3,1,B03,7,11,1,8,2,3,,20,20,1,13,4,120.683543,24.133198,2
11865,66000,387130000C,(04)23274275,(04)23288582,2025,8,31,17,15,臺中市,沙鹿區,0,0,0,7,2,6,50,13,7,1,5,4,6,6,1,1,4,3,4,2,16,,,,,B03,,,1,,2,,,45,45,1,12,4,120.562019,24.255752,3
11866,66000,387130000C,(04)23274275,(04)23288582,2025,8,31,17,16,臺中市,西區,0,1,0,7,2,6,50,4,1,1,5,4,6,6,2,1,10,5,5,2,17,3,10,3,1,B12,7,9,1,7,2,1,,59,59,1,12,4,120.654915,24.14782,2
11867,66000,387130000C,(04)23274275,(04)23288582,2025,8,31,17,17,臺中市,西屯區,0,1,0,6,2,6,30,4,1,1,4,4,6,6,1,1,10,5,5,2,17,3,10,2,1,C03,7,11,1,10,2,13,,45,45,1,12,4,120.658653,24.165593,2
11868,66000,387130000C,(04)23274275,(04)23288582,2025,8,31,17,27,臺中市,西屯區,0,0,0,7,,3,80,,,,,,,,,,,,,,12,,,,,A11,,,1,,1,,,40,40,1,12,4,120.627942,24.161157,3
11869,66000,387130000C,(04)23274275,(04)23288582,2025,8,31,17,34,臺中市,西屯區,0,0,0,7,2,6,50,4,2,1,5,4,6,6,2,1,5,2,5,2,13,,,,,B03,,,1,,1,,,7,7,1,13,4,120.637487,24.175913,3
11870,66000,387130000C,(04)23274275,(04)23288582,2025,8,31,17,35,臺中市,北屯區,0,0,0,7,,,50,,,,,,,,,,,,,,13,,,,,C03,,,1,,1,,,84,84,1,12,4,120.717662,24.175723,3
11871,66000,387130000C,(04)23274275,(04)23288582,2025,8,31,17,36,臺中市,石岡區,0,0,0,7,,,70,,,,,,,,,,,,,,13,,,,,B03,,,1,,1,,,7,7,1,13,4,120.808709,24.264982,3
11872,66000,387130000C,(04)23274275,(04)23288582,2025,8,31,17,40,臺中市,烏日區,0,0,0,7,,,50,,,,,,,,,,,,,,,,,,,C03,,,3,,9,,,48,48,1,6,4,120.6467,24.110349,3
11873,66000,387130000C,(04)23274275,(04)23288582,2025,8,31,17,42,臺中市,大里區,0,1,0,7,3,6,50,4,1,1,5,4,6,6,2,1,1,4,5,1,13,3,10,3,1,B03,7,9,1,8,2,5,,7,7,1,13,4,120.679898,24.109309,2
11874,66000,387130000C,(04)23274275,(04)23288582,2025,8,31,17,44,臺中市,南屯區,0,1,0,7,3,6,50,3,1,1,5,4,6,6,4,4,10,5,5,2,12,3,10,3,1,B03,7,9,1,8,2,2,,84,84,1,12,4,120.649858,24.141354,2
11875,66000,387130000C,(04)23274275,(04)23288582,2025,8,31,17,45,臺中市,東區,0,1,0,7,1,6,50,13,7,1,5,4,6,6,4,4,5,5,4,2,13,2,9,5,4,C03,7,9,1,10,2,11,,7,7,1,13,4,120.692464,24.147618,2
11876,66000,387130000C,(04)23274275,(04)23288582,2025,8,31,17,50,臺中市,大里區,0,0,0,7,,,30,,,,,,,,,,,,,,,,,,,C03,,,5,,3,,,15,15,1,12,4,120.710663,24.085432,3
11877,66000,387130000C,(04)23274275,(04)23288582,2025,8,31,17,51,臺中市,大里區,0,0,0,7,,,50,,,,,,,,,,,,,,,,,,,B03,,,1,,2,,,51,51,1,12,4,120.690773,24.112861,3
11878,66000,387130000C,(04)23274275,(04)23288582,2025,8,31,17,58,臺中市,南屯區,0,3,0,7,2,6,50,4,1,1,5,4,6,6,2,1,10,5,5,2,13,2,9,1,1,C03,7,9,1,10,2,11,,84,84,1,13,4,120.646695,24.150988,2
11879,66000,387130000C,(04)23274275,(04)23288582,2025,8,31,18,6,臺中市,東區,0,0,0,7,,,50,,,,,,,,,,,,,,17,,,,,B02,,,1,,2,,,84,84,1,12,4,120.702044,24.14295,3
11880,66000,387130000C,(04)23274275,(04)23288582,2025,8,31,18,7,臺中市,大肚區,0,1,0,7,2,6,30,13,9,1,5,4,6,6,4,4,10,5,5,1,3,3,10,5,4,C03,7,9,1,10,2,15,,87,87,1,12,4,120.580024,24.166585,2
11881,66000,387130000C,(04)23274275,(04)23288582,2025,8,31,18,12,臺中市,大里區,0,1,0,7,1,6,50,13,7,1,5,4,6,6,4,4,5,5,4,2,17,3,10,3,1,B12,7,9,1,8,2,5,,1,1,1,6,4,120.702871,24.088549,2
11882,66000,387130000C,(04)23274275,(04)23288582,2025,8,31,18,15,臺中市,烏日區,0,1,0,7,2,6,50,4,1,1,5,4,6,6,1,1,5,4,4,2,16,2,1,1,1,C03,7,9,1,10,7,12,,34,34,1,6,4,120.62203,24.103032,2
11883,66000,387130000C,(04)23274275,(04)23288582,2025,8,31,18,15,臺中市,沙鹿區,0,0,0,7,,,50,,,,,,,,,,,,,,,,,,,B03,,,1,,2,,,3,3,1,12,4,120.572751,24.21088,3
11884,66000,387130000C,(04)23274275,(04)23288582,2025,8,31,18,19,臺中市,西區,0,0,0,7,3,6,50,5,2,1,5,4,6,6,1,1,5,4,5,2,13,3,10,1,1,C03,7,9,1,10,2,11,,7,7,1,6,4,120.665279,24.144329,3
11885,66000,387130000C,(04)23274275,(04)23288582,2025,8,31,18,21,臺中市,南屯區,0,0,0,7,,,50,,,,,,,,,,,,,,,,,,,B01,,,1,,1,,,59,59,1,12,4,120.648343,24.123534,3
11886,66000,387130000C,(04)23274275,(04)23288582,2025,8,31,18,21,臺中市,梧棲區,0,1,0,7,1,6,50,3,9,1,5,4,6,6,4,4,1,4,5,1,23,2,9,1,1,C03,7,5,2,19,2,11,,59,59,1,6,4,120.550353,24.241401,2
11887,66000,387130000C,(04)23274275,(04)23288582,2025,8,31,18,24,臺中市,后里區,0,0,0,7,1,6,50,4,1,1,5,4,6,6,1,1,5,,,1,15,3,10,1,1,C03,7,9,1,10,1,11,,21,21,1,6,4,120.711066,24.306037,3
11888,66000,387130000C,(04)23274275,(04)23288582,2025,8,31,18,30,臺中市,霧峰區,0,0,0,7,,,40,,,,,,,,,,,,,,,,,,,C03,,,1,,1,,,84,84,1,5,4,120.687054,24.053966,3
11889,66000,387130000C,(04)23274275,(04)23288582,2025,8,31,18,35,臺中市,太平區,0,2,0,7,1,6,50,4,1,1,5,4,6,6,2,1,5,5,5,1,16,2,8,2,1,C03,7,6,1,10,2,11,,48,48,1,12,4,120.71415,24.138455,2
11890,66000,387130000C,(04)23274275,(04)23288582,2025,8,31,18,36,臺中市,大里區,0,0,0,7,,,50,,,,,,,,,,,,,,,,,,,B12,,,1,,1,,,8,8,1,12,4,120.694248,24.089435,3
11891,66000,387130000C,(04)23274275,(04)23288582,2025,8,31,18,40,臺中市,北屯區,0,0,0,7,,,50,,,,,,,,,,,,,,13,,,,,B03,,,1,,1,,,84,84,1,6,4,120.682027,24.180402,3
11892,66000,387130000C,(04)23274275,(04)23288582,2025,8,31,18,44,臺中市,龍井區,0,0,0,7,,,30,,,,,,,,,,,,,,,,,,,B03,,,1,,2,,,20,20,1,12,4,120.585915,24.177271,3
11893,66000,387130000C,(04)23274275,(04)23288582,2025,8,31,18,45,臺中市,西區,0,1,0,7,1,6,50,4,1,1,5,4,6,6,1,1,10,5,5,1,17,2,9,5,4,C03,7,6,1,8,2,11,,20,20,1,12,4,120.674994,24.138036,2
11894,66000,387130000C,(04)23274275,(04)23288582,2025,8,31,18,47,臺中市,北區,0,0,0,7,,,50,,,,,,,,,,,,,,17,,,,,B03,,,1,,1,,,45,45,1,12,4,120.688681,24.152439,3
11895,66000,387130000C,(04)23274275,(04)23288582,2025,8,31,18,49,臺中市,南屯區,0,1,0,7,2,6,50,3,1,1,5,4,6,6,4,4,9,4,4,2,12,3,10,3,1,B03,7,5,1,8,2,2,,14,14,1,12,4,120.634312,24.151187,2
11896,66000,387130000C,(04)23274275,(04)23288582,2025,8,31,18,50,臺中市,石岡區,0,0,0,7,,,50,,,,,,,,,,,,,,13,,,,,B12,,,1,,1,,,7,7,1,13,4,120.779617,24.276283,3
11897,66000,387130000C,(04)23274275,(04)23288582,2025,8,31,18,50,臺中市,新社區,0,2,0,7,1,6,40,13,9,1,5,4,6,6,4,4,5,5,5,1,17,2,8,5,4,C03,7,11,1,10,1,12,,39,39,1,13,4,120.794168,24.22297,2
11898,66000,387130000C,(04)23274275,(04)23288582,2025,8,31,18,59,臺中市,大甲區,0,2,0,7,1,6,30,13,24,1,5,4,6,6,4,4,10,5,5,2,2,2,9,5,4,C03,7,9,1,10,2,11,,84,84,1,6,4,120.626004,24.340431,2
11899,66000,387130000C,(04)23274275,(04)23288582,2025,8,31,19,0,臺中市,南屯區,0,0,0,7,,,50,,,,,,,,,,,,,,12,,,,,B03,,,1,,1,,,48,48,1,12,4,120.649995,24.13079,3
11900,66000,387130000C,(04)23274275,(04)23288582,2025,8,31,19,3,臺中市,西屯區,0,1,0,7,1,6,50,4,1,1,4,4,6,6,4,4,10,5,5,2,18,2,9,5,4,C03,7,9,1,10,2,12,,59,59,1,12,4,120.617875,24.188846,2
11901,66000,387130000C,(04)23274275,(04)23288582,2025,8,31,19,8,臺中市,西屯區,0,0,0,7,,,50,,,,,,,,,,,,,,13,,,,,B03,,,1,,1,,,84,84,1,12,4,120.649929,24.163277,3
11902,66000,387130000C,(04)23274275,(04)23288582,2025,8,31,19,9,臺中市,北區,0,1,0,7,3,6,50,3,1,1,5,4,6,6,4,4,10,5,5,2,17,3,10,5,4,B12,7,5,1,8,2,2,,47,47,1,13,4,120.694301,24.157523,2
11903,66000,387130000C,(04)23274275,(04)23288582,2025,8,31,19,12,臺中市,西屯區,0,1,0,7,2,6,30,4,1,1,5,4,6,6,4,4,10,5,5,2,15,3,10,1,1,C03,7,9,1,10,2,12,,15,15,1,13,4,120.646325,24.181925,2
11904,66000,387130000C,(04)23274275,(04)23288582,2025,8,31,19,13,臺中市,大肚區,0,0,0,7,,,70,,,,,,,,,,,,,,,,,,,B03,,,1,,2,,,87,87,1,6,4,120.549403,24.148412,3
11905,66000,387130000C,(04)23274275,(04)23288582,2025,8,31,19,14,臺中市,太平區,0,0,0,7,,,50,,,,,,,,,,,,,,,,,,,B02,,,1,,2,,,84,84,1,12,4,120.715827,24.148566,3
11906,66000,387130000C,(04)23274275,(04)23288582,2025,8,31,19,14,臺中市,后里區,0,0,0,7,1,6,40,13,9,1,5,4,6,6,4,4,10,5,5,1,30,,,,,A12,,,1,,2,,,84,84,1,6,4,120.711532,24.286088,3
11907,66000,387130000C,(04)23274275,(04)23288582,2025,8,31,19,15,臺中市,大雅區,0,0,0,7,,,50,,,,,,,,,,,,,,,,,,,B03,,,1,,1,,,84,84,1,12,4,120.649044,24.224751,3
11908,66000,387130000C,(04)23274275,(04)23288582,2025,8,31,19,20,臺中市,西屯區,0,0,0,7,,,50,,,,,,,,,,,,,,11,,,,,B03,,,1,,2,,,8,8,1,12,4,120.646164,24.169454,3
11909,66000,387130000C,(04)23274275,(04)23288582,2025,8,31,19,21,臺中市,南區,0,1,0,7,1,6,50,4,1,1,5,4,6,6,2,1,10,5,5,2,16,3,10,3,1,B03,7,5,1,8,2,2,,47,47,1,6,4,120.668677,24.12937,2
11910,66000,387130000C,(04)23274275,(04)23288582,2025,8,31,19,21,臺中市,豐原區,0,3,0,7,1,6,50,4,1,1,5,4,6,6,1,1,10,5,5,2,13,2,8,1,1,C03,7,9,3,19,2,11,,7,7,1,12,4,120.703123,24.249458,2
11911,66000,387130000C,(04)23274275,(04)23288582,2025,8,31,19,22,臺中市,大里區,0,0,0,7,,,50,,,,,,,,,,,,,,,,,,,C03,,,1,,1,,,8,8,1,12,4,120.692369,24.091108,3
11912,66000,387130000C,(04)23274275,(04)23288582,2025,8,31,19,23,臺中市,豐原區,0,1,0,7,2,6,30,13,9,1,5,4,6,6,4,4,10,5,5,1,18,2,9,5,4,C03,7,9,3,19,2,15,,84,84,1,13,4,120.72601,24.270171,2
11913,66000,387130000C,(04)23274275,(04)23288582,2025,8,31,19,34,臺中市,北區,0,0,0,7,,,50,,,,,,,,,,,,,,23,,,,,B03,,,1,,2,,,84,84,1,13,4,120.680856,24.163137,3
11914,66000,387130000C,(04)23274275,(04)23288582,2025,8,31,19,38,臺中市,北屯區,0,0,0,7,,,50,,,,,,,,,,,,,,,,,,,B03,,,1,,2,,,85,85,1,12,4,120.680155,24.190748,3
11915,66000,387130000C,(04)23274275,(04)23288582,2025,8,31,19,40,臺中市,太平區,0,0,0,6,,,50,,,,,,,,,,,,,,12,,,,,C03,,,1,,2,,,42,42,1,12,4,120.71747,24.123552,3
11916,66000,387130000C,(04)23274275,(04)23288582,2025,8,31,19,48,臺中市,太平區,0,0,0,5,,3,80,,,,,,,,,,,,,,,,,,,B03,,,1,,1,,,7,7,1,12,4,120.717325,24.156373,3
11917,66000,387130000C,(04)23274275,(04)23288582,2025,8,31,19,51,臺中市,霧峰區,0,0,0,7,,,60,,,,,,,,,,,,,,,,,,,B03,,,1,,1,,,87,87,1,6,4,120.699132,24.077883,3
11918,66000,387130000C,(04)23274275,(04)23288582,2025,8,31,19,56,臺中市,北區,0,0,0,7,,,30,,,,,,,,,,,,,,17,,,,,B03,,,1,,1,,,51,51,1,13,4,120.672619,24.157699,3
11919,66000,387130000C,(04)23274275,(04)23288582,2025,8,31,20,0,臺中市,南屯區,0,0,0,7,,,50,,,,,,,,,,,,,,17,,,,,C03,,,1,,2,,,85,85,1,12,4,120.649934,24.147237,3
11920,66000,387130000C,(04)23274275,(04)23288582,2025,8,31,20,0,臺中市,太平區,0,1,0,6,1,6,50,4,1,1,5,4,6,6,2,1,5,5,5,1,15,3,10,4,1,F02,7,1,7,21,2,11,,51,51,1,6,4,120.715596,24.135995,2
11921,66000,387130000C,(04)23274275,(04)23288582,2025,8,31,20,6,臺中市,豐原區,0,0,0,7,,,50,,,,,,,,,,,,,,12,,,,,B03,,,1,,2,,,47,47,1,12,4,120.744535,24.264695,3
11922,66000,387130000C,(04)23274275,(04)23288582,2025,8,31,20,13,臺中市,北屯區,0,1,0,7,1,6,50,4,1,1,5,4,6,6,1,1,10,5,5,2,9,3,10,3,1,B03,7,6,1,8,2,1,,10,10,1,12,4,120.724715,24.175041,2
11923,66000,387130000C,(04)23274275,(04)23288582,2025,8,31,20,23,臺中市,大里區,0,0,0,5,,,50,,,,,,,,,,,,,,14,,,,,B03,,,1,,2,,,49,49,1,13,4,120.678989,24.111687,3
11924,66000,387130000C,(04)23274275,(04)23288582,2025,8,31,20,31,臺中市,大里區,0,1,0,6,2,6,50,4,1,1,4,4,6,6,1,1,10,5,5,2,16,3,10,3,1,B03,7,6,1,8,1,1,,11,11,1,12,4,120.708816,24.086691,2
11925,66000,387130000C,(04)23274275,(04)23288582,2025,8,31,20,43,臺中市,東區,0,1,0,7,1,6,50,3,2,1,5,4,6,6,4,4,10,5,5,2,17,2,9,5,4,C03,7,9,1,10,2,11,,84,84,1,13,4,120.701143,24.143203,2
11926,66000,387130000C,(04)23274275,(04)23288582,2025,8,31,20,44,臺中市,大里區,0,1,0,5,2,6,50,4,9,1,4,4,6,6,1,1,9,4,5,1,13,2,9,3,1,B03,7,9,1,8,2,1,,7,7,1,12,4,120.688349,24.102318,2
11927,66000,387130000C,(04)23274275,(04)23288582,2025,8,31,20,45,臺中市,北屯區,0,1,0,7,1,6,50,13,9,1,5,4,6,6,4,4,1,4,5,2,17,3,10,3,1,B03,7,1,1,8,2,4,,51,51,1,6,4,120.689479,24.171767,2
11928,66000,387130000C,(04)23274275,(04)23288582,2025,8,31,20,50,臺中市,北屯區,0,0,0,7,,,50,,,,,,,,,,,,,,14,,,,,B03,,,1,,9,,,49,49,1,12,4,120.697839,24.181687,3
11929,66000,387130000C,(04)23274275,(04)23288582,2025,8,31,20,56,臺中市,南區,0,1,0,7,1,6,50,3,2,1,5,4,6,6,2,1,1,4,5,2,18,2,9,1,1,C03,7,9,1,11,2,14,,84,84,1,12,4,120.679417,24.120726,2
11930,66000,387130000C,(04)23274275,(04)23288582,2025,8,31,20,56,臺中市,西屯區,0,0,0,7,,,50,,,,,,,,,,,,,,16,,,,,B03,,,1,,1,,,7,7,1,12,4,120.644359,24.174696,3
11931,66000,387130000C,(04)23274275,(04)23288582,2025,8,31,21,5,臺中市,豐原區,0,0,0,7,,,30,,,,,,,,,,,,,,18,,,,,,,,,,,,,119,119,1,,,120.734534,24.265107,3
11932,66000,387130000C,(04)23274275,(04)23288582,2025,8,31,21,6,臺中市,大里區,0,2,0,7,1,6,50,3,1,1,5,4,6,6,1,1,10,5,5,2,16,2,3,3,1,B03,7,6,1,10,2,1,,25,25,1,12,4,120.682404,24.07916,2
11933,66000,387130000C,(04)23274275,(04)23288582,2025,8,31,21,8,臺中市,豐原區,0,0,0,7,,,50,,,,,,,,,,,,,,13,,,,,B03,,,1,,2,,,54,54,1,13,4,120.712795,24.251488,3
11934,66000,387130000C,(04)23274275,(04)23288582,2025,8,31,21,15,臺中市,霧峰區,0,0,0,7,,,60,,,,,,,,,,,,,,,,,,,B03,,,1,,2,,,84,84,1,13,4,120.695711,24.013745,3
11935,66000,387130000C,(04)23274275,(04)23288582,2025,8,31,21,20,臺中市,北屯區,0,0,0,7,,,50,,,,,,,,,,,,,,,,,,,,,,,,,,,119,119,1,,,120.691987,24.171895,4
11936,66000,387130000C,(04)23274275,(04)23288582,2025,8,31,21,25,臺中市,東區,0,0,0,7,,,50,,,,,,,,,,,,,,,,,,,C03,,,1,,1,,,7,7,1,13,4,120.708099,24.133837,3
11937,66000,387130000C,(04)23274275,(04)23288582,2025,8,31,21,33,臺中市,西屯區,0,1,0,7,1,6,40,4,1,1,5,4,6,6,2,1,10,5,5,2,16,2,9,5,4,C03,7,5,1,10,2,12,,11,11,1,12,4,120.649796,24.162755,2
11938,66000,387130000C,(04)23274275,(04)23288582,2025,8,31,21,38,臺中市,南屯區,0,0,0,7,,,50,,,,,,,,,,,,,,13,,,,,F02,,,7,,2,,,59,59,1,4,4,120.612582,24.152919,3
11939,66000,387130000C,(04)23274275,(04)23288582,2025,8,31,21,42,臺中市,東區,0,1,0,7,1,6,30,11,9,1,5,4,6,6,4,4,10,5,5,2,18,2,9,2,1,C03,7,9,3,19,2,12,,84,84,1,6,4,120.692068,24.149636,2
11940,66000,387130000C,(04)23274275,(04)23288582,2025,8,31,21,43,臺中市,太平區,0,1,0,6,1,6,50,13,14,1,4,4,6,6,4,4,5,2,5,1,17,2,9,1,1,C03,7,9,1,10,2,11,,58,58,1,6,4,120.707081,24.119221,2
11941,66000,387130000C,(04)23274275,(04)23288582,2025,8,31,22,1,臺中市,大里區,0,2,0,6,2,6,50,4,2,1,4,4,6,6,1,1,5,4,5,2,16,2,9,1,1,C03,7,6,1,10,2,12,,34,34,1,12,4,120.706749,24.09517,2
11942,66000,387130000C,(04)23274275,(04)23288582,2025,8,31,22,3,臺中市,西屯區,0,0,0,7,,,30,,,,,,,,,,,,,,13,,,,,B03,,,1,,1,,,7,7,1,12,4,120.643056,24.177224,3
11943,66000,387130000C,(04)23274275,(04)23288582,2025,8,31,22,7,臺中市,大里區,0,1,0,6,1,6,50,13,9,1,4,4,6,6,4,4,3,4,5,2,17,2,9,2,1,C03,7,9,1,10,2,14,,84,84,1,5,4,120.690393,24.092775,2
11944,66000,387130000C,(04)23274275,(04)23288582,2025,8,31,22,9,臺中市,南區,0,1,0,7,1,6,40,13,8,1,5,4,6,6,4,4,5,4,4,2,18,2,9,5,4,C03,7,9,1,10,2,12,,87,87,1,13,4,120.680989,24.133596,2
11945,66000,387130000C,(04)23274275,(04)23288582,2025,8,31,22,26,臺中市,太平區,0,0,0,7,,,50,,,,,,,,,,,,,,,,,,,B03,,,1,,2,,,47,47,1,12,4,120.714343,24.149312,3
11946,66000,387130000C,(04)23274275,(04)23288582,2025,8,31,22,28,臺中市,西屯區,0,1,0,7,1,6,50,3,1,1,5,4,6,6,4,4,10,5,5,2,16,3,10,3,1,B03,7,5,1,8,2,8,,20,20,1,12,4,120.637464,24.170623,2
11947,66000,387130000C,(04)23274275,(04)23288582,2025,8,31,22,31,臺中市,西屯區,0,0,0,7,,,50,,,,,,,,,,,,,,12,,,,,C03,,,1,,1,,,8,8,1,12,4,120.65621,24.169367,3
11948,66000,387130000C,(04)23274275,(04)23288582,2025,8,31,22,46,臺中市,烏日區,0,3,0,7,1,6,50,13,7,1,5,4,6,6,4,4,10,5,4,2,17,2,9,2,4,C03,7,11,1,10,2,14,,45,45,1,13,4,120.634304,24.105902,2
11949,66000,387130000C,(04)23274275,(04)23288582,2025,8,31,22,48,臺中市,沙鹿區,0,2,0,7,1,6,50,4,1,1,5,4,6,6,4,4,10,5,5,2,15,2,3,3,1,B01,7,9,1,4,2,5,,15,15,1,12,4,120.558445,24.236738,2
11950,66000,387130000C,(04)23274275,(04)23288582,2025,8,31,23,15,臺中市,北區,0,1,0,7,1,6,50,3,9,1,5,4,6,6,4,4,1,4,5,2,13,2,8,1,1,C03,7,9,1,10,2,11,,59,59,1,12,4,120.673297,24.166245,2
11951,66000,387130000C,(04)23274275,(04)23288582,2025,8,31,23,21,臺中市,潭子區,0,1,0,7,1,6,50,13,9,1,5,4,6,6,4,4,1,4,5,1,12,3,10,3,1,B03,7,9,1,8,9,15,,8,8,2,12,4,120.712097,24.213399,2
11952,66000,387130000C,(04)23274275,(04)23288582,2025,8,31,23,53,臺中市,梧棲區,0,1,0,7,1,6,70,4,1,1,5,4,6,6,1,1,10,5,5,1,18,2,9,1,1,C03,7,9,1,10,8,12,,53,53,1,12,4,120.558618,24.25677,